repository_name,pushed_at,default_branch,head_committed_at,branches,live_branches,forks,forks_ahead,newest_fork,newest_fork_pushed_at,forks_ahead_list,stars,is_archived,is_fork,parent
18F/ckanext-formats,2016-04-20,master,2014-12-01,2,0,7,0,,,,1,true,false,
6aika/ckanext-collection,2026-03-26,master,2026-03-26,2,1,2,0,,,,1,false,false,
6aika/ckanext-datasetcopy,2025-05-13,master,2025-03-21,2,0,0,0,,,,0,false,false,
6aika/ckanext-editor,2025-05-12,master,2025-04-24,2,0,1,0,,,,0,false,false,
6aika/ckanext-rating,2023-02-20,master,2023-02-20,1,0,12,2,aragonopendata/ckanext-rating,2026-02-02,aragonopendata/ckanext-rating@2026-02-02|datopian/ckanext-rating@2025-03-03,2,false,false,
6aika/ckanext-reminder,2026-03-03,master,2026-03-03,3,1,2,0,,,,1,false,false,
908Inc/ckanext-forum,2018-10-26,master,2018-10-26,17,0,0,0,,,,0,false,false,
AKSW/ckanext-metaconf,2015-02-03,master,2015-02-03,1,0,0,0,,,,0,false,false,
ALTERNATIVE-EU/ckanext-alternative_theme,2024-09-11,main,2024-09-11,3,0,0,0,,,,0,false,false,
ALTERNATIVE-EU/ckanext-keycloak_access_token,2024-07-18,master,2024-07-17,1,0,0,0,,,,0,false,false,
ALTERNATIVE-EU/ckanext-keycloak_auth,2024-10-04,main,2024-09-20,2,0,0,0,,,,0,false,false,
AQUACROSS/ckanext-aquacross_theme,2018-05-22,master,2018-05-22,1,0,1,0,,,,1,false,false,
Abeelha/ckanext-onboarding-theodoro-bertol,2025-08-19,main,2025-08-19,1,0,0,0,,,,0,false,false,
AjuntamentdeBarcelona/ckanext-federagobes,2026-06-04,master,2026-06-04,1,1,0,0,,,,6,false,false,
AjuntamentdeBarcelona/ckanext-odatabcn,2019-12-27,master,2019-12-27,1,0,0,0,,,,10,false,false,
AnnaGerber/ckanext-hideorgs,2014-02-07,master,2014-02-07,1,0,0,0,,,,0,false,false,
AppGeo/ckanext-agsview,2022-09-02,master,2017-02-06,3,0,7,2,OpenGov-OpenData/ckanext-agsview,2026-02-21,OpenGov-OpenData/ckanext-agsview@2026-02-21|dathere/ckanext-agsview@2023-05-12,10,false,false,
AustinMastLab/ckanext-digitizationknowledge,2026-05-09,main,2026-05-09,6,4,0,0,,,,1,false,false,
AustinMastLab/ckanext-digitizationknowledge-theme,2025-11-05,main,2025-11-05,4,1,0,0,,,,0,false,false,
BPM-Conseil/ckanext-datapusherplusapi,2025-07-30,main,2025-07-30,1,0,0,0,,,,0,false,false,
BU-Spark/ckanext-spark,2026-08-26,main,2026-08-26,5,3,0,0,,,,2,false,false,
BetaNYC/ckanext-datacity_theme,2018-09-30,master,2015-02-17,2,0,0,0,,,,1,false,false,
BioplatformsAustralia/ckanext-aup,2025-11-18,main,2025-11-18,1,1,0,0,,,,0,false,false,
BioplatformsAustralia/ckanext-bpaschema,2026-09-16,main,2024-07-19,4,1,0,0,,,,0,false,false,
BioplatformsAustralia/ckanext-bpatheme,2026-09-07,master,2026-09-07,55,7,3,0,,,,3,false,false,
BioplatformsAustralia/ckanext-bpatogalaxy,2023-08-23,main,2021-09-02,4,0,1,0,,,,0,false,false,
BioplatformsAustralia/ckanext-bulk,2026-07-27,master,2026-07-27,13,3,2,0,,,,1,false,false,
BioplatformsAustralia/ckanext-cilogin,2023-05-17,master,2023-05-17,1,0,1,0,,,,1,false,false,
BioplatformsAustralia/ckanext-drs,2026-06-18,master,2026-06-18,4,3,0,0,,,,0,false,false,
BioplatformsAustralia/ckanext-initiatives,2025-11-05,master,2025-11-05,7,3,1,0,,,,0,false,false,
BioplatformsAustralia/ckanext-laissezpasser,2026-03-24,main,2026-03-24,2,2,0,0,,,,0,false,false,
BioplatformsAustralia/ckanext-lollipop,2026-07-29,main,2026-07-29,1,1,0,0,,,,0,false,false,
BioplatformsAustralia/ckanext-oidc-pkce-bpa,2026-06-18,main,2026-06-18,24,20,1,0,,,,0,false,false,
CENDARI/ckanext-dariahshibboleth,2015-07-23,master,2015-07-23,1,0,0,0,,,,3,false,false,
CSCfi/fairdata-ckanext-etsin,2022-11-21,master,2022-11-21,1,0,0,0,,,,2,false,false,
CSCfi/fairdata-ckanext-harvest,2022-10-07,master,2017-11-07,1,0,0,0,,,,1,false,false,
CSCfi/fairdata-ckanext-oaipmh,2022-10-07,master,2021-03-04,1,0,0,0,,,,1,false,false,
CSCfi/fairdata-ckanext-spatial,2022-10-07,master,2018-10-19,1,0,0,0,,,,1,false,false,
CSIRO-enviro-informatics/ckanext-csiro_hub_theme,2019-03-25,master,2019-03-22,4,0,1,0,,,,1,false,false,
CSIRO-enviro-informatics/ckanext-dcat-rev,2019-02-20,master,2019-02-20,1,0,0,0,,,,1,false,false,
CSIRO-enviro-informatics/ckanext-digitalassetfields,2019-03-22,master,2018-12-05,14,0,2,0,,,,0,false,false,
CSIRO-enviro-informatics/ckanext-user_ext,2019-03-22,master,2018-05-11,1,0,0,0,,,,1,false,false,
CSIRO-enviro-informatics/ckanext-user_opt_in,2019-03-22,master,2018-09-17,1,0,2,0,,,,1,false,false,
CSTARS/ckanext-ecosis,2025-03-19,master,2022-07-25,31,0,0,0,,,,0,false,false,
CVISDevelopment/ckanext-ua-portal-design,2025-09-05,main,2025-09-05,1,0,0,0,,,,0,false,false,
Cadasta/ckanext-project,2016-05-13,master,2016-04-11,29,0,2,0,,,,1,true,false,
Chealer/ckanext-categroupy,2020-07-09,master,2020-07-09,1,0,0,0,,,,2,false,false,
City-of-Bloomington/ckanext-cob,2020-08-17,master,2020-08-17,1,0,0,0,,,,0,false,false,
City-of-Helsinki/ckanext-hoi,2015-04-22,master,2015-04-22,1,0,0,0,,,,0,true,false,
CityOfPhiladelphia/ckanext-highlight-related-items,2017-01-26,master,2017-01-26,1,0,3,0,,,,3,false,false,
CiudadesAbiertas/ckanext-abrircon,2020-11-30,master,2020-11-30,1,0,1,0,,,,0,false,false,
CivityNL/ckanext-civity,2025-10-27,main,2025-10-27,10,6,0,0,,,,0,false,false,
CivityNL/ckanext-definitions,2024-05-23,main,2024-05-23,3,0,0,0,,,,0,false,false,
CivityNL/ckanext-fairdatapoint,2024-07-11,main,2024-03-22,3,0,1,1,GenomicDataInfrastructure/gdi-userportal-ckanext-fairdatapoint,2026-09-09,GenomicDataInfrastructure/gdi-userportal-ckanext-fairdatapoint@2026-09-09,1,false,false,
CivityNL/ckanext-keycloaksynch,2023-06-13,master,2023-06-13,1,0,0,0,,,,0,false,false,
CivityNL/ckanext-portal,2024-08-27,main,2024-08-27,1,0,0,0,,,,0,false,false,
CivityNL/ckanext-scorewater,2023-06-13,master,2023-06-13,1,0,0,0,,,,1,false,false,
CivityNL/ckanext-tracker,2024-04-05,main,2023-05-04,4,0,0,0,,,,0,false,false,
Clairewjlee/ckanext-categories,2017-10-13,master,2017-10-13,1,0,0,0,,,,0,false,false,
CodeForAfrica/ckanext-embed,2017-11-29,master,2017-10-18,1,0,1,0,,,,0,false,false,
CodeForAfrica/ckanext-followy,2017-11-22,master,2017-10-15,2,0,1,0,,,,1,false,false,
CodeForAfrica/ckanext-kyelatheme,2017-12-04,master,2017-12-04,1,0,1,0,,,,0,false,false,
CodeForAfrica/ckanext-notify,2017-11-27,master,2017-11-13,2,0,3,0,,,,2,false,false,
CodeForAfrica/ckanext-openafrica,2025-07-18,master,2025-07-18,10,0,11,0,,,,10,false,false,
CodeForAfrica/ckanext-opengovharvester,2018-01-22,master,2017-12-05,2,0,0,0,,,,0,false,false,
CodeForAfrica/ckanext-social,2017-11-25,master,2017-10-05,1,0,3,1,edmondatto/ckanext-social,2020-07-23,edmondatto/ckanext-social@2020-07-23,0,false,false,
CodeForAfrica/ckanext-socialite,2017-11-29,develop,2017-11-29,7,0,5,2,OpenUpSA/ckanext-socialite,2023-02-15,OpenUpSA/ckanext-socialite@2023-02-15|ccancellieri/ckanext-socialite@2020-07-22,1,false,false,
CodeandoMexico/ckanext-datamx_theme,2017-07-20,master,2017-07-20,3,0,4,0,,,,4,false,false,
CodeandoMexico/ckanext-openrefine,2014-12-18,master,2014-12-18,5,0,3,0,,,,1,true,false,
CodeandoMexico/ckanext-widgets,2015-02-12,master,2015-02-12,9,0,1,0,,,,0,true,false,
CollectivaT-dev/ckanext-collectivat-theme,2022-10-20,master,2022-10-20,1,0,1,0,,,,0,false,false,
ConocimientoAbierto/ckanext-evaluator,2016-12-30,master,2016-12-28,2,0,0,0,,,,1,false,false,
ConocimientoAbierto/ckanext-fca_theme,2016-12-27,master,2016-12-27,1,0,0,0,,,,1,false,false,
Creainter-DevOps/ckanext-mef_theme,2021-10-21,main,2021-10-21,1,0,0,0,,,,0,false,false,
DCOR-dev/ckanext-dc_log_view,2025-11-04,master,2025-11-04,2,1,0,0,,,,0,false,false,
DCOR-dev/ckanext-dc_serve,2026-02-23,master,2026-02-23,2,1,0,0,,,,0,false,false,
DCOR-dev/ckanext-dc_view,2025-11-04,master,2025-11-04,2,1,0,0,,,,2,false,false,
DCOR-dev/ckanext-dcor_depot,2026-01-12,master,2026-01-12,2,1,0,0,,,,0,false,false,
DCOR-dev/ckanext-dcor_schemas,2026-08-06,master,2026-08-06,2,1,0,0,,,,0,false,false,
DCOR-dev/ckanext-dcor_theme,2025-11-04,master,2025-11-04,3,1,0,0,,,,1,false,false,
DEFRA/ckanext-defra,2019-06-04,master,2019-06-04,1,0,2,0,,,,3,true,false,
DEFRA/ckanext-defrareports,2024-05-20,master,2019-05-24,3,0,2,0,,,,0,false,false,
DanePubliczneGovPl/ckanext-danepubliczne,2022-12-07,develop,2017-12-22,17,0,2,0,,,,10,false,false,
DataDotUG/ckanext-ddug,2022-09-16,master,2017-04-28,8,0,0,0,,,,0,false,false,
DataShades/ckanext-accessrequests,2026-03-31,master,2026-03-31,11,3,3,0,,,,0,false,false,
DataShades/ckanext-acl,2024-10-17,master,2024-10-17,1,0,5,0,,,,1,false,false,
DataShades/ckanext-admin-panel,2026-09-09,master,2026-09-09,11,4,0,0,,,,7,false,false,
DataShades/ckanext-alias,2025-03-11,master,2025-03-11,1,0,0,0,,,,0,false,false,
DataShades/ckanext-better-stats,2026-09-09,master,2026-09-09,4,4,1,0,,,,3,false,false,
DataShades/ckanext-blocksmith,2025-06-15,master,2025-06-15,2,0,1,0,,,,7,false,false,
DataShades/ckanext-charts,2026-08-27,master,2026-08-27,22,4,8,3,germankay/ckanext-charts,2026-09-16,germankay/ckanext-charts@2026-09-16|keitaroinc/ckanext-charts@2026-09-14|MBueschelberger/ckanext-charts@2026-09-11,13,false,false,
DataShades/ckanext-chatbot,2024-10-24,master,2024-10-24,1,0,0,0,,,,0,false,false,
DataShades/ckanext-check-link,2026-08-21,master,2026-08-21,1,1,1,0,,,,0,false,false,
DataShades/ckanext-clamav,2025-05-16,master,2025-05-16,2,0,3,2,duttonw/ckanext-clamav,2025-10-23,duttonw/ckanext-clamav@2025-10-23|qld-gov-au/ckanext-clamav@2025-09-24,1,false,false,
DataShades/ckanext-cloudconnector,2015-09-16,master,2015-06-02,3,0,5,1,KazuYamaguchi/ckanext-cloudconnector,2016-03-08,KazuYamaguchi/ckanext-cloudconnector@2016-03-08,8,false,false,
DataShades/ckanext-comments,2026-04-13,master,2026-04-13,1,1,8,1,datosgobes/ckanext-comments,2026-06-16,datosgobes/ckanext-comments@2026-06-16,5,false,false,
DataShades/ckanext-composite-search,2025-09-16,master,2025-09-16,1,0,2,1,TIBHannover/ckanext-composite-search,2026-08-17,TIBHannover/ckanext-composite-search@2026-08-17,1,false,false,
DataShades/ckanext-content,2026-03-04,main,2026-03-04,2,2,1,0,,,,2,false,false,
DataShades/ckanext-core-fix,2025-12-16,master,2025-12-16,4,2,0,0,,,,1,false,false,
DataShades/ckanext-create_typed_package,2026-09-01,master,2025-09-10,3,1,2,0,,,,5,false,false,
DataShades/ckanext-datavic-stats,2016-07-29,master,2015-01-06,4,0,1,0,,,,0,false,false,
DataShades/ckanext-dimred,2026-08-11,master,2026-08-11,2,2,0,0,,,,0,false,false,
DataShades/ckanext-disable_related,2015-09-16,master,2015-09-16,1,0,0,0,,,,0,false,false,
DataShades/ckanext-drupal-api,2025-09-30,master,2025-09-30,3,1,3,0,,,,1,false,false,
DataShades/ckanext-drupal-idp,2025-11-20,master,2025-11-20,1,1,2,1,PavloMalko/ckanext-drupal-idp,2026-01-08,PavloMalko/ckanext-drupal-idp@2026-01-08,0,false,false,
DataShades/ckanext-drupal_menu_sync,2021-03-29,master,2019-01-14,4,0,3,0,,,,0,false,false,
DataShades/ckanext-ds-stats,2017-07-27,master,2017-07-27,1,0,2,0,,,,0,false,false,
DataShades/ckanext-duo,2024-10-17,master,2024-10-17,1,0,0,0,,,,0,false,false,
DataShades/ckanext-event-audit,2026-09-17,master,2026-09-01,4,2,0,0,,,,1,false,false,
DataShades/ckanext-example_static,2022-06-14,master,2022-06-14,1,0,0,0,,,,1,false,false,
DataShades/ckanext-excelimport,2020-08-10,master,2017-03-10,6,0,2,0,,,,1,false,false,
DataShades/ckanext-extend-search,2017-04-07,master,2017-03-30,3,0,3,1,rzido/ckanext-extend-search,2017-08-25,rzido/ckanext-extend-search@2017-08-25,0,false,false,
DataShades/ckanext-federated-index,2024-10-17,master,2024-10-17,1,0,0,0,,,,0,false,false,
DataShades/ckanext-files,2026-09-17,master,2026-09-17,7,4,2,0,,,,15,false,false,
DataShades/ckanext-flakes,2026-04-14,master,2026-04-14,1,1,0,0,,,,0,false,false,
DataShades/ckanext-fpx,2026-08-15,master,2026-08-15,1,1,1,0,,,,2,false,false,
DataShades/ckanext-githubrepopreview,2016-09-27,master,2016-09-27,1,0,2,1,ahmad88me/ckanext-githubrepopreview,2022-05-20,ahmad88me/ckanext-githubrepopreview@2022-05-20,4,false,false,
DataShades/ckanext-google_user,2019-12-04,master,2019-12-04,1,0,0,0,,,,0,false,false,
DataShades/ckanext-gpkg-view,2025-06-24,master,2025-06-24,1,0,0,0,,,,0,false,false,
DataShades/ckanext-graphic-walker,2025-12-08,master,2025-12-04,1,1,0,0,,,,0,false,false,
DataShades/ckanext-harvest-basket,2026-05-07,master,2026-05-07,5,2,2,0,,,,7,false,false,
DataShades/ckanext-hierarchy_search,2022-11-07,master,2022-11-07,1,0,1,0,,,,0,false,false,
DataShades/ckanext-idb-theme,2026-07-16,master,2026-07-16,4,4,0,0,,,,0,false,false,
DataShades/ckanext-ingest,2025-02-09,master,2025-02-09,2,0,1,0,,,,0,false,false,
DataShades/ckanext-iso19115,2026-07-19,master,2026-07-19,1,1,2,0,,,,1,false,false,
DataShades/ckanext-js-tweaks,2026-06-16,master,2026-06-16,1,1,2,0,,,,0,false,false,
DataShades/ckanext-json-viewer,2025-10-25,master,2025-10-25,1,1,0,0,,,,0,false,false,
DataShades/ckanext-latex,2024-11-20,master,2024-11-20,1,0,0,0,,,,0,false,false,
DataShades/ckanext-let-me-in,2025-09-22,master,2025-09-22,2,1,0,0,,,,3,false,false,
DataShades/ckanext-login-throttle,2026-08-03,main,2026-08-03,2,1,0,0,,,,0,false,false,
DataShades/ckanext-logs,2026-04-21,master,2026-04-21,1,1,0,0,,,,0,false,false,
DataShades/ckanext-mailcraft,2026-02-04,master,2026-02-02,5,1,0,0,,,,5,false,false,
DataShades/ckanext-media,2025-07-26,main,2025-07-26,2,0,0,0,,,,1,false,false,
DataShades/ckanext-menu,2025-12-11,main,2025-12-09,2,1,0,0,,,,3,false,false,
DataShades/ckanext-message,2017-04-07,master,2017-03-23,3,0,0,0,,,,1,false,false,
DataShades/ckanext-metaexport,2026-09-07,master,2026-09-07,4,1,3,0,,,,1,false,false,
DataShades/ckanext-metatags,2019-10-22,master,2019-10-22,1,0,0,0,,,,0,false,false,
DataShades/ckanext-midnight-blue-theme,2026-09-03,master,2026-09-03,1,1,1,0,,,,0,false,false,
DataShades/ckanext-mlc-theme,2026-09-17,master,2026-09-17,2,2,0,0,,,,0,false,false,
DataShades/ckanext-msal,2025-01-23,master,2025-01-23,1,0,2,0,,,,1,false,false,
DataShades/ckanext-nswdesignsystem,2026-09-08,master,2026-09-08,2,2,3,0,,,,3,false,false,
DataShades/ckanext-oidc-pkce,2026-01-21,master,2026-01-21,1,1,7,1,qld-gov-au/ckanext-oidc-pkce,2026-07-28,qld-gov-au/ckanext-oidc-pkce@2026-07-28,5,false,false,
DataShades/ckanext-ondc,2024-03-27,master,2024-03-27,2,0,0,0,,,,0,false,false,
DataShades/ckanext-or_facet,2025-05-27,master,2025-05-27,1,0,1,0,,,,0,false,false,
DataShades/ckanext-orcid,2026-05-05,master,2026-05-05,1,1,0,0,,,,0,false,false,
DataShades/ckanext-parquet,2025-12-02,master,2025-12-02,1,1,0,0,,,,0,false,false,
DataShades/ckanext-permissions,2026-04-09,master,2026-04-09,2,1,1,0,,,,6,false,false,
DataShades/ckanext-pygments,2026-06-12,master,2026-06-12,2,2,0,0,,,,2,false,false,
DataShades/ckanext-recaptcha,2024-10-17,master,2024-10-17,2,0,3,0,,,,0,false,false,
DataShades/ckanext-recommendation,2026-03-19,master,2026-03-19,1,1,0,0,,,,1,false,false,
DataShades/ckanext-resource-docs,2025-10-30,master,2025-10-30,3,3,0,0,,,,0,false,false,
DataShades/ckanext-resource_indexer,2025-02-10,master,2025-02-10,1,0,1,0,,,,1,false,false,
DataShades/ckanext-s3-exporter,2024-07-08,master,2024-07-08,1,0,0,0,,,,0,false,false,
DataShades/ckanext-saml,2026-06-02,master,2026-06-02,5,2,1,0,,,,4,false,false,
DataShades/ckanext-scientometrics,2025-12-14,master,2025-12-14,1,1,0,0,,,,0,false,false,
DataShades/ckanext-scss,2025-03-15,master,2025-03-15,1,0,1,0,,,,1,false,false,
DataShades/ckanext-search-preset,2025-07-17,master,2025-07-17,1,0,1,0,,,,1,false,false,
DataShades/ckanext-search-schema,2024-10-24,master,2024-10-24,1,0,0,0,,,,0,false,false,
DataShades/ckanext-search-tweaks,2025-07-23,master,2025-07-23,1,0,3,1,TIBHannover/ckanext-search-tweaks,2026-08-17,TIBHannover/ckanext-search-tweaks@2026-08-17,2,false,false,
DataShades/ckanext-searchfed,2025-07-17,master,2025-07-17,5,0,3,0,,,,0,false,false,
DataShades/ckanext-selfinfo,2026-03-13,master,2026-03-13,5,3,5,0,,,,16,false,false,
DataShades/ckanext-shopping-cart,2024-10-17,master,2024-10-17,1,0,1,1,BioplatformsAustralia/ckanext-shopping-cart,2025-03-30,BioplatformsAustralia/ckanext-shopping-cart@2025-03-30,1,false,false,
DataShades/ckanext-sk-demo,2025-02-09,master,2025-02-09,1,0,0,0,,,,0,false,false,
DataShades/ckanext-snap,2024-12-01,master,2024-12-01,2,0,0,0,,,,0,false,false,
DataShades/ckanext-statsresources,2021-04-05,master,2016-06-15,3,0,0,0,,,,0,false,false,
DataShades/ckanext-tables,2026-09-17,master,2026-09-17,8,8,0,0,,,,2,false,false,
DataShades/ckanext-textcaptcha,2023-08-25,master,2023-08-25,1,0,2,0,,,,0,false,false,
DataShades/ckanext-thumbnailer,2024-10-17,master,2024-10-17,1,0,0,0,,,,0,false,false,
DataShades/ckanext-toolbelt,2026-07-30,master,2026-07-30,7,7,0,0,,,,3,false,false,
DataShades/ckanext-tour,2026-09-15,master,2026-09-15,2,2,0,0,,,,2,false,false,
DataShades/ckanext-transmute,2026-05-08,master,2026-05-08,2,2,0,0,,,,1,false,false,
DataShades/ckanext-twitterview,2017-02-17,master,2017-02-17,1,0,0,0,,,,0,false,false,
DataShades/ckanext-unfold,2026-09-16,master,2026-09-16,8,8,1,0,,,,7,false,false,
DataShades/ckanext-vip-portal,2025-11-04,master,2025-11-04,1,1,1,0,,,,1,false,false,
DataShades/ckanext-workflow,2026-08-27,master,2026-08-27,14,5,6,0,,,,3,false,false,
DataShades/ckanext-wysiwyg,2024-10-24,master,2024-10-24,1,0,0,0,,,,0,false,false,
DataSpace-Mobility/ckanext-dataspace,2020-12-17,master,2020-12-17,1,0,1,0,,,,2,false,false,
Dataninja/ckanext-designers_italia,2022-01-07,master,2022-01-07,1,0,0,0,,,,0,false,false,
DetroitData/ckanext-detroit-data,2024-04-09,main,2024-04-09,1,0,0,0,,,,0,false,false,
Development-Sergai/-ckanext-harvest,2022-09-19,main,2022-09-17,1,0,0,0,,,,0,false,false,
Drexel-UHC/ckanext-pagessearch,2026-07-20,main,2026-07-20,2,2,0,0,,,,0,false,false,
DvtGutto/ckanext-editor_access,2023-12-20,main,2023-12-20,1,0,0,0,,,,0,false,false,
EUDAT-B2FIND/ckanext-b2find,2025-07-03,master,2025-07-03,2,0,4,0,,,,5,true,false,
EUDAT-B2FIND/ckanext-datesearch,2021-07-28,master,2019-12-11,2,0,6,1,NCAR/ckanext-datesearch,2025-02-17,NCAR/ckanext-datesearch@2025-02-17,5,true,false,
EUDAT-B2FIND/ckanext-oaipmh-server,2025-07-03,master,2025-07-03,1,0,5,1,HELIX-GR/ckanext-oaipmh-server,2026-07-30,HELIX-GR/ckanext-oaipmh-server@2026-07-30,3,true,false,
EUDAT-B2FIND/ckanext-timeline,2019-12-11,master,2019-12-11,2,0,4,0,,,,1,true,false,
Edd-Legend/ckanext-mtcui,2025-05-30,master,2025-05-30,2,0,0,0,,,,0,false,false,
Edouard-Legoupil/ckanext-unhcr,2018-05-16,master,2018-05-16,14,0,5,4,benjaminschwetz/ckanext-unhcr,2021-06-02,benjaminschwetz/ckanext-unhcr@2021-06-02|chris48s/ckanext-unhcr@2020-02-26|csu-anzai/ckanext-unhcr@2019-08-29|DalavanCloud/ckanext-unhcr@2019-02-21,1,false,false,
ElixirTeSS/ckanext-tess,2016-02-29,master,2016-02-29,6,0,0,0,,,,1,true,false,
ElixirTeSS/ckanext-tessrelations,2015-06-04,master,2015-06-04,1,0,0,0,,,,0,false,false,
Engerrs/ckanext-spatialingestor,2017-02-18,master,2017-02-18,2,0,1,1,DataShades/ckanext-spatialingestor,2017-10-24,DataShades/ckanext-spatialingestor@2017-10-24,0,false,false,
EnviDat/ckanext-cloudstorage_api,2025-09-25,main,2025-09-25,1,1,0,0,,,,0,false,false,
EnviDat/ckanext-composite,2025-09-25,master,2025-09-25,3,1,15,0,,,,5,false,false,
EnviDat/ckanext-datacite_publication,2025-09-25,master,2025-09-25,3,1,0,0,,,,1,false,false,
EnviDat/ckanext-envidat_schema,2018-03-02,master,2018-03-02,1,0,1,0,,,,3,true,false,
EnviDat/ckanext-envidat_theme,2025-09-24,master,2025-09-24,3,1,0,0,,,,4,false,false,
EnviDat/ckanext-envidat_validators,2025-09-26,main,2025-09-26,1,1,0,0,,,,0,false,false,
EnviDat/ckanext-package_converter,2025-09-19,master,2025-09-19,3,0,1,0,,,,2,false,false,
EnviDat/ckanext-passwordless,2025-09-26,main,2025-09-26,1,1,0,0,,,,2,false,false,
EnviDat/ckanext-passwordless_api,2026-02-02,main,2025-09-29,4,2,0,0,,,,2,false,false,
EnviDat/ckanext-restricted,2025-10-08,master,2025-10-08,5,1,21,3,fjelltopp/ckanext-restricted,2026-05-27,fjelltopp/ckanext-restricted@2026-05-27|eawag-rdm/ckanext-restricted@2026-03-09|Urban-Software-Institute-GmbH/ckanext-restricted@2026-02-24,8,false,false,
EnviDat/ckanext-restricted_api,2025-09-26,main,2025-09-26,2,1,2,1,EnigmaWPD/ckanext-restricted_api,2026-02-02,EnigmaWPD/ckanext-restricted_api@2026-02-02,0,false,false,
FCSCOpendata/ckanext-fcscopendata,2024-05-21,master,2023-10-27,8,0,1,1,datopian/ckanext-moei-portal,2025-01-09,datopian/ckanext-moei-portal@2025-01-09,0,false,false,
FuhuXia/ckanext-pgsearch,2026-06-05,main,2026-05-29,3,3,1,1,GSA/ckanext-pgsearch,2026-07-02,GSA/ckanext-pgsearch@2026-07-02,0,false,false,
Fuyutaru/ckanext-zenodo,2025-09-26,main,2025-09-26,1,1,0,0,,,,0,false,false,
GSA/ckanext-collections,2020-03-31,,,0,0,0,0,,,,0,false,false,
GSA/ckanext-datagovcatalog,2026-03-16,main,2025-04-29,18,1,4,0,,,,0,false,false,
GSA/ckanext-datagovtheme,2026-04-15,main,2026-04-15,46,2,24,1,arpitjain099/ckanext-datagovtheme,2026-06-10,arpitjain099/ckanext-datagovtheme@2026-06-10,22,false,false,
GSA/ckanext-dcat_usmetadata,2026-09-16,main,2026-08-11,63,15,8,0,,,,5,false,false,
GSA/ckanext-extlink,2016-01-08,master,2016-01-08,1,0,4,1,thejuliekramer/ckanext-extlink,2020-02-28,thejuliekramer/ckanext-extlink@2020-02-28,3,false,false,
GSA/ckanext-geodatagov,2026-03-28,main,2026-03-13,28,2,35,0,,,,42,false,false,
GSA/ckanext-googleanalyticsbasic,2023-06-30,main,2023-06-30,4,0,4,0,,,,1,true,false,
GSA/ckanext-metrics_dashboard,2025-01-08,main,2025-01-08,2,0,3,0,,,,1,true,false,
GSA/ckanext-react_usmetadata,2020-07-16,master,2020-07-09,8,0,3,0,,,,0,false,false,
GSA/ckanext-saml2,2020-12-22,datagov/v0.4.0,2020-12-22,18,0,9,0,,,,2,false,false,
GSA/ckanext-usmetadata,2026-09-18,main,2026-09-18,14,1,22,0,,,,28,false,false,
GenomicDataInfrastructure/gdi-userportal-ckanext-gdi-userportal,2026-09-18,main,2026-09-10,11,7,2,0,,,,0,false,false,
GeoinformationSystems/ckanext-geokurstyle,2022-11-02,master,2022-11-02,1,0,0,0,,,,0,false,false,
GeoinformationSystems/ckanext-klimakonform,2026-01-09,master,2026-01-09,4,1,1,0,,,,0,false,false,
GovDataOfficial/ckanext-dcatde,2026-09-09,master,2026-09-09,1,1,10,0,,,,10,false,false,
GovDataOfficial/ckanext-searchindexhook,2026-09-09,master,2026-09-09,1,1,0,0,,,,1,false,false,
Gpdos/ckanext-inferiafrontend,2025-04-30,main,2025-04-30,1,0,0,0,,,,0,false,false,
GreaterLondonAuthority/dfl-ckanext,2026-08-10,1.x,2026-08-10,79,1,1,0,,,,0,false,false,
GreaterLondonAuthority/dfl-ckanext-havester,2026-09-14,1.x,2026-08-03,22,9,2,0,,,,1,false,false,
GreaterLondonAuthority/dfl-ckanext-pages,2024-12-16,main,2024-12-16,1,0,0,0,,,,0,false,false,
HELIX-GR/ckanext-helixtheme,2023-12-15,master,2019-12-18,3,0,0,0,,,,0,false,false,
HHS/ckanext-datajson,2026-06-26,master,2026-06-26,4,1,21,0,,,,20,true,false,
Helsingin-kaupungin-tietokeskus/ckanext-hrifi,2016-09-23,master,2016-09-23,1,0,2,0,,,,4,false,false,
Helsingin-kaupungin-tietokeskus/ckanext-multiedit,2015-06-15,master,2015-06-15,1,0,3,1,6aika/ckanext-multiedit,2016-11-11,6aika/ckanext-multiedit@2016-11-11,1,false,false,
Honlan/ckanext-mytheme,2014-12-15,master,2014-12-15,1,0,0,0,,,,1,false,false,
IATI/ckanext-iati,2026-04-28,master,2026-04-28,65,0,5,0,,,,11,true,false,
ISITBODIK/ckanext-bodik_theme,2026-03-27,main,2026-03-27,1,1,1,0,,,,0,false,false,
Improvement-Service/ckanext-geoserver_web_service,2026-06-25,main,2026-06-15,4,3,0,0,,,,0,false,false,
Improvement-Service/ckanext-wfs_checker,2026-05-21,master,2023-12-19,4,1,0,0,,,,0,false,false,
In-For-Disaster-Analytics/ckanext-tacc_theme,2025-02-14,main,2025-02-14,10,0,0,0,,,,0,false,false,
JVickery-TBS/ckanext-dev-theme,2024-02-02,master,2024-02-02,1,0,0,0,,,,0,false,false,
JVickery-TBS/ckanext-development,2024-05-16,master,2024-05-16,1,0,0,0,,,,0,false,false,
JVickery-TBS/ckanext-ds-formats,2024-02-15,main,2024-02-15,1,0,0,0,,,,0,false,false,
JiscSD/ckanext-cookie-banner,2025-01-27,main,2025-01-27,1,0,0,0,,,,0,false,false,
JiscSD/ckanext-customised_fields_from_tag_vocabulary,2025-05-09,main,2025-05-09,1,0,0,0,,,,1,false,false,
JiscSD/ckanext-dataset_geo_display,2022-09-07,main,2022-09-07,1,0,0,0,,,,0,false,false,
JiscSD/ckanext-matomo-js,2025-03-26,main,2025-03-26,1,0,0,0,,,,0,false,false,
JiscSD/ckanext-ukds_custom_dcat_profiles,2023-03-27,master,2023-03-27,1,0,0,0,,,,0,false,false,
JiscSD/ckanext-ukdstheme,2025-05-09,main,2025-05-09,3,0,1,0,,,,0,false,false,
JoNoteJoMaMa/ckanext-statscharts,2024-07-03,main,2024-07-03,1,0,0,0,,,,0,false,false,
JoseSalgado1024/ckanext-needupdate,2023-10-10,master,2017-04-28,3,0,0,0,,,,0,false,false,
L-Har/ckanext-wms,2024-07-26,master,2024-07-26,2,0,0,0,,,,0,true,false,
LeeDongHoon/ckanextcustomfields,2013-07-30,,,0,0,0,0,,,,0,false,false,
LorenzBuehmann/ckanext-odp-le-profile,2025-01-24,main,2025-01-24,1,0,0,0,,,,0,false,false,
MaDiPHS/ckanext-madiphstheming,2025-12-02,main,2025-12-02,2,2,0,0,,,,0,false,false,
MandanaMoshref/ckanext-lhm,2024-09-19,master,2024-09-19,3,0,1,1,gislab-augsburg/ckanext-lhm,2026-09-18,gislab-augsburg/ckanext-lhm@2026-09-18,0,false,false,
MandanaMoshref/ckanext-userautoaddgroup,2020-07-02,master,2020-07-02,3,0,1,0,,,,0,false,false,
MarijaKnezevic/ckanext-scheme-sddi,2026-05-11,main,2025-02-18,2,1,3,0,,,,0,false,false,
MarijaKnezevic/ckanext-theme-sddi,2026-05-21,main,2025-02-18,6,3,3,0,,,,0,false,false,
Marine-SABRES/ckanext-marine-sabres-theme,2025-05-24,main,2025-05-24,1,0,0,0,,,,0,false,false,
MartinHowitt/ckanext-gdl,2020-06-16,,,0,0,0,0,,,,0,false,false,
Marvell-Consulting/ckanext-nhs-theme,2022-10-24,main,2022-10-24,1,0,0,0,,,,0,false,false,
Mat-O-Lab/ckanext-chat,2026-07-29,main,2026-07-29,3,2,3,1,MBueschelberger/ckanext-chat,2026-09-18,MBueschelberger/ckanext-chat@2026-09-18,15,false,false,
Mat-O-Lab/ckanext-csvtocsvw,2026-03-19,master,2026-03-19,1,1,0,0,,,,1,false,false,
Mat-O-Lab/ckanext-csvwmapandtransform,2026-06-24,main,2026-06-24,1,1,1,0,,,,1,false,false,
Mat-O-Lab/ckanext-matolabtheme,2026-03-23,main,2026-03-23,4,3,0,0,,,,1,false,false,
Mazen-B/ckanext-gitimport,2024-02-28,main,2024-02-28,1,0,1,1,SDM-TIB/ckanext-gitimport,2026-06-10,SDM-TIB/ckanext-gitimport@2026-06-10,0,false,false,
MrMedAli/ckanext-long,2022-02-08,main,2022-02-08,1,0,0,0,,,,0,false,false,
N-Krenn/ckanext-linkorgs,2020-12-13,master,2020-12-13,1,0,0,0,,,,0,false,false,
NCCR-AntiResist/ckanext-antiresist-catalog-theme,2024-03-12,dev,2024-03-12,2,0,0,0,,,,0,false,false,
NIED-DIR/ckanext-sip4d,2026-08-18,main,2026-08-18,8,3,1,0,,,,0,false,false,
Nateem/ckanext-reqform,2024-05-13,main,2024-05-13,1,0,0,0,,,,0,false,false,
NaturalHistoryMuseum/ckanext-attribution,2025-06-10,main,2025-06-09,5,0,0,0,,,,0,false,false,
NaturalHistoryMuseum/ckanext-ckanpackager,2023-12-11,main,2023-12-11,3,0,2,0,,,,6,true,false,
NaturalHistoryMuseum/ckanext-contact,2025-06-10,main,2025-06-09,3,0,18,2,OpenGov-OpenData/ckanext-contact,2026-07-30,OpenGov-OpenData/ckanext-contact@2026-07-30|keitaroinc/ckanext-contact@2026-01-20,5,false,false,
NaturalHistoryMuseum/ckanext-datasolr,2019-11-26,master,2019-11-26,3,0,0,0,,,,6,true,false,
NaturalHistoryMuseum/ckanext-dataspatial,2019-11-26,master,2019-11-26,1,0,2,0,,,,8,true,false,
NaturalHistoryMuseum/ckanext-dev,2019-11-27,master,2019-11-27,1,0,1,0,,,,4,true,false,
NaturalHistoryMuseum/ckanext-doi,2025-09-22,main,2025-09-22,3,3,19,5,datopian/ckanext-doi,2026-09-14,datopian/ckanext-doi@2026-09-14|bloo-dye/ckanext-doi@2026-08-27|AuScope/ckanext-doi@2026-07-29|SDM-TIB/ckanext-doi@2026-06-29|DataShades/ckanext-doi@2026-05-08,27,false,false,
NaturalHistoryMuseum/ckanext-gallery,2026-04-08,main,2026-04-08,3,3,3,0,,,,4,false,false,
NaturalHistoryMuseum/ckanext-gbif,2025-06-10,main,2025-06-09,3,0,0,0,,,,4,false,false,
NaturalHistoryMuseum/ckanext-graph,2025-06-10,main,2025-06-09,3,0,1,0,,,,3,false,false,
NaturalHistoryMuseum/ckanext-iiif,2025-06-10,main,2025-06-09,3,0,0,0,,,,2,false,false,
NaturalHistoryMuseum/ckanext-ldap,2026-05-06,main,2025-08-11,4,1,36,2,manaakiwhenua/ckanext-ldap,2026-09-17,manaakiwhenua/ckanext-ldap@2026-09-17|ChristianF88/ckanext-ldap@2026-09-09,34,false,false,
NaturalHistoryMuseum/ckanext-list,2026-04-08,main,2026-04-08,3,3,0,0,,,,0,false,false,
NaturalHistoryMuseum/ckanext-map,2019-11-26,master,2019-11-26,10,0,0,0,,,,0,true,false,
NaturalHistoryMuseum/ckanext-nhm,2026-09-01,main,2026-09-01,13,4,3,0,,,,31,false,false,
NaturalHistoryMuseum/ckanext-query-dois,2026-05-06,main,2026-03-17,4,3,0,0,,,,0,false,false,
NaturalHistoryMuseum/ckanext-sketchfab,2025-06-10,main,2025-06-09,3,0,0,0,,,,2,false,false,
NaturalHistoryMuseum/ckanext-solr-heatmap,2019-11-26,master,2019-11-26,1,0,0,0,,,,0,true,false,
NaturalHistoryMuseum/ckanext-status,2025-06-10,main,2025-06-09,3,0,0,0,,,,1,false,false,
NaturalHistoryMuseum/ckanext-twitter,2024-05-14,main,2024-05-14,3,0,1,0,,,,0,true,false,
NaturalHistoryMuseum/ckanext-userdatasets,2025-07-08,main,2025-07-08,3,0,6,0,,,,2,false,false,
NaturalHistoryMuseum/ckanext-versioned-datastore,2026-07-27,main,2026-07-27,8,4,3,0,,,,10,false,false,
NaturalHistoryMuseum/ckanext-versioned-tiledmap,2025-06-10,main,2025-06-09,3,0,0,0,,,,0,false,false,
NaturalHistoryMuseum/ckanext-video,2025-06-10,main,2025-06-09,3,0,3,0,,,,2,false,false,
NaturalHistoryMuseum/ckanext-webview,2025-06-10,main,2025-06-09,3,0,0,0,,,,1,false,false,
NaturalHistoryMuseum/cookiecutter-ckanext,2025-06-18,main,2025-06-18,2,0,0,0,,,,0,false,false,
NextGeoss/ckanext-admintools,2018-08-02,master,2018-08-02,1,0,0,0,,,,0,false,false,
NextGeoss/ckanext-kpis,2018-10-28,master,2018-02-02,1,0,0,0,,,,1,false,false,
NextGeoss/ckanext-nextgeoss,2020-10-29,master,2020-10-20,57,0,0,0,,,,3,false,false,
NextGeoss/ckanext-nextgeossharvest,2023-03-07,master,2022-11-18,59,0,1,0,,,,5,false,false,
NextGeoss/ckanext-opensearch,2022-12-20,master,2022-12-20,30,0,0,0,,,,1,false,false,
NextGeoss/ckanext-orleans,2018-03-20,master,2018-03-20,1,0,0,0,,,,0,false,false,
NextGeoss/ckanext-pilotextract,2018-02-27,master,2018-02-27,1,0,0,0,,,,1,false,false,
NicolaiLolansen/ckanext-cprvalidation,2017-08-14,master,2017-08-14,1,0,2,2,datopian/ckanext-cprvalidation,2025-02-06,datopian/ckanext-cprvalidation@2025-02-06|gavram/ckanext-cprvalidation@2020-01-28,0,false,false,
NicolaiLolansen/ckanext-updatedatastore,2016-07-13,master,2016-07-13,1,0,0,0,,,,0,false,false,
NicolaiLolansen/ckanext-updatetracking,2016-07-21,master,2016-07-21,1,0,1,1,datopian/ckanext-updatetracking,2025-05-16,datopian/ckanext-updatetracking@2025-05-16,0,false,false,
Nithyavasudevan/ckanext-glasgow,2014-08-23,master,2014-08-23,12,0,0,0,,,,1,false,false,
NorwegianRefugeeCouncil/ckanext-api-tracking,2026-09-11,main,2026-09-11,2,2,3,0,,,,6,false,false,
NuCivic/ckanext-cmap,2012-09-28,master,2012-09-28,3,0,1,0,,,,6,true,false,
O2br/ckanext-temacultura,2017-10-31,master,2017-10-31,1,0,0,0,,,,0,false,false,
OCHA-DAP/ckanext-api_token_notifications,2023-03-02,main,2023-03-02,2,0,0,0,,,,1,false,false,
OCHA-DAP/ckanext-powerview,2020-03-20,master,2020-03-19,1,0,2,0,,,,4,false,false,
ODCambodia/ckanext-lp_theme,2023-02-09,main,2023-02-09,1,0,0,0,,,,0,false,false,
OihaneGomez/ckanext-auroral_theme,2024-10-27,main,2024-10-27,1,0,0,0,,,,0,false,false,
Onestringlab/-ckanext-datasetapproval,2025-03-14,staging,2025-03-07,1,0,0,0,,,,0,false,false,
Onestringlab/ckanext-harvestapi,2025-03-14,master,2025-03-14,1,0,0,0,,,,0,false,false,
OpenDataCordoba/ckanext-odc,2020-09-19,master,2020-09-19,1,0,0,0,,,,0,false,false,
OpenDataGIS/ckanext-bne,2025-02-12,main,2024-10-18,4,0,1,0,,,,0,false,false,
OpenDataGIS/ckanext-facet_scheming,2024-07-31,main,2023-07-03,9,0,1,1,mjanez/ckanext-schemingdcat,2026-08-28,mjanez/ckanext-schemingdcat@2026-08-28,0,true,false,
OpenDataGIS/ckanext-fototeca,2025-02-04,main,2025-02-04,7,0,1,0,,,,0,false,false,
OpenDataGIS/ckanext-iepnb_assets,2024-04-29,main,2024-04-29,1,0,0,0,,,,0,false,false,
OpenDataGIS/ckanext-miteco,2025-02-05,main,2025-01-15,4,0,0,0,,,,0,false,false,
OpenDataGIS/ckanext-template_theme,2023-04-24,master,2023-04-21,2,0,0,0,,,,0,false,false,
OpenDataNode/ckanext-storage-admin,2015-02-11,develop,2015-02-11,1,0,0,0,,,,1,false,false,
OpenDataPortal-AT/ckanext-odpat,2018-03-26,master,2014-07-01,1,0,1,0,,,,0,false,false,
OpenDevelopmentMekong/ckanext-odm_agreement,2025-05-19,master,2020-03-31,13,0,0,0,,,,0,false,false,
OpenDevelopmentMekong/ckanext-odm_dataset,2018-11-14,master,2018-11-14,168,0,1,0,,,,1,false,false,
OpenDevelopmentMekong/ckanext-odm_laws,2026-08-25,master,2020-04-28,47,0,1,0,,,,0,false,false,
OpenDevelopmentMekong/ckanext-odm_library,2025-05-19,master,2020-03-31,39,0,3,0,,,,0,false,false,
OpenDevelopmentMekong/ckanext-odm_nav,2026-08-25,master,2021-02-12,63,0,1,0,,,,1,false,false,
OpenDevelopmentMekong/ckanext-url_shorten,2026-07-06,master,2025-01-09,1,0,0,0,,,,0,false,false,
OpenGov-OpenData/ckanext-ai-assistants,2025-05-19,main,2025-03-18,2,0,0,0,,,,1,false,false,
OpenGov-OpenData/ckanext-bostonschema,2026-08-13,master,2026-08-13,3,1,3,0,,,,3,false,false,
OpenGov-OpenData/ckanext-cartodbmap,2016-11-22,master,2016-11-22,1,0,2,1,localidata/ckanext-cartodbmap,2021-06-17,localidata/ckanext-cartodbmap@2021-06-17,9,false,false,
OpenGov-OpenData/ckanext-castate_od_schema,2018-11-28,master,2018-11-28,1,0,0,0,,,,0,false,false,
OpenGov-OpenData/ckanext-chhs_schema,2026-05-15,main,2026-05-15,1,1,0,0,,,,1,false,false,
OpenGov-OpenData/ckanext-cnra_schema,2026-05-15,master,2026-05-15,2,1,2,0,,,,0,false,false,
OpenGov-OpenData/ckanext-cob_theme,2021-12-08,master,2021-12-03,2,0,10,0,,,,7,false,false,
OpenGov-OpenData/ckanext-consumer,2026-02-16,main,2026-02-16,1,1,0,0,,,,0,false,false,
OpenGov-OpenData/ckanext-custom-schema,2026-05-15,master,2026-05-15,4,1,0,0,,,,0,false,false,
OpenGov-OpenData/ckanext-custom_harvest,2026-05-01,main,2026-05-01,5,2,0,0,,,,0,false,false,
OpenGov-OpenData/ckanext-datasetpermissioning,2018-10-03,master,2018-10-03,1,0,1,0,,,,1,true,false,
OpenGov-OpenData/ckanext-discourse,2021-01-14,master,2019-02-25,2,0,11,0,,,,13,false,false,
OpenGov-OpenData/ckanext-extensionstheme,2017-12-28,master,2017-12-28,1,0,1,0,,,,1,false,false,
OpenGov-OpenData/ckanext-harvestnotification,2024-03-27,main,2024-03-27,1,0,0,0,,,,0,false,false,
OpenGov-OpenData/ckanext-heroslider,2024-03-27,master,2024-03-27,1,0,1,0,,,,0,false,false,
OpenGov-OpenData/ckanext-heroslideradmin,2025-09-11,main,2025-09-11,1,0,0,0,,,,0,false,false,
OpenGov-OpenData/ckanext-in_app_reporting,2026-08-14,main,2026-08-14,1,1,0,0,,,,0,false,false,
OpenGov-OpenData/ckanext-markdown_view,2025-11-19,main,2025-11-19,2,2,0,0,,,,0,false,false,
OpenGov-OpenData/ckanext-observability,2024-05-02,main,2024-05-02,1,0,0,0,,,,0,false,false,
OpenGov-OpenData/ckanext-og_datatablesview,2026-08-06,master,2026-08-06,2,1,0,0,,,,0,false,false,
OpenGov-OpenData/ckanext-opendata_theme,2026-08-13,master,2026-08-13,7,2,3,0,,,,0,false,false,
OpenGov-OpenData/ckanext-portalmetrics,2026-02-23,main,2026-02-23,2,2,0,0,,,,0,false,false,
OpenGov-OpenData/ckanext-virginia_schema,2026-05-15,main,2026-05-15,1,1,1,0,,,,0,false,false,
OpenGovDataMirror/A_gsa_ckanext-archiver,2022-12-14,master,2022-12-14,1,0,0,0,,,,0,false,false,
OpenGovDataMirror/A_gsa_ckanext-datagovtheme,2022-12-14,master,2022-12-14,1,0,0,0,,,,0,false,false,
OpenGovDataMirror/A_gsa_ckanext-datajson,2022-12-14,master,2022-12-14,1,0,0,0,,,,0,false,false,
OpenGovDataMirror/A_gsa_ckanext-dcat_usmetadata,2022-12-14,master,2022-12-14,1,0,0,0,,,,0,false,false,
OpenGovDataMirror/A_gsa_ckanext-extlink,2022-12-14,master,2022-12-14,1,0,0,0,,,,0,false,false,
OpenGovDataMirror/A_gsa_ckanext-fulltext,2022-12-14,master,2022-12-14,1,0,0,0,,,,0,false,false,
OpenGovDataMirror/A_gsa_ckanext-ga-report,2022-12-14,master,2022-12-14,1,0,0,0,,,,0,false,false,
OpenGovDataMirror/A_gsa_ckanext-geodatagov,2022-12-13,master,2022-12-13,1,0,0,0,,,,0,false,false,
OpenGovDataMirror/A_gsa_ckanext-googleanalyticsbasic,2022-12-14,master,2022-12-14,1,0,0,0,,,,0,false,false,
OpenGovDataMirror/A_gsa_ckanext-harvest,2022-12-14,master,2022-12-14,1,0,0,0,,,,0,false,false,
OpenGovDataMirror/A_gsa_ckanext-metrics_dashboard,2022-12-14,master,2022-12-14,1,0,0,0,,,,0,false,false,
OpenGovDataMirror/A_gsa_ckanext-qa,2022-12-14,master,2022-12-14,1,0,0,0,,,,0,false,false,
OpenGovDataMirror/A_gsa_ckanext-react_usmetadata,2022-12-14,master,2022-12-14,1,0,0,0,,,,0,false,false,
OpenGovDataMirror/A_gsa_ckanext-saml2,2022-12-14,master,2022-12-14,1,0,0,0,,,,0,false,false,
OpenGovDataMirror/A_gsa_ckanext-security,2022-12-14,master,2022-12-14,1,0,0,0,,,,0,false,false,
OpenGovDataMirror/A_gsa_ckanext-spatial,2022-12-14,master,2022-12-14,1,0,0,0,,,,0,false,false,
OpenGovDataMirror/A_gsa_ckanext-usmetadata,2022-12-14,master,2022-12-14,1,0,0,0,,,,0,false,false,
OpenTransportDataProject/ckanext-sintef,2016-11-24,master,2016-11-24,1,0,0,0,,,,0,false,false,
OpenUpSA/ckanext-discourse-sso,2018-03-15,master,2018-03-15,1,0,2,2,derilinx/ckanext-discourse-sso,2024-04-11,derilinx/ckanext-discourse-sso@2024-04-11|cbgaindia/ckanext-discourse-sso@2021-03-15,1,false,false,
OriHoch/ckanext-file_uploader_ui,2018-10-17,master,2018-10-17,1,0,1,1,fjelltopp/ckanext-file_uploader_ui,2021-05-19,fjelltopp/ckanext-file_uploader_ui@2021-05-19,0,false,false,
OriHoch/ckanext-upload_via_email,2026-02-01,master,2026-02-01,3,2,0,0,,,,0,false,false,
PacificCommunity/ckanext-spc-pdh,2023-10-03,master,2021-06-22,11,0,2,0,,,,2,false,false,
Patrick1Rhode/ckanext-scheming_iso19115,2021-10-06,master,2021-10-06,1,0,1,1,ccancellieri/ckanext-scheming_iso19115,2021-11-02,ccancellieri/ckanext-scheming_iso19115@2021-11-02,0,false,false,
Pooya-Oladazimi/ckanext-my-first-cool-extension,2023-04-26,main,2023-04-26,1,0,1,0,,,,0,false,false,
PopulateTools/ckanext-ansible-workflow,2018-03-19,master,2018-03-19,1,0,1,0,,,,5,false,false,
PopulateTools/ckanext-topics,2021-07-13,master,2021-07-13,3,0,2,0,,,,2,false,false,
Psykar/ckanext-aaf,2016-11-17,master,2016-11-17,3,0,1,0,,,,1,false,false,
Psykar/ckanext-ands,2016-09-27,master,2016-06-03,1,0,0,0,,,,2,false,false,
PublicaMundi/ckanext-helloresource,2014-11-28,master,2014-11-27,1,0,0,0,,,,0,false,false,
PublicaMundi/ckanext-helloworld,2014-09-13,master,2014-09-13,1,0,0,0,,,,1,false,false,
PublicaMundi/ckanext-interlinking,2015-12-02,master,2015-12-02,2,0,1,0,,,,1,false,false,
PublicaMundi/ckanext-publicamundi,2024-07-30,master,2016-01-29,11,0,11,0,,,,13,false,false,
PublicaMundi/ckanext-vectorstorer,2014-11-11,master,2014-11-11,3,0,3,2,derilinx/ckanext-vectorstorer,2021-06-08,derilinx/ckanext-vectorstorer@2021-06-08|kalxas/ckanext-vectorstorer@2014-12-14,4,false,false,
Quatral/ckanext-contact_us,2014-04-30,master,2014-04-30,1,0,1,1,microcomp/ckanext-contact_us,2020-10-21,microcomp/ckanext-contact_us@2020-10-21,1,false,false,
Quatral/ckanext-vds,2014-03-27,master,2014-03-27,1,0,0,0,,,,0,false,false,
REACH-Incubator/ckanext-REACH_theme,2024-02-20,master,2024-02-20,3,0,0,0,,,,0,false,false,
REEEP/ckanext-climate-tagger,2015-03-11,master,2015-03-11,1,0,2,0,,,,9,false,false,
RTIInternational/ckanext-advancedauth,2026-08-13,main,2024-10-03,9,4,0,0,,,,0,false,false,
RTIInternational/ckanext-searchterms,2025-01-10,main,2025-01-10,8,0,0,0,,,,0,false,false,
RTIInternational/ckanext-summarystats,2024-10-21,main,2024-10-21,1,0,0,0,,,,0,false,false,
RadoRado/ckanext-extrafields,2016-02-25,master,2016-02-25,1,0,1,0,,,,0,true,false,
Randbee/ckanext-aquacross_metadata,2023-09-01,main,2023-09-01,1,0,1,0,,,,0,false,false,
Randbee/ckanext-ponderful_theme,2023-09-11,main,2023-09-11,2,0,1,0,,,,0,false,false,
RedCiudadana/ckanext-cr-theme,2026-03-05,main,2026-03-04,2,2,0,0,,,,0,false,false,
RedCiudadana/ckanext-hn-theme,2026-01-16,main,2026-01-16,2,2,0,0,,,,0,false,false,
RedCiudadana/ckanext-minfin-theme,2025-02-26,main,2025-02-26,2,0,0,0,,,,0,false,false,
RedCiudadana/ckanext-segeplan-theme,2024-10-22,main,2024-10-22,2,0,0,0,,,,0,false,false,
SAEONData/ckanext-accesscontrol,2021-02-10,development,2020-11-18,2,0,0,0,,,,0,false,false,
SAEONData/ckanext-jsonpatch,2020-06-12,master,2020-06-12,1,0,0,0,,,,0,false,false,
SAERI-Datacenter/ckanext-docs,2019-11-30,master,2019-11-30,1,0,0,0,,,,0,false,false,
SAERI-Datacenter/ckanext-saerischema,2024-10-02,master,2019-12-01,2,0,1,0,,,,1,false,false,
SAERI-Datacenter/ckanext-saeritheme,2024-07-04,master,2019-03-27,2,0,3,1,SAERI-Datacenter/ckanext-nimpa-theme,2024-10-03,SAERI-Datacenter/ckanext-nimpa-theme@2024-10-03,1,false,false,
SDM-TIB/ckanext-Code2NB,2025-04-08,main,2025-04-08,1,0,0,0,,,,0,false,false,
SDM-TIB/ckanext-advancedstats,2026-06-25,main,2026-06-25,1,1,0,0,,,,0,false,false,
SDM-TIB/ckanext-datacomparison,2026-09-17,master,2026-09-17,1,1,0,0,,,,0,false,false,
SDM-TIB/ckanext-datasetimporter,2025-05-08,main,2025-05-08,1,0,1,0,,,,0,false,false,
SDM-TIB/ckanext-downloadall,2026-04-09,master,2026-04-09,1,1,12,4,DataShades/ckanext-downloadall,2026-07-15,DataShades/ckanext-downloadall@2026-07-15|bhavin2897/ckanext-downloadall@2026-07-15|OpenGov-OpenData/ckanext-downloadall@2026-07-08|datopian/ckanext-downloadall@2026-05-28,5,false,false,
SDM-TIB/ckanext-email_notify,2026-07-22,main,2026-07-22,1,1,0,0,,,,0,false,false,
SDM-TIB/ckanext-falcon,2025-01-16,main,2025-01-16,1,0,0,0,,,,0,false,false,
SDM-TIB/ckanext-fedorkg,2026-07-02,master,2026-07-02,1,1,0,0,,,,0,false,false,
SDM-TIB/ckanext-graphviewer,2026-09-17,main,2026-09-17,1,1,0,0,,,,0,false,false,
SDM-TIB/ckanext-iam4nfdi,2026-02-12,master,2026-02-12,1,1,0,0,,,,1,false,false,
SDM-TIB/ckanext-jupyternotebook,2026-04-01,main,2026-04-01,1,1,0,0,,,,0,false,false,
SDM-TIB/ckanext-kgcreation,2026-09-08,main,2026-09-08,1,1,0,0,,,,1,false,false,
SDM-TIB/ckanext-ldm_schema,2026-07-01,main,2026-07-01,1,1,0,0,,,,0,false,false,
SDM-TIB/ckanext-theme_ldm_tib,2026-09-18,main,2026-09-01,2,2,1,0,,,,0,false,false,
SEAMWARE/ckanext-dsif,2026-02-27,main,2026-02-27,1,1,0,0,,,,0,false,false,
SEAMWARE/ckanext-ngsild,2026-06-16,main,2026-06-16,1,1,0,0,,,,0,false,false,
SEAMWARE/ckanext-oidc4vc,2026-06-16,main,2026-06-15,2,2,0,0,,,,0,false,false,
SEAMWARE/ckanext-tmforum,2026-06-15,main,2026-06-15,1,1,0,0,,,,0,false,false,
SENATICS/ckanext-opendatagovpy,2018-09-04,master,2018-09-04,1,0,7,0,,,,13,false,false,
SFB-ELAINE/ckanext-papaya,2019-08-14,master,2019-08-14,1,0,0,0,,,,0,false,false,
SFB-ELAINE/ckanext-paraview,2019-08-05,master,2019-08-05,1,0,0,0,,,,0,true,false,
SICTIAM/ckanext-resource-location,2018-04-10,master,2018-04-10,1,0,2,1,ozwillo/ckanext-resource-location,2021-12-06,ozwillo/ckanext-resource-location@2021-12-06,0,true,false,
SeemsOdd/ckanext-data-requests,2025-07-17,main,2025-07-17,1,0,0,0,,,,0,false,false,
SenseTecnic/ckanext-wotkit,2015-02-27,master,2015-02-27,9,0,0,0,,,,0,false,false,
Skitionek/ckanext-native-cloud-storage,2026-09-17,main,2026-09-17,11,11,0,0,,,,0,false,false,
SmdhMdep/ckanext-datasci-sharing,2024-01-12,main,2024-01-12,1,0,0,0,,,,0,false,false,
SmdhMdep/ckanext-falkor2,2024-11-21,main,2024-02-02,2,0,0,0,,,,0,false,false,
SmdhMdep/ckanext-generalpublic,2025-11-18,main,2025-11-18,1,1,0,0,,,,0,false,false,
SmdhMdep/ckanext-granularvisibility,2023-07-11,main,2023-07-11,1,0,0,0,,,,0,false,false,
SmdhMdep/ckanext-smdh,2024-10-09,main,2024-10-09,4,0,0,0,,,,0,false,false,
SmdhMdep/ckanext-taglist,2023-02-21,main,2023-02-21,1,0,0,0,,,,0,false,false,
SmdhMdep/ckanext-usertracking,2023-08-11,main,2023-08-11,1,0,1,0,,,,0,false,false,
SpaceApplications/ckanext-obeos-ldp,2016-10-11,master,2016-10-11,1,0,0,0,,,,1,false,false,
TIBHannover/ckanext-Dataset-Reference,2025-02-05,main,2025-02-05,4,0,0,0,,,,0,false,false,
TIBHannover/ckanext-Semantic-Media-Wiki,2026-09-08,main,2026-09-02,6,3,0,0,,,,0,false,false,
TIBHannover/ckanext-bioschemaharvester,2024-08-05,master,2024-08-05,1,0,0,0,,,,0,false,false,
TIBHannover/ckanext-cancel-dataset-creation,2025-12-04,master,2025-12-04,1,1,0,0,,,,0,false,false,
TIBHannover/ckanext-close-for-guests,2025-11-26,main,2025-11-26,4,3,1,0,,,,1,false,false,
TIBHannover/ckanext-crc-trr-298,2023-07-28,master,2023-07-28,1,0,0,0,,,,0,false,false,
TIBHannover/ckanext-crc1153,2026-07-21,master,2026-03-09,2,2,0,0,,,,1,false,false,
TIBHannover/ckanext-crc1368,2023-06-08,master,2023-06-08,1,0,0,0,,,,1,false,false,
TIBHannover/ckanext-custom-dataset-metadata,2023-04-14,main,2023-04-14,1,0,0,0,,,,0,true,false,
TIBHannover/ckanext-data-comparision,2025-01-15,main,2023-06-16,3,0,0,0,,,,0,false,false,
TIBHannover/ckanext-data-comparison,2023-06-16,main,2023-06-16,3,0,0,0,,,,0,false,false,
TIBHannover/ckanext-dataset-metadata-automation,2025-02-05,main,2025-01-20,1,0,0,0,,,,0,false,false,
TIBHannover/ckanext-dataset-transfer,2026-08-21,master,2026-08-21,2,2,0,0,,,,0,false,false,
TIBHannover/ckanext-dcatapcrc,2025-01-20,master,2025-01-20,1,0,0,0,,,,0,false,false,
TIBHannover/ckanext-dwgviewer,2019-01-17,master,2019-01-17,1,0,2,0,,,,3,false,false,
TIBHannover/ckanext-email-notification,2025-01-23,main,2024-12-16,5,0,0,0,,,,2,false,false,
TIBHannover/ckanext-feature-image,2025-12-04,main,2025-12-04,1,1,0,0,,,,0,false,false,
TIBHannover/ckanext-footer,2026-07-08,master,2026-07-08,3,1,0,0,,,,0,false,false,
TIBHannover/ckanext-harvester4chem,2026-09-08,master,2026-09-07,2,2,0,0,,,,0,false,false,
TIBHannover/ckanext-multiuploader,2026-09-18,master,2026-09-17,8,5,5,0,,,,2,false,false,
TIBHannover/ckanext-oai-jsonld-harvester,2023-06-13,master,2023-06-13,1,0,0,0,,,,0,false,false,
TIBHannover/ckanext-organization-group,2025-12-04,main,2025-12-04,1,1,0,0,,,,0,false,false,
TIBHannover/ckanext-rdkit-visuals,2026-09-01,master,2026-09-01,1,1,1,0,,,,1,false,false,
TIBHannover/ckanext-relationship,2026-09-04,nfdi4chem,2026-09-01,2,2,1,0,,,,0,false,false,
TIBHannover/ckanext-resource-custom-metadata,2026-08-10,master,2023-06-15,4,2,0,0,,,,0,false,false,
TIBHannover/ckanext-semtag,2019-09-30,master,2019-09-30,1,0,0,0,,,,1,false,false,
TIBHannover/ckanext-sfb-search,2026-07-20,main,2023-06-15,3,1,0,0,,,,0,false,false,
TIBHannover/ckanext-sfb-search-extension,2025-01-15,main,2023-06-15,2,0,0,0,,,,1,false,false,
TIBHannover/ckanext-system-stats,2025-01-20,main,2025-01-20,1,0,0,0,,,,0,false,false,
TIBHannover/ckanext-system-stats-old,2025-01-15,,,0,0,0,0,,,,0,false,false,
TIBHannover/ckanext-theme4chem,2026-09-01,master,2026-09-01,2,2,0,0,,,,0,false,false,
TIBHannover/ckanext-theme4chem,2026-09-01,master,2026-09-01,2,2,0,0,,,,0,false,false,
TIBHannover/ckanext-tif-imageview,2025-01-23,main,2025-01-23,4,0,4,1,datopian/ckanext-tif-imageview,2025-12-11,datopian/ckanext-tif-imageview@2025-12-11,1,false,false,
TIBHannover/ckanext-upgrade-dataset,2021-10-22,main,2021-10-19,8,0,0,0,,,,0,true,false,
TIBHannover/ckanext-user-manual,2025-02-26,main,2025-02-26,2,0,0,0,,,,0,false,false,
TIBHannover/ckanext-videoviewer,2019-01-17,master,2019-01-17,1,0,2,1,espresso3389/ckanext-videoviewer,2022-12-28,espresso3389/ckanext-videoviewer@2022-12-28,1,false,false,
TIBHannover/ckanext_sfb_layout,2023-06-08,dev,2023-02-03,3,0,0,0,,,,1,false,false,
TerriaJS/ckanext-terria_view,2018-03-04,master,2016-09-30,1,0,3,1,pabrojast/ckanext-terria_view,2026-09-18,pabrojast/ckanext-terria_view@2026-09-18,0,true,false,
TkTech/ckanext-cloudstorage,2024-02-01,master,2021-09-07,4,0,29,5,DataShades/ckanext-cloudstorage,2026-05-19,DataShades/ckanext-cloudstorage@2026-05-19|OpenGov-OpenData/ckanext-cloudstorage@2026-05-01|6aika/ckanext-cloudstorage@2026-01-07|open-data/ckanext-cloudstorage@2024-12-10|imjustabee/ckanext-cloudstorage@2024-11-12,37,false,false,
TkTech/ckanext-link,2026-03-18,main,2026-03-18,1,1,1,0,,,,1,false,false,
TkTech/ckanext-search-export,2026-09-09,main,2026-09-09,1,1,0,0,,,,3,false,false,
Trusts-eu/ckanext-ids,2024-05-17,main,2024-05-17,1,0,0,0,,,,0,false,false,
Trusts-eu/ckanext-vocabularies,2023-11-24,main,2023-11-24,1,0,0,0,,,,0,false,false,
UCC-Web-Dev-Team/ckanext-rocdatahub,2024-02-15,main,2024-02-15,1,0,0,0,,,,0,false,false,
UCSUR-Pitt/ckanext-wprdctheme,2017-08-25,master,2017-05-15,2,0,2,1,OpenGov-OpenData/ckanext-wprdctheme,2018-07-12,OpenGov-OpenData/ckanext-wprdctheme@2018-07-12,1,false,false,
USEPA/ckanext-collaborator_orgs,2021-04-21,master,2021-04-21,1,0,5,2,YunfeiXu-NADC/ckanext-collaborator_orgs,2023-03-22,YunfeiXu-NADC/ckanext-collaborator_orgs@2023-03-22|ykiu/ckanext-collaborator_orgs@2022-11-14,1,false,false,
USEPA/ckanext-linked-storage,2021-04-21,master,2021-04-21,1,0,2,0,,,,2,false,false,
USEPA/ckanext-plotly,2022-09-09,master,2022-09-09,1,0,3,0,,,,2,false,false,
UniBuc-DTD/ckanext-danubius-theme,2025-11-21,main,2025-11-21,1,1,0,0,,,,0,false,false,
UniBuc-DTD/ckanext-erddap-harvester,2026-04-06,main,2026-04-06,1,1,0,0,,,,0,false,false,
UniBuc-DTD/ckanext-oai-pmh-harvester,2026-04-06,main,2026-04-06,1,1,0,0,,,,0,false,false,
UoA-eResearch/ckanext-cer,2018-02-22,master,2018-02-22,1,0,0,0,,,,0,false,false,
UoA-eResearch/ckanext-external_id,2015-11-12,master,2015-11-12,1,0,0,0,,,,1,false,false,
UoA-eResearch/ckanext-ezid,2015-11-13,master,2015-11-13,1,0,0,0,,,,1,false,false,
ViderumGlobal/ckanext-dataexplorer,2021-04-07,master,2020-05-05,1,0,1,1,keitaroinc/ckanext-dataexplorer,2026-08-10,keitaroinc/ckanext-dataexplorer@2026-08-10,0,false,false,
ViderumGlobal/ckanext-ed,2022-12-11,master,2020-05-05,17,0,4,0,,,,1,false,false,
VilledeMontreal/ckanext-montreal-archive,2022-11-10,master,2022-06-09,3,0,4,1,keitaroinc/ckanext-montreal,2023-02-23,keitaroinc/ckanext-montreal@2023-02-23,5,true,false,
WPRDC/ckanext-legacy-wprdctheme,2020-02-14,master,2020-02-14,2,0,1,0,,,,0,true,false,
WPRDC/ckanext-spatialdata,2026-08-30,main,2026-08-30,1,1,1,0,,,,1,false,false,
Wenze-Zhang/ckanext-filterview,2026-05-08,main,2026-05-08,1,1,0,0,,,,0,false,false,
Wenze-Zhang/ckanext-filterview-docker,2026-02-19,main,2026-02-19,2,2,0,0,,,,0,false,false,
WilJoey/ckanext-ksgeo,2016-08-19,master,2016-08-19,1,0,0,0,,,,0,false,false,
WorldBank-Transport/ckanext-resourcemeta,2017-04-22,master,2017-02-11,2,0,2,0,,,,0,false,false,
XVTSolutions/ckanext-clone,2014-04-30,master,2014-04-30,1,0,2,0,,,,0,false,false,
XVTSolutions/ckanext-dsactions,2015-09-02,master,2015-09-02,1,0,1,0,,,,0,false,false,
XVTSolutions/ckanext-extend_search,2023-05-16,master,2015-11-29,1,0,5,0,,,,2,false,false,
XVTSolutions/ckanext-metameta,2015-02-05,master,2015-02-05,1,0,0,0,,,,0,false,false,
XVTSolutions/ckanext-reorder,2014-02-27,master,2014-02-27,1,0,1,1,olisindri/ckanext-reorder,2023-06-02,olisindri/ckanext-reorder@2023-06-02,1,false,false,
XVTSolutions/ckanext-review,2017-01-09,master,2017-01-09,1,0,0,0,,,,0,false,false,
XVTSolutions/ckanext-spatialUI,2015-01-21,master,2015-01-21,1,0,1,0,,,,1,false,false,
XVTSolutions/ckanext-suspend,2017-01-09,master,2017-01-09,1,0,0,0,,,,0,false,false,
XVTSolutions/ckanext-trak,2014-06-30,master,2014-06-30,1,0,1,1,qld-gov-au/ckanext-trak,2021-04-30,qld-gov-au/ckanext-trak@2021-04-30,0,false,false,
XVTSolutions/ckanext-vdojstats,2017-02-10,master,2017-02-10,1,0,0,0,,,,0,false,false,
XVTSolutions/ckanext-vdojtheme,2016-06-07,master,2015-03-30,2,0,0,0,,,,1,false,false,
XVTSolutions/ckanext-xvt,2014-02-25,master,2014-02-25,1,0,0,0,,,,0,false,false,
Yesser-GitHub/ckanext-odp,2018-06-06,master,2018-06-06,1,0,0,0,,,,0,false,false,
YourOpenDAta/ckanext-dcatapedp,2024-02-08,master,2024-02-08,2,0,0,0,,,,1,false,false,
YourOpenDAta/ckanext-yoda_theme,2023-03-28,main,2023-03-28,1,0,0,0,,,,0,false,false,
abdelrahman146/ckanext-highlighting,2019-11-27,master,2019-11-27,1,0,0,0,,,,0,false,false,
abgov/ckanext-ab_scheming,2018-04-25,master,2017-03-31,3,0,3,0,,,,3,false,false,
abgov/ckanext-classification,2017-04-03,master,2017-03-30,1,0,1,0,,,,1,false,false,
abgov/ckanext-geomapviewer,2016-08-03,master,2016-08-03,1,0,0,0,,,,4,false,false,
abgov/ckanext-open_alberta,2022-06-23,master,2016-10-04,10,0,5,0,,,,1,false,false,
abulte/ckanext-countapicalls,2012-08-06,master,2012-08-06,1,0,1,0,,,,0,false,false,
adrianfish/ckanext-eismetadatafields,2016-11-22,master,2016-11-22,1,0,0,0,,,,0,false,false,
adrianfish/ckanext-eismetadatapusher,2016-11-23,master,2016-11-23,1,0,0,0,,,,0,false,false,
agmorev/ckanext-apidocs,2026-07-07,master,2026-07-07,1,1,1,0,,,,0,false,false,
alabs/ckanext-carchi_theme,2016-01-26,master,2016-01-26,1,0,2,0,,,,1,false,false,
alantygel/ckanext-featurednumber,2016-08-29,master,2016-08-29,1,0,0,0,,,,0,false,false,
alantygel/ckanext-semantictags,2015-12-03,master,2015-12-03,1,0,2,0,,,,3,false,false,
alantygel/ckanext-tagmanager,2024-08-20,master,2019-10-22,2,0,4,0,,,,10,false,false,
alejandrofcarrera/ckanext-geolinkeddata,2018-01-17,master,2018-01-17,1,0,0,0,,,,0,false,false,
aleks-iv/ckanext-mltk,2025-02-28,master,2025-02-28,1,0,0,0,,,,1,false,false,
alexandrainst/ckanext-realtime,2019-10-17,master,2014-06-15,5,0,1,0,,,,28,true,false,
alexbyrnes/ckanext-mongodb,2012-10-20,master,2012-10-20,1,0,0,0,,,,4,true,false,
aliwaqas333/ckanext-kpodp_theme,2020-06-08,master,2020-06-08,1,0,4,2,webbrain-one/ckanext-kpodp_theme,2026-08-06,webbrain-one/ckanext-kpodp_theme@2026-08-06|codeforpakistan/KPODP-CKAN-THEME-EXT@2022-06-04,6,false,false,
alphagov/ckanext-datagovuk,2026-09-15,main,2026-09-15,36,22,14,0,,,,12,false,false,
amercader/ckanext-embeddings,2024-05-22,main,2024-05-22,2,0,4,0,,,,18,false,false,
amercader/ckanext-glasgow_theme,2015-02-20,master,2014-12-15,4,0,1,1,openglasgow/ckanext-glasgow_theme,2018-08-01,openglasgow/ckanext-glasgow_theme@2018-08-01,0,false,false,
amercader/ckanext-testext,2020-12-16,main,2020-12-16,1,0,0,0,,,,0,false,false,
amirbuldan/ckanext-custom-theme,2025-09-19,main,2025-09-19,1,0,0,0,,,,0,false,false,
amirbuldan/ckanext-publikasi,2026-01-19,main,2026-01-19,1,1,0,0,,,,0,false,false,
anibalpacheco/ckanext-agesic,2016-04-29,master,2016-04-29,1,0,0,0,,,,0,false,false,
annefou/ckanext-rocrate,2023-11-07,main,2023-11-07,1,0,0,0,,,,0,false,false,
annefou/ckanext-signposting,2023-10-04,main,2023-10-04,2,0,0,0,,,,0,false,false,
apteksdi/ckanext-schemingdcat,2024-07-01,main,2024-07-01,1,0,0,0,,,,0,false,false,
apteksdi/ckanext-sdbi,2024-11-18,master,2024-11-18,1,0,3,1,fauzanss/ckanext-sdbi,2026-09-17,fauzanss/ckanext-sdbi@2026-09-17,1,false,false,
apteksdi/ckanext-sdi,2024-07-17,master,2024-03-18,2,0,1,0,,,,4,false,false,
aptivate/ckanext-countrygroup,2019-11-28,master,2019-11-28,3,0,0,0,,,,1,false,false,
aptivate/ckanext-crisis,2019-11-27,master,2019-11-27,2,0,0,0,,,,0,false,false,
aptivate/ckanext-datasetthumbnail,2023-10-03,master,2019-02-25,2,0,4,0,,,,7,false,false,
aptivate/ckanext-datasetversions,2023-01-26,master,2022-12-30,4,0,5,1,COATnor/ckanext-datasetversions,2026-05-04,COATnor/ckanext-datasetversions@2026-05-04,8,false,false,
aptivate/ckanext-hdx_package,2019-11-27,master,2019-05-13,1,0,0,0,,,,0,false,false,
aptivate/ckanext-hdx_search,2019-11-27,master,2019-04-24,1,0,0,0,,,,0,false,false,
aptivate/ckanext-hdx_users,2019-11-27,master,2019-03-21,1,0,0,0,,,,0,false,false,
aptivate/ckanext-locationgroup,2022-06-01,country-pages-dev,2019-12-04,4,0,0,0,,,,1,false,false,
aptivate/ckanext-mapactionevent,2022-06-01,master,2021-12-15,13,0,1,0,,,,0,false,false,
aptivate/ckanext-mapactiongeorss,2024-04-25,master,2024-04-24,5,0,1,0,,,,0,false,false,
aptivate/ckanext-mapactionimporter,2026-04-21,staging,2021-12-15,13,1,2,0,,,,0,false,false,
aptivate/ckanext-mapactiontheme,2023-04-05,master,2021-12-15,7,0,1,0,,,,0,false,false,
aptivate/ckanext-syndicate,2026-03-16,master,2021-09-23,3,1,8,2,Sokigo-TS/ckanext-syndicate,2026-09-17,Sokigo-TS/ckanext-syndicate@2026-09-17|DataShades/ckanext-syndicate@2026-08-19,4,false,false,
aptivate/ckanext-userautoadd,2022-06-01,master,2016-10-21,3,0,6,1,OpenDevelopmentMekong/ckanext-odm_notifications,2025-03-24,OpenDevelopmentMekong/ckanext-odm_notifications@2025-03-24,1,false,false,
aragonopendata/ckanext-iaest,2022-12-09,master,2022-12-09,2,0,0,0,,,,0,false,false,
aragonopendata/ckanext-oaipmh-unizar,2024-10-16,master,2020-06-23,2,0,0,0,,,,0,false,false,
armin11/ckanext-transparencyderp,2017-08-23,master,2017-08-23,1,0,0,0,,,,0,false,false,
armphanu/ckanext-dcat-armphanu,2023-07-15,main,2023-07-15,1,0,0,0,,,,0,false,false,
armphanu/ckanext-dga-stats-armphanu,2023-08-14,main,2023-08-14,1,0,0,0,,,,0,false,false,
armphanu/ckanext-hierarchy-armphanu,2023-07-15,main,2023-07-15,1,0,0,0,,,,0,false,false,
armphanu/ckanext-pdfview-armphanu,2023-07-15,main,2023-07-15,1,0,0,0,,,,0,false,false,
armphanu/ckanext-scheming-armphanu,2023-07-15,main,2023-07-15,1,0,0,0,,,,0,false,false,
armphanu/ckanext-thai-gdc-armphanu,2023-11-08,main,2023-11-08,2,0,0,0,,,,0,false,false,
armphanu/ckanext-xloader-armphanu,2023-07-15,main,2023-07-15,1,0,0,0,,,,0,false,false,
asc-csa/ckanext-asc-csa,2026-09-14,master,2025-06-06,8,1,5,0,,,,10,false,false,
asc-csa/ckanext-asc-csa-scheming,2022-11-23,master,2022-11-23,2,0,1,0,,,,2,false,false,
avdata99/ckanext-google_drive_import,2019-05-23,master,2019-05-23,1,0,0,0,,,,1,false,false,
awi-response/ckanext-apgc_theme,2025-05-19,main,2025-05-19,2,0,0,0,,,,0,false,false,
awi-response/ckanext-ifacets,2025-05-19,main,2025-05-19,2,0,0,0,,,,0,false,false,
azavea/ckanext-odp_theme,2019-07-23,develop,2019-07-23,9,0,10,0,,,,14,false,false,
b-weintraub/ckanext-stac,2022-02-04,master,2022-02-04,1,0,1,1,scil-sdsc/ckanext-stac,2023-05-26,scil-sdsc/ckanext-stac@2023-05-26,1,false,false,
bcgov/ckanext-bcgov,2025-01-13,dev,2025-01-09,33,0,21,0,,,,26,false,false,
bcgov/ckanext-bcgov-cli,2021-11-01,dev,2021-11-01,4,0,0,0,,,,0,true,false,
bcgov/ckanext-bcgov-disqus,2019-03-25,dev,2018-12-13,3,0,0,0,,,,0,true,false,
bcgov/ckanext-bcgov-schema,2026-04-23,master,2026-03-25,7,3,3,0,,,,3,false,false,
bcgov/ckanext-edc-rss,2025-03-26,master,2025-03-26,6,0,0,0,,,,0,false,false,
bcgov/ckanext-galileo,2017-10-03,master,2017-10-03,1,0,1,0,,,,0,true,false,
bcgov/ckanext-openapiviewer,2021-11-01,master,2021-11-01,3,0,4,1,vrk-kpa/ckanext-openapiviewer,2025-05-26,vrk-kpa/ckanext-openapiviewer@2025-05-26,7,true,false,
bcgov/ckanext-sso,2026-03-14,dev,2025-06-03,7,1,7,0,,,,7,false,false,
belgium-its-steering-committee/ckanext-benap,2026-09-08,master,2026-07-09,47,15,1,0,,,,4,false,false,
belgium-its-steering-committee/ckanext-benap-harvesters,2023-02-02,master,2020-05-29,6,0,0,0,,,,0,false,false,
belgium-its-steering-committee/ckanext-dcat-be-napits,2026-08-12,main,2025-10-21,2,2,0,0,,,,0,false,false,
belgium-its-steering-committee/ckanext-mailchimp,2026-04-29,master,2025-10-16,6,5,0,0,,,,0,false,false,
belgium-its-steering-committee/ckanext-ytp-request-for-ckan2.8.x,2025-01-22,development,2024-10-17,2,0,0,0,,,,0,false,false,
benjwadams/ckanext-metocean-keywords,2022-02-28,main,2021-08-18,3,0,0,0,,,,0,false,false,
benjwadams/ckanext-temporal,2021-09-07,main,2021-08-04,2,0,0,0,,,,0,false,false,
benscott/ckanext-cacheapi,2014-08-18,master,2014-08-18,1,0,0,0,,,,0,false,false,
berlinonline/ckanext-berlin,2021-09-27,master,2020-10-23,9,0,0,0,,,,3,false,false,
berlinonline/ckanext-berlin_dataset_schema,2026-07-27,master,2026-06-08,15,4,2,0,,,,1,false,false,
berlinonline/ckanext-berlinauth,2026-04-09,master,2026-04-09,4,2,1,0,,,,0,false,false,
berlinonline/ckanext-berlintheme,2026-09-18,master,2026-06-16,14,10,0,0,,,,0,false,false,
berlinonline/ckanext-datasetsnippets,2026-06-16,master,2026-06-16,16,5,1,0,,,,1,false,false,
berlinonline/ckanext-dcatde_berlin,2026-01-13,master,2026-01-13,10,2,0,0,,,,2,false,false,
berlinonline/ckanext-fisbroker,2026-04-09,master,2026-04-09,20,7,0,0,,,,2,false,false,
berlinonline/ckanext-sisharvester,2024-03-27,main,2023-10-21,2,0,0,0,,,,0,false,false,
berlinonline/ckanext-validationapi,2024-12-20,master,2024-12-20,4,0,0,0,,,,3,false,false,
bertvannuffelen/ckanext-odvl,2019-04-18,master,2019-03-15,7,0,0,0,,,,0,false,false,
bhavin2897/ckanext-chemstructure_search,2026-09-01,master,2026-09-01,2,2,0,0,,,,0,false,false,
bhavin2897/ckanext-hidepremissions,2024-05-31,master,2024-05-31,1,0,0,0,,,,0,false,false,
bhavin2897/ckanext-md_comp_layout,2026-03-04,master,2026-03-04,1,1,0,0,,,,0,false,false,
bhavin2897/ckanext-oai_metadataschema,2023-06-14,master,2023-06-14,2,0,0,0,,,,0,false,false,
bhavin2897/ckanext-related_resources,2024-07-08,master,2024-07-08,1,0,0,0,,,,0,false,false,
bhavin2897/ckanext-wikidata,2022-04-06,master,2022-04-06,1,0,0,0,,,,0,false,false,
blagojabozinovski/ckanext-chat-widget,2025-09-19,main,2025-09-19,2,0,0,0,,,,0,false,false,
bopen/ckanext-mapsearch,2014-11-07,master,2014-11-07,1,0,1,0,,,,5,false,false,
boxkite/ckanext-donneesqctheme,2015-04-20,master,2015-04-20,1,0,0,0,,,,0,false,false,
boykoc/ckanext-adal,2019-06-20,master,2019-06-20,1,0,0,0,,,,0,false,false,
brede9ray/ckanext,2022-06-15,main,2022-06-15,1,0,0,0,,,,0,false,false,
brunoqs/ckanext-ufla,2018-04-04,master,2018-04-04,1,0,0,0,,,,0,false,false,
bukharim1/ckanext-afucn,2025-02-04,main,2024-12-05,4,0,0,0,,,,0,false,false,
bv-forest-research/ckanext-sipex,2026-08-06,main,2026-08-06,2,2,0,0,,,,0,false,false,
bvcentre/ckanext-bvrc_theme,2026-07-30,main,2026-07-30,2,1,0,0,,,,0,false,false,
camptocamp/ckanext-theme,2021-03-08,geo2france,2021-03-08,3,0,0,0,,,,2,false,false,
canhdc/ckanext-library,2018-02-01,master,2018-02-01,1,0,0,0,,,,1,false,false,
cbgaindia/ckanext-budgetviz,2018-02-07,master,2018-02-07,2,0,1,0,,,,2,false,false,
cbgaindia/ckanext-openbudgetsin_theme,2024-03-07,master,2023-02-27,2,0,0,0,,,,4,false,false,
ccancellieri/ckanext-jsonschema,2024-02-07,extra,2024-01-25,4,0,2,0,,,,5,false,false,
ccancellieri/ckanext-publisher,2023-08-31,master,2021-12-10,2,0,0,0,,,,0,false,false,
ccancellieri/ckanext-scheming_dcat,2022-12-17,master,2022-04-22,1,0,0,0,,,,0,false,false,
ccancellieri/ckanext-terriajs,2022-05-20,master,2021-12-09,2,0,0,0,,,,0,false,false,
ccca-dc/ckanext-basket,2018-11-21,master,2018-11-21,2,0,1,0,,,,0,false,false,
ccca-dc/ckanext-ccca,2020-04-04,master,2020-04-04,9,0,3,0,,,,0,false,false,
ccca-dc/ckanext-filtersearch,2018-11-23,master,2018-11-23,7,0,0,0,,,,0,false,false,
ccca-dc/ckanext-galleryview,2018-04-18,master,2018-04-18,1,0,0,0,,,,0,false,false,
ccca-dc/ckanext-handle,2018-07-31,master,2018-07-31,1,0,0,0,,,,0,false,false,
ccca-dc/ckanext-iauth,2018-11-16,master,2018-11-16,7,0,0,0,,,,0,false,false,
ccca-dc/ckanext-localimp,2018-09-03,master,2018-05-15,2,0,0,0,,,,0,false,false,
ccca-dc/ckanext-resourceversions,2018-06-14,master,2018-06-14,2,0,0,0,,,,0,false,false,
ccca-dc/ckanext-thredds,2018-12-04,master,2018-12-04,7,0,1,0,,,,1,false,false,
cfpb/ckanext-cfpb-extrafields,2025-07-28,master,2025-07-28,3,0,10,0,,,,4,true,false,
chdigiorno/ckanext-gcbaandinotheme,2019-04-11,master,2019-04-11,4,0,3,3,gasti10/ckanext-gcbaandinotheme,2021-07-27,gasti10/ckanext-gcbaandinotheme@2021-07-27|martinavilasj/ckanext-gcbaandinotheme@2020-12-23|RedCiudadana/ckanext-gcbaandinotheme@2019-11-22,0,false,false,
cioos-atlantic/ckanext-restricted_search,2023-05-24,main,2023-05-24,5,0,0,0,,,,0,false,false,
cioos-atlantic/ckanext-vitality,2023-12-14,main,2023-05-24,11,0,0,0,,,,0,false,false,
cioos-siooc/ckanext-cioos_harvest,2026-07-14,master,2026-03-09,11,8,1,0,,,,0,false,false,
cioos-siooc/ckanext-cioos_theme,2026-07-10,master,2026-05-13,36,9,3,1,HakaiInstitute/ckanext-cioos_theme,2026-08-07,HakaiInstitute/ckanext-cioos_theme@2026-08-07,0,false,false,
citylinedata/ckanext-cl,2021-01-08,main,2021-01-08,1,0,0,0,,,,0,false,false,
cityofcapetown/ckanext-cct_metadata,2022-07-23,master,2020-02-26,2,0,1,0,,,,0,false,false,
cityofsurrey/ckanext-surrey,2018-05-14,master,2018-03-03,5,0,3,0,,,,1,false,false,
ciudadanointeligente/ckanext-forms,2012-02-28,master,2012-02-28,2,0,0,0,,,,2,false,false,
ciudadanointeligente/ckanext-junar,2012-04-04,master,2012-04-04,3,0,0,0,,,,2,false,false,
ckan/ckanext-apihelper,2015-09-24,master,2015-01-14,2,0,9,2,hieutrtr/ckanext-apihelper,2021-05-15,hieutrtr/ckanext-apihelper@2021-05-15|mouillerart/ckanext-apihelper@2017-07-27,10,false,false,
ckan/ckanext-archiver,2026-07-02,master,2026-07-02,19,2,34,1,qld-gov-au/ckanext-archiver,2026-08-28,qld-gov-au/ckanext-archiver@2026-08-28,21,false,false,
ckan/ckanext-basiccharts,2022-10-20,master,2022-10-20,2,0,24,5,mjesus11/ckanext-basiccharts,2026-04-06,mjesus11/ckanext-basiccharts@2026-04-06|veevianne/ckanext-basiccharts@2025-11-23|Apostolos172/ckanext-basiccharts@2025-02-26|aqu1ntero/ckanext-basiccharts@2024-03-24|keitaroinc/ckanext-basiccharts@2023-02-22,12,false,false,
ckan/ckanext-dashboard,2022-11-07,master,2022-11-07,2,0,18,2,tanmatt/ckanext-dashboard,2025-11-03,tanmatt/ckanext-dashboard@2025-11-03|TonyWu/ckanext-dashboard@2023-08-01,29,false,false,
ckan/ckanext-datapusherext,2014-01-31,master,2014-01-31,1,0,3,0,,,,0,false,false,
ckan/ckanext-dataset-series,2025-05-20,main,2025-05-20,2,0,2,0,,,,1,false,false,
ckan/ckanext-datastorer,2022-01-06,master,2014-01-29,16,0,15,0,,,,22,false,false,
ckan/ckanext-dcat,2026-08-11,master,2026-08-11,38,2,138,5,parripollo/ckanext-dcat,2026-09-19,parripollo/ckanext-dcat@2026-09-19|open-data/ckanext-dcat@2026-09-15|vrk-kpa/ckanext-dcat@2026-09-14|GenomicDataInfrastructure/gdi-userportal-ckanext-dcat@2026-09-10|TIBHannover/ckanext-dcat@2026-09-03,194,false,false,
ckan/ckanext-deadoralive,2019-07-19,master,2014-10-30,2,0,6,2,belgium-its-steering-committee/ckanext-deadoralive,2022-10-13,belgium-its-steering-committee/ckanext-deadoralive@2022-10-13|datopian/ckanext-deadoralive@2022-08-04,6,false,false,
ckan/ckanext-disqus,2022-12-21,master,2022-11-30,6,0,19,3,keitaroinc/ckanext-disqus,2026-04-06,keitaroinc/ckanext-disqus@2026-04-06|OpenGov-OpenData/ckanext-disqus@2023-04-14|datopian/ckanext-disqus@2023-02-09,13,false,false,
ckan/ckanext-drupal7,2015-05-17,master,2015-05-17,1,0,7,1,gsplatform/ckanext-drupal7,2016-04-12,gsplatform/ckanext-drupal7@2016-04-12,5,false,false,
ckan/ckanext-dsaudit,2025-11-28,master,2025-11-28,1,1,2,0,,,,2,false,false,
ckan/ckanext-editable-config,2024-07-08,master,2024-06-07,1,0,0,0,,,,1,false,false,
ckan/ckanext-envvars,2024-09-13,master,2024-09-09,6,0,7,1,TNRIS/ckanext-envvars,2025-01-13,TNRIS/ckanext-envvars@2025-01-13,16,false,false,
ckan/ckanext-eurovoc,2015-06-15,master,2015-06-15,1,0,2,0,,,,2,false,false,
ckan/ckanext-excelforms,2025-01-09,main,2025-01-07,1,0,3,1,derilinx/ckanext-excelforms,2025-06-16,derilinx/ckanext-excelforms@2025-06-16,1,false,false,
ckan/ckanext-fdt-sqlalchemy,2024-10-17,master,2024-10-17,1,0,0,0,,,,2,false,false,
ckan/ckanext-feedgen,2026-04-05,master,2026-04-05,1,1,0,0,,,,0,false,false,
ckan/ckanext-file-keeper-cloud,2026-05-14,master,2026-05-14,1,1,0,0,,,,3,false,false,
ckan/ckanext-fluent,2026-07-24,master,2026-07-24,7,1,29,2,derilinx/ckanext-fluent,2026-09-16,derilinx/ckanext-fluent@2026-09-16|vrk-kpa/ckanext-fluent@2026-08-26,28,false,false,
ckan/ckanext-googleanalytics,2026-07-02,master,2026-07-02,21,2,67,1,datosgobes/ckanext-dge-ga,2026-08-19,datosgobes/ckanext-dge-ga@2026-08-19,36,false,false,
ckan/ckanext-harvest,2026-09-01,master,2026-08-21,87,0,182,1,DataShades/ckanext-harvest,2026-09-17,DataShades/ckanext-harvest@2026-09-17,142,false,false,
ckan/ckanext-hierarchy,2026-07-24,master,2026-07-24,15,1,59,1,parripollo/ckanext-hierarchy,2026-09-14,parripollo/ckanext-hierarchy@2026-09-14,33,false,false,
ckan/ckanext-intro,2013-09-15,master,2013-09-15,1,0,5,1,ziodave/ckanext-intro,2014-04-29,ziodave/ckanext-intro@2014-04-29,6,false,false,
ckan/ckanext-issues,2021-09-16,master,2021-09-16,11,0,15,2,keitaroinc/ckanext-issues,2026-08-19,keitaroinc/ckanext-issues@2026-08-19|OpenDevelopmentMekong/ckanext-issues@2025-05-21,14,true,false,
ckan/ckanext-mapviews,2023-02-24,master,2023-02-24,2,0,21,0,,,,27,false,false,
ckan/ckanext-oauth2waad,2014-12-16,master,2014-12-16,4,0,4,1,kilimandjango/ckanext-oauth2waad,2021-10-28,kilimandjango/ckanext-oauth2waad@2021-10-28,1,true,false,
ckan/ckanext-pages,2026-06-26,master,2026-06-26,32,2,89,4,parripollo/ckanext-pages,2026-09-14,parripollo/ckanext-pages@2026-09-14|pabrojast/ckanext-pages@2026-09-11|derilinx/ckanext-pages@2026-08-19|keitaroinc/ckanext-pages@2026-08-10,58,false,false,
ckan/ckanext-pdfview,2026-09-17,master,2026-06-26,5,2,42,0,,,,27,false,false,
ckan/ckanext-persona,2015-09-16,master,2014-11-09,3,0,3,1,seanh/ckanext-persona,2016-12-02,seanh/ckanext-persona@2016-12-02,2,false,false,
ckan/ckanext-pose_ecosystem_catalog,2026-09-18,main,2026-09-15,54,22,1,0,,,,7,false,false,
ckan/ckanext-qa,2026-07-02,master,2026-07-02,15,2,49,1,qld-gov-au/ckanext-qa,2026-08-28,qld-gov-au/ckanext-qa@2026-08-28,27,false,false,
ckan/ckanext-repo,2022-05-24,master,2022-05-24,2,0,4,0,,,,3,false,false,
ckan/ckanext-report,2026-03-02,master,2026-03-02,6,1,26,2,qld-gov-au/ckanext-report,2026-08-28,qld-gov-au/ckanext-report@2026-08-28|TNRIS/ckanext-report@2026-05-12,18,false,false,
ckan/ckanext-rq,2023-03-31,master,2018-03-03,2,0,3,0,,,,3,false,false,
ckan/ckanext-s3archive,2017-03-27,master,2017-03-27,1,0,9,2,ziveo/ckanext-s3archive,2020-02-07,ziveo/ckanext-s3archive@2020-02-07|UoA-eResearch/ckanext-s3archive@2017-09-11,8,false,false,
ckan/ckanext-scheming,2026-07-06,master,2026-07-06,56,1,167,5,MBueschelberger/ckanext-scheming,2026-09-14,MBueschelberger/ckanext-scheming@2026-09-14|parripollo/ckanext-scheming@2026-09-14|TIBHannover/ckanext-scheming@2026-09-10|DataShades/ckanext-scheming@2026-09-09|vrk-kpa/ckanext-scheming@2026-08-31,102,false,false,
ckan/ckanext-search,2025-09-22,main,2025-08-26,7,1,0,0,,,,6,false,false,
ckan/ckanext-searchhistory,2014-05-09,master,2014-05-09,1,0,4,3,datopian/ckanext-searchhistory,2017-12-22,datopian/ckanext-searchhistory@2017-12-22|DanePubliczneGovPl/ckanext-searchhistory@2017-03-26|WilJoey/ckanext-searchhistory@2016-06-21,4,false,false,
ckan/ckanext-showcase,2026-08-10,master,2026-07-26,29,19,65,1,vrk-kpa/ckanext-showcase,2026-08-31,vrk-kpa/ckanext-showcase@2026-08-31,47,false,false,
ckan/ckanext-spatial,2026-08-11,master,2026-08-11,27,2,165,5,datopian/ckanext-spatial,2026-09-14,datopian/ckanext-spatial@2026-09-14|parripollo/ckanext-spatial@2026-09-14|vrk-kpa/ckanext-spatial@2026-09-08|ioos/ckanext-spatial@2026-09-01|pabrojast/ckanext-spatial@2026-08-30,136,false,false,
ckan/ckanext-validation,2025-08-14,master,2025-08-14,42,0,25,5,qld-gov-au/ckanext-validation,2026-08-25,qld-gov-au/ckanext-validation@2026-08-25|keitaroinc/ckanext-validation@2026-08-24|axelmedjber/ckanext-validation@2026-07-13|fjelltopp/ckanext-validation@2026-07-10|open-data/ckanext-validation@2026-03-18,30,false,false,
ckan/ckanext-viewhelpers,2015-07-22,master,2014-06-27,1,0,10,3,dathere/ckanext-viewhelpers,2022-11-02,dathere/ckanext-viewhelpers@2022-11-02|TomeCirun/ckanext-viewhelpers@2022-10-17|aqu1ntero/ckanext-viewhelpers@2021-01-02,5,true,false,
ckan/ckanext-xloader,2026-09-17,master,2026-09-09,28,6,59,0,,,,58,false,false,
cmuphillycapstone/ckanext-dictionary,2016-07-17,master,2016-07-17,1,0,14,4,keitaroinc/ckanext-dictionary,2021-04-09,keitaroinc/ckanext-dictionary@2021-04-09|jasonmotylinski/ckanext-dictionary@2020-09-24|fernandobac03/ckanext-dictionary@2017-05-30|jqnatividad/ckanext-dictionary@2016-12-01,10,false,false,
code-schleswig-holstein/ckanext-odsh,2022-04-27,master,2021-02-18,2,0,0,0,,,,0,false,false,
congbk92/ckanext-dataconverter,2021-01-13,main,2021-01-13,1,0,0,0,,,,1,false,false,
conwetlab/ckanext-datarequests,2023-03-19,master,2019-12-03,3,0,32,4,qld-gov-au/ckanext-datarequests,2026-08-28,qld-gov-au/ckanext-datarequests@2026-08-28|nguyenvn-dng/ckanext-datarequests@2025-11-18|Nateem/ckanext-datarequests@2024-05-17|suttipongTP1/ckanext-datarequests@2023-09-07,18,false,false,
conwetlab/ckanext-datastore_restful,2016-05-30,master,2015-02-26,2,0,1,0,,,,2,false,false,
conwetlab/ckanext-fiware_header,2017-05-23,master,2017-05-23,1,0,1,0,,,,2,false,false,
conwetlab/ckanext-oauth2,2026-03-13,master,2019-04-12,3,1,47,2,datopian/ckanext-oauth2,2026-09-16,datopian/ckanext-oauth2@2026-09-16|COATnor/ckanext-oauth2@2026-08-13,25,false,false,
conwetlab/ckanext-privatedatasets,2020-06-24,master,2020-03-16,2,0,14,1,geoenvo/ckanext-privatedatasets,2020-08-12,geoenvo/ckanext-privatedatasets@2020-08-12,19,false,false,
conwetlab/ckanext-storepublisher,2017-11-14,master,2017-11-14,2,0,1,1,FIWARE-TMForum/ckanext-baepublisher,2018-07-24,FIWARE-TMForum/ckanext-baepublisher@2018-07-24,3,false,false,
conwetlab/ckanext-wirecloud_view,2019-06-24,master,2019-06-24,1,0,6,1,Jianbo-jia/ckanext-wirecloud_view,2022-01-17,Jianbo-jia/ckanext-wirecloud_view@2022-01-17,2,false,false,
costibleotu/ckanext-dataportaltheme,2019-02-22,master,2019-02-21,1,0,26,5,tudoramariei/ckanext-dataportaltheme,2021-04-16,tudoramariei/ckanext-dataportaltheme@2021-04-16|surdu/ckanext-dataportaltheme@2020-02-29|clickio/ckanext-dataportaltheme@2020-02-29|azuya/ckanext-dataportaltheme@2020-02-29|paiboon15721/ckanext-dataportaltheme@2020-02-29,1,false,false,
costibleotu/ckanext-githubfeed,2019-02-22,master,2019-02-22,1,0,2,0,,,,0,false,false,
cphsolutionslab/ckanext-cphopendata,2015-08-10,master,2015-08-10,1,0,0,0,,,,1,false,false,
cphsolutionslab/ckanext-customuserprivileges,2015-09-10,master,2015-09-10,1,0,1,1,dvrpc/ckanext-customuserprivileges,2024-09-20,dvrpc/ckanext-customuserprivileges@2024-09-20,2,false,false,
cphsolutionslab/ckanext-dataproxy,2017-06-21,master,2017-06-21,1,0,13,5,TonyWu/ckanext-dataproxy,2023-07-01,TonyWu/ckanext-dataproxy@2023-07-01|ankit-shrivastava/ckanext-dataproxy@2022-09-22|jasonmotylinski/ckanext-dataproxy@2020-04-25|sopanawit/ckanext-dataproxy@2018-09-04|pszuster/ckanext-dataproxy@2017-09-04,11,false,false,
cphsolutionslab/ckanext-metadataharvest,2016-01-27,master,2016-01-27,1,0,1,1,NicolaiLolansen/ckanext-metadataharvest,2017-01-05,NicolaiLolansen/ckanext-metadataharvest@2017-01-05,0,false,false,
cphsolutionslab/ckanext-portalopendatadk,2023-01-31,master,2015-06-29,1,0,1,1,datopian/ckanext-portalopendatadk,2026-02-23,datopian/ckanext-portalopendatadk@2026-02-23,0,false,false,
csipiemonte/ckanext-apertocomunetorinoit,2026-03-20,master,2026-03-20,1,1,0,0,,,,0,false,false,
csse-uoft/ckanext-udc,2026-06-23,main,2026-06-23,2,2,0,0,,,,1,false,false,
cuprit-gbr/ckanext-cuprit,2024-04-22,main,2024-03-04,6,0,1,1,dainst/ckanext-cuprit,2026-04-24,dainst/ckanext-cuprit@2026-04-24,1,false,false,
cuprit-gbr/ckanext-thesauri,2024-03-25,main,2024-03-25,1,0,1,0,,,,0,false,false,
cwbi-apps/ckanext-cwbi-harvesters,2026-09-10,main,2026-09-10,3,3,0,0,,,,0,false,false,
cwbi-apps/ckanext-s3storage,2026-03-18,main,2026-03-18,1,1,0,0,,,,0,false,false,
cwbi-apps/ckanext-usacecwbitheme,2026-09-17,main,2026-09-17,2,2,0,0,,,,0,false,false,
cynkra/ckanext-sg,2026-05-27,main,2026-05-27,1,1,1,1,simknu/ckanext-sg,2026-06-22,simknu/ckanext-sg@2026-06-22,0,false,false,
dadosgovbr/ckanext-dadosgovbr,2020-07-23,master,2020-07-23,3,0,5,1,Jmallone/ckanext-dadosgovbr,2025-08-19,Jmallone/ckanext-dadosgovbr@2025-08-19,17,false,false,
dadosgovbr/ckanext-dadosgovbr-2014,2016-04-12,master,2016-04-12,1,0,2,1,allysonbarros/ckanext-dadosgovbr,2016-11-20,allysonbarros/ckanext-dadosgovbr@2016-11-20,2,false,false,
dadosgovbr/ckanext-dadosgovbrschema,2017-12-07,master,2017-11-10,1,0,2,0,,,,1,false,false,
damalaga/ckanext-federador,2018-07-13,master,2018-07-13,1,0,1,0,,,,1,false,false,
damalaga/ckanext-malaga,2019-01-09,v2.0-para-CKAN2.3-respon,2019-01-09,3,0,2,1,localidata/ckanext-federadorNTI,2022-03-02,localidata/ckanext-federadorNTI@2022-03-02,4,false,false,
dangsg/ckanext-mysql2mongodb,2020-12-26,master,2020-12-26,1,0,1,1,ligthsworn/ckanext-mysql2mongodb,2021-12-31,ligthsworn/ckanext-mysql2mongodb@2021-12-31,0,false,false,
data-govt-nz/ckanext-dia,2026-02-17,master,2026-02-11,20,5,0,0,,,,3,false,false,
data-govt-nz/ckanext-dia_theme,2026-05-25,master,2026-02-10,4,3,8,0,,,,7,false,false,
data-govt-nz/ckanext-protected_resources,2024-03-02,master,2024-03-02,3,0,2,0,,,,1,false,false,
data-govt-nz/ckanext-raygun,2021-08-30,master,2021-08-30,3,0,0,0,,,,1,false,false,
data-govt-nz/ckanext-security,2026-02-18,master,2026-02-18,25,3,33,5,olitreadwell/ckanext-security,2026-09-06,olitreadwell/ckanext-security@2026-09-06|OpenGov-OpenData/ckanext-security@2026-08-27|derilinx/ckanext-security@2026-08-19|TNRIS/ckanext-security@2026-08-06|open-data/ckanext-security@2026-06-10,27,false,false,
datacats/ckanext-featuredviews,2017-08-08,master,2016-03-03,2,0,5,1,OpenGov-OpenData/ckanext-featuredviews,2026-01-28,OpenGov-OpenData/ckanext-featuredviews@2026-01-28,10,false,false,
datacats/ckanext-geopusher,2017-08-07,master,2017-08-06,2,0,4,3,datasketch/ckanext-geopusher,2022-08-24,datasketch/ckanext-geopusher@2022-08-24|DataShades/ckanext-geopusher@2020-07-28|benmccall/ckanext-geopusher@2018-08-09,15,false,false,
datacats/ckanext-ottawa,2017-04-17,master,2016-12-22,1,0,1,1,CityofOttawa/ckanext-ottawa,2017-05-22,CityofOttawa/ckanext-ottawa@2017-05-22,1,false,false,
datacats/ckanext-webhooks,2015-08-13,master,2015-08-13,1,0,7,3,kha-dinh/ckanext-webhooks,2019-07-15,kha-dinh/ckanext-webhooks@2019-07-15|hecspc/ckanext-webhooks@2018-06-08|derilinx/ckanext-webhooks@2015-09-25,14,false,false,
datadotworld/ckanext-datadotworld,2023-12-05,master,2018-07-19,3,0,7,0,,,,12,false,false,
datagovuk/ckanext-certificates,2015-02-10,master,2015-01-16,2,0,5,1,datopian/ckanext-certificates,2017-09-19,datopian/ckanext-certificates@2017-09-19,1,true,false,
datagovuk/ckanext-datapreview,2015-08-04,master,2015-08-04,5,0,5,0,,,,8,true,false,
datagovuk/ckanext-datastore,2012-09-11,master,2012-09-11,1,0,2,0,,,,0,true,false,
datagovuk/ckanext-dgu,2023-06-19,master,2018-10-17,110,0,27,0,,,,33,true,false,
datagovuk/ckanext-dgu-local,2018-05-14,master,2018-05-14,2,0,3,0,,,,1,true,false,
datagovuk/ckanext-ga-report,2017-11-28,master,2017-11-28,6,0,14,3,datosgobes/ckanext-dge-ga-report,2026-08-19,datosgobes/ckanext-dge-ga-report@2026-08-19|bcgov/ckanext-ga-report@2021-04-14|GSA/ckanext-ga-report@2021-01-12,10,true,false,
datagovuk/ckanext-linkfinder,2013-03-13,master,2013-03-13,1,0,1,0,,,,0,true,false,
datagovuk/ckanext-os,2018-05-15,master,2018-05-15,3,0,3,0,,,,9,true,false,
datagovuk/ckanext-redmine,2013-12-19,master,2013-12-19,1,0,1,0,,,,0,true,false,
datagovuk/ckanext-schemadotorg,2016-10-06,master,2014-07-08,1,0,1,0,,,,1,true,false,
datagovuk/ckanext-taxonomy,2015-07-21,master,2015-07-21,3,0,4,2,AuScope/ckanext-taxonomy,2026-05-04,AuScope/ckanext-taxonomy@2026-05-04|ranierigmusella/ckanext-taxonomy@2022-01-26,6,true,false,
datagvat/ckanext-dgvat,2014-01-07,master,2014-01-07,1,0,1,0,,,,0,false,false,
datalocale/ckanext-datalocale,2017-12-19,master,2017-12-19,2,0,2,0,,,,2,false,false,
dataoverheid/ckanext-dataoverheid,2024-02-22,master,2020-09-15,2,0,1,0,,,,0,false,false,
dataoverheid/ckanext-donl,2016-12-22,master,2016-12-22,1,0,0,0,,,,3,true,false,
datarefuge/ckanext-datarefuge_theme,2017-06-23,master,2017-06-23,1,0,1,0,,,,5,false,false,
datasketch/ckanext-cdmx,2023-10-25,master,2023-10-25,1,0,3,2,migueldnt/ckanext-cdmx,2026-04-25,migueldnt/ckanext-cdmx@2026-04-25|datasketch/ckanext-cdmx-ciudadano@2023-11-10,1,false,false,
datasketch/ckanext-pdae_theme,2021-12-10,main,2021-12-10,2,0,3,1,SoporteDatalat/ckanext-datalat,2022-07-29,SoporteDatalat/ckanext-datalat@2022-07-29,1,false,false,
datawagovau/ckanext-datawagovautheme,2019-08-15,master,2019-08-15,5,0,7,2,dbca-wa/ckanext-datawagovautheme,2022-06-17,dbca-wa/ckanext-datawagovautheme@2022-06-17|BioplatformsAustralia/ckanext-datawagovautheme@2019-11-20,7,false,false,
dathere/ckanext-boernetx_theme,2025-02-06,main,2025-02-06,5,0,0,0,,,,0,false,false,
dathere/ckanext-datatablesview_plus,2023-05-25,master,2023-05-08,1,0,1,1,a5dur/ckanext-datatablesview_plus,2026-02-04,a5dur/ckanext-datatablesview_plus@2026-02-04,0,false,true,TNRIS/ckanext-datatablesview_plus
dathere/ckanext-discourse-extension,2026-09-09,discourse-api,2026-08-21,6,6,0,0,,,,0,false,false,
dathere/ckanext-officedocs,2018-05-03,master,2018-05-03,2,0,1,0,,,,0,false,true,OpenGov-OpenData/ckanext-officedocs
dathere/ckanext-openapi_viewer,2023-04-10,main,2023-04-10,1,0,2,1,TNRIS/ckanext-openapi_viewer,2026-05-22,TNRIS/ckanext-openapi_viewer@2026-05-22,0,false,false,
dathere/ckanext-twdh_reports,2025-09-21,main,2025-01-15,4,1,1,1,TNRIS/ckanext-twdh_reports,2026-08-26,TNRIS/ckanext-twdh_reports@2026-08-26,0,false,false,
dathere/datapusher-plus,2026-09-10,main,2026-07-08,74,18,28,0,,,,47,false,false,
datopian/ckanext-aircan,2026-08-21,master,2026-08-19,37,10,3,0,,,,7,false,false,
datopian/ckanext-asset-storage,2025-05-05,master,2021-07-01,5,0,2,1,pabrojast/ckanext-asset-storage,2025-11-12,pabrojast/ckanext-asset-storage@2025-11-12,2,false,false,
datopian/ckanext-auth,2026-05-01,master,2020-06-24,7,1,3,0,,,,4,false,false,
datopian/ckanext-authz-service,2026-09-14,master,2026-09-14,10,1,8,0,,,,9,false,false,
datopian/ckanext-blob-storage,2025-07-06,master,2023-01-03,15,0,3,1,fjelltopp/ckanext-blob-storage,2026-04-21,fjelltopp/ckanext-blob-storage@2026-04-21,15,false,false,
datopian/ckanext-c3charts,2018-12-18,master,2018-06-11,8,0,7,4,keitaroinc/ckanext-c3charts,2026-04-27,keitaroinc/ckanext-c3charts@2026-04-27|OpenGov-OpenData/ckanext-c3charts@2025-04-28|DataShades/ckanext-c3charts@2020-02-03|nexuraintl/ckanext-c3charts@2019-06-26,5,false,false,
datopian/ckanext-data-api,2023-03-14,main,2023-03-14,1,0,0,0,,,,0,false,false,
datopian/ckanext-dataexplorer-graphql,2023-12-01,main,2023-12-01,1,0,1,0,,,,0,false,false,
datopian/ckanext-dataexplorer-react,2026-09-14,master,2023-03-16,11,1,5,0,,,,8,false,false,
datopian/ckanext-datapub,2025-07-26,master,2021-07-14,10,0,4,0,,,,5,false,false,
datopian/ckanext-datasetapproval,2024-07-08,master,2023-03-03,25,0,12,3,linux-prod-ipb/ckanext-datasetapproval,2026-01-28,linux-prod-ipb/ckanext-datasetapproval@2026-01-28|UniBuc-DTD/ckanext-datasetapproval@2025-11-21|LYL010-ADELA/ckanext-datasetapproval@2025-01-24,5,false,false,
datopian/ckanext-datastore-authz,2026-08-18,main,2026-08-18,2,2,0,0,,,,0,false,false,
datopian/ckanext-datastore-bigquery,2026-08-27,master,2026-08-27,7,3,2,0,,,,10,false,false,
datopian/ckanext-datastore-dumper,2024-04-23,master,2024-04-23,1,0,0,0,,,,0,false,false,
datopian/ckanext-datopian,2026-04-09,main,2022-02-02,14,1,0,0,,,,2,false,false,
datopian/ckanext-dcat-ap-se-profile,2026-03-16,main,2026-03-16,1,1,0,0,,,,0,false,false,
datopian/ckanext-dcat_ap_no,2019-01-11,master,2019-01-11,1,0,0,0,,,,1,false,false,
datopian/ckanext-developerpage,2020-02-27,master,2019-12-29,1,0,4,0,,,,10,false,false,
datopian/ckanext-duplicateresource,2020-03-03,master,2020-03-03,1,0,0,0,,,,2,false,false,
datopian/ckanext-gdpr,2018-10-08,master,2018-10-08,1,0,1,1,keitaroinc/ckanext-gdpr,2021-03-03,keitaroinc/ckanext-gdpr@2021-03-03,2,false,false,
datopian/ckanext-gitdatahub,2020-06-02,master,2020-06-02,12,0,1,0,,,,2,false,false,
datopian/ckanext-gtm,2024-04-16,main,2024-04-16,1,0,0,0,,,,0,false,false,
datopian/ckanext-gwexplorer,2026-06-22,main,2026-06-22,1,1,0,0,,,,1,false,false,
datopian/ckanext-honduras,2022-12-09,master,2020-03-06,18,0,1,0,,,,3,false,false,
datopian/ckanext-idda,2025-05-02,main,2025-05-02,4,0,0,0,,,,0,false,false,
datopian/ckanext-logstash,2019-10-17,master,2019-10-17,1,0,0,0,,,,4,false,false,
datopian/ckanext-malmo,2026-09-07,main,2026-09-07,1,1,0,0,,,,0,false,false,
datopian/ckanext-noanonaccess,2024-12-23,master,2024-01-04,6,0,3,1,gislab-augsburg/ckanext-noanonaccess,2025-09-24,gislab-augsburg/ckanext-noanonaccess@2025-09-24,8,false,false,
datopian/ckanext-openapidocs,2026-08-19,main,2026-08-19,1,1,0,0,,,,0,false,false,
datopian/ckanext-opendatani,2025-09-02,master,2025-09-02,34,0,3,0,,,,4,false,false,
datopian/ckanext-orgdashboards,2018-02-06,master,2018-02-06,8,0,4,0,,,,9,false,false,
datopian/ckanext-orgportals,2018-10-12,master,2018-10-12,8,0,2,1,OpenGov-OpenData/ckanext-orgportals,2026-04-17,OpenGov-OpenData/ckanext-orgportals@2026-04-17,6,false,false,
datopian/ckanext-portaljs-improvements,2023-07-14,main,2023-07-14,1,0,0,0,,,,2,false,false,
datopian/ckanext-preflow,2026-04-21,main,2026-04-21,1,1,0,0,,,,0,false,false,
datopian/ckanext-querytool,2025-05-22,master,2025-05-22,162,0,11,1,VitalViz/ckanext-querytool,2025-06-23,VitalViz/ckanext-querytool@2025-06-23,20,false,false,
datopian/ckanext-requestdata,2019-01-15,master,2019-01-15,2,0,8,1,OCHA-DAP/ckanext-requestdata,2026-09-09,OCHA-DAP/ckanext-requestdata@2026-09-09,6,false,false,
datopian/ckanext-s3-multipart-upload,2026-08-25,main,2026-08-25,1,1,0,0,,,,0,false,false,
datopian/ckanext-saasportal_quote,2018-02-08,master,2018-02-08,1,0,1,1,keitaroinc/ckanext-saasportal_quote,2021-03-04,keitaroinc/ckanext-saasportal_quote@2021-03-04,2,false,false,
datopian/ckanext-sitemap,2024-09-19,master,2024-09-19,2,0,4,1,OpenGov-OpenData/ckanext-sitemap,2025-10-22,OpenGov-OpenData/ckanext-sitemap@2025-10-22,4,false,false,
datopian/ckanext-sse,2026-09-02,main,2026-09-02,19,7,0,0,,,,0,false,false,
datopian/ckanext-story,2017-11-22,master,2017-11-22,1,0,0,0,,,,3,false,false,
datopian/ckanext-translate,2026-04-09,master,2021-10-27,4,1,0,0,,,,0,false,false,
datopian/ckanext-versioning,2021-03-09,master,2021-03-09,21,0,3,0,,,,7,false,false,
datopian/ckanext-versions,2025-06-16,main,2022-11-09,17,0,7,2,fjelltopp/ckanext-versions,2026-05-19,fjelltopp/ckanext-versions@2026-05-19|UniBuc-DTD/ckanext-versions@2025-11-25,10,false,false,
datopian/ckanext-vocabulary,2022-04-16,master,2022-03-01,2,0,1,1,FCSCOpendata/ckanext-vocabulary,2022-07-01,FCSCOpendata/ckanext-vocabulary@2022-07-01,1,false,false,
datopian/ckanext-vrr,2019-02-08,master,2019-02-08,2,0,0,0,,,,2,false,false,
datopian/ckanext-zip,2020-02-28,master,2020-02-28,1,0,0,0,,,,1,false,false,
datopian/ckanext-zurich,2025-06-06,main,2025-06-06,1,0,0,0,,,,0,false,false,
datos-desarrollosocial-nacion/ckanext-mds_theme,2026-05-26,main,2024-01-18,3,1,0,0,,,,0,false,false,
datosgobar/ckanext-gobar-theme,2026-09-02,main,2026-08-31,19,19,0,0,,,,0,false,false,
datosgobar/ckanext-series-explorer,2026-07-24,main,2026-07-24,4,4,0,0,,,,0,false,false,
datosgobar/ckanext-seriestiempoarexplorer,2019-11-27,master,2019-11-27,11,0,4,1,RedCiudadana/ckanext-seriestiempoarexplorer,2022-10-28,RedCiudadana/ckanext-seriestiempoarexplorer@2022-10-28,1,false,false,
datosgobar/ckanext-spatial-widget-ar,2026-07-16,main,2026-07-16,5,5,0,0,,,,0,false,false,
datosgobes/ckanext-dge,2026-08-19,main,2026-08-19,2,2,0,0,,,,0,false,false,
datosgobes/ckanext-dge-brokenlinks,2026-06-16,main,2026-06-16,2,2,0,0,,,,0,false,false,
datosgobes/ckanext-dge-dashboard,2026-06-16,main,2026-06-16,2,2,0,0,,,,0,false,false,
datosgobes/ckanext-dge-dataservice,2026-06-16,main,2026-06-16,2,2,0,0,,,,0,false,false,
datosgobes/ckanext-dge-drupal-users,2026-06-16,main,2026-06-16,2,2,0,0,,,,0,false,false,
datospy/ckanext-datos_theme,2021-02-11,master,2021-02-11,1,0,0,0,,,,1,false,false,
davidr-PA/ckanext-lemr,2024-03-03,main,2024-03-03,1,0,2,1,DavidRavnsborg/ckanext-lemr,2025-09-27,DavidRavnsborg/ckanext-lemr@2025-09-27,1,false,false,
davidread/ckanext-analytics,2018-10-12,master,2018-10-12,1,0,1,0,,,,1,false,false,
dbca-wa/ckanext-dbca,2026-09-07,main,2026-09-07,4,3,1,0,,,,0,false,false,
deniszgonjanin/ckanext-geojsonview,2016-08-02,master,2016-08-02,1,0,1,0,,,,1,false,false,
depositar/ckanext-ark,2026-04-21,main,2026-04-21,2,2,0,0,,,,2,false,false,
depositar/ckanext-citation,2022-07-07,master,2022-07-07,2,0,2,1,DataShades/ckanext-citation,2023-04-25,DataShades/ckanext-citation@2023-04-25,0,false,false,
depositar/ckanext-data-depositario,2026-09-08,master,2026-09-08,23,2,4,0,,,,6,false,false,
depositar/ckanext-depositar_theme,2026-09-11,master,2026-09-11,5,1,1,0,,,,0,false,false,
depositar/ckanext-wikidatakeyword,2024-07-08,master,2024-07-08,2,0,0,0,,,,3,false,false,
derilinx/ckanext-datastore_cleanup,2023-03-16,master,2023-03-16,1,0,0,0,,,,0,false,false,
derilinx/ckanext-derilinxdcatprofile,2017-10-23,hse,2017-07-31,2,0,0,0,,,,0,false,false,
derilinx/ckanext-dgi-public,2017-03-22,master,2017-03-22,1,0,0,0,,,,3,false,false,
derilinx/ckanext-dietstars,2026-09-10,master,2026-09-10,7,1,2,0,,,,0,false,false,
derilinx/ckanext-losd,2021-10-22,master,2021-07-27,3,0,1,0,,,,1,false,false,
derilinx/ckanext-odm_dataset-ext,2025-05-19,master,2021-07-20,6,0,0,0,,,,0,false,false,
derilinx/ckanext-schema_field_groups,2026-09-15,master,2026-09-15,9,5,0,0,,,,1,false,false,
derilinx/ckanext-tabledesigner_hashcolumns,2026-01-23,main,2026-01-23,1,1,0,0,,,,0,false,false,
desidedatum/ckanext-aemet,2026-09-11,main,2026-09-11,1,1,0,0,,,,0,false,false,
devartis/ckanext-andinotemplate,2018-07-27,master,2018-07-27,1,0,2,1,datosgobar/ckanext-andinotemplate,2018-08-24,datosgobar/ckanext-andinotemplate@2018-08-24,0,false,false,
developmentseed/ckanext-authkey,2017-05-04,master,2017-05-04,1,0,2,0,,,,0,false,false,
developmentseed/ckanext-mvt,2017-06-07,develop,2017-06-07,2,0,3,0,,,,4,false,false,
dga-devops/ckanext-dquality,2026-09-09,main,2026-09-09,1,1,0,0,,,,0,false,false,
domoritz/ckanext-krzn,2013-11-08,master,2013-11-08,1,0,1,1,okfde/ckanext-krzn,2016-10-11,okfde/ckanext-krzn@2016-10-11,0,false,false,
doubleo-dev/ckanext-doubleo-theme,2026-01-19,main,2026-01-19,1,1,0,0,,,,0,false,false,
dpc-sdp/ckanext-datasetform,2026-09-17,master,2026-09-17,15,7,2,0,,,,0,false,false,
dpc-sdp/ckanext-datavic-harvester,2026-09-17,master,2026-09-17,55,1,4,0,,,,0,false,false,
dpc-sdp/ckanext-datavic-iar-theme,2026-09-17,develop,2026-09-08,198,0,6,0,,,,0,false,false,
dpc-sdp/ckanext-datavic-reporting,2026-04-17,master,2026-01-20,22,3,1,0,,,,0,false,false,
dpc-sdp/ckanext-datavicmain,2026-09-17,develop,2026-09-08,184,0,7,0,,,,0,false,false,
dpc-sdp/ckanext_datavic_odp_schema,2026-09-17,master,2026-09-17,72,0,5,0,,,,0,false,false,
dpc-sdp/ckanext_datavic_odp_theme,2026-09-17,master,2026-09-17,112,1,6,0,,,,1,false,false,
dpp-dev/ckanext-latvian-theme,2018-05-11,master,2018-05-11,1,0,2,1,datagovlvlv/ckanext-latvian-theme,2019-06-12,datagovlvlv/ckanext-latvian-theme@2019-06-12,2,false,false,
dreddx/ckanext-dreddx_networkview,2022-08-14,master,2022-08-14,1,0,0,0,,,,0,false,false,
dreddx/ckanext-dreddx_theme,2024-03-18,master,2024-03-18,1,0,0,0,,,,0,false,false,
duttonw/ckanext-pycharm-debugger,2025-05-13,main,2025-05-13,1,0,0,0,,,,0,false,false,
dvrpc/ckanext-dvrpc_gis_harvester,2025-03-27,main,2025-03-27,4,0,0,0,,,,1,false,false,
eHealthAfrica/ckanext-biskit,2022-12-06,master,2021-04-21,5,0,1,0,,,,0,true,false,
eawag-rdm/ckanext-eaw_core,2023-07-04,main,2023-07-04,1,0,1,0,,,,0,false,false,
eawag-rdm/ckanext-eaw_helpers,2022-08-26,master,2022-05-30,2,0,1,0,,,,0,false,false,
eawag-rdm/ckanext-eaw_schema,2026-09-03,master,2021-11-11,22,4,1,0,,,,1,false,false,
eawag-rdm/ckanext-eaw_theme,2026-09-10,master,2021-04-20,12,4,1,0,,,,0,false,false,
eawag-rdm/ckanext-eaw_vocabularies,2023-07-05,master,2017-05-26,3,0,0,0,,,,0,false,false,
eccenca/ckanext-diachron,2013-09-20,master,2013-09-20,1,0,0,0,,,,0,false,false,
ecolabdata/ckanext-dsfr,2023-04-06,main,2023-04-05,4,0,1,0,,,,1,true,false,
ecolabdata/ckanext-ecospheres,2023-10-11,main,2023-10-11,7,0,0,0,,,,3,true,false,
edincubator/ckanext-edi_theme,2018-07-17,master,2018-07-17,2,0,0,0,,,,3,false,false,
edincubator/ckanext-ga,2018-09-03,master,2018-09-03,1,0,0,0,,,,2,false,false,
edincubator/ckanext-protect_resources,2018-01-22,master,2018-01-22,1,0,0,0,,,,2,false,false,
enterstudio/ckanext-datagovau,2016-03-18,master,2016-03-18,1,0,4,3,xiaogp03/ckanext-datagovau,2021-02-10,xiaogp03/ckanext-datagovau@2021-02-10|sukhrajghuman/ckanext-datagovau@2021-02-10|mrkevinomar/ckanext-datagovau@2018-02-28,0,false,false,
eradan/ckanext-toscana-harvest,2017-12-01,master,2017-12-01,1,0,1,1,danilogiacomi/ckanext-toscana-harvest,2025-03-11,danilogiacomi/ckanext-toscana-harvest@2025-03-11,1,false,false,
eradan/ckanext-toscana-reports,2017-06-29,master,2017-06-29,1,0,1,1,danilogiacomi/ckanext-toscana-reports,2024-11-26,danilogiacomi/ckanext-toscana-reports@2024-11-26,1,false,false,
ericariyanto/ckanext-pslandak,2025-07-09,main,2025-07-09,2,0,0,0,,,,0,false,false,
ericariyanto/ckanext-pstheme,2024-07-02,main,2024-07-02,1,0,0,0,,,,0,false,false,
ervin-machine/ckanext-advanced_search,2025-03-19,master,2025-03-19,1,0,0,0,,,,0,false,false,
etalab/ckanext-fedmsg,2013-10-05,master,2013-10-05,1,0,0,0,,,,4,true,false,
etalab/ckanext-sentry,2014-04-22,master,2014-04-22,1,0,3,3,okfn/ckanext-sentry,2021-09-16,okfn/ckanext-sentry@2021-09-16|datalocale/ckanext-sentry@2017-10-18|morty/ckanext-sentry@2014-07-08,1,true,false,
etalab/ckanext-youckan,2014-02-26,master,2014-02-26,1,0,1,1,morty/ckanext-youckan,2014-07-23,morty/ckanext-youckan@2014-07-23,0,true,false,
etri-odp/ckanext-hdfs,2023-11-09,master,2018-11-20,2,0,0,0,,,,1,false,false,
etri-odp/ckanext-jena,2018-11-26,master,2018-11-26,1,0,1,1,Mat-O-Lab/ckanext-fuseki,2026-03-20,Mat-O-Lab/ckanext-fuseki@2026-03-20,2,false,false,
etri-odp/ckanext-resourceauthorizer,2018-04-13,master,2018-04-13,1,0,4,1,tkq66/ckanext-resourceauthorizer-2,2021-04-09,tkq66/ckanext-resourceauthorizer-2@2021-04-09,10,false,false,
f-osorio/ckanext-clamdscanner,2019-11-22,master,2019-11-20,1,0,0,0,,,,0,false,false,
f-osorio/ckanext-journal-dashboard,2023-03-16,master,2020-07-29,5,0,0,0,,,,0,false,false,
fabricads2012/ckanext-autorizacoes,2020-06-09,master,2020-06-09,1,0,0,0,,,,0,false,false,
fbellati/ckanext-branding,2024-08-05,main,2024-08-05,1,0,1,1,CNR-ISMAR/ckanext-branding,2024-10-25,CNR-ISMAR/ckanext-branding@2024-10-25,0,false,false,
fernandobac03/ckanext-mdfromowl,2017-06-28,master,2017-06-28,1,0,0,0,,,,0,false,false,
fernandobac03/ckanext-recordviewer,2017-06-19,master,2017-06-19,1,0,0,0,,,,0,false,false,
fernandobac03/ckanext-runtimeconfig,2017-05-03,master,2017-05-03,1,0,0,0,,,,0,false,false,
fjelltopp/ckanext-dataset-subscriptions,2025-01-08,master,2025-01-08,2,0,0,0,,,,0,false,false,
fjelltopp/ckanext-dhis2harvester,2026-07-01,development,2026-07-01,11,5,0,0,,,,0,false,false,
fjelltopp/ckanext-dms,2026-08-31,master,2026-08-31,8,1,0,0,,,,0,false,false,
fjelltopp/ckanext-emailasusername,2026-04-27,development,2026-04-27,7,3,2,0,,,,2,false,false,
fjelltopp/ckanext-file-uploader,2025-01-24,main,2025-01-24,2,0,0,0,,,,0,false,false,
fjelltopp/ckanext-fjelltopp-theme,2025-01-24,main,2025-01-24,4,0,0,0,,,,1,false,false,
fjelltopp/ckanext-fork,2026-05-21,development,2026-05-21,5,4,0,0,,,,0,false,false,
fjelltopp/ckanext-short-urls,2025-01-13,master,2024-11-19,3,0,0,0,,,,1,false,false,
fjelltopp/ckanext-spectrum,2024-08-27,master,2024-08-27,1,0,0,0,,,,0,false,false,
fjelltopp/ckanext-unaids,2026-07-30,main,2026-07-23,19,8,3,0,,,,1,false,false,
fjelltopp/ckanext-useraffiliation,2022-08-22,main,2022-08-22,2,0,0,0,,,,0,false,false,
fjelltopp/ckanext-validator,2019-09-24,master,2019-08-01,2,0,0,0,,,,0,false,false,
fjelltopp/ckanext-who-romania,2025-01-14,master,2025-01-13,6,0,0,0,,,,0,false,false,
fjelltopp/ckanext-zarr,2025-01-23,main,2025-01-22,5,0,0,0,,,,0,true,false,
fpichardom/ckanext-biodigiknow,2025-01-24,main,2025-01-24,1,0,0,0,,,,0,false,false,
fpichardom/ckanext-knowtest,2025-01-20,master,2025-01-20,1,0,0,0,,,,0,false,false,
fraunhoferfokus/ckanext-govdatade,2016-05-27,master,2016-05-27,6,0,6,1,GovDataOfficial/ckanext-govdatade,2025-07-29,GovDataOfficial/ckanext-govdatade@2025-07-29,4,false,false,
frictionlessdata/ckanext-datapackage,2024-09-24,main,2024-09-24,1,0,0,0,,,,4,false,false,
frictionlessdata/ckanext-datapackager,2026-04-13,main,2022-10-20,12,1,15,2,bhavin2897/ckanext-datapackager,2026-09-01,bhavin2897/ckanext-datapackager@2026-09-01|depositar/ckanext-datapackager@2026-05-19,37,false,false,
frictionlessdata/ckanext-wprdcpilot,2019-10-26,master,2019-10-26,1,0,0,0,,,,0,true,false,
friendlycode/ckanext-datagr,2015-07-29,master,2014-02-12,1,0,1,0,,,,1,false,false,
fumi/ckanext-fake-datagojp,2020-01-25,master,2020-01-25,1,0,0,0,,,,1,false,false,
fumi/ckanext-mimetypes,2014-03-25,master,2014-03-25,1,0,0,0,,,,1,false,false,
fwoerister/ckanext-archiveview,2020-10-12,main,2020-10-04,1,0,1,0,,,,1,false,false,
fwoerister/ckanext-mongodatastore,2020-10-13,master,2020-10-13,4,0,0,0,,,,2,false,false,
fwoerister/ckanext-reclinecitationview,2020-09-10,master,2020-09-10,1,0,0,0,,,,0,false,false,
gabipana7/ckanext-danubius_theme,2024-11-07,main,2024-11-07,1,0,0,0,,,,0,false,false,
gavram/ckanext-sdaia_custom_apis,2023-01-18,master,2023-01-18,1,0,0,0,,,,1,false,false,
geoenvo/ckanext-onedataportal,2025-12-20,master,2024-11-18,2,1,1,0,,,,1,false,false,
geogeek11/-ckanext-datagov2,2023-08-21,main,2023-08-21,1,0,0,0,,,,0,false,false,
geoimpactag/ckanext-geoimpact,2025-06-27,main,2025-06-27,15,0,0,0,,,,0,false,false,
geological-survey-of-queensland/gsq-ckanext-gsq-theme,2019-12-02,master,2019-12-02,3,0,0,0,,,,1,false,false,
geological-survey-of-queensland/gsq-ckanext-scheming,2022-11-16,master,2022-11-16,2,0,1,0,,,,1,false,false,
georgepm/ckanext-sparql,2023-06-20,master,2015-05-19,1,0,6,1,OpenDataGIS/ckanext-sparql_interface,2024-10-07,OpenDataGIS/ckanext-sparql_interface@2024-10-07,6,false,false,
geosolutions-it/ckanext-azure-auth,2026-06-25,main,2026-06-25,5,5,5,0,,,,6,false,false,
geosolutions-it/ckanext-c195,2022-03-29,main,2022-03-29,1,0,0,0,,,,0,false,false,
geosolutions-it/ckanext-categorie,2024-11-11,main,2024-11-11,1,0,0,0,,,,0,false,false,
geosolutions-it/ckanext-dataverse,2022-03-24,main,2022-03-24,1,0,1,1,bhavin2897/ckanext-dataverse,2025-05-14,bhavin2897/ckanext-dataverse@2025-05-14,0,false,false,
geosolutions-it/ckanext-dcatapit,2026-06-25,master,2026-06-25,9,2,17,0,,,,11,false,false,
geosolutions-it/ckanext-extras,2018-06-18,master,2018-06-18,1,0,1,0,,,,0,false,false,
geosolutions-it/ckanext-geonetwork,2024-11-12,master,2015-09-22,2,0,11,0,,,,11,false,false,
geosolutions-it/ckanext-geonode,2023-04-04,master,2023-04-04,2,0,0,0,,,,4,false,false,
geosolutions-it/ckanext-geosolutions,2021-03-04,main,2021-03-04,1,0,0,0,,,,0,false,false,
geosolutions-it/ckanext-geosolutions-ui,2021-03-10,main,2021-03-10,1,0,1,0,,,,0,false,false,
geosolutions-it/ckanext-grace-period,2021-06-04,main,2021-06-04,1,0,1,0,,,,1,false,false,
geosolutions-it/ckanext-grouplabel,2022-08-19,main,2022-08-19,1,0,0,0,,,,0,false,false,
geosolutions-it/ckanext-gsreport,2018-06-18,master,2018-06-18,1,0,1,0,,,,0,false,false,
geosolutions-it/ckanext-multilang,2026-05-04,master,2026-05-04,12,2,7,0,,,,2,false,false,
geosolutions-it/ckanext-odn,2018-01-17,master,2018-01-17,1,0,1,0,,,,0,true,false,
geosolutions-it/ckanext-shibboleth,2020-03-20,master,2019-11-07,1,0,4,0,,,,0,false,false,
geosolutions-it/ckanext-tableauview,2018-04-03,master,2018-04-03,1,0,3,2,localidata/ckanext-tableauview,2021-06-17,localidata/ckanext-tableauview@2021-06-17|aramboi/ckanext-tableauview@2021-04-15,0,false,false,
gfenoy/ckanext-wps,2014-11-03,master,2014-11-03,1,0,4,0,,,,1,false,false,
gina-alaska/ckanext-glynx,2020-05-08,master,2020-05-08,1,0,0,0,,,,0,false,false,
gislab-augsburg/ckanext-glab,2024-02-01,main,2024-01-12,3,0,0,0,,,,0,false,false,
gislab-augsburg/ckanext-hidelogout,2025-07-21,master,2025-07-21,1,0,0,0,,,,0,false,false,
gislab-augsburg/ckanext-iso,2026-07-31,master,2024-02-19,3,2,0,0,,,,0,false,false,
gislab-augsburg/ckanext-remove_login_icon,2024-10-30,master,2024-10-30,1,0,0,0,,,,0,false,false,
gislab-augsburg/ckanext-restrictaccess,2024-10-30,master,2024-10-30,1,0,0,0,,,,0,false,false,
gisman/ckanext-embedding,2025-04-17,master,2025-04-17,1,0,0,0,,,,1,false,false,
gisman/ckanext-urlsearch,2024-03-04,master,2024-03-04,1,0,0,0,,,,0,false,false,
gjagnoor/ckanext-accesTheData,2022-10-27,main,2022-10-26,1,0,0,0,,,,1,false,false,
gjagnoor/ckanext-accessthedata,2022-10-25,main,2022-10-25,1,0,0,0,,,,1,false,false,
glujan04/ckanext-ceh-comment,2026-04-21,master,2020-07-09,2,1,0,0,,,,0,false,false,
gov-il/datagovil-ckanext,2017-10-29,master,2017-10-29,1,0,2,0,,,,0,false,false,
govro/ckanext-inventory,2016-07-22,master,2016-07-22,1,0,4,0,,,,2,false,false,
govro/ckanext-romania_theme,2018-04-23,master,2018-04-23,3,0,4,0,,,,1,false,false,
gsi-cyberjapan/ckanext-basemaps,2014-03-14,master,2014-03-14,2,0,4,2,htb012/ckanext-basemaps,2015-06-19,htb012/ckanext-basemaps@2015-06-19|niryuu/ckanext-basemaps@2015-02-02,4,false,false,
gtxizang/ckanext-fynd,2026-03-22,main,2026-03-22,1,1,0,0,,,,0,false,false,
gtxizang/ckanext-openapi-view,2026-03-20,main,2026-03-20,1,1,0,0,,,,0,false,false,
gtxizang/ckanext-swagger-view,2026-03-20,main,2026-03-20,1,1,0,0,,,,0,false,false,
gzarzuelor/ckanext-ngsipreview,2015-06-10,master,2015-06-10,1,0,0,0,,,,1,false,false,
hakannson/ckanext-datacitation,2019-06-19,master,2019-06-19,1,0,0,0,,,,0,false,false,
hasadna/ckanext-datacity,2025-02-14,master,2025-02-02,7,0,0,0,,,,1,false,false,
henriquespedro/ckanext-ourem,2026-06-25,main,2026-06-25,1,1,0,0,,,,0,false,false,
hkmshb/ckanext-ehaportal,2025-09-01,main,2025-09-01,3,0,0,0,,,,0,false,false,
hkwi/ckanext-pen,2026-09-03,main,2026-09-03,5,5,0,0,,,,0,false,false,
htagTsc/ckanext-custom_theme,2021-10-29,master,2021-10-29,1,0,1,0,,,,0,false,false,
hwaring/ckanext-licenses,2014-12-11,master,2014-12-11,1,0,1,0,,,,2,false,false,
hwaring/ckanext-opendatabc,2014-12-04,master,2014-12-04,1,0,0,0,,,,0,false,false,
ififrank-un/ckanext-databaseharvester,2025-01-01,main,2025-01-01,1,0,0,0,,,,0,false,false,
ilri/ckanext-dataportal,2020-04-23,master,2020-04-23,1,0,3,0,,,,0,false,false,
ioos/ckanext-ioos-theme,2026-09-03,main,2026-09-03,24,4,13,0,,,,8,false,false,
iotaorg/ckanext-iota,2013-09-12,master,2013-09-12,1,0,0,0,,,,1,false,false,
jahow/ckanext-georchestra,2018-10-08,master,2018-10-08,1,0,0,0,,,,1,true,false,
jakubklimek/ckanext-odczdataset,2019-01-02,master,2019-01-02,1,0,3,0,,,,0,true,false,
janbruckert/ckanext_dataminds,2025-09-06,main,2025-09-06,1,0,0,0,,,,1,false,false,
jargonautical/ckanext-tdp,2020-06-25,master,2020-06-25,1,0,0,0,,,,0,false,false,
jasonmotylinski/ckanext-datatablesview,2020-04-22,master,2020-04-22,1,0,0,0,,,,0,false,false,
jayenashar/ckanext-datansw,2019-06-21,develop,2019-06-21,2,0,0,0,,,,0,false,false,
jayvardhan/ckanext-opencity,2026-04-13,main,2026-04-13,1,1,0,0,,,,0,false,false,
jesusredondo/ckanext-federgob,2016-06-22,master,2016-06-22,1,0,4,0,,,,1,false,false,
jgsmith/ckanext-dhdata,2013-09-04,master,2013-09-04,1,0,0,0,,,,0,false,false,
jiankaiwang/ckanext-cdccushomepage,2017-11-28,master,2017-11-28,2,0,0,0,,,,0,true,false,
jiankaiwang/ckanext-cdcmainlib,2017-11-28,master,2017-11-28,2,0,0,0,,,,0,true,false,
jiankaiwang/ckanext-download,2017-11-21,master,2017-11-03,1,0,1,1,apteksdi/ckanext-download,2023-08-07,apteksdi/ckanext-download@2023-08-07,0,true,false,
jlouhio/ckanext-datahubsuomi,2012-12-20,master,2012-12-20,1,0,0,0,,,,0,false,false,
joetm/ckanext-feeds,2016-07-25,master,2016-07-25,1,0,1,0,,,,0,false,false,
joetm/ckanext-revisiontab,2016-07-18,master,2016-07-18,1,0,2,1,argv0/ckanext-revisiontab,2016-09-02,argv0/ckanext-revisiontab@2016-09-02,0,false,false,
joetm/ckanext-uploadbutton,2016-07-04,master,2016-07-04,1,0,1,0,,,,0,false,false,
joetsoi/ckanext-astro,2014-02-08,master,2014-02-08,1,0,2,2,pgasu/ckanext-astro,2017-07-25,pgasu/ckanext-astro@2017-07-25|Psykar/ckanext-astro@2016-06-03,0,false,false,
joetsoi/ckanext-jsondatastore,2014-10-24,master,2014-10-24,1,0,0,0,,,,0,false,false,
jorabra/ckanext-simplesso,2020-01-20,master,2020-01-20,1,0,1,0,,,,2,false,false,
josip555/ckanext-dcathr,2024-02-27,main,2024-02-27,1,0,0,0,,,,1,false,false,
jpmccu/ckanext-arrayexpress,2013-02-11,master,2013-02-11,1,0,1,0,,,,2,false,false,
jqnatividad/ckanext-datatablesplus,2020-09-23,master,2020-09-23,1,0,0,0,,,,0,false,false,
jshenaop/ckanext-ane,2021-09-23,main,2021-09-23,1,0,0,0,,,,0,false,false,
jumargo73/ckanext-ckanplugin,2026-05-11,main,2026-05-08,3,3,0,0,,,,0,false,false,
justgeorge12/ckanext-xamin,2025-10-14,main,2025-10-14,1,1,0,0,,,,0,false,false,
justicehub-in/ckanext-emailauth,2021-06-21,main,2021-06-21,1,0,0,0,,,,0,false,false,
justicehub-in/ckanext-justicehub_theme,2023-11-24,dev,2023-11-24,10,0,1,0,,,,1,false,false,
justicehub-in/ckanext-moderation,2022-01-06,main,2022-01-06,2,0,0,0,,,,1,false,false,
justicehub-in/ckanext-tableview,2022-10-13,master,2020-10-21,3,0,0,0,,,,0,false,false,
kangmoesss/ckanext-oauth2-py3,2022-01-03,master,2022-01-03,1,0,0,0,,,,2,false,false,
kapucko/ckanext-dataset,2015-02-23,master,2015-02-23,1,0,1,1,microcomp/ckanext-dataset,2020-10-21,microcomp/ckanext-dataset@2020-10-21,0,false,false,
kapucko/ckanext-edem,2015-01-21,master,2015-01-21,1,0,1,1,microcomp/ckanext-edem,2020-10-21,microcomp/ckanext-edem@2020-10-21,0,false,false,
kartoza/ckanext-dalrrd-emc-dcpr,2024-02-27,main,2024-02-26,22,0,5,0,,,,4,false,false,
kata-csc/ckanext-kata,2021-01-08,master,2021-01-08,90,0,4,1,kangmoesss/ckanext-kata,2022-01-05,kangmoesss/ckanext-kata@2022-01-05,8,true,false,
kata-csc/ckanext-rems,2017-10-31,master,2017-10-31,13,0,1,0,,,,2,true,false,
kata-csc/ckanext-sitemap,2021-01-08,master,2021-01-08,5,0,8,1,NCAR/ckanext-sitemap,2026-01-28,NCAR/ckanext-sitemap@2026-01-28,1,true,false,
kata-csc/ckanext-statreports,2017-02-03,master,2017-02-03,7,0,1,0,,,,0,true,false,
katucker/ckanext-dapr,2024-07-31,main,2024-07-31,1,0,0,0,,,,0,false,false,
katucker/ckanext-ed-docs,2021-09-14,main,2021-05-25,2,0,1,0,,,,0,false,false,
keitaroinc/ckanext-alisea,2025-09-02,master,2025-07-30,2,0,0,0,,,,0,false,false,
keitaroinc/ckanext-approvalworkflow,2026-03-10,master,2026-03-09,4,3,2,0,,,,4,false,false,
keitaroinc/ckanext-big-resources,2023-12-06,main,2023-12-06,2,0,0,0,,,,0,false,false,
keitaroinc/ckanext-bulkdownload,2025-01-17,main,2025-01-17,1,0,0,0,,,,0,false,false,
keitaroinc/ckanext-bulkupload,2025-07-07,main,2024-04-17,4,0,0,0,,,,0,false,false,
keitaroinc/ckanext-calendar,2021-04-07,master,2021-04-07,2,0,0,0,,,,0,false,false,
keitaroinc/ckanext-cas,2021-04-05,master,2021-04-05,1,0,8,3,linux-prod-ipb/ckanext-cas,2025-11-04,linux-prod-ipb/ckanext-cas@2025-11-04|nectec-opend/ckanext-cas@2022-06-02|neogeo-technologies/ckanext-cas@2021-11-30,4,false,false,
keitaroinc/ckanext-cleanup,2023-09-14,master,2023-09-14,1,0,0,0,,,,1,false,false,
keitaroinc/ckanext-colorado,2021-04-05,master,2021-04-05,5,0,0,0,,,,0,false,false,
keitaroinc/ckanext-dataextractor,2025-09-09,master,2021-04-07,2,0,1,0,,,,1,false,false,
keitaroinc/ckanext-datagovmk,2026-09-05,master,2022-07-15,71,1,0,0,,,,4,false,false,
keitaroinc/ckanext-dataguide,2021-04-09,master,2021-04-09,1,0,0,0,,,,0,false,false,
keitaroinc/ckanext-dataquality,2021-04-06,master,2021-04-06,2,0,0,0,,,,0,false,false,
keitaroinc/ckanext-datasetrelations,2021-04-06,master,2021-04-06,1,0,0,0,,,,0,false,false,
keitaroinc/ckanext-datasetreplication,2021-04-06,master,2021-04-06,2,0,0,0,,,,0,false,false,
keitaroinc/ckanext-eds,2021-04-09,master,2021-04-09,2,0,0,0,,,,0,false,false,
keitaroinc/ckanext-edsmetadata,2021-04-09,master,2021-04-09,2,0,0,0,,,,0,false,false,
keitaroinc/ckanext-edsnews,2021-04-07,master,2021-04-07,2,0,0,0,,,,0,false,false,
keitaroinc/ckanext-experience,2021-11-26,master,2021-04-01,6,0,0,0,,,,0,false,false,
keitaroinc/ckanext-kepa,2026-02-11,main,2024-05-13,4,3,0,0,,,,0,false,false,
keitaroinc/ckanext-keycloak,2024-11-06,master,2024-03-08,4,0,11,4,Mobidec/ckanext-keycloak,2026-09-11,Mobidec/ckanext-keycloak@2026-09-11|ansakoy/ckanext-keycloak@2026-04-04|gislab-augsburg/ckanext-keycloak@2026-02-10|SyeKlu/ckanext-keycloak@2025-09-11,11,false,false,
keitaroinc/ckanext-knowledgehub,2026-09-05,master,2021-04-23,34,3,2,0,,,,9,false,false,
keitaroinc/ckanext-lighthorse,2025-03-06,main,2025-03-06,1,0,0,0,,,,0,false,true,lighthorse-tx/ckanext-lighthorse
keitaroinc/ckanext-likes,2026-08-24,master,2023-06-13,8,0,0,0,,,,0,false,false,
keitaroinc/ckanext-mk_dcatap,2022-04-07,master,2022-04-07,3,0,0,0,,,,1,false,false,
keitaroinc/ckanext-montreal-theme,2026-09-07,main,2026-09-04,8,6,1,0,,,,0,false,false,
keitaroinc/ckanext-noresource,2023-05-26,master,2023-05-26,1,0,0,0,,,,0,false,false,
keitaroinc/ckanext-onicse-theme,2025-10-27,main,2025-10-27,10,1,1,0,,,,1,false,false,
keitaroinc/ckanext-organogram,2021-12-15,master,2021-04-05,2,0,0,0,,,,0,false,false,
keitaroinc/ckanext-password,2021-04-08,master,2021-04-08,1,0,1,0,,,,0,false,false,
keitaroinc/ckanext-password-policy,2026-03-25,master,2026-03-25,2,1,4,0,,,,3,false,false,
keitaroinc/ckanext-purge,2021-04-05,master,2021-04-05,1,0,0,0,,,,1,false,false,
keitaroinc/ckanext-questionnaire,2026-01-08,main,2026-01-08,2,1,0,0,,,,1,false,false,
keitaroinc/ckanext-radius,2021-04-05,main,2021-04-05,2,0,0,0,,,,0,false,false,
keitaroinc/ckanext-resourcedictionary,2022-11-11,main,2021-04-15,1,0,4,2,gislab-augsburg/ckanext-resourcedictionary,2026-02-11,gislab-augsburg/ckanext-resourcedictionary@2026-02-11|mjanez/ckanext-resourcedictionary@2024-10-01,7,false,false,
keitaroinc/ckanext-saasportal,2021-04-05,master,2021-04-05,1,0,0,0,,,,0,false,false,
keitaroinc/ckanext-saml2auth,2026-08-31,main,2026-08-31,10,3,32,3,GSA/ckanext-saml2auth,2026-09-18,GSA/ckanext-saml2auth@2026-09-18|FuhuXia/ckanext-saml2auth@2026-09-18|okfn/ckanext-saml2auth@2026-09-15,24,false,false,
keitaroinc/ckanext-saudinodp,2021-04-05,master,2021-04-05,1,0,0,0,,,,0,false,false,
keitaroinc/ckanext-sokigo,2021-04-05,master,2021-04-05,1,0,1,1,Sokigo-TS/ckanext-sokigo,2026-09-17,Sokigo-TS/ckanext-sokigo@2026-09-17,0,false,false,
keitaroinc/ckanext-suggest,2022-05-30,main,2022-05-30,1,0,1,1,OpenDevelopmentMekong/ckanext-suggest,2026-08-28,OpenDevelopmentMekong/ckanext-suggest@2026-08-28,1,false,false,
keitaroinc/ckanext-systeminfo,2021-04-08,master,2021-04-08,2,0,0,0,,,,0,false,false,
keitaroinc/ckanext-villageearth,2021-04-05,master,2021-04-05,1,0,0,0,,,,0,false,false,
keitaroinc/ckanext-visualize,2026-08-26,master,2021-04-23,4,2,10,0,,,,20,false,false,
keitaroinc/ckanext-xcaret,2022-11-16,main,2022-11-16,2,0,0,0,,,,0,false,false,
kikislater/ckanext-dataset_approval,2024-11-27,main,2024-11-27,1,0,0,0,,,,0,false,false,
kittichai-pkorn/ckanext-dga-stats-custom,2022-12-09,main,2022-12-09,1,0,0,0,,,,0,false,false,
kkakui/ckanext-edc,2024-01-28,main,2024-01-28,1,0,0,0,,,,0,false,false,
kmbn/ckanext-operandum,2021-07-14,main,2021-07-14,1,0,0,0,,,,0,false,false,
knaw-huc/ckanext-facet,2023-09-18,master,2023-09-18,1,0,0,0,,,,0,false,false,
knowdive/ckanext-liveschema_theme,2022-06-13,master,2022-06-13,1,0,1,0,,,,1,false,false,
kolesarj/ckanext-aafc,2019-04-04,master,2019-04-04,1,0,1,1,jjcc/ckanext-aafc,2023-03-02,jjcc/ckanext-aafc@2023-03-02,0,false,false,
kolesarj/ckanext-aafcesas,2019-04-02,master,2019-04-02,1,0,0,0,,,,0,false,false,
kominfo-denpasar/ckanext-dps_theme,2022-11-24,main,2022-11-24,1,0,0,0,,,,0,false,false,
kowh-ai/ckanext-xloader-backup,2023-07-06,master,2023-04-04,37,0,0,0,,,,0,false,false,
ksmc/ckanext-activitiestracker,2019-03-15,master,2019-03-15,1,0,0,0,,,,0,false,false,
kumarvivek1752/ckanext-translate,2023-08-07,main,2023-08-07,1,0,0,0,,,,0,false,false,
kvichos/ckanext-graspos,2024-01-25,master,2024-01-25,1,0,0,0,,,,0,false,false,
lepidaspa/ckanext-rernew,2017-03-30,master,2017-03-30,1,0,0,0,,,,0,false,false,
lfalvarez/ckanext-arde,2018-10-23,master,2018-10-23,1,0,0,0,,,,0,false,false,
lightbase/ckanext-datadaemon,2012-10-08,master,2012-10-08,1,0,1,0,,,,3,false,false,
liip/ckanext-dcat_switzerland,2022-10-28,main,2022-10-28,5,0,1,0,,,,0,false,false,
liip/ckanext-ddi,2023-05-22,master,2021-12-14,4,0,7,1,okfn/ckanext-ddi,2026-05-05,okfn/ckanext-ddi@2026-05-05,13,false,false,
liip/ckanext-subscribe,2026-02-04,main,2026-02-04,1,1,4,0,,,,2,false,false,
luca-martinelli-09/ckanext-cdstheme,2022-06-06,main,2022-06-06,1,0,0,0,,,,1,false,false,
luccasmmg/ckanext-sdaia,2023-01-16,main,2023-01-16,1,0,0,0,,,,0,false,false,
lynxlab/ckanext-lait,2020-09-09,master,2020-09-09,1,0,0,0,,,,0,false,false,
mango7j/ckanext-odao,2021-10-07,master,2021-10-07,1,0,1,1,thyun4synctechno/ckanext-odao,2022-04-22,thyun4synctechno/ckanext-odao@2022-04-22,0,false,false,
manuelpalacin/ckanext-datasetvalidation,2014-12-14,master,2014-12-14,1,0,0,0,,,,1,false,false,
mapaction/ckanext-mapactionschemas,2022-06-01,master,2022-06-01,3,0,1,0,,,,0,false,false,
markmo/ckanext-azurefilestore,2024-05-23,master,2020-02-02,2,0,0,0,,,,1,false,false,
marsdd/ckanext-marsavin,2021-01-28,master,2020-11-02,50,0,0,0,,,,0,false,false,
maslij/ckanext-nbedit,2020-02-13,master,2020-02-13,1,0,0,0,,,,0,false,false,
mat3rial-dev/ckanext-yycdatacollective,2018-05-19,master,2018-05-19,1,0,1,0,,,,0,false,false,
mateuszneumann/ckanext-ceon,2015-08-06,master,2015-08-06,1,0,3,0,,,,0,false,false,
maulikkamdar/ckanext-feedback,2014-10-26,master,2014-10-26,1,0,3,1,PopulateTools/ckanext-feedback,2018-01-24,PopulateTools/ckanext-feedback@2018-01-24,2,false,false,
mdkan/ckanext-admin,2015-01-13,master,2015-01-13,3,0,0,0,,,,0,false,false,
mdkan/ckanext-metadata,2012-09-05,master,2012-08-31,1,0,0,0,,,,0,false,false,
memaldi/ckanext-git,2015-11-11,master,2015-11-11,1,0,0,0,,,,0,false,false,
merkelct/ckanext-akanaharvester,2017-06-28,master,2017-06-28,1,0,0,0,,,,0,false,false,
merkelct/ckanext-frontpage,2017-03-24,master,2017-03-24,2,0,0,0,,,,0,false,false,
merkelct/ckanext-slack,2017-06-27,master,2017-06-27,2,0,0,0,,,,0,false,false,
metaodi/ckanext-graphql,2018-02-27,master,2018-02-27,1,0,0,0,,,,2,false,false,
metropoleruhr/ckanext-rvr,2023-05-05,main,2023-05-05,1,0,1,1,datopian/ckanext-rvr,2026-09-08,datopian/ckanext-rvr@2026-09-08,0,false,false,
mgandarela/ckanext-hdx_theme,2023-03-19,main,2023-03-19,1,0,0,0,,,,0,false,false,
microcomp/ckanext-applications,2021-08-23,master,2021-08-23,2,0,0,0,,,,0,false,false,
microcomp/ckanext-audit,2020-10-21,master,2020-10-21,2,0,0,0,,,,0,false,false,
microcomp/ckanext-notifications,2020-10-21,master,2020-10-21,1,0,0,0,,,,0,false,false,
microcomp/ckanext-responsive_design,2021-08-23,master,2021-08-23,6,0,0,0,,,,0,false,false,
microcomp/ckanext-sla,2020-10-21,master,2020-10-21,2,0,0,0,,,,0,false,false,
microcomp/ckanext-sql,2020-10-21,master,2020-10-21,1,0,0,0,,,,0,false,false,
microcomp/ckanext-torrent,2020-10-21,master,2020-10-21,1,0,0,0,,,,3,false,false,
mikelhpdatke/ckanext-theme-vasi,2022-01-13,main,2022-01-13,1,0,0,0,,,,0,false,false,
milicp/ckanext-lire,2018-04-14,master,2018-04-14,1,0,10,2,icc-saad/ckanext-lire,2022-04-15,icc-saad/ckanext-lire@2022-04-15|LukeTully/ckanext-lire@2018-11-04,7,false,false,
milicp/ckanext-semre,2015-06-13,master,2015-06-13,1,0,2,0,,,,2,false,false,
milwaukeedata/ckanext-userprivs,2016-09-07,master,2016-09-07,1,0,0,0,,,,0,false,false,
mjanez/ckanext-openapi,2025-12-18,main,2025-12-18,4,2,3,1,otic08/ckanext-openapi,2026-06-02,otic08/ckanext-openapi@2026-06-02,0,false,false,
mmoyles87/ckanext-oauth2provider,2016-04-05,master,2016-04-05,1,0,2,2,lintol/ckanext-oauth2provider,2018-03-15,lintol/ckanext-oauth2provider@2018-03-15|DataDotUG/ckanext-oauth2provider@2017-04-28,1,false,false,
mmoyles87/ckanext-twofactorauth,2016-03-14,master,2016-03-14,1,0,0,0,,,,0,false,false,
momarious/ckanext-momarious,2023-03-20,master,2023-03-20,1,0,0,0,,,,0,false,false,
mominimtiaz786/ckanext-custom_categories,2022-01-08,master,2022-01-08,6,0,0,0,,,,0,false,false,
mominimtiaz786/ckanext-example_theme,2021-09-10,main,2021-08-13,9,0,1,1,wmsntana/ckanext-example_theme,2021-10-13,wmsntana/ckanext-example_theme@2021-10-13,0,false,false,
moxohch/ckanext-jwt_issuer,2026-02-23,develop,2026-02-23,1,1,0,0,,,,0,false,false,
moxohch/ckanext-secure_logout,2026-02-11,main,2026-02-11,3,3,0,0,,,,0,false,false,
mpolidori/ckanext-dcat-ap-3,2025-12-17,,,0,0,0,0,,,,0,false,false,
muccg/ckanext-chevrontheme,2018-05-24,master,2018-05-24,7,0,0,0,,,,0,false,false,
muict-is/ckanext-reportview,2024-10-16,main,2024-10-16,1,0,0,0,,,,0,false,false,
mutantsan/ckanext-relationships,2020-05-18,master,2020-05-18,1,0,0,0,,,,0,true,false,
mutantsan/ckanext-search-autocomplete,2021-08-02,master,2021-08-02,1,0,1,1,DataShades/ckanext-search-autocomplete,2025-05-23,DataShades/ckanext-search-autocomplete@2025-05-23,0,true,false,
mutantsan/ckanext-zippreview,2021-02-05,master,2018-12-07,2,0,3,1,DataShades/ckanext-zippreview,2022-07-19,DataShades/ckanext-zippreview@2022-07-19,0,true,false,
nasaharvest/ckanext-harvestportal,2026-07-29,main,2026-07-29,1,1,0,0,,,,0,false,false,
national-data-platform/ckanext-ndp,2023-12-21,main,2023-11-07,1,0,0,0,,,,0,false,false,
national-data-platform/ckanext-ndpcatalogadditions,2026-09-08,main,2026-09-08,2,1,0,0,,,,0,false,false,
ndelacour/ckanext-safran_opendata_theme,2023-03-13,main,2023-03-13,1,0,0,0,,,,0,false,false,
nectec-opend/ckanext-thaigdc2fa,2026-08-13,main,2026-08-13,1,1,0,0,,,,0,false,false,
neogeo-technologies/ckanext-idgotheme,2023-12-11,develop,2023-06-12,10,0,6,0,,,,0,false,false,
nerevu/ckanext-heroku,2019-11-07,master,2019-11-07,1,0,0,0,,,,0,false,false,
net7/ckanext-opendata-theme,2026-06-12,main,2026-06-12,2,1,0,0,,,,1,false,false,
ngds/ckanext-datastorecsw-bku03232018,2016-01-21,master,2016-01-21,2,0,3,0,,,,0,false,false,
ngds/ckanext-geoserver,2021-03-18,master,2018-04-06,1,0,1,0,,,,1,false,false,
ngds/ckanext-geoserver-bku03232018,2015-11-03,master,2015-09-24,3,0,5,1,GeoinformationSystems/ckanext-geoserver,2017-10-20,GeoinformationSystems/ckanext-geoserver@2017-10-20,5,true,false,
ngds/ckanext-mapsearch-bku03232018,2016-01-21,master,2016-01-21,1,0,3,0,,,,1,false,false,
ngds/ckanext-metadata-bku03232018,2018-02-23,master,2015-11-25,4,0,4,0,,,,1,false,false,
ngds/ckanext-ngds-bku03232018,2015-09-16,master,2015-09-16,11,0,11,0,,,,5,true,false,
ngds/ckanext-ogcpreview-bku03232018,2015-07-21,master,2015-03-24,1,0,2,0,,,,1,true,false,
nhsengland/ckanext-adfs,2023-09-05,master,2015-03-11,3,0,8,1,OpenGov-OpenData/ckanext-adfs,2026-02-16,OpenGov-OpenData/ckanext-adfs@2026-02-16,7,false,false,
nhsengland/ckanext-introjs,2015-02-24,master,2015-02-24,1,0,5,0,,,,2,false,false,
nhsengland/ckanext-nhsengland,2022-06-20,master,2019-09-19,13,0,6,1,uk-gov-mirror/nhsengland.ckanext-nhsengland,2025-11-08,uk-gov-mirror/nhsengland.ckanext-nhsengland@2025-11-08,3,false,false,
nicholas-owen/ckanext-harbour,2024-06-28,main,2024-06-28,1,0,0,0,,,,0,false,false,
nickwesson/ckanext-govuk,2019-09-12,master,2019-09-12,1,0,0,0,,,,0,false,false,
nispc/ckanext-data_recommendation,2015-10-18,master,2015-10-18,1,0,1,0,,,,0,false,false,
nleond/ckanext-helix,2019-04-17,master,2018-11-26,2,0,0,0,,,,0,false,false,
ogdch/ckanext-fso,2021-12-13,develop,2014-02-19,4,0,2,0,,,,1,true,false,
ogdch/ckanext-neat,2016-01-08,master,2015-12-07,1,0,0,0,,,,0,true,false,
ogdch/ckanext-ogdch,2014-02-21,develop,2014-02-21,2,0,2,0,,,,4,true,false,
ogdch/ckanext-snl,2021-12-13,develop,2014-11-12,5,0,0,0,,,,0,true,false,
ogdch/ckanext-swisstopo,2015-08-14,develop,2014-02-21,2,0,0,0,,,,1,true,false,
ogdch/ckanext-transharvest,2014-02-20,develop,2014-02-20,2,0,0,0,,,,1,true,false,
ogdch/ckanext-zhgis,2015-07-16,develop,2015-07-16,2,0,2,0,,,,0,true,false,
ogdch/ckanext-zhstat,2014-02-20,develop,2014-02-17,2,0,0,0,,,,0,true,false,
okfde/ckanext-offenedaten,2018-01-16,master,2018-01-16,4,0,3,0,,,,4,false,false,
okfn/ckanext-activityinfo,2026-07-28,main,2026-07-28,2,2,0,0,,,,0,false,false,
okfn/ckanext-aerc,2012-08-01,master,2012-08-01,1,0,0,0,,,,1,false,false,
okfn/ckanext-aiglobal,2020-02-05,master,2020-02-05,1,0,1,0,,,,1,false,false,
okfn/ckanext-announcements,2026-09-18,main,2026-09-18,7,3,0,0,,,,1,false,false,
okfn/ckanext-apps,2012-10-22,master,2012-10-22,2,0,2,0,,,,4,false,false,
okfn/ckanext-barnet,2015-07-09,master,2015-07-09,2,0,1,0,,,,1,false,false,
okfn/ckanext-cadastaroles,2015-10-20,master,2015-10-20,2,0,0,0,,,,0,false,false,
okfn/ckanext-collaborators,2022-04-28,master,2022-04-28,8,0,2,0,,,,4,false,false,
okfn/ckanext-colombia,2012-10-02,master,2012-10-02,1,0,0,0,,,,1,false,false,
okfn/ckanext-csw,2012-10-19,master,2012-10-19,4,0,0,0,,,,3,false,false,
okfn/ckanext-datacatalogs,2014-02-04,master,2014-02-04,1,0,0,0,,,,6,false,false,
okfn/ckanext-datahub,2017-07-11,master,2017-07-11,9,0,5,1,datopian/ckanext-datahub,2025-05-23,datopian/ckanext-datahub@2025-05-23,11,false,false,
okfn/ckanext-datanl,2011-12-09,master,2011-12-09,1,0,0,0,,,,0,false,false,
okfn/ckanext-datano,2011-12-01,master,2011-08-18,1,0,0,0,,,,0,false,false,
okfn/ckanext-ddfxls,2026-08-21,main,2026-08-21,4,4,1,0,,,,0,false,false,
okfn/ckanext-deliverance,2011-12-01,master,2011-12-01,1,0,0,0,,,,0,false,false,
okfn/ckanext-demo,2019-11-21,master,2019-11-21,3,0,1,0,,,,3,false,false,
okfn/ckanext-demo-classic,2012-05-08,master,2012-05-08,1,0,0,0,,,,1,false,false,
okfn/ckanext-dgutheme,2012-02-17,master,2011-06-14,2,0,0,0,,,,2,false,false,
okfn/ckanext-drupal,2011-07-15,master,2011-07-15,1,0,0,0,,,,3,false,false,
okfn/ckanext-dsmtheme_example,2019-06-18,master,2019-06-18,1,0,0,0,,,,2,false,false,
okfn/ckanext-ecportal,2013-11-18,master,2013-11-18,3,0,3,0,,,,5,false,false,
okfn/ckanext-esdstandards,2018-03-05,master,2015-03-18,2,0,1,0,,,,0,false,false,
okfn/ckanext-example,2012-03-21,master,2012-03-21,5,0,7,1,domoritz/ckanext-example,2012-09-10,domoritz/ckanext-example@2012-09-10,9,false,false,
okfn/ckanext-exception,2014-08-18,master,2014-08-18,1,0,0,0,,,,0,false,false,
okfn/ckanext-express,2016-02-23,master,2016-02-23,1,0,0,0,,,,0,false,false,
okfn/ckanext-expressimages,2014-11-06,master,2014-11-06,1,0,0,0,,,,0,false,false,
okfn/ckanext-facetcollapse,2025-07-29,master,2025-07-29,5,0,2,0,,,,2,false,false,
okfn/ckanext-feedcontent,2012-05-31,master,2012-05-31,1,0,1,1,vaquer/ckanext-feedcontent,2016-06-21,vaquer/ckanext-feedcontent@2016-06-21,3,false,false,
okfn/ckanext-fiwarelabs,2015-12-02,master,2015-12-02,1,0,0,0,,,,0,false,false,
okfn/ckanext-follower,2011-11-29,master,2011-06-01,1,0,0,0,,,,2,false,false,
okfn/ckanext-ghana,2012-10-03,master,2012-10-03,1,0,0,0,,,,3,false,false,
okfn/ckanext-groupadmin,2015-09-15,master,2015-09-15,1,0,1,1,datopian/ckanext-groupadmin,2021-11-02,datopian/ckanext-groupadmin@2021-11-02,0,false,false,
okfn/ckanext-hampshire,2012-10-03,master,2012-10-03,1,0,0,0,,,,1,false,false,
okfn/ckanext-hidegroups,2013-10-07,master,2013-10-07,1,0,4,1,belgium-its-steering-committee/ckanext-hidegroups,2025-08-11,belgium-its-steering-committee/ckanext-hidegroups@2025-08-11,3,false,false,
okfn/ckanext-hideorganizations,2013-05-31,master,2013-05-31,1,0,0,0,,,,1,false,false,
okfn/ckanext-htsql,2012-10-01,master,2012-10-01,1,0,1,0,,,,2,false,false,
okfn/ckanext-iati-generator,2026-09-18,main,2026-09-08,81,24,2,0,,,,0,false,false,
okfn/ckanext-iceland,2016-06-14,master,2016-06-14,1,0,0,0,,,,2,false,false,
okfn/ckanext-importlib,2014-01-28,master,2014-01-28,1,0,3,0,,,,3,false,false,
okfn/ckanext-inspire,2026-04-21,master,2012-10-19,5,1,2,0,,,,6,false,false,
okfn/ckanext-kenya,2012-08-01,master,2012-08-01,1,0,0,0,,,,1,false,false,
okfn/ckanext-kobo,2025-02-11,main,2025-02-11,1,0,0,0,,,,0,false,false,
okfn/ckanext-lacounts,2020-07-13,master,2020-07-13,21,0,5,0,,,,8,false,false,
okfn/ckanext-lcrnz,2016-05-17,master,2016-05-17,1,0,2,0,,,,0,false,false,
okfn/ckanext-moderatededits,2011-11-29,master,2011-10-17,1,0,1,0,,,,2,false,false,
okfn/ckanext-mx,2013-12-18,master,2013-12-18,1,0,2,1,mxabierto/ckanext-dgm,2015-01-24,mxabierto/ckanext-dgm@2015-01-24,6,false,false,
okfn/ckanext-nrgi,2015-08-28,master,2015-08-28,1,0,0,0,,,,0,false,false,
okfn/ckanext-nsw,2013-10-18,master,2013-10-18,1,0,0,0,,,,1,false,false,
okfn/ckanext-oauth,2011-12-01,master,2011-09-13,1,0,1,0,,,,3,false,false,
okfn/ckanext-pakistan,2015-08-10,master,2015-08-10,5,0,0,0,,,,1,false,false,
okfn/ckanext-panama,2017-08-07,master,2015-10-09,2,0,1,1,datopian/ckanext-panama,2019-08-26,datopian/ckanext-panama@2019-08-26,0,false,false,
okfn/ckanext-pdeu,2015-12-08,master,2015-12-02,10,0,3,0,,,,9,false,false,
okfn/ckanext-queue,2011-12-02,master,2011-03-07,1,0,1,1,morty/ckanext-queue,2014-09-17,morty/ckanext-queue@2014-09-17,1,false,false,
okfn/ckanext-rdf,2016-06-20,master,2016-06-20,1,0,2,0,,,,6,false,false,
okfn/ckanext-recline,2013-05-01,master,2013-05-01,1,0,0,0,,,,1,false,false,
okfn/ckanext-resourcesfilter,2022-05-31,master,2022-05-31,3,0,2,0,,,,3,false,false,
okfn/ckanext-s3filestore,2022-04-14,master,2020-11-26,3,0,24,5,OCHA-DAP/ckanext-s3filestore,2026-09-09,OCHA-DAP/ckanext-s3filestore@2026-09-09|derilinx/ckanext-s3filestore@2026-09-08|shubham-mahajan/ckanext-s3filestore@2025-12-13|BioplatformsAustralia/ckanext-s3filestore@2025-03-10|datopian/ckanext-s3filestore@2025-02-05,13,true,false,
okfn/ckanext-sa,2014-06-06,master,2014-06-06,4,0,2,0,,,,1,false,false,
okfn/ckanext-salford,2015-06-04,master,2015-06-04,1,0,1,0,,,,1,false,false,
okfn/ckanext-sgdata,2014-09-04,master,2014-09-04,2,0,2,0,,,,1,false,false,
okfn/ckanext-simple,2014-12-03,master,2014-12-03,1,0,0,0,,,,0,false,false,
okfn/ckanext-singapore,2012-08-01,master,2012-08-01,1,0,1,0,,,,1,false,false,
okfn/ckanext-sitesearch,2023-08-23,main,2022-12-07,8,0,4,1,vrk-kpa/ckanext-sitesearch,2025-03-11,vrk-kpa/ckanext-sitesearch@2025-03-11,6,false,false,
okfn/ckanext-socrata,2023-04-11,master,2018-11-09,3,0,4,1,icebreakerone/ckanext-socrata,2026-03-31,icebreakerone/ckanext-socrata@2026-03-31,3,false,false,
okfn/ckanext-standard,2015-02-04,master,2015-02-04,2,0,0,0,,,,0,false,false,
okfn/ckanext-stats,2011-12-29,master,2011-12-29,1,0,0,0,,,,2,false,false,
okfn/ckanext-storage,2012-01-25,master,2012-01-25,2,0,2,0,,,,3,true,false,
okfn/ckanext-tsbsatellites,2018-02-06,master,2015-07-28,4,0,3,1,keitaroinc/ckanext-tsbsatellites,2021-04-09,keitaroinc/ckanext-tsbsatellites@2021-04-09,3,false,false,
okfn/ckanext-usertesting,2013-05-09,master,2013-05-09,1,0,0,0,,,,0,false,false,
okfn/ckanext-validate,2026-09-17,main,2026-09-17,51,30,1,0,,,,0,false,false,
okfn/ckanext-vegaview,2014-04-09,master,2014-04-09,1,0,2,1,arky/ckanext-vegaview,2022-03-22,arky/ckanext-vegaview@2022-03-22,7,false,false,
okfn/ckanext-wordpresser,2015-07-15,master,2011-12-29,3,0,1,0,,,,12,false,false,
ondics/ckanext-metadata-beautifier,2026-02-13,main,2026-02-13,1,1,1,0,,,,1,false,false,
ondics/ckanext-partialview,2026-03-24,master,2026-03-24,1,1,1,0,,,,5,false,false,
ondics/ckanext-similar-datasets,2024-08-23,main,2024-08-22,1,0,2,1,asc-csa/ckanext-similar-datasets,2026-01-26,asc-csa/ckanext-similar-datasets@2026-01-26,4,false,false,
ondics/ckanext-solr-query-config,2024-08-23,main,2024-08-22,1,0,1,0,,,,0,false,false,
onesaitplatform/ckanext-onesaitplatform,2023-06-01,master,2023-05-31,3,0,2,0,,,,0,false,false,
ongov/ckanext-ontario_theme,2026-08-26,main,2026-05-29,63,9,16,0,,,,8,false,false,
opalthailand/ckanext-cdp,2025-03-27,main,2025-03-27,1,0,0,0,,,,0,false,false,
open-data-toronto/ckanext-datastore-profiler,2023-07-11,main,2023-07-11,7,0,1,1,ElijahBelov/ckanext-datastore-profiler,2025-10-23,ElijahBelov/ckanext-datastore-profiler@2025-10-23,2,false,false,
open-data-toronto/ckanext-iotrans,2025-04-13,master,2024-11-18,4,0,1,0,,,,0,false,false,
open-data-toronto/ckanext-solr-sqs,2025-05-25,master,2025-05-08,1,0,0,0,,,,0,false,false,
open-data/ckanext-autodoc,2017-02-01,master,2016-03-15,1,0,1,0,,,,0,true,false,
open-data/ckanext-az-keyvault,2025-05-20,main,2025-05-20,1,0,0,0,,,,0,false,false,
open-data/ckanext-canada,2026-09-18,master,2026-09-18,25,12,35,0,,,,64,false,false,
open-data/ckanext-citeproc,2026-06-12,main,2026-06-12,1,1,1,1,unckan/ckanext-citeproc,2026-07-23,unckan/ckanext-citeproc@2026-07-23,0,false,false,
open-data/ckanext-datastore-search,2025-06-03,main,2025-06-03,1,0,1,0,,,,1,false,false,
open-data/ckanext-fgp,2014-12-31,master,2014-12-31,1,0,0,0,,,,0,true,false,
open-data/ckanext-gcnotify,2025-09-05,master,2025-09-05,5,0,0,0,,,,0,false,false,
open-data/ckanext-history,2017-02-01,master,2017-02-01,1,0,2,0,,,,1,true,false,
open-data/ckanext-language-domains,2026-07-14,main,2026-07-14,2,2,0,0,,,,0,false,false,
open-data/ckanext-openapiview,2025-01-17,main,2025-01-17,3,0,1,1,derilinx/ckanext-openapiview,2025-04-28,derilinx/ckanext-openapiview@2025-04-28,6,false,false,
open-data/ckanext-power-bi,2026-02-09,main,2026-02-09,2,1,0,0,,,,0,false,false,
open-data/ckanext-recombinant,2026-09-14,master,2026-09-08,25,5,7,0,,,,3,false,false,
open-data/ckanext-repeating,2021-02-04,master,2021-02-04,1,0,19,4,MarijaKnezevic/ckanext-repeating,2023-04-28,MarijaKnezevic/ckanext-repeating@2023-04-28|pepegan/ckanext-repeating@2023-04-23|eawag-rdm/ckanext-repeating_s@2022-08-26|keitaroinc/ckanext-repeating@2021-12-06,3,true,false,
open-data/ckanext-stcndm,2017-02-01,master,2016-06-23,2,0,3,0,,,,0,true,false,
open-data/ckanext-virtual-library,2015-11-27,master,2015-11-27,1,0,1,0,,,,0,true,false,
open-data/ckanext-wet-boew,2019-12-17,master,2019-12-17,5,0,9,0,,,,9,true,false,
openclimatefix-archives/ckanext-openenergy,2021-10-22,main,2021-06-21,1,0,2,0,,,,3,true,false,
opendata-swiss/ckanext-dcatapchharvest,2026-04-10,main,2026-04-10,3,3,1,0,,,,2,false,false,
opendata-swiss/ckanext-geocat,2026-05-19,main,2026-05-19,2,2,2,0,,,,1,false,false,
opendata-swiss/ckanext-harvester_dashboard,2026-09-09,main,2026-09-09,2,2,0,0,,,,0,false,false,
opendata-swiss/ckanext-ogdchcommands,2026-02-25,main,2026-02-25,2,2,0,0,,,,1,false,false,
opendata-swiss/ckanext-switzerland,2022-01-24,master,2022-01-24,86,0,6,0,,,,9,true,false,
opendata-swiss/ckanext-switzerland-ng,2026-09-09,main,2026-09-09,2,2,5,0,,,,4,false,false,
opendata-swiss/ckanext-switzerland_users,2026-02-03,main,2026-02-03,2,2,0,0,,,,0,false,false,
opendatadurban/ckanext-sdf-theme,2026-09-18,main,2026-09-18,1,1,0,0,,,,0,false,false,
opendatamonitor/ckanext-genericapiharvest,2015-11-26,master,2015-11-26,1,0,0,0,,,,0,false,false,
opendatamonitor/ckanext-harmonisation,2021-06-01,master,2015-11-26,3,0,1,0,,,,3,false,false,
opendatamonitor/ckanext-harvestodm,2015-11-26,master,2015-11-26,1,0,1,0,,,,1,false,false,
opendatatrentino/ckanext-datitrentinoit,2015-01-29,master,2015-01-29,5,0,2,2,geosolutions-it/ckanext-datitrentinoit,2023-04-18,geosolutions-it/ckanext-datitrentinoit@2023-04-18|tdipisa/ckanext-datitrentinoit@2017-03-16,1,false,false,
opendatatrentino/ckanext-patcategories,2013-08-13,master,2013-08-13,1,0,0,0,,,,0,false,false,
opendatatrentino/ckanext-patstatweb,2013-09-20,master,2013-06-12,2,0,0,0,,,,3,false,false,
opendatazurich/ckanext-stadtzh-harvest,2026-03-12,main,2026-02-18,5,4,0,0,,,,2,false,false,
opendatazurich/ckanext-stadtzh-notify,2023-06-28,master,2023-06-28,1,0,0,0,,,,0,false,false,
opendatazurich/ckanext-stadtzh-theme,2026-05-20,main,2026-02-25,5,2,1,0,,,,4,false,false,
opendatazurich/ckanext-stadtzh_losdharvest,2025-12-11,main,2025-12-08,4,3,2,0,,,,1,false,false,
opennorth/ckanext-whiterock,2015-06-14,master,2015-06-14,1,0,1,1,CityofWhiteRock/ckanext-whiterock,2016-05-18,CityofWhiteRock/ckanext-whiterock@2016-05-18,1,true,false,
openresearchdata/ckanext-oaipmh,2019-04-01,master,2019-03-11,1,0,10,5,mediasuitenz/ckanext-oaipmh,2026-02-17,mediasuitenz/ckanext-oaipmh@2026-02-17|DataShades/ckanext-oaipmh@2022-01-10|corentin-junod/ckanext-oaipmh@2021-05-11|umuero/ckanext-oaipmh@2020-12-30|HELIX-GR/ckanext-oaipmh@2019-09-23,4,false,false,
openresearchdata/ckanext-openbis,2015-04-02,master,2015-04-02,1,0,1,0,,,,1,false,false,
openresearchdata/ckanext-ord-hierarchy,2022-03-15,master,2019-08-31,1,0,2,0,,,,4,false,false,
openresearchdata/ckanext-ordbase-theme,2016-03-03,master,2016-03-03,1,0,1,0,,,,1,false,false,
openresearchdata/ckanext-salsah,2015-06-26,master,2015-06-26,2,0,0,0,,,,0,false,false,
openspending/ckanext-budgets,2015-02-26,master,2015-02-26,1,0,1,0,,,,2,false,false,
openspending/ckanext-openspending,2014-10-13,master,2014-10-13,1,0,1,0,,,,1,false,false,
ozwillo/ckanext-ozwillo-organization-api,2022-06-10,master,2022-06-10,2,0,2,0,,,,0,false,false,
ozwillo/ckanext-ozwillo-pyoidc,2022-09-07,master,2022-09-07,2,0,2,0,,,,0,false,false,
ozwillo/ckanext-ozwillo-routes,2021-12-06,master,2021-12-06,1,0,0,0,,,,0,false,false,
ozwillo/ckanext-ozwillo-theme,2023-07-12,master,2022-04-14,3,0,3,0,,,,1,false,false,
pabrojast/ckanext-chartjs,2026-06-16,main,2026-06-15,3,3,0,0,,,,0,false,false,
pabrojast/ckanext-chartscha,2026-05-16,main,2026-05-16,1,1,0,0,,,,0,false,false,
pabrojast/ckanext-colab,2026-09-04,main,2026-01-09,3,3,0,0,,,,0,false,false,
pabrojast/ckanext-cstoolbox,2026-05-18,main,2026-05-18,1,1,0,0,,,,0,false,false,
pabrojast/ckanext-csunesco,2026-09-12,main,2026-09-04,2,2,0,0,,,,0,false,false,
pabrojast/ckanext-datashare,2026-08-15,main,2026-08-14,1,1,0,0,,,,0,false,false,
pabrojast/ckanext-maplibre,2026-05-16,main,2026-05-16,1,1,0,0,,,,0,false,false,
pabrojast/ckanext-shptoapi,2026-01-13,main,2026-01-13,1,1,0,0,,,,0,false,false,
pabrojast/ckanext-stationsdischarge,2026-05-23,main,2026-05-23,1,1,0,0,,,,0,false,false,
pabrojast/ckanext-terriassistant,2026-05-16,main,2026-05-16,1,1,0,0,,,,0,false,false,
parker22/ckanext-countpackageclicks,2015-03-27,,,0,0,0,0,,,,0,false,false,
pcbimon/ckanext-oauth2-py2,2024-06-19,main,2024-06-19,1,0,0,0,,,,0,false,false,
pdekraker-epa/ckanext-relationshipdisplay,2020-02-11,master,2020-02-10,1,0,1,1,pkernevez/ckanext-relationshipdisplay,2023-01-13,pkernevez/ckanext-relationshipdisplay@2023-01-13,0,true,false,
pdelboca/ckanext-datasetsperpage,2019-04-04,master,2019-04-04,1,0,0,0,,,,1,false,false,
pdelboca/ckanext-htmx-demo,2023-04-11,main,2023-04-11,1,0,0,0,,,,0,false,false,
pduchesne/ckanext-annotations,2018-03-11,master,2018-03-11,1,0,0,0,,,,0,false,false,
pduchesne/ckanext-digitalwallonia,2017-09-22,master,2017-09-22,1,0,0,0,,,,0,false,false,
pduchesne/ckanext-geoview,2022-09-12,master,2021-12-23,6,0,17,2,ckan/ckanext-geoview,2026-06-19,ckan/ckanext-geoview@2026-06-19|YunfeiXu-NADC/ckanext-geoview@2023-02-26,16,false,false,
pedritogonzalez88/ckanext-custom_auth,2025-11-28,main,2025-11-28,1,1,0,0,,,,0,false,false,
perecanet/ckanext-stomallorca_theme,2023-11-07,main,2023-11-07,1,0,3,1,miguelangelch/ckanext-stomallorca_theme,2023-11-27,miguelangelch/ckanext-stomallorca_theme@2023-11-27,0,false,false,
phlpat/ckanext-ssoauth,2023-09-24,main,2023-09-24,1,0,0,0,,,,0,false,false,
phoozy54/ckanext-somaliland,2026-07-13,main,2026-07-13,1,1,0,0,,,,1,false,false,
pmlrsg/ckanext-PML,2015-09-16,master,2015-09-16,1,0,0,0,,,,1,false,false,
pmlrsg/ckanext-resourcepicker,2015-11-04,master,2015-11-04,1,0,0,0,,,,1,false,false,
prefeitura-curvelo/ckanext-curvelo_theme,2025-06-12,main,2025-06-12,1,0,0,0,,,,0,false,false,
pricilakrepeki/CGU_ckanext-cgu-dataset-form,2025-10-30,main,2025-10-30,1,1,0,0,,,,0,false,false,
promptlylabs/ckanext-oidc,2026-09-15,main,2026-01-26,3,3,0,0,,,,0,false,false,
qld-gov-au/ckanext-csrf-filter,2026-08-28,main,2026-08-28,14,5,6,0,,,,0,false,false,
qld-gov-au/ckanext-data-qld,2026-09-18,develop,2026-09-09,33,17,6,0,,,,2,false,false,
qld-gov-au/ckanext-data-qld-theme,2022-03-16,develop,2022-03-15,14,0,4,1,salsadigitalauorg/ckanext-data-qld-theme,2022-03-31,salsadigitalauorg/ckanext-data-qld-theme@2022-03-31,0,true,false,
qld-gov-au/ckanext-harvester-data-qld-geoscience,2026-07-28,develop,2026-07-14,32,7,2,0,,,,0,false,false,
qld-gov-au/ckanext-odi-certificates,2024-07-13,develop,2023-03-08,10,0,2,0,,,,0,false,false,
qld-gov-au/ckanext-publications-qld-theme,2026-08-25,develop,2026-08-25,14,11,1,0,,,,0,false,false,
qld-gov-au/ckanext-qgov,2026-09-01,develop,2026-09-01,12,9,3,0,,,,4,false,false,
qld-gov-au/ckanext-resource-type-validation,2026-08-28,main,2026-08-28,27,5,2,0,,,,5,false,false,
qld-gov-au/ckanext-resource-visibility,2026-07-29,master,2026-07-29,24,3,0,0,,,,0,false,false,
qld-gov-au/ckanext-ssm-config,2026-08-28,master,2026-08-28,20,3,2,0,,,,1,false,false,
qld-gov-au/ckanext-validation-schema-generator,2026-07-24,master,2025-09-26,21,7,0,0,,,,0,false,false,
rapee/ckanext-thai_gdc,2022-12-20,master,2022-08-01,7,0,0,0,,,,0,false,false,
redlink-gmbh/ckanext-redlink,2021-11-09,master,2021-11-09,2,0,3,0,,,,3,true,false,
reedv/ckanext-publicrestrictiondatasets,2021-03-26,main,2021-03-26,1,0,2,0,,,,3,false,false,
reneenoble/ckanext-iframeview,2015-10-02,master,2015-10-02,1,0,0,0,,,,0,false,false,
roberto667/ckanext-ckantheme,2023-10-22,main,2023-10-22,1,0,0,0,,,,0,false,false,
rossjones/ckanext-dgutests,2013-01-04,master,2013-01-04,1,0,0,0,,,,1,false,false,
rossjones/ckanext-gdoc,2017-10-13,master,2015-03-18,1,0,4,1,OpenUpSA/ckanext-gdoc,2022-11-05,OpenUpSA/ckanext-gdoc@2022-11-05,3,false,false,
rossjones/ckanext-liverpool,2016-04-11,master,2016-04-11,1,0,0,0,,,,0,false,false,
rossjones/ckanext-lua,2014-05-15,master,2014-05-15,1,0,0,0,,,,0,false,false,
rossjones/ckanext-mo-observations,2013-01-11,master,2013-01-11,1,0,0,0,,,,1,false,false,
rossjones/ckanext-pubsub,2014-11-10,master,2014-11-10,1,0,0,0,,,,2,false,false,
rossjones/ckanext-statsd,2018-05-28,master,2018-05-28,1,0,0,0,,,,2,false,false,
rostock/ckanext-hro_dcatapde,2026-06-16,main,2026-06-16,1,1,1,0,,,,3,false,false,
rostock/ckanext-hro_theme,2026-08-31,main,2026-08-31,1,1,1,0,,,,3,false,false,
routetopa/ckanext-openid,2017-11-08,master,2017-11-08,1,0,1,1,phondanai/ckanext-openid,2019-12-14,phondanai/ckanext-openid@2019-12-14,0,false,false,
routetopa/ckanext-pivottable,2023-02-16,master,2017-10-04,1,0,1,0,,,,0,false,false,
routetopa/ckanext-statsapi,2017-05-24,master,2015-11-18,1,0,0,0,,,,0,false,false,
routetopa/ckanext_rtpa_anomaly_detection,2017-11-29,master,2017-11-29,1,0,0,0,,,,1,false,false,
rue-a/ckanext-traffic_light,2022-11-14,master,2022-11-14,1,0,1,1,GeoinformationSystems/ckanext-traffic_light,2022-11-30,GeoinformationSystems/ckanext-traffic_light@2022-11-30,0,false,false,
sabinem/ckanext-usermanagement,2021-03-07,,,0,0,0,0,,,,0,false,false,
saikarthikp9/ckanext-customizer,2022-07-11,main,2022-07-11,1,0,1,1,unlhcc/ckanext-customizer,2023-01-21,unlhcc/ckanext-customizer@2023-01-21,1,false,false,
salnhan/ckanext-additionalfacets,2017-08-08,master,2017-07-26,2,0,0,0,,,,0,false,false,
salnhan/ckanext-contactform,2017-09-24,master,2017-09-24,1,0,0,0,,,,0,false,false,
salsadigitalauorg/ckanext-clone-dataset,2025-11-10,master,2025-05-13,3,0,0,0,,,,0,false,false,
salsadigitalauorg/ckanext-datastore-refresh,2023-06-07,master,2022-04-07,9,0,2,1,dpc-sdp/ckanext-datastore-refresh,2026-08-14,dpc-sdp/ckanext-datastore-refresh@2026-08-14,0,false,false,
salsadigitalauorg/ckanext-fortify,2026-09-02,develop,2026-05-06,3,3,2,0,,,,0,false,false,
salsadigitalauorg/ckanext-ga-api-actions,2021-11-09,master,2021-11-09,6,0,1,0,,,,0,false,false,
salsadigitalauorg/ckanext-harvest-tools,2023-03-31,master,2022-04-19,4,0,0,0,,,,0,false,false,
salsadigitalauorg/ckanext-invalid-uris,2026-05-28,develop,2026-05-26,4,4,1,0,,,,1,false,false,
salsadigitalauorg/ckanext-package-group-permissions,2025-11-10,develop,2025-04-11,3,0,1,1,pabrojast/ckanext-package-group-permissions,2026-06-21,pabrojast/ckanext-package-group-permissions@2026-06-21,0,false,false,
salsadigitalauorg/ckanext-qdes,2026-09-02,develop,2026-09-02,6,3,0,0,,,,0,false,false,
salsadigitalauorg/ckanext-qdes-schema,2026-09-02,develop,2026-09-01,4,2,0,0,,,,0,false,false,
salsadigitalauorg/ckanext-qdes-theme,2026-09-02,develop,2026-07-29,5,2,0,0,,,,0,false,false,
salsadigitalauorg/ckanext-restricted-access,2022-09-28,master,2021-10-27,5,0,3,1,DataShades/ckanext-restricted-access,2024-01-23,DataShades/ckanext-restricted-access@2024-01-23,0,false,false,
salsadigitalauorg/ckanext-vocabulary-services,2026-02-12,develop,2026-02-06,3,2,2,0,,,,0,false,false,
salzburgerland/ckanext-salzburgerland_tourismus_theme,2014-05-27,master,2014-05-27,1,0,2,0,,,,1,false,false,
samibaig/ckanext-twdht,2021-12-14,main,2021-12-14,1,0,0,0,,,,0,false,false,
sciamlab/ckanext-datigovit,2015-01-30,master,2015-01-30,1,0,0,0,,,,0,false,false,
sergitrilles/ckanext-oct,2016-05-22,master,2016-05-22,1,0,0,0,,,,0,false,false,
shemogumbe/ckanext-dataviewanalytics,2017-10-11,master,2017-10-11,7,0,0,0,,,,3,false,false,
sherryvoid/ckanext-regx,2024-12-23,main,2024-12-12,1,0,0,0,,,,0,false,false,
shidax/ckanext_notification,2013-09-27,master,2013-09-27,1,0,2,1,morty/ckanext_notification,2014-09-17,morty/ckanext_notification@2014-09-17,2,false,false,
simeonackermann/ckanext-rdfstoreimporter,2020-06-09,master,2020-06-09,1,0,0,0,,,,0,false,false,
simeonwetzel/ckanext-solr-vectorstore,2024-10-21,main,2024-10-21,1,0,0,0,,,,0,false,false,
sirmmo/ckanext-rer,2016-03-01,master,2016-03-01,1,0,0,0,,,,0,false,false,
sivang/ckanext-brokenafter,2019-12-03,master,2019-12-03,2,0,0,0,,,,1,false,false,
skeenatrust/ckanext-skt_template,2021-11-03,main,2021-11-03,2,0,0,0,,,,0,false,false,
skeenatrust/ckanext-skt_theme,2026-07-13,main,2026-07-13,2,1,2,0,,,,0,false,false,
sofia-municipality/ckanext-sofia,2025-10-21,main,2025-10-21,1,1,0,0,,,,0,false,false,
solalem/ckanext-datagovet-theme,2021-11-01,master,2021-11-01,1,0,0,0,,,,0,false,false,
sorki/ckanext-redmine-autoissues,2026-03-17,master,2019-10-22,4,2,0,0,,,,0,false,false,
srkunze/ckanext-semantic,2013-03-05,master,2013-03-05,1,0,1,0,,,,4,false,false,
stadt-karlsruhe/ckanext-citehelp,2025-06-12,master,2025-06-12,1,0,0,0,,,,0,false,false,
stadt-karlsruhe/ckanext-discovery,2020-05-14,master,2017-03-20,1,0,6,2,DataShades/ckanext-discovery,2025-04-15,DataShades/ckanext-discovery@2025-04-15|jqnatividad/ckanext-discovery@2022-12-03,10,false,false,
stadt-karlsruhe/ckanext-extractor,2018-11-21,master,2018-11-21,3,0,12,3,OpenGov-OpenData/ckanext-extractor,2024-11-08,OpenGov-OpenData/ckanext-extractor@2024-11-08|dathere/ckanext-extractor@2022-10-31|salsadigitalauorg/ckanext-extractor@2021-04-27,19,false,false,
stadt-karlsruhe/ckanext-importer,2025-06-23,master,2025-06-23,1,0,1,0,,,,0,false,false,
starsinmypockets/ckanext-montreal,2019-05-28,master,2019-05-28,1,0,0,0,,,,0,false,false,
stefina/ckanext-maillog,2025-09-18,main,2025-09-12,2,0,0,0,,,,0,false,false,
stream-project/ckanext-dataretrieval,2022-12-09,main,2022-12-09,2,0,0,0,,,,0,false,false,
stream-project/ckanext-qualityreports,2022-12-09,master,2022-12-09,1,0,0,0,,,,0,false,false,
stream-project/ckanext-streamtheme,2022-09-22,master,2022-09-22,1,0,0,0,,,,0,false,false,
stream-project/ckanext-tags,2022-12-22,main,2022-12-22,1,0,0,0,,,,0,false,false,
supreshc-persistent/ckanext-cataloginventory,2018-03-01,master,2018-03-01,1,0,0,0,,,,0,false,false,
taijiang-tw/ckanext-dga-stats,2015-07-28,master,2015-07-28,1,0,5,5,DataShades/ckanext-dsa-stats,2025-04-17,DataShades/ckanext-dsa-stats@2025-04-17|DataNTSandbox/ckanext-dga-stats@2018-04-05|Engerrs/ckanext-dga-stats@2018-04-05|data-govt-nz/ckanext-dga-stats@2017-06-14|depositar/ckanext-dga-stats@2017-02-13,0,false,false,
taijiang-tw/ckanext-taijiang,2018-01-25,master,2018-01-25,2,0,0,0,,,,1,false,false,
tanmatt/ckanext-google_tag_manager,2024-04-27,master,2024-04-27,2,0,0,0,,,,0,false,false,
tanmayagrawal21/ckanext-resource-pagination,2026-04-14,main,2026-04-14,1,1,0,0,,,,0,false,false,
tans1/ckanext-dataset-graph,2025-12-14,master,2025-12-14,1,1,0,0,,,,0,false,false,
tdt/ckanext-tdt,2015-06-30,master,2015-01-05,5,0,2,0,,,,7,false,false,
telefonicaid/ckanext-ngsiview,2018-02-12,master,2015-11-10,2,0,3,1,conwetlab/ckanext-right_time_context,2023-08-22,conwetlab/ckanext-right_time_context@2023-08-22,1,false,false,
thehyve/ckanext-configpermission,2019-06-03,master,2019-06-03,2,0,1,0,,,,0,true,false,
theinhnam/ckanext-keycloak-oauth,2025-07-02,main,2025-07-02,1,0,0,0,,,,0,false,false,
thejimmyg/ckanext-parkinsons,2012-10-12,master,2012-10-12,1,0,0,0,,,,0,false,false,
thejuliekramer/ckanext-inventorytheme,2022-12-11,master,2020-06-04,11,0,0,0,,,,0,false,false,
thenets/ckanext-dadosabertos,2016-11-22,master,2016-11-22,1,0,1,0,,,,2,false,false,
thepaeth/ckanext-authsso,2023-12-17,main,2023-12-17,1,0,0,0,,,,0,false,false,
thiagoc01/ckanext-presencas,2025-01-26,master,2025-01-26,1,0,0,0,,,,0,false,false,
thobley/ckanext-delwpdata,2017-03-07,master,2017-03-07,1,0,0,0,,,,0,false,false,
thobley/ckanext-extrafield,2016-09-06,master,2016-09-06,1,0,0,0,,,,0,false,false,
tlegette-gsa/Ty_ckanext-saml2auth,2025-01-03,main,2024-12-17,9,0,0,0,,,,0,false,false,
tlmat-unican/ckanext-dcat-ap-edp-mqa,2024-01-23,main,2024-01-23,1,0,1,0,,,,0,false,false,
tlmat-unican/ckanext-harvest-ngsild,2024-01-23,main,2024-01-23,1,0,2,0,,,,0,false,false,
tlmat-unican/ckanext-oai-pmh-server,2024-01-23,main,2024-01-23,1,0,1,0,,,,0,false,false,
tlmat-unican/ckanext-salted-template,2024-01-23,main,2024-01-23,1,0,1,0,,,,0,false,false,
tobinus/ckanext-dataontosearch,2019-05-07,master,2019-05-07,1,0,0,0,,,,0,false,false,
toll/ckanext-tolltheme,2026-01-13,master,2024-04-04,4,1,0,0,,,,0,false,false,
transparencia-mg/ckanext-datapackage-creator,2023-04-25,main,2023-04-25,2,0,2,0,,,,2,false,false,
transparenzportalhamburg/ckanext-distributed-harvester,2023-09-28,master,2023-08-31,2,0,0,0,,,,1,false,false,
transparenzportalhamburg/ckanext-fulltext,2023-09-28,master,2023-08-31,3,0,4,0,,,,8,false,false,
trungtincse/ckanext-eximiddleware,2019-07-22,,,0,0,0,0,,,,0,false,false,
tum-gis/ckanext-grouphierarchy-sddi,2024-09-21,main,2024-04-17,10,0,3,0,,,,1,false,false,
tum-gis/ckanext-importerexporter-sddi,2020-10-30,master,2020-10-30,1,0,0,0,,,,1,false,false,
tum-gis/ckanext-relation-sddi,2025-06-04,main,2025-05-13,5,0,4,1,gislab-augsburg/ckanext-relation-sddi,2026-07-28,gislab-augsburg/ckanext-relation-sddi@2026-07-28,1,false,false,
turbomanson/ckanext-nhdp,2021-09-01,master,2021-09-01,2,0,0,0,,,,1,false,false,
ubdc-IT/ckanext-ubdcschema,2014-11-26,master,2014-11-26,1,0,0,0,,,,0,false,false,
ucigenomics/ckanext-p01als_theme,2024-02-08,main,2024-02-08,1,0,0,0,,,,0,false,false,
ucigenomics/ckanext-p30skin_theme,2024-02-08,main,2024-02-08,1,0,0,0,,,,0,false,false,
ucigenomics/ckanext-u54_theme,2023-02-10,master,2023-02-10,1,0,0,0,,,,0,false,false,
umich-biostatistics/ckanext-um_biostat_theme,2025-01-30,main,2025-01-30,1,0,0,0,,,,0,false,false,
unckan/ckanext-datasetpreview,2021-08-24,master,2021-08-24,1,0,0,0,,,,0,false,false,
unckan/ckanext-dbquery,2025-06-15,main,2025-06-15,16,0,1,1,parripollo/ckanext-dbquery,2026-09-13,parripollo/ckanext-dbquery@2026-09-13,0,false,false,
unckan/ckanext-mcp,2025-06-04,main,2025-06-04,1,0,1,0,,,,1,false,false,
unckan/ckanext-push-errors,2026-09-11,main,2026-09-11,6,1,1,0,,,,4,false,false,
unckan/ckanext-siu-harvester,2021-08-24,develop,2021-08-24,3,0,0,0,,,,0,false,false,
unckan/ckanext-superset,2026-08-06,main,2026-05-03,16,6,2,0,,,,1,false,false,
unckan/ckanext-ui-universidad,2021-09-04,main,2021-09-04,1,0,0,0,,,,0,false,false,
uq-eresearch/ckanext-midja,2017-10-27,master,2017-10-27,1,0,0,0,,,,0,false,false,
urkonn/ckanext-slugs,2014-10-15,master,2014-10-15,1,0,0,0,,,,0,false,false,
usgin/ckanext-nrrc,2014-10-09,master,2014-10-09,2,0,0,0,,,,0,false,false,
valentin0h/ckanext-termtranslate,2017-02-22,master,2017-02-22,1,0,0,0,,,,1,false,false,
vaquer/ckanext-dkan,2017-12-12,master,2017-12-11,2,0,1,1,mxabierto/ckanext-dkan,2018-09-27,mxabierto/ckanext-dkan@2018-09-27,0,false,false,
vaquer/ckanext-mxopeness,2017-11-27,master,2017-11-27,1,0,1,0,,,,0,false,false,
vaquer/ckanext-mxtheme,2016-06-10,master,2016-06-10,1,0,1,0,,,,1,false,false,
vicding-mi/ckanext-isebel,2026-05-08,main,2026-05-08,1,1,0,0,,,,0,false,false,
victoryem/ckanext-pero,2023-03-02,main,2023-02-17,2,0,0,0,,,,0,false,false,
virgoaugustine/ckanext-userlocation_extension,2021-09-07,main,2021-09-07,1,0,0,0,,,,0,false,false,
vrk-kpa/ckanext-apis,2026-08-31,master,2026-08-31,15,2,0,0,,,,0,false,false,
vrk-kpa/ckanext-drupal8,2026-09-14,master,2026-09-14,8,4,1,0,,,,0,false,false,
vrk-kpa/ckanext-fluentall,2015-11-25,master,2015-11-25,1,0,0,0,,,,0,false,false,
vrk-kpa/ckanext-forcetranslation,2026-09-14,master,2026-09-14,1,1,0,0,,,,0,false,false,
vrk-kpa/ckanext-markdown_editor,2023-08-14,main,2023-08-14,2,0,0,0,,,,1,false,false,
vrk-kpa/ckanext-matomo,2026-09-14,main,2026-09-14,27,3,5,0,,,,2,false,false,
vrk-kpa/ckanext-organizationapproval,2026-05-25,master,2026-05-25,8,3,0,0,,,,1,false,false,
vrk-kpa/ckanext-sixodp_showcasesubmit,2024-07-31,master,2024-07-31,3,0,0,0,,,,0,false,false,
vrk-kpa/ckanext-statistics,2025-08-26,main,2025-08-26,5,0,0,0,,,,0,false,false,
vrk-kpa/ckanext-xroad_integration,2025-02-26,master,2025-02-26,55,0,2,0,,,,0,false,false,
vrk-kpa/ckanext-ytp-comments,2024-11-19,master,2024-11-19,2,0,9,0,,,,2,true,false,
vrk-kpa/ckanext-ytp-request,2019-07-11,master,2016-10-03,1,0,3,2,fjelltopp/ckanext-ytp-request,2026-07-23,fjelltopp/ckanext-ytp-request@2026-07-23|BartSaelen/ckanext-ytp-request@2019-10-08,2,false,false,
vulekamali/ckanext-satreasury,2022-12-08,master,2019-09-13,13,0,1,0,,,,2,false,false,
wake-ua/ckanext-wakeua,2026-03-02,main,2026-03-02,1,1,0,0,,,,0,false,false,
wardi/ckanext-fileedit,2016-09-24,master,2016-09-24,1,0,1,0,,,,2,false,false,
wardi/ckanext-geocodejob,2019-09-02,master,2016-09-16,2,0,2,1,OpenGov-OpenData/ckanext-geocodejob,2022-08-24,OpenGov-OpenData/ckanext-geocodejob@2022-08-24,1,false,false,
whiskyechobravo/ckanext-desq,2026-07-09,development,2026-07-09,1,1,0,0,,,,0,false,false,
whythawk/ckanext-odata,2017-03-20,master,2017-03-20,3,0,14,5,OpenGov-OpenData/ckanext-odata,2026-01-29,OpenGov-OpenData/ckanext-odata@2026-01-29|keitaroinc/ckanext-odata@2021-11-26|DataShades/ckanext-odata@2021-10-26|localidata/ckanext-odata@2021-06-17|jqnatividad/ckanext-odata@2019-05-01,8,false,false,
yacme/ckanext-googleauth,2023-04-05,master,2016-04-28,1,0,3,0,,,,5,false,false,
ylchan87/ckanext-landdbcustomize,2022-01-16,master,2022-01-16,1,0,2,0,,,,0,false,false,
younixue3/ckanext-mahulu,2025-12-22,main,2025-12-22,1,1,0,0,,,,0,false,false,
ytgov/ckanext-yukondesign,2026-06-17,main,2026-06-17,46,11,1,0,,,,0,false,false,
zbw/ckanext-dara,2023-09-01,master,2023-09-01,2,0,2,0,,,,3,false,false,
zbw/ckanext-edawax,2023-09-01,master,2023-09-01,2,0,2,0,,,,1,false,false,
zelima/ckanext-lincolnshire,2017-12-22,master,2017-12-22,1,0,1,1,datopian/ckanext-lincolnshire,2022-11-07,datopian/ckanext-lincolnshire@2022-11-07,0,false,false,
zemantic/ckanext-srilanka,2023-03-15,main,2023-03-14,12,0,0,0,,,,0,false,false,
