tstamp,repository_name,url,forks_count,total_releases,latest_release,release_date,stars,open_issues,contributors_count,discussions
2025-07-10 12:38:01,18F/ckanext-formats,https://github.com/18F/ckanext-formats,8,0,No releases,No releases,1,1,1,FALSE
2025-07-10 12:37:56,6aika/ckanext-collection,https://github.com/6aika/ckanext-collection,2,0,No releases,No releases,1,3,1,FALSE
2025-07-10 12:29:07,6aika/ckanext-rating,https://github.com/6aika/ckanext-rating,19,0,No releases,No releases,2,1,2,FALSE
2025-07-10 12:38:26,6aika/ckanext-reminder,https://github.com/6aika/ckanext-reminder,2,0,No releases,No releases,1,2,2,FALSE
2025-07-10 12:51:46,908Inc/ckanext-forum,https://github.com/908Inc/ckanext-forum,0,0,No releases,No releases,0,0,8,FALSE
2025-07-10 12:50:05,AKSW/ckanext-metaconf,https://github.com/AKSW/ckanext-metaconf,0,0,No releases,No releases,0,10,1,FALSE
2025-07-10 12:37:20,AjuntamentdeBarcelona/ckanext-federagobes,https://github.com/AjuntamentdeBarcelona/ckanext-federagobes,0,0,No releases,No releases,6,0,1,FALSE
2025-07-10 12:36:29,AjuntamentdeBarcelona/ckanext-odatabcn,https://github.com/AjuntamentdeBarcelona/ckanext-odatabcn,0,0,No releases,No releases,10,0,4,FALSE
2025-07-10 12:50:27,AnnaGerber/ckanext-hideorgs,https://github.com/AnnaGerber/ckanext-hideorgs,0,0,No releases,No releases,0,0,1,FALSE
2025-07-10 12:28:53,AppGeo/ckanext-agsview,https://github.com/AppGeo/ckanext-agsview,10,0,No releases,No releases,10,8,2,FALSE
2025-07-10 12:41:32,BU-Spark/ckanext-spark,https://github.com/BU-Spark/ckanext-spark,0,0,No releases,No releases,2,1,4,FALSE
2025-07-10 12:35:09,BioplatformsAustralia/ckanext-bpatheme,https://github.com/BioplatformsAustralia/ckanext-bpatheme,3,0,No releases,No releases,3,0,6,FALSE
2025-07-10 12:45:46,BioplatformsAustralia/ckanext-bpatogalaxy,https://github.com/BioplatformsAustralia/ckanext-bpatogalaxy,1,0,No releases,No releases,0,0,1,FALSE
2025-07-10 12:38:39,BioplatformsAustralia/ckanext-bulk,https://github.com/BioplatformsAustralia/ckanext-bulk,2,0,No releases,No releases,1,2,4,FALSE
2025-07-10 12:45:51,BioplatformsAustralia/ckanext-cilogin,https://github.com/BioplatformsAustralia/ckanext-cilogin,1,0,No releases,No releases,1,0,1,FALSE
2025-07-10 12:46:57,BioplatformsAustralia/ckanext-laissezpasser,https://github.com/BioplatformsAustralia/ckanext-laissezpasser,0,0,No releases,No releases,0,0,1,FALSE
2025-07-10 12:40:42,CENDARI/ckanext-dariahshibboleth,https://github.com/CENDARI/ckanext-dariahshibboleth,0,0,No releases,No releases,3,1,1,FALSE
2025-07-10 12:42:29,CSCfi/fairdata-ckanext-etsin,https://github.com/CSCfi/fairdata-ckanext-etsin,0,0,No releases,No releases,2,0,7,FALSE
2025-07-10 12:38:12,CSIRO-enviro-informatics/ckanext-digitalassetfields,https://github.com/CSIRO-enviro-informatics/ckanext-digitalassetfields,2,1,v0.1,2018-12-05,0,0,4,FALSE
2025-07-10 12:39:54,CSIRO-enviro-informatics/ckanext-user_opt_in,https://github.com/CSIRO-enviro-informatics/ckanext-user_opt_in,2,1,v0.1,2018-09-17,1,0,3,FALSE
2025-07-10 12:35:28,Cadasta/ckanext-project,https://github.com/Cadasta/ckanext-project,3,0,No releases,No releases,1,14,5,FALSE
2025-07-10 12:41:07,Chealer/ckanext-categroupy,https://github.com/Chealer/ckanext-categroupy,0,1,v0.1,2020-04-21,2,0,1,FALSE
2025-07-10 12:47:22,City-of-Bloomington/ckanext-cob,https://github.com/City-of-Bloomington/ckanext-cob,0,1,0.1.0,2019-02-21,0,1,5,FALSE
2025-07-10 12:46:03,City-of-Helsinki/ckanext-hoi,https://github.com/City-of-Helsinki/ckanext-hoi,0,0,No releases,No releases,0,0,1,FALSE
2025-07-10 12:34:03,CityOfPhiladelphia/ckanext-highlight-related-items,https://github.com/CityOfPhiladelphia/ckanext-highlight-related-items,3,0,No releases,No releases,3,0,2,FALSE
2025-07-10 12:44:23,CiudadesAbiertas/ckanext-abrircon,https://github.com/CiudadesAbiertas/ckanext-abrircon,1,0,No releases,No releases,0,0,1,FALSE
2025-07-10 12:52:30,CivityNL/ckanext-fairdatapoint,https://github.com/CivityNL/ckanext-fairdatapoint,2,3,0.0.3,2024-03-22,1,2,6,FALSE
2025-07-10 12:44:42,CivityNL/ckanext-portal,https://github.com/CivityNL/ckanext-portal,0,0,No releases,No releases,0,0,4,FALSE
2025-07-10 12:43:34,CivityNL/ckanext-tracker,https://github.com/CivityNL/ckanext-tracker,0,0,No releases,No releases,0,1,4,FALSE
2025-07-10 12:50:36,Clairewjlee/ckanext-categories,https://github.com/Clairewjlee/ckanext-categories,0,0,No releases,No releases,0,0,1,FALSE
2025-07-10 12:51:49,CodeForAfrica/ckanext-embed,https://github.com/CodeForAfrica/ckanext-embed,1,0,No releases,No releases,0,2,1,FALSE
2025-07-10 12:42:58,CodeForAfrica/ckanext-followy,https://github.com/CodeForAfrica/ckanext-followy,1,0,No releases,No releases,1,3,1,FALSE
2025-07-10 12:46:26,CodeForAfrica/ckanext-kyelatheme,https://github.com/CodeForAfrica/ckanext-kyelatheme,1,0,No releases,No releases,0,0,0,FALSE
2025-07-10 12:32:08,CodeForAfrica/ckanext-notify,https://github.com/CodeForAfrica/ckanext-notify,5,0,No releases,No releases,2,10,2,FALSE
2025-07-10 12:28:40,CodeForAfrica/ckanext-openafrica,https://github.com/CodeForAfrica/ckanext-openafrica,13,0,No releases,No releases,10,12,7,FALSE
2025-07-10 12:56:59,CodeForAfrica/ckanext-opengovharvester,https://github.com/CodeForAfrica/ckanext-opengovharvester,0,0,No releases,No releases,0,0,0,FALSE
2025-07-10 12:35:41,CodeForAfrica/ckanext-social,https://github.com/CodeForAfrica/ckanext-social,3,0,No releases,No releases,0,3,4,FALSE
2025-07-10 12:33:11,CodeForAfrica/ckanext-socialite,https://github.com/CodeForAfrica/ckanext-socialite,5,0,No releases,No releases,1,0,2,FALSE
2025-07-10 12:32:11,CodeandoMexico/ckanext-datamx_theme,https://github.com/CodeandoMexico/ckanext-datamx_theme,4,0,No releases,No releases,4,6,5,FALSE
2025-07-10 12:35:44,CodeandoMexico/ckanext-openrefine,https://github.com/CodeandoMexico/ckanext-openrefine,3,0,No releases,No releases,1,1,3,FALSE
2025-07-10 12:37:46,CodeandoMexico/ckanext-widgets,https://github.com/CodeandoMexico/ckanext-widgets,2,0,No releases,No releases,0,6,1,FALSE
2025-07-10 12:51:50,ConocimientoAbierto/ckanext-evaluator,https://github.com/ConocimientoAbierto/ckanext-evaluator,0,0,No releases,No releases,1,0,2,FALSE
2025-07-10 12:42:26,DCOR-dev/ckanext-dc_view,https://github.com/DCOR-dev/ckanext-dc_view,0,0,No releases,No releases,2,1,2,FALSE
2025-07-10 12:33:28,DEFRA/ckanext-defra,https://github.com/DEFRA/ckanext-defra,3,0,No releases,No releases,3,0,2,FALSE
2025-07-10 12:35:31,DEFRA/ckanext-defrareports,https://github.com/DEFRA/ckanext-defrareports,3,0,No releases,No releases,0,2,2,FALSE
2025-07-10 12:30:54,DanePubliczneGovPl/ckanext-danepubliczne,https://github.com/DanePubliczneGovPl/ckanext-danepubliczne,4,0,No releases,No releases,10,67,4,FALSE
2025-07-10 12:44:11,DataDotUG/ckanext-ddug,https://github.com/DataDotUG/ckanext-ddug,0,0,No releases,No releases,0,7,1,FALSE
2025-07-10 12:35:37,DataShades/ckanext-accessrequests,https://github.com/DataShades/ckanext-accessrequests,3,0,No releases,No releases,0,0,5,FALSE
2025-07-10 12:33:18,DataShades/ckanext-acl,https://github.com/DataShades/ckanext-acl,5,0,No releases,No releases,1,1,1,FALSE
2025-07-10 12:38:56,DataShades/ckanext-admin-panel,https://github.com/DataShades/ckanext-admin-panel,0,0,No releases,No releases,6,2,3,FALSE
2025-07-10 12:54:05,DataShades/ckanext-alias,https://github.com/DataShades/ckanext-alias,0,0,No releases,No releases,0,0,1,FALSE
2025-07-10 12:37:24,DataShades/ckanext-charts,https://github.com/DataShades/ckanext-charts,3,1,v1.9.0,2025-04-24,9,2,4,FALSE
2025-07-10 12:54:12,DataShades/ckanext-chatbot,https://github.com/DataShades/ckanext-chatbot,0,0,No releases,No releases,0,1,1,FALSE
2025-07-10 12:39:23,DataShades/ckanext-check-link,https://github.com/DataShades/ckanext-check-link,2,0,No releases,No releases,0,1,3,FALSE
2025-07-10 12:49:53,DataShades/ckanext-clamav,https://github.com/DataShades/ckanext-clamav,3,0,No releases,No releases,1,3,3,FALSE
2025-07-10 12:30:24,DataShades/ckanext-cloudconnector,https://github.com/DataShades/ckanext-cloudconnector,5,0,No releases,No releases,8,2,2,FALSE
2025-07-10 12:31:14,DataShades/ckanext-comments,https://github.com/DataShades/ckanext-comments,7,0,No releases,No releases,4,3,2,FALSE
2025-07-10 12:39:13,DataShades/ckanext-composite-search,https://github.com/DataShades/ckanext-composite-search,2,0,No releases,No releases,1,1,2,FALSE
2025-07-10 12:54:00,DataShades/ckanext-core-fix,https://github.com/DataShades/ckanext-core-fix,0,0,No releases,No releases,1,0,2,FALSE
2025-07-10 12:33:40,DataShades/ckanext-create_typed_package,https://github.com/DataShades/ckanext-create_typed_package,3,0,No releases,No releases,5,1,4,FALSE
2025-07-10 12:53:27,DataShades/ckanext-datavic-stats,https://github.com/DataShades/ckanext-datavic-stats,1,0,No releases,No releases,0,0,2,FALSE
2025-07-10 12:53:26,DataShades/ckanext-disable_related,https://github.com/DataShades/ckanext-disable_related,0,0,No releases,No releases,0,0,1,FALSE
2025-07-10 12:36:03,DataShades/ckanext-drupal-api,https://github.com/DataShades/ckanext-drupal-api,3,0,No releases,No releases,1,0,5,FALSE
2025-07-10 12:53:41,DataShades/ckanext-drupal-idp,https://github.com/DataShades/ckanext-drupal-idp,1,0,No releases,No releases,0,0,2,FALSE
2025-07-10 12:36:54,DataShades/ckanext-drupal_menu_sync,https://github.com/DataShades/ckanext-drupal_menu_sync,3,0,No releases,No releases,0,0,1,FALSE
2025-07-10 12:39:02,DataShades/ckanext-ds-stats,https://github.com/DataShades/ckanext-ds-stats,2,0,No releases,No releases,0,0,2,FALSE
2025-07-10 12:53:44,DataShades/ckanext-duo,https://github.com/DataShades/ckanext-duo,0,0,No releases,No releases,0,0,2,FALSE
2025-07-10 12:54:14,DataShades/ckanext-event-audit,https://github.com/DataShades/ckanext-event-audit,0,0,No releases,No releases,1,0,2,FALSE
2025-07-10 12:53:52,DataShades/ckanext-example_static,https://github.com/DataShades/ckanext-example_static,0,0,No releases,No releases,1,0,1,FALSE
2025-07-10 12:37:44,DataShades/ckanext-excelimport,https://github.com/DataShades/ckanext-excelimport,2,0,No releases,No releases,1,1,1,FALSE
2025-07-10 12:35:56,DataShades/ckanext-extend-search,https://github.com/DataShades/ckanext-extend-search,3,0,No releases,No releases,0,0,1,FALSE
2025-07-10 12:54:01,DataShades/ckanext-federated-index,https://github.com/DataShades/ckanext-federated-index,0,0,No releases,No releases,0,0,1,FALSE
2025-07-10 12:36:46,DataShades/ckanext-files,https://github.com/DataShades/ckanext-files,2,0,No releases,No releases,15,3,2,FALSE
2025-07-10 12:53:51,DataShades/ckanext-flakes,https://github.com/DataShades/ckanext-flakes,0,0,No releases,No releases,0,0,1,FALSE
2025-07-10 12:53:40,DataShades/ckanext-fpx,https://github.com/DataShades/ckanext-fpx,1,0,No releases,No releases,1,0,1,FALSE
2025-07-10 12:35:12,DataShades/ckanext-githubrepopreview,https://github.com/DataShades/ckanext-githubrepopreview,2,0,No releases,No releases,3,2,0,FALSE
2025-07-10 12:53:35,DataShades/ckanext-google_user,https://github.com/DataShades/ckanext-google_user,0,0,No releases,No releases,0,0,1,FALSE
2025-07-10 12:34:32,DataShades/ckanext-harvest-basket,https://github.com/DataShades/ckanext-harvest-basket,2,0,No releases,No releases,7,1,4,FALSE
2025-07-10 12:53:32,DataShades/ckanext-hierarchy_search,https://github.com/DataShades/ckanext-hierarchy_search,1,0,No releases,No releases,0,0,3,FALSE
2025-07-10 12:53:31,DataShades/ckanext-ingest,https://github.com/DataShades/ckanext-ingest,1,0,No releases,No releases,0,2,2,FALSE
2025-07-10 12:53:46,DataShades/ckanext-iso19115,https://github.com/DataShades/ckanext-iso19115,1,0,No releases,No releases,1,0,2,FALSE
2025-07-10 12:39:07,DataShades/ckanext-js-tweaks,https://github.com/DataShades/ckanext-js-tweaks,2,0,No releases,No releases,0,0,4,FALSE
2025-07-10 12:53:43,DataShades/ckanext-latex,https://github.com/DataShades/ckanext-latex,0,0,No releases,No releases,0,0,1,FALSE
2025-07-10 12:42:39,DataShades/ckanext-let-me-in,https://github.com/DataShades/ckanext-let-me-in,0,0,No releases,No releases,3,0,2,FALSE
2025-07-10 12:46:06,DataShades/ckanext-mailcraft,https://github.com/DataShades/ckanext-mailcraft,1,0,No releases,No releases,4,1,3,FALSE
2025-07-10 12:49:04,DataShades/ckanext-message,https://github.com/DataShades/ckanext-message,0,0,No releases,No releases,1,0,0,FALSE
2025-07-10 12:35:21,DataShades/ckanext-metaexport,https://github.com/DataShades/ckanext-metaexport,3,0,No releases,No releases,0,1,7,FALSE
2025-07-10 12:43:21,DataShades/ckanext-metatags,https://github.com/DataShades/ckanext-metatags,0,0,No releases,No releases,0,0,1,FALSE
2025-07-10 12:38:42,DataShades/ckanext-msal,https://github.com/DataShades/ckanext-msal,2,0,No releases,No releases,1,1,3,FALSE
2025-07-10 12:49:48,DataShades/ckanext-nswdesignsystem,https://github.com/DataShades/ckanext-nswdesignsystem,1,0,No releases,No releases,2,0,3,FALSE
2025-07-10 12:31:56,DataShades/ckanext-oidc-pkce,https://github.com/DataShades/ckanext-oidc-pkce,7,0,No releases,No releases,4,2,6,FALSE
2025-07-10 12:46:58,DataShades/ckanext-ondc,https://github.com/DataShades/ckanext-ondc,0,0,No releases,No releases,0,0,3,FALSE
2025-07-10 12:53:38,DataShades/ckanext-or_facet,https://github.com/DataShades/ckanext-or_facet,1,0,No releases,No releases,0,0,2,FALSE
2025-07-10 12:54:09,DataShades/ckanext-permissions,https://github.com/DataShades/ckanext-permissions,1,0,No releases,No releases,3,1,2,FALSE
2025-07-10 12:54:06,DataShades/ckanext-pygments,https://github.com/DataShades/ckanext-pygments,0,0,No releases,No releases,1,0,1,FALSE
2025-07-10 12:35:53,DataShades/ckanext-recaptcha,https://github.com/DataShades/ckanext-recaptcha,3,0,No releases,No releases,0,1,1,FALSE
2025-07-10 12:53:34,DataShades/ckanext-resource_indexer,https://github.com/DataShades/ckanext-resource_indexer,1,0,No releases,No releases,1,0,2,FALSE
2025-07-10 12:54:08,DataShades/ckanext-s3-exporter,https://github.com/DataShades/ckanext-s3-exporter,0,0,No releases,No releases,0,0,1,FALSE
2025-07-10 12:49:59,DataShades/ckanext-saml,https://github.com/DataShades/ckanext-saml,1,0,No releases,No releases,4,0,4,FALSE
2025-07-10 12:54:18,DataShades/ckanext-scss,https://github.com/DataShades/ckanext-scss,1,0,No releases,No releases,1,0,1,FALSE
2025-07-10 12:53:55,DataShades/ckanext-search-preset,https://github.com/DataShades/ckanext-search-preset,1,0,No releases,No releases,1,0,1,FALSE
2025-07-10 12:53:58,DataShades/ckanext-search-schema,https://github.com/DataShades/ckanext-search-schema,0,0,No releases,No releases,0,0,1,FALSE
2025-07-10 12:36:11,DataShades/ckanext-search-tweaks,https://github.com/DataShades/ckanext-search-tweaks,3,1,v0.2.6,2021-06-30,2,0,3,FALSE
2025-07-10 12:35:36,DataShades/ckanext-searchfed,https://github.com/DataShades/ckanext-searchfed,3,0,No releases,No releases,0,0,7,FALSE
2025-07-10 12:52:33,DataShades/ckanext-selfinfo,https://github.com/DataShades/ckanext-selfinfo,5,4,v1.2.1,2025-06-07,12,4,3,FALSE
2025-07-10 12:53:49,DataShades/ckanext-shopping-cart,https://github.com/DataShades/ckanext-shopping-cart,1,0,No releases,No releases,1,0,1,FALSE
2025-07-10 12:54:17,DataShades/ckanext-sk-demo,https://github.com/DataShades/ckanext-sk-demo,0,0,No releases,No releases,0,0,1,FALSE
2025-07-10 12:54:15,DataShades/ckanext-snap,https://github.com/DataShades/ckanext-snap,0,0,No releases,No releases,0,0,1,FALSE
2025-07-10 12:53:29,DataShades/ckanext-statsresources,https://github.com/DataShades/ckanext-statsresources,0,0,No releases,No releases,0,0,1,FALSE
2025-07-10 12:37:41,DataShades/ckanext-textcaptcha,https://github.com/DataShades/ckanext-textcaptcha,2,0,No releases,No releases,0,0,2,FALSE
2025-07-10 12:49:50,DataShades/ckanext-thumbnailer,https://github.com/DataShades/ckanext-thumbnailer,0,0,No releases,No releases,0,0,1,FALSE
2025-07-10 12:47:12,DataShades/ckanext-toolbelt,https://github.com/DataShades/ckanext-toolbelt,0,0,No releases,No releases,1,1,1,FALSE
2025-07-10 12:54:03,DataShades/ckanext-tour,https://github.com/DataShades/ckanext-tour,1,0,No releases,No releases,1,2,2,FALSE
2025-07-10 12:53:48,DataShades/ckanext-transmute,https://github.com/DataShades/ckanext-transmute,1,0,No releases,No releases,1,0,2,FALSE
2025-07-10 12:49:02,DataShades/ckanext-twitterview,https://github.com/DataShades/ckanext-twitterview,0,0,No releases,No releases,0,0,1,FALSE
2025-07-10 12:41:12,DataShades/ckanext-unfold,https://github.com/DataShades/ckanext-unfold,1,0,No releases,No releases,5,1,2,FALSE
2025-07-10 12:53:57,DataShades/ckanext-vip-portal,https://github.com/DataShades/ckanext-vip-portal,1,0,No releases,No releases,1,0,2,FALSE
2025-07-10 12:31:16,DataShades/ckanext-workflow,https://github.com/DataShades/ckanext-workflow,7,0,No releases,No releases,2,0,1,FALSE
2025-07-10 12:47:06,DataShades/ckanext-wysiwyg,https://github.com/DataShades/ckanext-wysiwyg,0,0,No releases,No releases,0,0,1,FALSE
2025-07-10 12:41:27,DataSpace-Mobility/ckanext-dataspace,https://github.com/DataSpace-Mobility/ckanext-dataspace,1,0,No releases,No releases,2,3,1,FALSE
2025-07-10 12:49:40,Drexel-UHC/ckanext-pagessearch,https://github.com/Drexel-UHC/ckanext-pagessearch,0,1,1.0.0,2023-06-01,0,0,1,FALSE
2025-07-10 12:32:16,EUDAT-B2FIND/ckanext-b2find,https://github.com/EUDAT-B2FIND/ckanext-b2find,4,6,v3.1.0,2025-06-30,5,1,6,FALSE
2025-07-10 12:29:44,EUDAT-B2FIND/ckanext-datesearch,https://github.com/EUDAT-B2FIND/ckanext-datesearch,13,0,No releases,No releases,4,1,2,FALSE
2025-07-10 12:33:51,EUDAT-B2FIND/ckanext-oaipmh-server,https://github.com/EUDAT-B2FIND/ckanext-oaipmh-server,5,1,v1.0.0,2025-06-30,3,1,12,FALSE
2025-07-10 12:34:17,EUDAT-B2FIND/ckanext-timeline,https://github.com/EUDAT-B2FIND/ckanext-timeline,4,0,No releases,No releases,1,0,3,FALSE
2025-07-10 12:32:41,Edouard-Legoupil/ckanext-unhcr,https://github.com/Edouard-Legoupil/ckanext-unhcr,6,0,No releases,No releases,1,0,4,FALSE
2025-07-10 12:49:09,ElixirTeSS/ckanext-tess,https://github.com/ElixirTeSS/ckanext-tess,0,0,No releases,No releases,1,0,3,FALSE
2025-07-10 12:49:14,ElixirTeSS/ckanext-tessrelations,https://github.com/ElixirTeSS/ckanext-tessrelations,0,0,No releases,No releases,0,0,2,FALSE
2025-07-10 12:38:03,Engerrs/ckanext-spatialingestor,https://github.com/Engerrs/ckanext-spatialingestor,2,0,No releases,No releases,0,0,0,FALSE
2025-07-10 12:28:27,EnviDat/ckanext-composite,https://github.com/EnviDat/ckanext-composite,20,0,No releases,No releases,5,2,5,FALSE
2025-07-10 12:40:47,EnviDat/ckanext-envidat_schema,https://github.com/EnviDat/ckanext-envidat_schema,1,0,No releases,No releases,3,0,1,FALSE
2025-07-10 12:39:59,EnviDat/ckanext-envidat_theme,https://github.com/EnviDat/ckanext-envidat_theme,0,0,No releases,No releases,4,0,2,FALSE
2025-07-10 12:42:36,EnviDat/ckanext-package_converter,https://github.com/EnviDat/ckanext-package_converter,1,1,v1.0.0,2017-07-14,2,0,3,FALSE
2025-07-10 12:41:09,EnviDat/ckanext-passwordless,https://github.com/EnviDat/ckanext-passwordless,0,0,No releases,No releases,2,0,2,FALSE
2025-07-10 12:42:37,EnviDat/ckanext-passwordless_api,https://github.com/EnviDat/ckanext-passwordless_api,0,0,No releases,No releases,2,0,1,FALSE
2025-07-10 12:28:13,EnviDat/ckanext-restricted,https://github.com/EnviDat/ckanext-restricted,27,2,0.0.4,2017-09-05,8,4,4,FALSE
2025-07-10 12:43:27,GSA/ckanext-collections,https://github.com/GSA/ckanext-collections,0,0,No releases,No releases,0,0,0,FALSE
2025-07-10 12:37:33,GSA/ckanext-datagovcatalog,https://github.com/GSA/ckanext-datagovcatalog,4,0,No releases,No releases,0,1,9,FALSE
2025-07-10 12:28:01,GSA/ckanext-datagovtheme,https://github.com/GSA/ckanext-datagovtheme,24,0,No releases,No releases,21,3,24,FALSE
2025-07-10 12:31:10,GSA/ckanext-dcat_usmetadata,https://github.com/GSA/ckanext-dcat_usmetadata,8,0,No releases,No releases,4,18,20,FALSE
2025-07-10 12:33:23,GSA/ckanext-extlink,https://github.com/GSA/ckanext-extlink,4,0,No releases,No releases,3,0,1,FALSE
2025-07-10 12:27:30,GSA/ckanext-geodatagov,https://github.com/GSA/ckanext-geodatagov,47,0,No releases,No releases,41,18,30,FALSE
2025-07-10 12:32:36,GSA/ckanext-googleanalyticsbasic,https://github.com/GSA/ckanext-googleanalyticsbasic,5,1,Release1.27,2015-03-16,1,0,8,FALSE
2025-07-10 12:56:11,GSA/ckanext-metrics_dashboard,https://github.com/GSA/ckanext-metrics_dashboard,3,0,No releases,No releases,1,0,6,FALSE
2025-07-10 12:56:09,GSA/ckanext-react_usmetadata,https://github.com/GSA/ckanext-react_usmetadata,3,0,No releases,No releases,0,1,1,FALSE
2025-07-10 12:28:37,GSA/ckanext-saml2,https://github.com/GSA/ckanext-saml2,35,0,No releases,No releases,2,6,13,FALSE
2025-07-10 12:57:12,GSA/ckanext-usmetadata,https://github.com/GSA/ckanext-usmetadata,26,7,Release1.30,2015-06-16,25,1,15,FALSE
2025-07-10 12:46:45,GeoinformationSystems/ckanext-klimakonform,https://github.com/GeoinformationSystems/ckanext-klimakonform,1,0,No releases,No releases,0,0,3,FALSE
2025-07-10 12:28:52,GovDataOfficial/ckanext-dcatde,https://github.com/GovDataOfficial/ckanext-dcatde,12,50,6.9.0,2025-03-24,11,10,3,FALSE
2025-07-10 12:44:35,GovDataOfficial/ckanext-searchindexhook,https://github.com/GovDataOfficial/ckanext-searchindexhook,1,18,6.7.0,2024-03-25,1,0,3,FALSE
2025-07-10 12:45:29,HELIX-GR/ckanext-helixtheme,https://github.com/HELIX-GR/ckanext-helixtheme,0,0,No releases,No releases,0,0,2,FALSE
2025-07-10 12:27:28,HHS/ckanext-datajson,https://github.com/HHS/ckanext-datajson,81,1,v0.1,2014-11-14,19,7,5,FALSE
2025-07-10 12:34:47,Helsingin-kaupungin-tietokeskus/ckanext-hrifi,https://github.com/Helsingin-kaupungin-tietokeskus/ckanext-hrifi,2,0,No releases,No releases,4,0,0,FALSE
2025-07-10 12:34:26,Helsingin-kaupungin-tietokeskus/ckanext-multiedit,https://github.com/Helsingin-kaupungin-tietokeskus/ckanext-multiedit,3,0,No releases,No releases,1,1,0,FALSE
2025-07-10 12:45:13,Honlan/ckanext-mytheme,https://github.com/Honlan/ckanext-mytheme,0,0,No releases,No releases,1,0,1,FALSE
2025-07-10 12:30:02,IATI/ckanext-iati,https://github.com/IATI/ckanext-iati,6,6,v1.1.9,2018-03-26,10,51,34,FALSE
2025-07-10 12:48:16,JVickery-TBS/ckanext-development,https://github.com/JVickery-TBS/ckanext-development,0,0,No releases,No releases,0,0,1,FALSE
2025-07-10 12:49:45,JoNoteJoMaMa/ckanext-statscharts,https://github.com/JoNoteJoMaMa/ckanext-statscharts,0,0,No releases,No releases,0,0,1,FALSE
2025-07-10 12:47:04,L-Har/ckanext-wms,https://github.com/L-Har/ckanext-wms,0,0,No releases,No releases,0,0,1,FALSE
2025-07-10 12:42:44,LeeDongHoon/ckanextcustomfields,https://github.com/LeeDongHoon/ckanextcustomfields,0,0,No releases,No releases,0,0,0,FALSE
2025-07-10 12:47:59,MandanaMoshref/ckanext-userautoaddgroup,https://github.com/MandanaMoshref/ckanext-userautoaddgroup,1,0,No releases,No releases,0,0,1,FALSE
2025-07-10 12:46:41,MartinHowitt/ckanext-gdl,https://github.com/MartinHowitt/ckanext-gdl,0,0,No releases,No releases,0,0,0,FALSE
2025-07-10 12:45:57,Mat-O-Lab/ckanext-chat,https://github.com/Mat-O-Lab/ckanext-chat,1,6,v0.1.5-alpha,2025-07-07,11,0,1,FALSE
2025-07-10 12:45:56,Mat-O-Lab/ckanext-csvtocsvw,https://github.com/Mat-O-Lab/ckanext-csvtocsvw,0,3,v1.0.3,2025-05-13,0,1,1,FALSE
2025-07-10 12:47:11,Mat-O-Lab/ckanext-csvwmapandtransform,https://github.com/Mat-O-Lab/ckanext-csvwmapandtransform,1,3,v1.0.2,2025-05-14,1,0,1,FALSE
2025-07-10 12:44:39,Mazen-B/ckanext-gitimport,https://github.com/Mazen-B/ckanext-gitimport,0,0,No releases,No releases,0,0,1,FALSE
2025-07-10 12:44:27,MrMedAli/ckanext-long,https://github.com/MrMedAli/ckanext-long,0,0,No releases,No releases,0,0,1,FALSE
2025-07-10 12:44:17,N-Krenn/ckanext-linkorgs,https://github.com/N-Krenn/ckanext-linkorgs,0,0,No releases,No releases,0,0,1,FALSE
2025-07-10 12:48:13,Nateem/ckanext-reqform,https://github.com/Nateem/ckanext-reqform,0,0,No releases,No releases,0,0,1,FALSE
2025-07-10 12:48:25,NaturalHistoryMuseum/ckanext-attribution,https://github.com/NaturalHistoryMuseum/ckanext-attribution,0,25,v1.2.14,2025-06-09,0,6,3,FALSE
2025-07-10 12:32:12,NaturalHistoryMuseum/ckanext-ckanpackager,https://github.com/NaturalHistoryMuseum/ckanext-ckanpackager,3,23,v3.0.0,2023-07-18,6,0,5,FALSE
2025-07-10 12:28:24,NaturalHistoryMuseum/ckanext-contact,https://github.com/NaturalHistoryMuseum/ckanext-contact,24,20,v2.4.4,2025-06-09,5,5,5,FALSE
2025-07-10 12:37:12,NaturalHistoryMuseum/ckanext-datasolr,https://github.com/NaturalHistoryMuseum/ckanext-datasolr,1,6,v1.0.5,2018-02-28,6,0,4,FALSE
2025-07-10 12:31:06,NaturalHistoryMuseum/ckanext-dataspatial,https://github.com/NaturalHistoryMuseum/ckanext-dataspatial,4,1,v0.0.1,2017-09-21,8,1,3,FALSE
2025-07-10 12:39:37,NaturalHistoryMuseum/ckanext-dev,https://github.com/NaturalHistoryMuseum/ckanext-dev,1,0,No releases,No releases,4,0,3,FALSE
2025-07-10 12:28:06,NaturalHistoryMuseum/ckanext-doi,https://github.com/NaturalHistoryMuseum/ckanext-doi,21,32,v4.0.2,2025-06-09,24,13,8,FALSE
2025-07-10 12:31:55,NaturalHistoryMuseum/ckanext-gallery,https://github.com/NaturalHistoryMuseum/ckanext-gallery,4,22,v3.0.5,2025-06-16,4,1,6,FALSE
2025-07-10 12:39:41,NaturalHistoryMuseum/ckanext-gbif,https://github.com/NaturalHistoryMuseum/ckanext-gbif,1,19,v2.1.12,2025-06-09,4,0,5,FALSE
2025-07-10 12:34:45,NaturalHistoryMuseum/ckanext-graph,https://github.com/NaturalHistoryMuseum/ckanext-graph,2,16,v2.1.12,2025-06-09,4,1,5,FALSE
2025-07-10 12:41:10,NaturalHistoryMuseum/ckanext-iiif,https://github.com/NaturalHistoryMuseum/ckanext-iiif,0,17,v4.0.1,2025-06-09,2,1,3,FALSE
2025-07-10 12:27:40,NaturalHistoryMuseum/ckanext-ldap,https://github.com/NaturalHistoryMuseum/ckanext-ldap,39,31,v4.1.1,2025-06-09,34,9,16,FALSE
2025-07-10 12:55:18,NaturalHistoryMuseum/ckanext-list,https://github.com/NaturalHistoryMuseum/ckanext-list,1,18,v2.1.11,2025-06-09,0,4,4,FALSE
2025-07-10 12:51:40,NaturalHistoryMuseum/ckanext-map,https://github.com/NaturalHistoryMuseum/ckanext-map,1,2,v0.0.2,2018-01-04,0,2,5,FALSE
2025-07-10 12:26:53,NaturalHistoryMuseum/ckanext-nhm,https://github.com/NaturalHistoryMuseum/ckanext-nhm,4,150,v7.1.0,2025-06-16,30,56,8,TRUE
2025-07-10 12:55:25,NaturalHistoryMuseum/ckanext-query-dois,https://github.com/NaturalHistoryMuseum/ckanext-query-dois,0,27,v6.0.1,2025-06-16,0,7,4,FALSE
2025-07-10 12:42:14,NaturalHistoryMuseum/ckanext-sketchfab,https://github.com/NaturalHistoryMuseum/ckanext-sketchfab,1,14,v2.1.11,2025-06-09,2,0,4,FALSE
2025-07-10 12:55:21,NaturalHistoryMuseum/ckanext-solr-heatmap,https://github.com/NaturalHistoryMuseum/ckanext-solr-heatmap,1,2,v0.0.2,2017-12-08,0,0,3,FALSE
2025-07-10 12:49:55,NaturalHistoryMuseum/ckanext-status,https://github.com/NaturalHistoryMuseum/ckanext-status,1,18,v2.4.4,2025-06-09,1,0,4,FALSE
2025-07-10 12:31:45,NaturalHistoryMuseum/ckanext-twitter,https://github.com/NaturalHistoryMuseum/ckanext-twitter,8,16,v2.2.9,2024-05-14,0,0,3,FALSE
2025-07-10 12:30:58,NaturalHistoryMuseum/ckanext-userdatasets,https://github.com/NaturalHistoryMuseum/ckanext-userdatasets,8,17,v2.2.1,2025-07-08,2,0,5,FALSE
2025-07-10 12:26:58,NaturalHistoryMuseum/ckanext-versioned-datastore,https://github.com/NaturalHistoryMuseum/ckanext-versioned-datastore,3,62,v6.3.3,2025-07-08,10,20,3,TRUE
2025-07-10 12:55:23,NaturalHistoryMuseum/ckanext-versioned-tiledmap,https://github.com/NaturalHistoryMuseum/ckanext-versioned-tiledmap,0,22,v2.3.4,2025-06-09,0,3,6,FALSE
2025-07-10 12:33:00,NaturalHistoryMuseum/ckanext-video,https://github.com/NaturalHistoryMuseum/ckanext-video,4,14,v2.1.11,2025-06-09,2,2,4,FALSE
2025-07-10 12:55:26,NaturalHistoryMuseum/ckanext-webview,https://github.com/NaturalHistoryMuseum/ckanext-webview,0,13,v1.1.11,2025-06-09,1,0,3,FALSE
2025-07-10 12:49:17,NextGeoss/ckanext-admintools,https://github.com/NextGeoss/ckanext-admintools,0,0,No releases,No releases,0,0,1,FALSE
2025-07-10 12:40:34,NextGeoss/ckanext-nextgeoss,https://github.com/NextGeoss/ckanext-nextgeoss,0,16,v0.1.15,2020-10-20,3,5,3,FALSE
2025-07-10 12:38:29,NextGeoss/ckanext-nextgeossharvest,https://github.com/NextGeoss/ckanext-nextgeossharvest,1,27,v0.8.1,2022-11-18,5,11,7,FALSE
2025-07-10 12:49:47,NextGeoss/ckanext-opensearch,https://github.com/NextGeoss/ckanext-opensearch,0,34,v2.9.0,2022-12-20,1,1,5,FALSE
2025-07-10 12:45:25,NextGeoss/ckanext-orleans,https://github.com/NextGeoss/ckanext-orleans,0,0,No releases,No releases,0,0,1,FALSE
2025-07-10 12:35:19,NicolaiLolansen/ckanext-cprvalidation,https://github.com/NicolaiLolansen/ckanext-cprvalidation,3,0,No releases,No releases,0,0,1,FALSE
2025-07-10 12:45:04,NicolaiLolansen/ckanext-updatedatastore,https://github.com/NicolaiLolansen/ckanext-updatedatastore,0,0,No releases,No releases,0,0,1,FALSE
2025-07-10 12:37:23,NicolaiLolansen/ckanext-updatetracking,https://github.com/NicolaiLolansen/ckanext-updatetracking,2,0,No releases,No releases,0,0,1,FALSE
2025-07-10 12:48:54,Nithyavasudevan/ckanext-glasgow,https://github.com/Nithyavasudevan/ckanext-glasgow,0,0,No releases,No releases,1,0,3,FALSE
2025-07-10 12:35:01,NorwegianRefugeeCouncil/ckanext-api-tracking,https://github.com/NorwegianRefugeeCouncil/ckanext-api-tracking,2,7,0.5.1,2025-03-05,4,5,5,FALSE
2025-07-10 12:37:18,NuCivic/ckanext-cmap,https://github.com/NuCivic/ckanext-cmap,1,0,No releases,No releases,6,0,1,FALSE
2025-07-10 12:46:37,O2br/ckanext-temacultura,https://github.com/O2br/ckanext-temacultura,0,0,No releases,No releases,0,0,1,FALSE
2025-07-10 12:34:48,OCHA-DAP/ckanext-powerview,https://github.com/OCHA-DAP/ckanext-powerview,2,3,0.1.0,2020-03-19,4,0,2,FALSE
2025-07-10 12:46:38,OpenDataCordoba/ckanext-odc,https://github.com/OpenDataCordoba/ckanext-odc,0,0,No releases,No releases,0,0,1,FALSE
2025-07-10 12:36:00,OpenDataGIS/ckanext-facet_scheming,https://github.com/OpenDataGIS/ckanext-facet_scheming,5,3,2.0.0a,2023-07-28,0,0,2,FALSE
2025-07-10 12:48:30,OpenDataGIS/ckanext-miteco,https://github.com/OpenDataGIS/ckanext-miteco,0,6,v0.1.3-hotfix,2025-01-15,0,0,1,FALSE
2025-07-10 12:47:19,OpenDataPortal-AT/ckanext-odpat,https://github.com/OpenDataPortal-AT/ckanext-odpat,1,0,No releases,No releases,0,1,1,FALSE
2025-07-10 12:36:14,OpenDevelopmentMekong/ckanext-odm_library,https://github.com/OpenDevelopmentMekong/ckanext-odm_library,3,20,v2.2.1,2017-05-16,0,3,3,FALSE
2025-07-10 12:55:42,OpenGov-OpenData/ckanext-ai-assistants,https://github.com/OpenGov-OpenData/ckanext-ai-assistants,0,0,No releases,No releases,1,1,2,FALSE
2025-07-10 12:31:12,OpenGov-OpenData/ckanext-bostonschema,https://github.com/OpenGov-OpenData/ckanext-bostonschema,5,0,No releases,No releases,3,0,7,FALSE
2025-07-10 12:31:49,OpenGov-OpenData/ckanext-cartodbmap,https://github.com/OpenGov-OpenData/ckanext-cartodbmap,3,0,No releases,No releases,9,5,2,FALSE
2025-07-10 12:55:29,OpenGov-OpenData/ckanext-castate_od_schema,https://github.com/OpenGov-OpenData/ckanext-castate_od_schema,1,0,No releases,No releases,0,0,1,FALSE
2025-07-10 12:55:36,OpenGov-OpenData/ckanext-chhs_schema,https://github.com/OpenGov-OpenData/ckanext-chhs_schema,0,0,No releases,No releases,1,0,2,FALSE
2025-07-10 12:36:07,OpenGov-OpenData/ckanext-cnra_schema,https://github.com/OpenGov-OpenData/ckanext-cnra_schema,3,0,No releases,No releases,0,0,5,FALSE
2025-07-10 12:29:14,OpenGov-OpenData/ckanext-cob_theme,https://github.com/OpenGov-OpenData/ckanext-cob_theme,12,0,No releases,No releases,7,0,4,FALSE
2025-07-10 12:55:28,OpenGov-OpenData/ckanext-custom-schema,https://github.com/OpenGov-OpenData/ckanext-custom-schema,1,0,No releases,No releases,0,0,5,FALSE
2025-07-10 12:55:40,OpenGov-OpenData/ckanext-custom_harvest,https://github.com/OpenGov-OpenData/ckanext-custom_harvest,0,0,No releases,No releases,0,0,1,FALSE
2025-07-10 12:37:29,OpenGov-OpenData/ckanext-datasetpermissioning,https://github.com/OpenGov-OpenData/ckanext-datasetpermissioning,2,0,No releases,No releases,1,0,2,FALSE
2025-07-10 12:52:32,OpenGov-OpenData/ckanext-discourse,https://github.com/OpenGov-OpenData/ckanext-discourse,14,0,No releases,No releases,13,9,4,FALSE
2025-07-10 12:34:15,OpenGov-OpenData/ckanext-extensionstheme,https://github.com/OpenGov-OpenData/ckanext-extensionstheme,4,0,No releases,No releases,1,0,1,FALSE
2025-07-10 12:55:32,OpenGov-OpenData/ckanext-harvestnotification,https://github.com/OpenGov-OpenData/ckanext-harvestnotification,1,0,No releases,No releases,0,0,1,FALSE
2025-07-10 12:38:34,OpenGov-OpenData/ckanext-heroslider,https://github.com/OpenGov-OpenData/ckanext-heroslider,2,0,No releases,No releases,0,1,1,FALSE
2025-07-10 12:55:38,OpenGov-OpenData/ckanext-heroslideradmin,https://github.com/OpenGov-OpenData/ckanext-heroslideradmin,0,0,No releases,No releases,0,0,2,FALSE
2025-07-10 12:55:43,OpenGov-OpenData/ckanext-in_app_reporting,https://github.com/OpenGov-OpenData/ckanext-in_app_reporting,0,0,No releases,No releases,0,0,1,FALSE
2025-07-10 12:55:45,OpenGov-OpenData/ckanext-markdown_view,https://github.com/OpenGov-OpenData/ckanext-markdown_view,0,0,No releases,No releases,0,0,2,FALSE
2025-07-10 12:43:39,OpenGov-OpenData/ckanext-observability,https://github.com/OpenGov-OpenData/ckanext-observability,0,0,No releases,No releases,0,0,2,FALSE
2025-07-10 12:55:31,OpenGov-OpenData/ckanext-og_datatablesview,https://github.com/OpenGov-OpenData/ckanext-og_datatablesview,1,0,No releases,No releases,0,1,4,FALSE
2025-07-10 12:34:36,OpenGov-OpenData/ckanext-opendata_theme,https://github.com/OpenGov-OpenData/ckanext-opendata_theme,4,0,No releases,No releases,0,0,6,FALSE
2025-07-10 12:55:34,OpenGov-OpenData/ckanext-virginia_schema,https://github.com/OpenGov-OpenData/ckanext-virginia_schema,1,0,No releases,No releases,0,0,4,FALSE
2025-07-10 12:45:17,OpenTransportDataProject/ckanext-sintef,https://github.com/OpenTransportDataProject/ckanext-sintef,0,0,No releases,No releases,0,0,2,FALSE
2025-07-10 12:36:24,OpenUpSA/ckanext-discourse-sso,https://github.com/OpenUpSA/ckanext-discourse-sso,2,0,No releases,No releases,1,0,1,FALSE
2025-07-10 12:36:58,OriHoch/ckanext-file_uploader_ui,https://github.com/OriHoch/ckanext-file_uploader_ui,3,0,No releases,No releases,0,2,1,FALSE
2025-07-10 12:37:04,PacificCommunity/ckanext-spc-pdh,https://github.com/PacificCommunity/ckanext-spc-pdh,2,0,No releases,No releases,2,2,11,FALSE
2025-07-10 12:40:03,Pooya-Oladazimi/ckanext-my-first-cool-extension,https://github.com/Pooya-Oladazimi/ckanext-my-first-cool-extension,1,0,No releases,No releases,0,0,1,FALSE
2025-07-10 12:38:54,PopulateTools/ckanext-ansible-workflow,https://github.com/PopulateTools/ckanext-ansible-workflow,1,0,No releases,No releases,5,0,1,FALSE
2025-07-10 12:36:30,PopulateTools/ckanext-topics,https://github.com/PopulateTools/ckanext-topics,2,0,No releases,No releases,2,0,3,FALSE
2025-07-10 12:42:06,Psykar/ckanext-ands,https://github.com/Psykar/ckanext-ands,0,0,No releases,No releases,2,0,1,FALSE
2025-07-10 12:51:38,PublicaMundi/ckanext-helloresource,https://github.com/PublicaMundi/ckanext-helloresource,0,0,No releases,No releases,0,0,1,FALSE
2025-07-10 12:44:54,PublicaMundi/ckanext-helloworld,https://github.com/PublicaMundi/ckanext-helloworld,0,0,No releases,No releases,1,0,1,FALSE
2025-07-10 12:50:31,PublicaMundi/ckanext-interlinking,https://github.com/PublicaMundi/ckanext-interlinking,1,0,No releases,No releases,1,1,3,FALSE
2025-07-10 12:28:45,PublicaMundi/ckanext-publicamundi,https://github.com/PublicaMundi/ckanext-publicamundi,12,0,No releases,No releases,13,54,5,FALSE
2025-07-10 12:32:49,PublicaMundi/ckanext-vectorstorer,https://github.com/PublicaMundi/ckanext-vectorstorer,3,0,No releases,No releases,4,0,3,FALSE
2025-07-10 12:47:35,Quatral/ckanext-vds,https://github.com/Quatral/ckanext-vds,0,0,No releases,No releases,0,0,2,FALSE
2025-07-10 12:33:29,REEEP/ckanext-climate-tagger,https://github.com/REEEP/ckanext-climate-tagger,2,0,No releases,No releases,9,2,3,FALSE
2025-07-10 12:47:00,RTIInternational/ckanext-advancedauth,https://github.com/RTIInternational/ckanext-advancedauth,0,0,No releases,No releases,0,0,3,FALSE
2025-07-10 12:38:45,RadoRado/ckanext-extrafields,https://github.com/RadoRado/ckanext-extrafields,2,0,No releases,No releases,0,0,0,FALSE
2025-07-10 12:49:21,SAEONData/ckanext-accesscontrol,https://github.com/SAEONData/ckanext-accesscontrol,0,10,v1.0.0-beta,2020-06-12,0,4,1,FALSE
2025-07-10 12:47:47,SAEONData/ckanext-jsonpatch,https://github.com/SAEONData/ckanext-jsonpatch,0,6,v1.0.0,2020-06-12,0,1,1,FALSE
2025-07-10 12:51:55,SAERI-Datacenter/ckanext-docs,https://github.com/SAERI-Datacenter/ckanext-docs,0,0,No releases,No releases,0,0,2,FALSE
2025-07-10 12:43:17,SAERI-Datacenter/ckanext-saerischema,https://github.com/SAERI-Datacenter/ckanext-saerischema,0,1,v0.1,2019-02-05,1,0,2,FALSE
2025-07-10 12:43:48,SDM-TIB/ckanext-fedorkg,https://github.com/SDM-TIB/ckanext-fedorkg,0,24,v0.8.2,2025-04-09,0,0,1,FALSE
2025-07-10 12:49:57,SDM-TIB/ckanext-jupyternotebook,https://github.com/SDM-TIB/ckanext-jupyternotebook,0,0,No releases,No releases,0,0,1,FALSE
2025-07-10 12:29:22,SENATICS/ckanext-opendatagovpy,https://github.com/SENATICS/ckanext-opendatagovpy,7,0,No releases,No releases,12,0,3,FALSE
2025-07-10 12:43:24,SFB-ELAINE/ckanext-papaya,https://github.com/SFB-ELAINE/ckanext-papaya,0,0,No releases,No releases,0,0,1,FALSE
2025-07-10 12:50:54,SFB-ELAINE/ckanext-paraview,https://github.com/SFB-ELAINE/ckanext-paraview,0,0,No releases,No releases,0,0,1,FALSE
2025-07-10 12:36:05,SICTIAM/ckanext-resource-location,https://github.com/SICTIAM/ckanext-resource-location,2,0,No releases,No releases,0,0,1,FALSE
2025-07-10 12:44:58,SenseTecnic/ckanext-wotkit,https://github.com/SenseTecnic/ckanext-wotkit,0,0,No releases,No releases,0,3,4,FALSE
2025-07-10 12:52:11,SmdhMdep/ckanext-granularvisibility,https://github.com/SmdhMdep/ckanext-granularvisibility,0,0,No releases,No releases,0,0,3,FALSE
2025-07-10 12:44:31,SmdhMdep/ckanext-usertracking,https://github.com/SmdhMdep/ckanext-usertracking,1,0,No releases,No releases,0,0,4,FALSE
2025-07-10 12:56:20,TIBHannover/ckanext-bioschemaharvester,https://github.com/TIBHannover/ckanext-bioschemaharvester,0,1,v0.1.5,2024-07-25,0,0,1,FALSE
2025-07-10 12:56:17,TIBHannover/ckanext-cancel-dataset-creation,https://github.com/TIBHannover/ckanext-cancel-dataset-creation,0,1,1.0.0,2024-12-17,0,0,2,FALSE
2025-07-10 12:56:25,TIBHannover/ckanext-close-for-guests,https://github.com/TIBHannover/ckanext-close-for-guests,1,10,1.1.6,2025-02-27,1,1,3,FALSE
2025-07-10 12:56:37,TIBHannover/ckanext-crc-trr-298,https://github.com/TIBHannover/ckanext-crc-trr-298,0,0,No releases,No releases,0,0,1,FALSE
2025-07-10 12:56:34,TIBHannover/ckanext-crc1153,https://github.com/TIBHannover/ckanext-crc1153,0,0,No releases,No releases,1,0,2,FALSE
2025-07-10 12:56:36,TIBHannover/ckanext-crc1368,https://github.com/TIBHannover/ckanext-crc1368,0,0,No releases,No releases,1,0,1,FALSE
2025-07-10 12:56:22,TIBHannover/ckanext-custom-dataset-metadata,https://github.com/TIBHannover/ckanext-custom-dataset-metadata,0,0,No releases,No releases,0,0,1,FALSE
2025-07-10 12:56:43,TIBHannover/ckanext-data-comparision,https://github.com/TIBHannover/ckanext-data-comparision,0,0,No releases,No releases,0,0,1,FALSE
2025-07-10 12:56:28,TIBHannover/ckanext-data-comparison,https://github.com/TIBHannover/ckanext-data-comparison,0,0,No releases,No releases,0,0,1,FALSE
2025-07-10 12:56:23,TIBHannover/ckanext-dataset-metadata-automation,https://github.com/TIBHannover/ckanext-dataset-metadata-automation,0,1,1.0.0,2025-01-20,0,0,2,FALSE
2025-07-10 12:56:42,TIBHannover/ckanext-dataset-transfer,https://github.com/TIBHannover/ckanext-dataset-transfer,0,0,No releases,No releases,0,0,1,FALSE
2025-07-10 12:56:49,TIBHannover/ckanext-dcatapcrc,https://github.com/TIBHannover/ckanext-dcatapcrc,0,0,No releases,No releases,0,1,2,FALSE
2025-07-10 12:36:37,TIBHannover/ckanext-dwgviewer,https://github.com/TIBHannover/ckanext-dwgviewer,2,0,No releases,No releases,2,0,1,FALSE
2025-07-10 12:42:15,TIBHannover/ckanext-email-notification,https://github.com/TIBHannover/ckanext-email-notification,0,2,1.1.0,2024-12-16,2,0,2,FALSE
2025-07-10 12:56:18,TIBHannover/ckanext-feature-image,https://github.com/TIBHannover/ckanext-feature-image,0,2,1.0.1,2024-12-16,0,1,2,FALSE
2025-07-10 12:52:17,TIBHannover/ckanext-multiuploader,https://github.com/TIBHannover/ckanext-multiuploader,4,2,2.0.0,2024-12-13,2,2,3,FALSE
2025-07-10 12:56:31,TIBHannover/ckanext-oai-jsonld-harvester,https://github.com/TIBHannover/ckanext-oai-jsonld-harvester,0,0,No releases,No releases,0,0,1,FALSE
2025-07-10 12:56:15,TIBHannover/ckanext-organization-group,https://github.com/TIBHannover/ckanext-organization-group,0,1,1.0.0,2024-12-16,0,0,2,FALSE
2025-07-10 12:56:45,TIBHannover/ckanext-resource-custom-metadata,https://github.com/TIBHannover/ckanext-resource-custom-metadata,0,0,No releases,No releases,0,0,1,FALSE
2025-07-10 12:49:25,TIBHannover/ckanext-semtag,https://github.com/TIBHannover/ckanext-semtag,0,0,No releases,No releases,1,5,2,FALSE
2025-07-10 12:56:27,TIBHannover/ckanext-sfb-search,https://github.com/TIBHannover/ckanext-sfb-search,0,0,No releases,No releases,0,0,1,FALSE
2025-07-10 12:56:48,TIBHannover/ckanext-sfb-search-extension,https://github.com/TIBHannover/ckanext-sfb-search-extension,0,0,No releases,No releases,1,0,1,FALSE
2025-07-10 12:56:51,TIBHannover/ckanext-system-stats,https://github.com/TIBHannover/ckanext-system-stats,0,0,No releases,No releases,0,0,2,FALSE
2025-07-10 12:56:39,TIBHannover/ckanext-system-stats-old,https://github.com/TIBHannover/ckanext-system-stats-old,0,0,No releases,No releases,0,0,0,FALSE
2025-07-10 12:39:15,TIBHannover/ckanext-tif-imageview,https://github.com/TIBHannover/ckanext-tif-imageview,2,3,1.1.0,2024-12-13,1,0,2,FALSE
2025-07-10 12:56:14,TIBHannover/ckanext-upgrade-dataset,https://github.com/TIBHannover/ckanext-upgrade-dataset,0,5,v.1.1.3,2021-09-16,0,0,1,FALSE
2025-07-10 12:56:40,TIBHannover/ckanext-user-manual,https://github.com/TIBHannover/ckanext-user-manual,0,1,1.0.0,2025-01-20,0,0,3,FALSE
2025-07-10 12:37:48,TIBHannover/ckanext-videoviewer,https://github.com/TIBHannover/ckanext-videoviewer,2,0,No releases,No releases,1,0,1,FALSE
2025-07-10 12:56:32,TIBHannover/ckanext_sfb_layout,https://github.com/TIBHannover/ckanext_sfb_layout,0,0,No releases,No releases,1,0,1,FALSE
2025-07-10 12:36:19,TerriaJS/ckanext-terria_view,https://github.com/TerriaJS/ckanext-terria_view,3,0,No releases,No releases,0,1,0,FALSE
2025-07-10 12:27:23,TkTech/ckanext-cloudstorage,https://github.com/TkTech/ckanext-cloudstorage,56,0,No releases,No releases,37,23,7,FALSE
2025-07-10 12:44:32,Trusts-eu/ckanext-vocabularies,https://github.com/Trusts-eu/ckanext-vocabularies,0,0,No releases,No releases,0,0,1,FALSE
2025-07-10 12:35:27,UCSUR-Pitt/ckanext-wprdctheme,https://github.com/UCSUR-Pitt/ckanext-wprdctheme,3,0,No releases,No releases,1,0,1,FALSE
2025-07-10 12:36:18,USEPA/ckanext-collaborator_orgs,https://github.com/USEPA/ckanext-collaborator_orgs,5,0,No releases,No releases,1,0,1,FALSE
2025-07-10 12:42:17,USEPA/ckanext-linked-storage,https://github.com/USEPA/ckanext-linked-storage,2,0,No releases,No releases,2,1,1,FALSE
2025-07-10 12:41:29,USEPA/ckanext-plotly,https://github.com/USEPA/ckanext-plotly,3,0,No releases,No releases,2,1,1,FALSE
2025-07-10 12:47:44,UoA-eResearch/ckanext-cer,https://github.com/UoA-eResearch/ckanext-cer,0,0,No releases,No releases,0,0,0,FALSE
2025-07-10 12:50:19,UoA-eResearch/ckanext-ezid,https://github.com/UoA-eResearch/ckanext-ezid,0,0,No releases,No releases,1,0,1,FALSE
2025-07-10 12:34:11,ViderumGlobal/ckanext-dataexplorer,https://github.com/ViderumGlobal/ckanext-dataexplorer,5,0,No releases,No releases,0,0,1,FALSE
2025-07-10 12:33:15,ViderumGlobal/ckanext-ed,https://github.com/ViderumGlobal/ckanext-ed,6,0,No releases,No releases,1,14,7,FALSE
2025-07-10 12:31:33,VilledeMontreal/ckanext-montreal-archive,https://github.com/VilledeMontreal/ckanext-montreal-archive,5,0,No releases,No releases,5,2,7,FALSE
2025-07-10 12:39:05,WPRDC/ckanext-legacy-wprdctheme,https://github.com/WPRDC/ckanext-legacy-wprdctheme,2,0,No releases,No releases,0,0,2,FALSE
2025-07-10 12:47:28,WilJoey/ckanext-ksgeo,https://github.com/WilJoey/ckanext-ksgeo,0,0,No releases,No releases,0,0,1,FALSE
2025-07-10 12:35:24,WorldBank-Transport/ckanext-resourcemeta,https://github.com/WorldBank-Transport/ckanext-resourcemeta,3,0,No releases,No releases,0,0,1,FALSE
2025-07-10 12:38:44,XVTSolutions/ckanext-clone,https://github.com/XVTSolutions/ckanext-clone,2,0,No releases,No releases,0,0,0,FALSE
2025-07-10 12:56:57,XVTSolutions/ckanext-dsactions,https://github.com/XVTSolutions/ckanext-dsactions,1,1,v1.0,2014-04-30,0,0,0,FALSE
2025-07-10 12:33:41,XVTSolutions/ckanext-extend_search,https://github.com/XVTSolutions/ckanext-extend_search,5,1,v1.0,2014-04-17,1,0,2,FALSE
2025-07-10 12:48:39,XVTSolutions/ckanext-metameta,https://github.com/XVTSolutions/ckanext-metameta,0,0,No releases,No releases,0,0,0,FALSE
2025-07-10 12:37:42,XVTSolutions/ckanext-reorder,https://github.com/XVTSolutions/ckanext-reorder,1,0,No releases,No releases,1,0,0,FALSE
2025-07-10 12:56:54,XVTSolutions/ckanext-review,https://github.com/XVTSolutions/ckanext-review,0,1,v1.0,2014-04-30,0,1,2,FALSE
2025-07-10 12:49:11,XVTSolutions/ckanext-suspend,https://github.com/XVTSolutions/ckanext-suspend,0,1,v1.0,2014-04-06,0,0,2,FALSE
2025-07-10 12:46:16,XVTSolutions/ckanext-trak,https://github.com/XVTSolutions/ckanext-trak,1,0,No releases,No releases,0,0,1,FALSE
2025-07-10 12:48:37,XVTSolutions/ckanext-vdojstats,https://github.com/XVTSolutions/ckanext-vdojstats,0,1,v1.0,2014-04-22,0,0,2,FALSE
2025-07-10 12:56:56,XVTSolutions/ckanext-vdojtheme,https://github.com/XVTSolutions/ckanext-vdojtheme,0,1,v1.0,2014-05-01,1,0,1,FALSE
2025-07-10 12:56:53,XVTSolutions/ckanext-xvt,https://github.com/XVTSolutions/ckanext-xvt,0,0,No releases,No releases,0,0,0,FALSE
2025-07-10 12:51:58,Yesser-GitHub/ckanext-odp,https://github.com/Yesser-GitHub/ckanext-odp,0,0,No releases,No releases,0,0,2,FALSE
2025-07-10 12:48:23,YourOpenDAta/ckanext-dcatapedp,https://github.com/YourOpenDAta/ckanext-dcatapedp,0,6,v1.0.4,2023-12-02,1,0,1,FALSE
2025-07-10 12:47:50,abdelrahman146/ckanext-highlighting,https://github.com/abdelrahman146/ckanext-highlighting,0,0,No releases,No releases,0,0,0,FALSE
2025-07-10 12:33:49,abgov/ckanext-ab_scheming,https://github.com/abgov/ckanext-ab_scheming,3,1,v0.1.4,2016-09-27,3,2,3,FALSE
2025-07-10 12:39:51,abgov/ckanext-geomapviewer,https://github.com/abgov/ckanext-geomapviewer,0,0,No releases,No releases,4,0,0,FALSE
2025-07-10 12:32:47,abgov/ckanext-open_alberta,https://github.com/abgov/ckanext-open_alberta,6,2,v0.0.1,2016-12-19,1,9,2,FALSE
2025-07-10 12:44:59,abulte/ckanext-countapicalls,https://github.com/abulte/ckanext-countapicalls,1,0,No releases,No releases,0,1,1,FALSE
2025-07-10 12:45:16,adrianfish/ckanext-eismetadatafields,https://github.com/adrianfish/ckanext-eismetadatafields,0,0,No releases,No releases,0,0,1,FALSE
2025-07-10 12:48:59,adrianfish/ckanext-eismetadatapusher,https://github.com/adrianfish/ckanext-eismetadatapusher,0,0,No releases,No releases,0,0,1,FALSE
2025-07-10 12:49:43,agmorev/ckanext-apidocs,https://github.com/agmorev/ckanext-apidocs,0,0,No releases,No releases,0,0,2,FALSE
2025-07-10 12:39:21,alabs/ckanext-carchi_theme,https://github.com/alabs/ckanext-carchi_theme,2,0,No releases,No releases,1,3,3,FALSE
2025-07-10 12:50:09,alantygel/ckanext-featurednumber,https://github.com/alantygel/ckanext-featurednumber,0,0,No releases,No releases,0,0,1,FALSE
2025-07-10 12:35:10,alantygel/ckanext-semantictags,https://github.com/alantygel/ckanext-semantictags,2,0,No releases,No releases,3,0,1,FALSE
2025-07-10 12:30:45,alantygel/ckanext-tagmanager,https://github.com/alantygel/ckanext-tagmanager,4,0,No releases,No releases,10,2,2,FALSE
2025-07-10 12:51:44,alejandrofcarrera/ckanext-geolinkeddata,https://github.com/alejandrofcarrera/ckanext-geolinkeddata,0,0,No releases,No releases,0,0,1,FALSE
2025-07-10 12:31:38,alexandrainst/ckanext-realtime,https://github.com/alexandrainst/ckanext-realtime,2,0,No releases,No releases,28,5,0,FALSE
2025-07-10 12:39:43,alexbyrnes/ckanext-mongodb,https://github.com/alexbyrnes/ckanext-mongodb,0,0,No releases,No releases,4,1,1,FALSE
2025-07-10 12:32:45,aliwaqas333/ckanext-kpodp_theme,https://github.com/aliwaqas333/ckanext-kpodp_theme,3,0,No releases,No releases,6,1,3,FALSE
2025-07-10 12:28:33,alphagov/ckanext-datagovuk,https://github.com/alphagov/ckanext-datagovuk,15,53,v1.14.0,2025-04-30,12,15,35,FALSE
2025-07-10 12:32:28,amercader/ckanext-embeddings,https://github.com/amercader/ckanext-embeddings,3,2,v0.1.1,2024-05-22,14,2,2,FALSE
2025-07-10 12:38:58,amercader/ckanext-glasgow_theme,https://github.com/amercader/ckanext-glasgow_theme,2,0,No releases,No releases,0,0,2,FALSE
2025-07-10 12:43:56,amercader/ckanext-search,https://github.com/amercader/ckanext-search,0,0,No releases,No releases,5,0,1,FALSE
2025-07-10 12:45:40,amercader/ckanext-testext,https://github.com/amercader/ckanext-testext,0,0,No releases,No releases,0,0,1,FALSE
2025-07-10 12:51:16,amirbuldan/ckanext-publikasi,https://github.com/amirbuldan/ckanext-publikasi,0,0,No releases,No releases,0,0,1,FALSE
2025-07-10 12:42:55,anibalpacheco/ckanext-agesic,https://github.com/anibalpacheco/ckanext-agesic,0,0,No releases,No releases,0,0,0,FALSE
2025-07-10 12:51:11,apteksdi/ckanext-schemingdcat,https://github.com/apteksdi/ckanext-schemingdcat,0,0,No releases,No releases,0,0,1,FALSE
2025-07-10 12:38:41,apteksdi/ckanext-sdbi,https://github.com/apteksdi/ckanext-sdbi,2,0,No releases,No releases,0,0,2,FALSE
2025-07-10 12:40:11,apteksdi/ckanext-sdi,https://github.com/apteksdi/ckanext-sdi,1,0,No releases,No releases,3,1,3,FALSE
2025-07-10 12:56:01,aptivate/ckanext-countrygroup,https://github.com/aptivate/ckanext-countrygroup,0,0,No releases,No releases,1,0,6,FALSE
2025-07-10 12:56:03,aptivate/ckanext-crisis,https://github.com/aptivate/ckanext-crisis,0,0,No releases,No releases,0,0,6,FALSE
2025-07-10 12:31:17,aptivate/ckanext-datasetthumbnail,https://github.com/aptivate/ckanext-datasetthumbnail,4,1,v1.0.0,2016-07-06,7,5,5,FALSE
2025-07-10 12:30:37,aptivate/ckanext-datasetversions,https://github.com/aptivate/ckanext-datasetversions,5,1,v1.0.0,2016-07-06,8,3,7,FALSE
2025-07-10 12:56:07,aptivate/ckanext-hdx_package,https://github.com/aptivate/ckanext-hdx_package,0,0,No releases,No releases,0,0,6,FALSE
2025-07-10 12:56:04,aptivate/ckanext-hdx_search,https://github.com/aptivate/ckanext-hdx_search,0,0,No releases,No releases,0,0,5,FALSE
2025-07-10 12:56:06,aptivate/ckanext-hdx_users,https://github.com/aptivate/ckanext-hdx_users,0,0,No releases,No releases,0,0,5,FALSE
2025-07-10 12:45:35,aptivate/ckanext-locationgroup,https://github.com/aptivate/ckanext-locationgroup,0,0,No releases,No releases,1,0,4,FALSE
2025-07-10 12:56:00,aptivate/ckanext-mapactionevent,https://github.com/aptivate/ckanext-mapactionevent,1,0,No releases,No releases,0,0,5,FALSE
2025-07-10 12:44:38,aptivate/ckanext-mapactiongeorss,https://github.com/aptivate/ckanext-mapactiongeorss,1,1,v1.0.4,2024-04-24,0,1,4,FALSE
2025-07-10 12:37:35,aptivate/ckanext-mapactionimporter,https://github.com/aptivate/ckanext-mapactionimporter,2,0,No releases,No releases,0,1,5,FALSE
2025-07-10 12:48:44,aptivate/ckanext-mapactiontheme,https://github.com/aptivate/ckanext-mapactiontheme,1,0,No releases,No releases,0,0,7,FALSE
2025-07-10 12:29:11,aptivate/ckanext-syndicate,https://github.com/aptivate/ckanext-syndicate,14,3,v2.0.0,2021-09-14,4,0,8,FALSE
2025-07-10 12:32:26,aptivate/ckanext-userautoadd,https://github.com/aptivate/ckanext-userautoadd,6,2,v1.0.1,2016-07-11,1,1,3,FALSE
2025-07-10 12:49:00,armin11/ckanext-transparencyderp,https://github.com/armin11/ckanext-transparencyderp,0,0,No releases,No releases,0,0,1,FALSE
2025-07-10 12:34:20,asc-csa/ckanext-asc-csa,https://github.com/asc-csa/ckanext-asc-csa,3,5,v1.0,2021-08-13,9,31,7,FALSE
2025-07-10 12:42:41,asc-csa/ckanext-asc-csa-scheming,https://github.com/asc-csa/ckanext-asc-csa-scheming,1,0,No releases,No releases,2,1,4,FALSE
2025-07-10 12:49:42,awi-response/ckanext-ifacets,https://github.com/awi-response/ckanext-ifacets,0,2,v.0.0.2,2025-05-19,0,0,1,FALSE
2025-07-10 12:28:42,azavea/ckanext-odp_theme,https://github.com/azavea/ckanext-odp_theme,12,1,CKAN-2.2,2017-10-10,14,7,6,FALSE
2025-07-10 12:45:48,b-weintraub/ckanext-stac,https://github.com/b-weintraub/ckanext-stac,1,0,No releases,No releases,1,0,2,FALSE
2025-07-10 12:27:57,bcgov/ckanext-bcgov,https://github.com/bcgov/ckanext-bcgov,23,50,2.0.1,2021-11-05,25,183,26,FALSE
2025-07-10 12:57:15,bcgov/ckanext-bcgov-cli,https://github.com/bcgov/ckanext-bcgov-cli,0,0,No releases,No releases,0,0,4,FALSE
2025-07-10 12:57:17,bcgov/ckanext-bcgov-disqus,https://github.com/bcgov/ckanext-bcgov-disqus,0,0,No releases,No releases,0,1,1,FALSE
2025-07-10 12:33:45,bcgov/ckanext-bcgov-schema,https://github.com/bcgov/ckanext-bcgov-schema,3,0,No releases,No releases,3,2,12,FALSE
2025-07-10 12:57:14,bcgov/ckanext-edc-rss,https://github.com/bcgov/ckanext-edc-rss,0,3,v2.0.1,2023-05-19,0,5,7,FALSE
2025-07-10 12:50:39,bcgov/ckanext-galileo,https://github.com/bcgov/ckanext-galileo,1,0,No releases,No releases,0,0,2,FALSE
2025-07-10 12:31:30,bcgov/ckanext-openapiviewer,https://github.com/bcgov/ckanext-openapiviewer,4,8,3.1.2,2018-03-12,7,0,8,FALSE
2025-07-10 12:29:49,bcgov/ckanext-sso,https://github.com/bcgov/ckanext-sso,9,0,No releases,No releases,5,2,9,FALSE
2025-07-10 12:39:45,belgium-its-steering-committee/ckanext-benap,https://github.com/belgium-its-steering-committee/ckanext-benap,0,39,2.1.1,2024-09-30,4,0,6,FALSE
2025-07-10 12:33:09,bellisk/ckanext-subscribe,https://github.com/bellisk/ckanext-subscribe,5,2,1.2.0,2025-06-04,1,2,3,FALSE
2025-07-10 12:51:28,benscott/ckanext-cacheapi,https://github.com/benscott/ckanext-cacheapi,0,0,No releases,No releases,0,0,1,FALSE
2025-07-10 12:40:37,berlinonline/ckanext-berlin,https://github.com/berlinonline/ckanext-berlin,0,0,No releases,No releases,3,0,1,FALSE
2025-07-10 12:57:02,berlinonline/ckanext-berlin_dataset_schema,https://github.com/berlinonline/ckanext-berlin_dataset_schema,1,0,No releases,No releases,1,0,2,FALSE
2025-07-10 12:57:00,berlinonline/ckanext-berlinauth,https://github.com/berlinonline/ckanext-berlinauth,1,0,No releases,No releases,0,0,3,FALSE
2025-07-10 12:43:52,berlinonline/ckanext-berlintheme,https://github.com/berlinonline/ckanext-berlintheme,0,0,No releases,No releases,0,0,2,FALSE
2025-07-10 12:47:09,berlinonline/ckanext-datasetsnippets,https://github.com/berlinonline/ckanext-datasetsnippets,0,0,No releases,No releases,1,0,2,FALSE
2025-07-10 12:40:50,berlinonline/ckanext-dcatde_berlin,https://github.com/berlinonline/ckanext-dcatde_berlin,0,0,No releases,No releases,3,0,2,FALSE
2025-07-10 12:41:33,berlinonline/ckanext-fisbroker,https://github.com/berlinonline/ckanext-fisbroker,0,0,No releases,No releases,2,2,2,FALSE
2025-07-10 12:43:38,berlinonline/ckanext-sisharvester,https://github.com/berlinonline/ckanext-sisharvester,0,0,No releases,No releases,0,0,1,FALSE
2025-07-10 12:40:29,berlinonline/ckanext-validationapi,https://github.com/berlinonline/ckanext-validationapi,0,0,No releases,No releases,3,0,2,FALSE
2025-07-10 12:47:49,bertvannuffelen/ckanext-odvl,https://github.com/bertvannuffelen/ckanext-odvl,0,0,No releases,No releases,0,0,1,FALSE
2025-07-10 12:44:47,bhavin2897/ckanext-relationship,https://github.com/bhavin2897/ckanext-relationship,1,0,No releases,No releases,0,0,4,FALSE
2025-07-10 12:44:49,bhavin2897/ckanext-statictheme,https://github.com/bhavin2897/ckanext-statictheme,0,0,No releases,No releases,0,0,1,FALSE
2025-07-10 12:46:49,bhavin2897/ckanext-wikidata,https://github.com/bhavin2897/ckanext-wikidata,0,0,No releases,No releases,0,0,1,FALSE
2025-07-10 12:38:27,bopen/ckanext-mapsearch,https://github.com/bopen/ckanext-mapsearch,1,0,No releases,No releases,5,0,4,FALSE
2025-07-10 12:50:16,boxkite/ckanext-donneesqctheme,https://github.com/boxkite/ckanext-donneesqctheme,0,0,No releases,No releases,0,13,3,FALSE
2025-07-10 12:43:31,boykoc/ckanext-adal,https://github.com/boykoc/ckanext-adal,0,0,No releases,No releases,0,0,1,FALSE
2025-07-10 12:44:12,brunoqs/ckanext-ufla,https://github.com/brunoqs/ckanext-ufla,0,0,No releases,No releases,0,0,1,FALSE
2025-07-10 12:46:02,bukharim1/ckanext-afucn,https://github.com/bukharim1/ckanext-afucn,0,0,No releases,No releases,0,0,1,FALSE
2025-07-10 12:41:05,camptocamp/ckanext-theme,https://github.com/camptocamp/ckanext-theme,0,0,No releases,No releases,2,0,4,FALSE
2025-07-10 12:41:52,cbgaindia/ckanext-budgetviz,https://github.com/cbgaindia/ckanext-budgetviz,1,0,No releases,No releases,2,2,3,FALSE
2025-07-10 12:40:00,cbgaindia/ckanext-openbudgetsin_theme,https://github.com/cbgaindia/ckanext-openbudgetsin_theme,0,0,No releases,No releases,4,16,6,FALSE
2025-07-10 12:35:16,ccancellieri/ckanext-jsonschema,https://github.com/ccancellieri/ckanext-jsonschema,2,0,No releases,No releases,4,1,5,FALSE
2025-07-10 12:52:13,ccancellieri/ckanext-publisher,https://github.com/ccancellieri/ckanext-publisher,0,0,No releases,No releases,0,0,2,FALSE
2025-07-10 12:51:01,ccancellieri/ckanext-terriajs,https://github.com/ccancellieri/ckanext-terriajs,0,0,No releases,No releases,0,0,5,FALSE
2025-07-10 12:50:43,ccca-dc/ckanext-basket,https://github.com/ccca-dc/ckanext-basket,1,0,No releases,No releases,0,0,4,FALSE
2025-07-10 12:35:25,ccca-dc/ckanext-ccca,https://github.com/ccca-dc/ckanext-ccca,3,1,v1.0,2017-11-24,0,0,5,FALSE
2025-07-10 12:47:43,ccca-dc/ckanext-filtersearch,https://github.com/ccca-dc/ckanext-filtersearch,0,1,v1.0,2017-10-02,0,0,4,FALSE
2025-07-10 12:46:24,ccca-dc/ckanext-galleryview,https://github.com/ccca-dc/ckanext-galleryview,0,1,v1.0,2017-02-21,0,0,3,FALSE
2025-07-10 12:44:05,ccca-dc/ckanext-handle,https://github.com/ccca-dc/ckanext-handle,0,1,v1.0,2017-06-27,0,0,3,FALSE
2025-07-10 12:45:22,ccca-dc/ckanext-iauth,https://github.com/ccca-dc/ckanext-iauth,0,1,v1.0,2017-11-15,0,0,3,FALSE
2025-07-10 12:47:37,ccca-dc/ckanext-localimp,https://github.com/ccca-dc/ckanext-localimp,0,1,v1.0,2017-07-11,0,0,3,FALSE
2025-07-10 12:43:10,ccca-dc/ckanext-resourceversions,https://github.com/ccca-dc/ckanext-resourceversions,0,1,v1.0,2017-08-03,0,0,3,FALSE
2025-07-10 12:46:29,ccca-dc/ckanext-thredds,https://github.com/ccca-dc/ckanext-thredds,1,1,v1.0,2017-11-22,1,0,4,FALSE
2025-07-10 12:29:25,cfpb/ckanext-cfpb-extrafields,https://github.com/cfpb/ckanext-cfpb-extrafields,11,3,v1.1.1,2016-08-10,4,5,9,FALSE
2025-07-10 12:50:51,chdigiorno/ckanext-gcbaandinotheme,https://github.com/chdigiorno/ckanext-gcbaandinotheme,3,0,No releases,No releases,0,0,2,FALSE
2025-07-10 12:36:16,cioos-siooc/ckanext-cioos_theme,https://github.com/cioos-siooc/ckanext-cioos_theme,3,0,No releases,No releases,0,7,8,FALSE
2025-07-10 12:48:00,citylinedata/ckanext-cl,https://github.com/citylinedata/ckanext-cl,0,0,No releases,No releases,0,0,1,FALSE
2025-07-10 12:34:14,cityofsurrey/ckanext-surrey,https://github.com/cityofsurrey/ckanext-surrey,4,0,No releases,No releases,1,1,6,FALSE
2025-07-10 12:41:26,ciudadanointeligente/ckanext-forms,https://github.com/ciudadanointeligente/ckanext-forms,0,0,No releases,No releases,2,0,1,FALSE
2025-07-10 12:40:57,ciudadanointeligente/ckanext-junar,https://github.com/ciudadanointeligente/ckanext-junar,0,0,No releases,No releases,2,0,1,FALSE
2025-07-10 12:29:12,ckan/ckanext-apihelper,https://github.com/ckan/ckanext-apihelper,10,0,No releases,No releases,10,2,2,FALSE
2025-07-10 12:27:41,ckan/ckanext-archiver,https://github.com/ckan/ckanext-archiver,43,0,No releases,No releases,22,23,19,FALSE
2025-07-10 12:28:04,ckan/ckanext-basiccharts,https://github.com/ckan/ckanext-basiccharts,28,0,No releases,No releases,12,16,8,FALSE
2025-07-10 12:27:59,ckan/ckanext-dashboard,https://github.com/ckan/ckanext-dashboard,21,0,No releases,No releases,29,7,7,FALSE
2025-07-10 12:33:57,ckan/ckanext-datapusherext,https://github.com/ckan/ckanext-datapusherext,4,0,No releases,No releases,0,0,4,FALSE
2025-07-10 12:54:21,ckan/ckanext-dataset-series,https://github.com/ckan/ckanext-dataset-series,3,0,No releases,No releases,1,3,3,FALSE
2025-07-10 12:28:10,ckan/ckanext-datastorer,https://github.com/ckan/ckanext-datastorer,18,0,No releases,No releases,21,16,12,FALSE
2025-07-10 12:52:24,ckan/ckanext-dcat,https://github.com/ckan/ckanext-dcat,151,21,v2.4.0,2025-05-20,181,65,33,FALSE
2025-07-10 12:30:21,ckan/ckanext-deadoralive,https://github.com/ckan/ckanext-deadoralive,8,0,No releases,No releases,6,12,2,FALSE
2025-07-10 12:28:14,ckan/ckanext-disqus,https://github.com/ckan/ckanext-disqus,22,0,No releases,No releases,13,10,12,FALSE
2025-07-10 12:29:57,ckan/ckanext-drupal7,https://github.com/ckan/ckanext-drupal7,8,0,No releases,No releases,6,0,2,FALSE
2025-07-10 12:36:39,ckan/ckanext-dsaudit,https://github.com/ckan/ckanext-dsaudit,2,0,No releases,No releases,2,1,2,FALSE
2025-07-10 12:54:20,ckan/ckanext-editable-config,https://github.com/ckan/ckanext-editable-config,1,0,No releases,No releases,1,0,1,FALSE
2025-07-10 12:29:28,ckan/ckanext-envvars,https://github.com/ckan/ckanext-envvars,8,5,v0.0.6,2024-09-09,16,6,4,FALSE
2025-07-10 12:33:58,ckan/ckanext-eurovoc,https://github.com/ckan/ckanext-eurovoc,3,0,No releases,No releases,2,1,4,FALSE
2025-07-10 12:38:20,ckan/ckanext-excelforms,https://github.com/ckan/ckanext-excelforms,3,0,No releases,No releases,1,1,12,FALSE
2025-07-10 12:42:24,ckan/ckanext-fdt-sqlalchemy,https://github.com/ckan/ckanext-fdt-sqlalchemy,0,0,No releases,No releases,2,0,1,FALSE
2025-07-10 12:27:50,ckan/ckanext-fluent,https://github.com/ckan/ckanext-fluent,30,0,No releases,No releases,26,11,9,FALSE
2025-07-10 12:27:19,ckan/ckanext-googleanalytics,https://github.com/ckan/ckanext-googleanalytics,84,0,No releases,No releases,36,19,29,FALSE
2025-07-10 12:27:08,ckan/ckanext-harvest,https://github.com/ckan/ckanext-harvest,210,28,v1.6.1,2025-01-14,139,116,64,FALSE
2025-07-10 12:27:26,ckan/ckanext-hierarchy,https://github.com/ckan/ckanext-hierarchy,65,2,v1.2.2,2025-02-26,29,10,18,FALSE
2025-07-10 12:29:19,ckan/ckanext-intro,https://github.com/ckan/ckanext-intro,10,0,No releases,No releases,6,1,1,FALSE
2025-07-10 12:27:54,ckan/ckanext-issues,https://github.com/ckan/ckanext-issues,31,0,No releases,No releases,14,22,9,FALSE
2025-07-10 12:27:52,ckan/ckanext-mapviews,https://github.com/ckan/ckanext-mapviews,23,0,No releases,No releases,27,16,7,FALSE
2025-07-10 12:34:59,ckan/ckanext-oauth2waad,https://github.com/ckan/ckanext-oauth2waad,5,0,No releases,No releases,1,4,3,FALSE
2025-07-10 12:27:16,ckan/ckanext-pages,https://github.com/ckan/ckanext-pages,104,4,v0.5.2,2023-06-07,55,42,22,FALSE
2025-07-10 12:27:36,ckan/ckanext-pdfview,https://github.com/ckan/ckanext-pdfview,49,4,0.0.8,2022-04-08,27,10,10,FALSE
2025-07-10 12:33:01,ckan/ckanext-persona,https://github.com/ckan/ckanext-persona,4,0,No releases,No releases,2,4,1,FALSE
2025-07-10 12:27:31,ckan/ckanext-qa,https://github.com/ckan/ckanext-qa,55,0,No releases,No releases,27,27,25,FALSE
2025-07-10 12:32:09,ckan/ckanext-repo,https://github.com/ckan/ckanext-repo,5,0,No releases,No releases,2,0,3,FALSE
2025-07-10 12:27:48,ckan/ckanext-report,https://github.com/ckan/ckanext-report,36,0,No releases,No releases,18,7,8,FALSE
2025-07-10 12:32:17,ckan/ckanext-rq,https://github.com/ckan/ckanext-rq,4,0,No releases,No releases,3,3,2,FALSE
2025-07-10 12:29:35,ckan/ckanext-s3archive,https://github.com/ckan/ckanext-s3archive,10,0,No releases,No releases,8,4,2,FALSE
2025-07-10 12:27:13,ckan/ckanext-scheming,https://github.com/ckan/ckanext-scheming,174,0,No releases,No releases,92,122,37,FALSE
2025-07-10 12:31:27,ckan/ckanext-searchhistory,https://github.com/ckan/ckanext-searchhistory,5,0,No releases,No releases,4,3,2,FALSE
2025-07-10 12:27:18,ckan/ckanext-showcase,https://github.com/ckan/ckanext-showcase,79,17,v1.8.3,2025-02-05,46,37,25,FALSE
2025-07-10 12:27:11,ckan/ckanext-spatial,https://github.com/ckan/ckanext-spatial,204,7,v2.3.1,2025-06-11,133,106,40,FALSE
2025-07-10 12:26:49,ckan/ckanext-validation,https://github.com/ckan/ckanext-validation,33,4,2.2.0,2024-12-16,30,43,12,TRUE
2025-07-10 12:29:01,ckan/ckanext-viewhelpers,https://github.com/ckan/ckanext-viewhelpers,13,0,No releases,No releases,5,6,2,FALSE
2025-07-10 12:27:21,ckan/ckanext-xloader,https://github.com/ckan/ckanext-xloader,56,12,2.1.0,2025-03-11,51,36,24,FALSE
2025-07-10 12:28:30,cmuphillycapstone/ckanext-dictionary,https://github.com/cmuphillycapstone/ckanext-dictionary,15,0,No releases,No releases,10,9,3,FALSE
2025-07-10 12:49:33,code-schleswig-holstein/ckanext-odsh,https://github.com/code-schleswig-holstein/ckanext-odsh,0,0,No releases,No releases,0,0,1,FALSE
2025-07-10 12:48:17,congbk92/ckanext-dataconverter,https://github.com/congbk92/ckanext-dataconverter,0,0,No releases,No releases,1,0,1,FALSE
2025-07-10 12:27:37,conwetlab/ckanext-datarequests,https://github.com/conwetlab/ckanext-datarequests,54,17,v1.1.0,2018-09-24,18,11,6,FALSE
2025-07-10 12:36:59,conwetlab/ckanext-datastore_restful,https://github.com/conwetlab/ckanext-datastore_restful,2,0,No releases,No releases,2,0,2,FALSE
2025-07-10 12:37:09,conwetlab/ckanext-fiware_header,https://github.com/conwetlab/ckanext-fiware_header,2,0,No releases,No releases,2,0,1,FALSE
2025-07-10 12:27:43,conwetlab/ckanext-oauth2,https://github.com/conwetlab/ckanext-oauth2,58,17,v0.7.0,2019-04-12,24,22,7,FALSE
2025-07-10 12:28:19,conwetlab/ckanext-privatedatasets,https://github.com/conwetlab/ckanext-privatedatasets,16,24,v0.4.1,2020-03-16,19,9,9,FALSE
2025-07-10 12:30:40,conwetlab/ckanext-storepublisher,https://github.com/conwetlab/ckanext-storepublisher,7,8,v0.3.2,2015-11-25,3,0,3,FALSE
2025-07-10 12:31:40,conwetlab/ckanext-wirecloud_view,https://github.com/conwetlab/ckanext-wirecloud_view,7,3,v1.1.0,2018-07-20,2,2,4,FALSE
2025-07-10 12:29:03,costibleotu/ckanext-dataportaltheme,https://github.com/costibleotu/ckanext-dataportaltheme,26,0,No releases,No releases,0,0,4,FALSE
2025-07-10 12:46:31,costibleotu/ckanext-githubfeed,https://github.com/costibleotu/ckanext-githubfeed,0,0,No releases,No releases,0,0,2,FALSE
2025-07-10 12:42:47,cphsolutionslab/ckanext-cphopendata,https://github.com/cphsolutionslab/ckanext-cphopendata,0,0,No releases,No releases,1,0,1,FALSE
2025-07-10 12:36:47,cphsolutionslab/ckanext-customuserprivileges,https://github.com/cphsolutionslab/ckanext-customuserprivileges,2,0,No releases,No releases,2,1,0,FALSE
2025-07-10 12:28:35,cphsolutionslab/ckanext-dataproxy,https://github.com/cphsolutionslab/ckanext-dataproxy,14,0,No releases,No releases,11,8,3,FALSE
2025-07-10 12:50:12,cphsolutionslab/ckanext-metadataharvest,https://github.com/cphsolutionslab/ckanext-metadataharvest,1,0,No releases,No releases,0,0,0,FALSE
2025-07-10 12:38:13,cphsolutionslab/ckanext-portalopendatadk,https://github.com/cphsolutionslab/ckanext-portalopendatadk,2,0,No releases,No releases,0,0,1,FALSE
2025-07-10 12:47:16,csipiemonte/ckanext-apertocomunetorinoit,https://github.com/csipiemonte/ckanext-apertocomunetorinoit,0,0,No releases,No releases,0,0,1,FALSE
2025-07-10 12:44:34,cuprit-gbr/ckanext-thesauri,https://github.com/cuprit-gbr/ckanext-thesauri,1,0,No releases,No releases,0,0,1,FALSE
2025-07-10 12:30:15,dadosgovbr/ckanext-dadosgovbr,https://github.com/dadosgovbr/ckanext-dadosgovbr,4,9,v0.5-beta,2018-01-07,17,1,5,FALSE
2025-07-10 12:39:19,dadosgovbr/ckanext-dadosgovbr-2014,https://github.com/dadosgovbr/ckanext-dadosgovbr-2014,2,0,No releases,No releases,1,0,3,FALSE
2025-07-10 12:34:29,damalaga/ckanext-malaga,https://github.com/damalaga/ckanext-malaga,2,0,No releases,No releases,4,2,1,FALSE
2025-07-10 12:37:01,dangsg/ckanext-mysql2mongodb,https://github.com/dangsg/ckanext-mysql2mongodb,3,0,No releases,No releases,0,0,1,FALSE
2025-07-10 12:40:44,data-govt-nz/ckanext-dia,https://github.com/data-govt-nz/ckanext-dia,1,1,1.1.0,2018-12-10,3,2,7,FALSE
2025-07-10 12:29:52,data-govt-nz/ckanext-dia_theme,https://github.com/data-govt-nz/ckanext-dia_theme,9,8,2.0.1,2019-07-31,6,3,11,FALSE
2025-07-10 12:39:10,data-govt-nz/ckanext-protected_resources,https://github.com/data-govt-nz/ckanext-protected_resources,2,1,0.1.0,2018-07-23,1,4,3,FALSE
2025-07-10 12:27:47,data-govt-nz/ckanext-security,https://github.com/data-govt-nz/ckanext-security,38,6,4.1.1,2024-03-02,25,16,15,FALSE
2025-07-10 12:29:09,datacats/ckanext-featuredviews,https://github.com/datacats/ckanext-featuredviews,9,0,No releases,No releases,10,4,2,FALSE
2025-07-10 12:30:19,datacats/ckanext-geopusher,https://github.com/datacats/ckanext-geopusher,5,0,No releases,No releases,15,1,2,FALSE
2025-07-10 12:38:10,datacats/ckanext-ottawa,https://github.com/datacats/ckanext-ottawa,1,0,No releases,No releases,1,1,1,FALSE
2025-07-10 12:29:20,datacats/ckanext-webhooks,https://github.com/datacats/ckanext-webhooks,7,0,No releases,No releases,13,6,2,FALSE
2025-07-10 12:29:05,datadotworld/ckanext-datadotworld,https://github.com/datadotworld/ckanext-datadotworld,9,0,No releases,No releases,12,3,6,FALSE
2025-07-10 12:29:40,datagovau/ckanext-agls,https://github.com/datagovau/ckanext-agls,11,0,No releases,No releases,2,2,5,FALSE
2025-07-10 12:29:38,datagovau/ckanext-cesiumpreview,https://github.com/datagovau/ckanext-cesiumpreview,11,0,No releases,No releases,2,3,1,FALSE
2025-07-10 12:57:07,datagovau/ckanext-s3multipart,https://github.com/datagovau/ckanext-s3multipart,0,0,No releases,No releases,0,0,1,FALSE
2025-07-10 12:57:08,datagovau/ckanext-xspatialloader,https://github.com/datagovau/ckanext-xspatialloader,0,0,No releases,No releases,0,0,1,FALSE
2025-07-10 12:31:37,datagovsg/ckanext-s3-resources,https://github.com/datagovsg/ckanext-s3-resources,6,0,No releases,No releases,4,5,2,FALSE
2025-07-10 12:32:01,datagovuk/ckanext-certificates,https://github.com/datagovuk/ckanext-certificates,7,0,No releases,No releases,1,1,2,FALSE
2025-07-10 12:30:10,datagovuk/ckanext-datapreview,https://github.com/datagovuk/ckanext-datapreview,6,0,No releases,No releases,8,0,3,FALSE
2025-07-10 12:34:19,datagovuk/ckanext-datastore,https://github.com/datagovuk/ckanext-datastore,4,0,No releases,No releases,0,0,2,FALSE
2025-07-10 12:27:45,datagovuk/ckanext-dgu,https://github.com/datagovuk/ckanext-dgu,33,0,No releases,No releases,34,72,19,FALSE
2025-07-10 12:36:21,datagovuk/ckanext-dgu-local,https://github.com/datagovuk/ckanext-dgu-local,3,0,No releases,No releases,1,0,2,FALSE
2025-07-10 12:28:18,datagovuk/ckanext-ga-report,https://github.com/datagovuk/ckanext-ga-report,21,0,No releases,No releases,10,4,4,FALSE
2025-07-10 12:35:18,datagovuk/ckanext-linkfinder,https://github.com/datagovuk/ckanext-linkfinder,3,0,No releases,No releases,0,0,1,FALSE
2025-07-10 12:31:03,datagovuk/ckanext-os,https://github.com/datagovuk/ckanext-os,4,0,No releases,No releases,9,1,5,FALSE
2025-07-10 12:37:58,datagovuk/ckanext-redmine,https://github.com/datagovuk/ckanext-redmine,2,0,No releases,No releases,0,0,1,FALSE
2025-07-10 12:46:20,datagovuk/ckanext-schemadotorg,https://github.com/datagovuk/ckanext-schemadotorg,1,0,No releases,No releases,1,0,1,FALSE
2025-07-10 12:32:31,datagovuk/ckanext-taxonomy,https://github.com/datagovuk/ckanext-taxonomy,3,0,No releases,No releases,5,3,2,FALSE
2025-07-10 12:48:51,datagvat/ckanext-dgvat,https://github.com/datagvat/ckanext-dgvat,1,0,No releases,No releases,0,0,0,FALSE
2025-07-10 12:34:00,datalocale/ckanext-datalocale,https://github.com/datalocale/ckanext-datalocale,3,0,No releases,No releases,2,3,2,FALSE
2025-07-10 12:40:06,dataoverheid/ckanext-donl,https://github.com/dataoverheid/ckanext-donl,0,1,v2.1,2015-09-04,3,0,2,FALSE
2025-07-10 12:39:01,datarefuge/ckanext-datarefuge_theme,https://github.com/datarefuge/ckanext-datarefuge_theme,1,0,No releases,No releases,5,0,0,FALSE
2025-07-10 12:38:49,datasketch/ckanext-cdmx,https://github.com/datasketch/ckanext-cdmx,2,0,No releases,No releases,1,0,2,FALSE
2025-07-10 12:35:58,datasketch/ckanext-pdae_theme,https://github.com/datasketch/ckanext-pdae_theme,3,0,No releases,No releases,1,0,1,FALSE
2025-07-10 12:29:33,datawagovau/ckanext-datawagovautheme,https://github.com/datawagovau/ckanext-datawagovautheme,8,1,v1.0,2015-10-29,7,23,5,FALSE
2025-07-10 12:52:43,dathere/ckanext-boernetx_theme,https://github.com/dathere/ckanext-boernetx_theme,0,0,No releases,No releases,0,1,4,FALSE
2025-07-10 12:52:41,dathere/ckanext-datatablesview_plus,https://github.com/dathere/ckanext-datatablesview_plus,0,0,No releases,No releases,0,0,1,FALSE
2025-07-10 12:52:38,dathere/ckanext-officedocs,https://github.com/dathere/ckanext-officedocs,1,0,No releases,No releases,0,1,4,FALSE
2025-07-10 12:38:59,dathere/ckanext-openapi_viewer,https://github.com/dathere/ckanext-openapi_viewer,2,0,No releases,No releases,0,2,2,FALSE
2025-07-10 12:52:44,dathere/ckanext-twdh_reports,https://github.com/dathere/ckanext-twdh_reports,1,0,No releases,No releases,0,1,2,FALSE
2025-07-10 12:27:05,dathere/datapusher-plus,https://github.com/dathere/datapusher-plus,27,32,2.0.0,2025-04-25,38,49,45,TRUE
2025-07-10 12:36:35,datopian/ckanext-aberdeen,https://github.com/datopian/ckanext-aberdeen,2,8,v0.0.9,2020-06-09,2,5,5,FALSE
2025-07-10 12:39:38,datopian/ckanext-abtassociates,https://github.com/datopian/ckanext-abtassociates,1,0,No releases,No releases,4,0,3,FALSE
2025-07-10 12:30:39,datopian/ckanext-aircan,https://github.com/datopian/ckanext-aircan,5,3,v1.0.2,2024-08-06,7,7,6,FALSE
2025-07-10 12:41:56,datopian/ckanext-aridhia,https://github.com/datopian/ckanext-aridhia,1,1,v0.4.4,2017-02-13,2,0,4,FALSE
2025-07-10 12:37:06,datopian/ckanext-asset-storage,https://github.com/datopian/ckanext-asset-storage,3,1,v0.1.6,2021-04-09,2,4,2,FALSE
2025-07-10 12:35:14,datopian/ckanext-auth,https://github.com/datopian/ckanext-auth,2,0,No releases,No releases,4,5,3,FALSE
2025-07-10 12:30:50,datopian/ckanext-authz-service,https://github.com/datopian/ckanext-authz-service,8,2,v0.2.0,2021-05-12,9,9,4,FALSE
2025-07-10 12:52:27,datopian/ckanext-bankofengland,https://github.com/datopian/ckanext-bankofengland,1,0,No releases,No releases,0,0,4,FALSE
2025-07-10 12:37:26,datopian/ckanext-birmingham,https://github.com/datopian/ckanext-birmingham,1,0,No releases,No releases,5,0,1,FALSE
2025-07-10 12:30:44,datopian/ckanext-blob-storage,https://github.com/datopian/ckanext-blob-storage,7,24,v0.9.0,2023-01-03,15,12,12,FALSE
2025-07-10 12:30:05,datopian/ckanext-c3charts,https://github.com/datopian/ckanext-c3charts,10,7,v0.3.2,2018-02-09,6,0,6,FALSE
2025-07-10 12:52:49,datopian/ckanext-ckan_cluster,https://github.com/datopian/ckanext-ckan_cluster,1,0,No releases,No releases,0,1,1,FALSE
2025-07-10 12:40:36,datopian/ckanext-coastal,https://github.com/datopian/ckanext-coastal,1,0,No releases,No releases,3,0,1,FALSE
2025-07-10 12:52:52,datopian/ckanext-data-api,https://github.com/datopian/ckanext-data-api,0,0,No releases,No releases,0,0,2,FALSE
2025-07-10 12:52:50,datopian/ckanext-dataexplorer-graphql,https://github.com/datopian/ckanext-dataexplorer-graphql,1,0,No releases,No releases,0,0,2,FALSE
2025-07-10 12:30:52,datopian/ckanext-dataexplorer-react,https://github.com/datopian/ckanext-dataexplorer-react,6,0,No releases,No releases,8,3,3,FALSE
2025-07-10 12:37:10,datopian/ckanext-datagm,https://github.com/datopian/ckanext-datagm,1,0,No releases,No releases,7,0,4,FALSE
2025-07-10 12:31:05,datopian/ckanext-datapub,https://github.com/datopian/ckanext-datapub,5,10,v0.2.0,2021-04-02,5,1,6,FALSE
2025-07-10 12:30:33,datopian/ckanext-datasetapproval,https://github.com/datopian/ckanext-datasetapproval,9,0,No releases,No releases,2,6,2,FALSE
2025-07-10 12:32:23,datopian/ckanext-datastore-bigquery,https://github.com/datopian/ckanext-datastore-bigquery,3,0,No releases,No releases,10,3,5,FALSE
2025-07-10 12:52:57,datopian/ckanext-datastore-dumper,https://github.com/datopian/ckanext-datastore-dumper,0,0,No releases,No releases,0,0,1,FALSE
2025-07-10 12:51:04,datopian/ckanext-datopian,https://github.com/datopian/ckanext-datopian,1,1,v1.0.0,2022-02-02,2,1,2,FALSE
2025-07-10 12:29:45,datopian/ckanext-developerpage,https://github.com/datopian/ckanext-developerpage,6,0,No releases,No releases,10,0,4,FALSE
2025-07-10 12:32:52,datopian/ckanext-dundee,https://github.com/datopian/ckanext-dundee,4,3,v0.0.4,2020-04-14,2,0,5,FALSE
2025-07-10 12:41:55,datopian/ckanext-duplicateresource,https://github.com/datopian/ckanext-duplicateresource,1,0,No releases,No releases,2,0,1,FALSE
2025-07-10 12:45:53,datopian/ckanext-eba,https://github.com/datopian/ckanext-eba,0,2,v0.0.2,2023-01-13,0,0,1,FALSE
2025-07-10 12:31:22,datopian/ckanext-edo,https://github.com/datopian/ckanext-edo,5,0,No releases,No releases,4,0,6,FALSE
2025-07-10 12:36:44,datopian/ckanext-gdpr,https://github.com/datopian/ckanext-gdpr,2,0,No releases,No releases,2,2,1,FALSE
2025-07-10 12:36:32,datopian/ckanext-gitdatahub,https://github.com/datopian/ckanext-gitdatahub,2,0,No releases,No releases,2,9,2,FALSE
2025-07-10 12:39:28,datopian/ckanext-gosh,https://github.com/datopian/ckanext-gosh,1,23,v0.2.3,2017-12-13,4,0,5,FALSE
2025-07-10 12:35:02,datopian/ckanext-honduras,https://github.com/datopian/ckanext-honduras,2,2,0.0.18,2019-09-25,3,12,5,FALSE
2025-07-10 12:38:22,datopian/ckanext-iaea,https://github.com/datopian/ckanext-iaea,1,6,v0.1.5,2021-07-19,0,0,3,FALSE
2025-07-10 12:52:58,datopian/ckanext-idda,https://github.com/datopian/ckanext-idda,0,0,No releases,No releases,0,0,2,FALSE
2025-07-10 12:41:18,datopian/ckanext-inverness,https://github.com/datopian/ckanext-inverness,1,3,v0.0.4,2019-10-28,2,0,3,FALSE
2025-07-10 12:39:35,datopian/ckanext-logstash,https://github.com/datopian/ckanext-logstash,1,0,No releases,No releases,4,0,1,FALSE
2025-07-10 12:38:32,datopian/ckanext-meerbusch,https://github.com/datopian/ckanext-meerbusch,2,1,v1.0.0,2017-01-03,1,0,8,FALSE
2025-07-10 12:52:07,datopian/ckanext-meerbuschview,https://github.com/datopian/ckanext-meerbuschview,1,2,v0.0.2,2021-07-21,0,0,2,FALSE
2025-07-10 12:48:11,datopian/ckanext-moeiemailer,https://github.com/datopian/ckanext-moeiemailer,0,0,No releases,No releases,0,0,2,FALSE
2025-07-10 12:41:35,datopian/ckanext-montrose,https://github.com/datopian/ckanext-montrose,1,1,v0.6.3,2016-10-04,2,0,4,FALSE
2025-07-10 12:39:26,datopian/ckanext-montrosemaps,https://github.com/datopian/ckanext-montrosemaps,1,0,No releases,No releases,4,0,1,FALSE
2025-07-10 12:38:17,datopian/ckanext-nav,https://github.com/datopian/ckanext-nav,2,0,No releases,No releases,1,0,3,FALSE
2025-07-10 12:29:47,datopian/ckanext-noanonaccess,https://github.com/datopian/ckanext-noanonaccess,7,10,v2.0.4,2024-01-04,7,1,7,FALSE
2025-07-10 12:41:40,datopian/ckanext-nokia,https://github.com/datopian/ckanext-nokia,1,0,No releases,No releases,2,0,0,FALSE
2025-07-10 12:52:53,datopian/ckanext-nus,https://github.com/datopian/ckanext-nus,0,0,No releases,No releases,0,0,2,FALSE
2025-07-10 12:41:15,datopian/ckanext-opendataje,https://github.com/datopian/ckanext-opendataje,1,0,No releases,No releases,2,0,2,FALSE
2025-07-10 12:31:25,datopian/ckanext-opendatani,https://github.com/datopian/ckanext-opendatani,5,15,v1.0.0,2021-10-08,4,7,18,FALSE
2025-07-10 12:41:44,datopian/ckanext-opnv,https://github.com/datopian/ckanext-opnv,0,3,v0.0.3,2019-09-03,2,4,4,FALSE
2025-07-10 12:30:18,datopian/ckanext-orgdashboards,https://github.com/datopian/ckanext-orgdashboards,5,23,v0.6,2017-11-16,9,0,6,FALSE
2025-07-10 12:29:55,datopian/ckanext-orgportals,https://github.com/datopian/ckanext-orgportals,7,14,v0.1.7-tayside,2018-09-20,6,3,5,FALSE
2025-07-10 12:39:47,datopian/ckanext-panamatheme,https://github.com/datopian/ckanext-panamatheme,1,0,No releases,No releases,4,0,1,FALSE
2025-07-10 12:41:41,datopian/ckanext-perth,https://github.com/datopian/ckanext-perth,0,6,v0.0.7,2020-06-18,2,0,6,FALSE
2025-07-10 12:42:23,datopian/ckanext-portaljs-improvements,https://github.com/datopian/ckanext-portaljs-improvements,0,0,No releases,No releases,2,0,1,FALSE
2025-07-10 12:52:22,datopian/ckanext-querytool,https://github.com/datopian/ckanext-querytool,12,167,v3.0.1,2025-03-18,19,0,14,FALSE
2025-07-10 12:29:30,datopian/ckanext-requestdata,https://github.com/datopian/ckanext-requestdata,9,28,v2.1.7,2017-08-30,6,3,11,FALSE
2025-07-10 12:37:02,datopian/ckanext-saasportal_quote,https://github.com/datopian/ckanext-saasportal_quote,2,1,v0.4,2018-02-08,2,0,4,FALSE
2025-07-10 12:52:55,datopian/ckanext-sse,https://github.com/datopian/ckanext-sse,0,12,v1.1.1,2024-09-24,0,0,5,FALSE
2025-07-10 12:52:47,datopian/ckanext-stirling,https://github.com/datopian/ckanext-stirling,1,6,v0.0.8,2020-04-14,1,0,5,FALSE
2025-07-10 12:40:17,datopian/ckanext-story,https://github.com/datopian/ckanext-story,1,0,No releases,No releases,3,0,0,FALSE
2025-07-10 12:31:19,datopian/ckanext-sweden,https://github.com/datopian/ckanext-sweden,4,0,No releases,No releases,7,6,6,FALSE
2025-07-10 12:31:43,datopian/ckanext-tayside,https://github.com/datopian/ckanext-tayside,4,25,v1.0.20,2020-07-21,5,3,8,FALSE
2025-07-10 12:35:48,datopian/ckanext-teachcanada,https://github.com/datopian/ckanext-teachcanada,3,0,No releases,No releases,0,0,3,FALSE
2025-07-10 12:48:19,datopian/ckanext-ubdc,https://github.com/datopian/ckanext-ubdc,0,7,v1.0.9,2023-11-10,0,0,4,FALSE
2025-07-10 12:40:54,datopian/ckanext-us_ed_theme,https://github.com/datopian/ckanext-us_ed_theme,1,0,No releases,No releases,3,0,3,FALSE
2025-07-10 12:36:49,datopian/ckanext-vag,https://github.com/datopian/ckanext-vag,2,2,v0.0.4,2017-11-09,2,0,5,FALSE
2025-07-10 12:31:21,datopian/ckanext-versioning,https://github.com/datopian/ckanext-versioning,4,4,v0.0.4,2020-07-14,7,17,11,FALSE
2025-07-10 12:30:07,datopian/ckanext-versions,https://github.com/datopian/ckanext-versions,7,23,v0.2.0,2022-11-09,9,9,11,FALSE
2025-07-10 12:40:59,datopian/ckanext-viderum,https://github.com/datopian/ckanext-viderum,1,0,No releases,No releases,2,0,3,FALSE
2025-07-10 12:40:51,datopian/ckanext-vitalstrategies_shanghai,https://github.com/datopian/ckanext-vitalstrategies_shanghai,1,9,v0.0.9,2019-08-21,3,0,1,FALSE
2025-07-10 12:38:35,datopian/ckanext-vocabulary,https://github.com/datopian/ckanext-vocabulary,2,0,No releases,No releases,1,2,1,FALSE
2025-07-10 12:41:53,datopian/ckanext-vrr,https://github.com/datopian/ckanext-vrr,1,7,v0.0.20,2019-02-08,2,1,6,FALSE
2025-07-10 12:46:40,datopian/ckanext-zip,https://github.com/datopian/ckanext-zip,0,0,No releases,No releases,1,0,0,FALSE
2025-07-10 12:34:06,datosgobar/ckanext-seriestiempoarexplorer,https://github.com/datosgobar/ckanext-seriestiempoarexplorer,4,17,2.8.1,2019-11-27,1,1,5,FALSE
2025-07-10 12:38:18,davidr-PA/ckanext-lemr,https://github.com/davidr-PA/ckanext-lemr,2,0,No releases,No releases,1,0,2,FALSE
2025-07-10 12:45:27,davidread/ckanext-analytics,https://github.com/davidread/ckanext-analytics,1,0,No releases,No releases,1,0,0,FALSE
2025-07-10 12:28:47,davidread/ckanext-downloadall,https://github.com/davidread/ckanext-downloadall,15,0,No releases,No releases,5,5,1,FALSE
2025-07-10 12:44:46,dbca-wa/ckanext-dbca,https://github.com/dbca-wa/ckanext-dbca,1,0,No releases,No releases,0,7,2,FALSE
2025-07-10 12:51:29,deniszgonjanin/ckanext-geojsonview,https://github.com/deniszgonjanin/ckanext-geojsonview,1,0,No releases,No releases,1,0,1,FALSE
2025-07-10 12:41:02,depositar/ckanext-ark,https://github.com/depositar/ckanext-ark,0,5,v1.0.4,2025-03-31,2,0,1,FALSE
2025-07-10 12:37:55,depositar/ckanext-citation,https://github.com/depositar/ckanext-citation,2,0,No releases,No releases,0,0,1,FALSE
2025-07-10 12:27:01,depositar/ckanext-data-depositario,https://github.com/depositar/ckanext-data-depositario,4,44,6.7.5,2025-05-19,3,6,5,TRUE
2025-07-10 12:40:09,depositar/ckanext-wikidatakeyword,https://github.com/depositar/ckanext-wikidatakeyword,0,0,No releases,No releases,3,0,1,FALSE
2025-07-10 12:42:59,derilinx/ckanext-derilinxdcatprofile,https://github.com/derilinx/ckanext-derilinxdcatprofile,0,0,No releases,No releases,0,0,1,FALSE
2025-07-10 12:42:28,derilinx/ckanext-dgi-public,https://github.com/derilinx/ckanext-dgi-public,0,0,No releases,No releases,2,0,0,FALSE
2025-07-10 12:35:46,derilinx/ckanext-dietstars,https://github.com/derilinx/ckanext-dietstars,3,0,No releases,No releases,0,0,5,FALSE
2025-07-10 12:45:32,derilinx/ckanext-losd,https://github.com/derilinx/ckanext-losd,1,0,No releases,No releases,1,0,3,FALSE
2025-07-10 12:33:16,devartis/ckanext-andinotemplate,https://github.com/devartis/ckanext-andinotemplate,5,0,No releases,No releases,0,0,1,FALSE
2025-07-10 12:34:25,developmentseed/ckanext-authkey,https://github.com/developmentseed/ckanext-authkey,4,0,No releases,No releases,0,0,2,FALSE
2025-07-10 12:31:32,developmentseed/ckanext-mvt,https://github.com/developmentseed/ckanext-mvt,5,2,v0.2.1,2016-12-22,4,2,2,FALSE
2025-07-10 12:46:14,domoritz/ckanext-krzn,https://github.com/domoritz/ckanext-krzn,2,0,No releases,No releases,0,0,1,FALSE
2025-07-10 12:38:24,dpc-sdp/ckanext-datasetform,https://github.com/dpc-sdp/ckanext-datasetform,2,0,No releases,No releases,0,0,10,FALSE
2025-07-10 12:33:35,dpc-sdp/ckanext-datavic-harvester,https://github.com/dpc-sdp/ckanext-datavic-harvester,5,0,No releases,No releases,0,5,13,FALSE
2025-07-10 12:33:04,dpc-sdp/ckanext-datavic-iar-theme,https://github.com/dpc-sdp/ckanext-datavic-iar-theme,7,0,No releases,No releases,0,4,14,FALSE
2025-07-10 12:57:05,dpc-sdp/ckanext-datavic-reporting,https://github.com/dpc-sdp/ckanext-datavic-reporting,1,0,No releases,No releases,0,0,7,FALSE
2025-07-10 12:32:42,dpc-sdp/ckanext-datavicmain,https://github.com/dpc-sdp/ckanext-datavicmain,7,0,No releases,No releases,0,5,17,FALSE
2025-07-10 12:34:50,dpc-sdp/ckanext_datavic_odp_schema,https://github.com/dpc-sdp/ckanext_datavic_odp_schema,5,0,No releases,No releases,0,0,14,FALSE
2025-07-10 12:33:55,dpc-sdp/ckanext_datavic_odp_theme,https://github.com/dpc-sdp/ckanext_datavic_odp_theme,6,0,No releases,No releases,0,1,15,FALSE
2025-07-10 12:39:04,dpp-dev/ckanext-latvian-theme,https://github.com/dpp-dev/ckanext-latvian-theme,2,0,No releases,No releases,1,0,2,FALSE
2025-07-10 12:46:43,eHealthAfrica/ckanext-biskit,https://github.com/eHealthAfrica/ckanext-biskit,1,8,v1.0.7,2021-04-21,0,2,5,FALSE
2025-07-10 12:50:33,eccenca/ckanext-diachron,https://github.com/eccenca/ckanext-diachron,0,0,No releases,No releases,0,0,1,FALSE
2025-07-10 12:52:05,ecolabdata/ckanext-dsfr,https://github.com/ecolabdata/ckanext-dsfr,1,0,No releases,No releases,1,15,6,FALSE
2025-07-10 12:40:25,ecolabdata/ckanext-ecospheres,https://github.com/ecolabdata/ckanext-ecospheres,0,0,No releases,No releases,3,23,3,FALSE
2025-07-10 12:42:20,edincubator/ckanext-edi_theme,https://github.com/edincubator/ckanext-edi_theme,0,0,No releases,No releases,2,0,1,FALSE
2025-07-10 12:34:08,enterstudio/ckanext-datagovau,https://github.com/enterstudio/ckanext-datagovau,4,0,No releases,No releases,0,0,7,FALSE
2025-07-10 12:43:46,ericariyanto/ckanext-pslandak,https://github.com/ericariyanto/ckanext-pslandak,0,0,No releases,No releases,0,0,1,FALSE
2025-07-10 12:39:40,etalab/ckanext-fedmsg,https://github.com/etalab/ckanext-fedmsg,0,0,No releases,No releases,4,1,0,FALSE
2025-07-10 12:30:34,etalab/ckanext-sentry,https://github.com/etalab/ckanext-sentry,13,0,No releases,No releases,1,1,1,FALSE
2025-07-10 12:46:08,etalab/ckanext-youckan,https://github.com/etalab/ckanext-youckan,1,0,No releases,No releases,0,1,1,FALSE
2025-07-10 12:41:00,etri-odp/ckanext-jena,https://github.com/etri-odp/ckanext-jena,1,0,No releases,No releases,2,0,2,FALSE
2025-07-10 12:30:26,etri-odp/ckanext-resourceauthorizer,https://github.com/etri-odp/ckanext-resourceauthorizer,6,0,No releases,No releases,10,1,2,FALSE
2025-07-10 12:49:26,f-osorio/ckanext-clamdscanner,https://github.com/f-osorio/ckanext-clamdscanner,0,0,No releases,No releases,0,0,0,FALSE
2025-07-10 12:52:37,fabricads2012/ckanext-autorizacoes,https://github.com/fabricads2012/ckanext-autorizacoes,0,0,No releases,No releases,0,0,0,FALSE
2025-07-10 12:51:07,fbellati/ckanext-branding,https://github.com/fbellati/ckanext-branding,1,0,No releases,No releases,0,1,1,FALSE
2025-07-10 12:43:07,fernandobac03/ckanext-mdfromowl,https://github.com/fernandobac03/ckanext-mdfromowl,0,0,No releases,No releases,0,0,2,FALSE
2025-07-10 12:50:40,fernandobac03/ckanext-recordviewer,https://github.com/fernandobac03/ckanext-recordviewer,0,0,No releases,No releases,0,0,0,FALSE
2025-07-10 12:46:23,fernandobac03/ckanext-runtimeconfig,https://github.com/fernandobac03/ckanext-runtimeconfig,0,0,No releases,No releases,0,0,1,FALSE
2025-07-10 12:51:14,fjelltopp/ckanext-dms,https://github.com/fjelltopp/ckanext-dms,0,0,No releases,No releases,0,0,5,FALSE
2025-07-10 12:41:21,fjelltopp/ckanext-emailasusername,https://github.com/fjelltopp/ckanext-emailasusername,2,4,v1.2.1,2023-02-07,2,0,6,FALSE
2025-07-10 12:44:41,fjelltopp/ckanext-spectrum,https://github.com/fjelltopp/ckanext-spectrum,0,0,No releases,No releases,0,0,3,FALSE
2025-07-10 12:38:50,fjelltopp/ckanext-unaids,https://github.com/fjelltopp/ckanext-unaids,2,0,No releases,No releases,0,2,12,FALSE
2025-07-10 12:45:49,fjelltopp/ckanext-useraffiliation,https://github.com/fjelltopp/ckanext-useraffiliation,0,0,No releases,No releases,0,0,2,FALSE
2025-07-10 12:50:49,fjelltopp/ckanext-validator,https://github.com/fjelltopp/ckanext-validator,0,0,No releases,No releases,0,0,2,FALSE
2025-07-10 12:43:42,fjelltopp/ckanext-zarr,https://github.com/fjelltopp/ckanext-zarr,0,0,No releases,No releases,0,0,2,FALSE
2025-07-10 12:30:08,fraunhoferfokus/ckanext-govdatade,https://github.com/fraunhoferfokus/ckanext-govdatade,8,0,No releases,No releases,4,0,7,FALSE
2025-07-10 12:40:40,frictionlessdata/ckanext-datapackage,https://github.com/frictionlessdata/ckanext-datapackage,0,4,v0.2.4,2024-06-04,4,3,2,FALSE
2025-07-10 12:28:16,frictionlessdata/ckanext-datapackager,https://github.com/frictionlessdata/ckanext-datapackager,15,1,v1.1.0,2022-08-17,36,20,9,FALSE
2025-07-10 12:51:43,frictionlessdata/ckanext-wprdcpilot,https://github.com/frictionlessdata/ckanext-wprdcpilot,0,0,No releases,No releases,0,0,2,FALSE
2025-07-10 12:42:10,fwoerister/ckanext-mongodatastore,https://github.com/fwoerister/ckanext-mongodatastore,0,4,v0.4,2020-10-13,2,0,1,FALSE
2025-07-10 12:50:57,fwoerister/ckanext-reclinecitationview,https://github.com/fwoerister/ckanext-reclinecitationview,0,0,No releases,No releases,0,0,1,FALSE
2025-07-10 12:48:27,geoimpactag/ckanext-geoimpact,https://github.com/geoimpactag/ckanext-geoimpact,0,0,No releases,No releases,0,0,6,FALSE
2025-07-10 12:29:54,georgepm/ckanext-sparql,https://github.com/georgepm/ckanext-sparql,7,0,No releases,No releases,6,5,2,FALSE
2025-07-10 12:31:35,geosolutions-it/ckanext-azure-auth,https://github.com/geosolutions-it/ckanext-azure-auth,6,0,No releases,No releases,5,10,5,FALSE
2025-07-10 12:55:17,geosolutions-it/ckanext-categorie,https://github.com/geosolutions-it/ckanext-categorie,0,0,No releases,No releases,0,0,1,FALSE
2025-07-10 12:55:01,geosolutions-it/ckanext-cmre,https://github.com/geosolutions-it/ckanext-cmre,1,0,No releases,No releases,0,20,1,FALSE
2025-07-10 12:48:56,geosolutions-it/ckanext-cread,https://github.com/geosolutions-it/ckanext-cread,0,0,No releases,No releases,0,0,0,FALSE
2025-07-10 12:46:48,geosolutions-it/ckanext-dataverse,https://github.com/geosolutions-it/ckanext-dataverse,1,0,No releases,No releases,0,2,2,FALSE
2025-07-10 12:28:23,geosolutions-it/ckanext-dcatapit,https://github.com/geosolutions-it/ckanext-dcatapit,18,0,No releases,No releases,11,18,3,FALSE
2025-07-10 12:47:40,geosolutions-it/ckanext-extras,https://github.com/geosolutions-it/ckanext-extras,1,0,No releases,No releases,0,0,1,FALSE
2025-07-10 12:37:38,geosolutions-it/ckanext-faociok,https://github.com/geosolutions-it/ckanext-faociok,2,0,No releases,No releases,0,0,3,FALSE
2025-07-10 12:47:52,geosolutions-it/ckanext-faoclh,https://github.com/geosolutions-it/ckanext-faoclh,1,0,No releases,No releases,0,46,3,FALSE
2025-07-10 12:28:50,geosolutions-it/ckanext-geonetwork,https://github.com/geosolutions-it/ckanext-geonetwork,12,0,No releases,No releases,11,5,1,FALSE
2025-07-10 12:40:23,geosolutions-it/ckanext-geonode,https://github.com/geosolutions-it/ckanext-geonode,0,0,No releases,No releases,3,6,2,FALSE
2025-07-10 12:50:58,geosolutions-it/ckanext-geosolutions,https://github.com/geosolutions-it/ckanext-geosolutions,0,0,No releases,No releases,0,0,1,FALSE
2025-07-10 12:55:11,geosolutions-it/ckanext-geosolutions-ui,https://github.com/geosolutions-it/ckanext-geosolutions-ui,1,0,No releases,No releases,0,1,2,FALSE
2025-07-10 12:55:12,geosolutions-it/ckanext-grace-period,https://github.com/geosolutions-it/ckanext-grace-period,1,0,No releases,No releases,0,3,2,FALSE
2025-07-10 12:52:35,geosolutions-it/ckanext-grouplabel,https://github.com/geosolutions-it/ckanext-grouplabel,0,0,No releases,No releases,0,0,1,FALSE
2025-07-10 12:43:19,geosolutions-it/ckanext-gsreport,https://github.com/geosolutions-it/ckanext-gsreport,1,0,No releases,No releases,0,0,1,FALSE
2025-07-10 12:55:04,geosolutions-it/ckanext-harvest-clearinghouse,https://github.com/geosolutions-it/ckanext-harvest-clearinghouse,0,0,No releases,No releases,0,0,1,FALSE
2025-07-10 12:55:06,geosolutions-it/ckanext-harvest-tn,https://github.com/geosolutions-it/ckanext-harvest-tn,0,0,No releases,No releases,0,0,1,FALSE
2025-07-10 12:38:30,geosolutions-it/ckanext-lamma,https://github.com/geosolutions-it/ckanext-lamma,2,0,No releases,No releases,0,1,0,FALSE
2025-07-10 12:55:15,geosolutions-it/ckanext-liguria,https://github.com/geosolutions-it/ckanext-liguria,0,0,No releases,No releases,0,1,2,FALSE
2025-07-10 12:42:03,geosolutions-it/ckanext-mapstore,https://github.com/geosolutions-it/ckanext-mapstore,1,0,No releases,No releases,2,4,1,FALSE
2025-07-10 12:31:41,geosolutions-it/ckanext-multilang,https://github.com/geosolutions-it/ckanext-multilang,7,0,No releases,No releases,2,8,3,FALSE
2025-07-10 12:47:26,geosolutions-it/ckanext-odn,https://github.com/geosolutions-it/ckanext-odn,1,0,No releases,No releases,0,0,1,FALSE
2025-07-10 12:55:07,geosolutions-it/ckanext-ogdat,https://github.com/geosolutions-it/ckanext-ogdat,0,0,No releases,No releases,0,0,1,FALSE
2025-07-10 12:33:07,geosolutions-it/ckanext-provbz,https://github.com/geosolutions-it/ckanext-provbz,6,0,No releases,No releases,0,7,3,FALSE
2025-07-10 12:55:09,geosolutions-it/ckanext-provbz-auth,https://github.com/geosolutions-it/ckanext-provbz-auth,1,0,No releases,No releases,0,2,1,FALSE
2025-07-10 12:33:06,geosolutions-it/ckanext-shibboleth,https://github.com/geosolutions-it/ckanext-shibboleth,5,0,No releases,No releases,0,1,1,FALSE
2025-07-10 12:55:00,geosolutions-it/ckanext-spatial-cerco,https://github.com/geosolutions-it/ckanext-spatial-cerco,0,0,No releases,No releases,0,0,3,FALSE
2025-07-10 12:35:52,geosolutions-it/ckanext-tableauview,https://github.com/geosolutions-it/ckanext-tableauview,3,0,No releases,No releases,0,1,1,FALSE
2025-07-10 12:45:05,geosolutions-it/ckanext-tolomeo,https://github.com/geosolutions-it/ckanext-tolomeo,0,0,No releases,No releases,0,1,1,FALSE
2025-07-10 12:55:14,geosolutions-it/ckanext-umbria,https://github.com/geosolutions-it/ckanext-umbria,0,0,No releases,No releases,0,14,2,FALSE
2025-07-10 12:34:12,gfenoy/ckanext-wps,https://github.com/gfenoy/ckanext-wps,4,0,No releases,No releases,1,1,1,FALSE
2025-07-10 12:47:53,gina-alaska/ckanext-glynx,https://github.com/gina-alaska/ckanext-glynx,0,0,No releases,No releases,0,0,5,FALSE
2025-07-10 12:48:10,gislab-augsburg/ckanext-glab,https://github.com/gislab-augsburg/ckanext-glab,0,0,No releases,No releases,0,0,1,FALSE
2025-07-10 12:51:10,gisman/ckanext-urlsearch,https://github.com/gisman/ckanext-urlsearch,0,0,No releases,No releases,0,0,0,FALSE
2025-07-10 12:37:53,gov-il/datagovil-ckanext,https://github.com/gov-il/datagovil-ckanext,2,0,No releases,No releases,0,0,1,FALSE
2025-07-10 12:32:58,govro/ckanext-inventory,https://github.com/govro/ckanext-inventory,4,0,No releases,No releases,2,14,1,FALSE
2025-07-10 12:34:43,govro/ckanext-romania_theme,https://github.com/govro/ckanext-romania_theme,4,0,No releases,No releases,1,3,5,FALSE
2025-07-10 12:31:53,gsi-cyberjapan/ckanext-basemaps,https://github.com/gsi-cyberjapan/ckanext-basemaps,4,0,No releases,No releases,4,0,0,FALSE
2025-07-10 12:43:33,hakannson/ckanext-datacitation,https://github.com/hakannson/ckanext-datacitation,0,0,No releases,No releases,0,0,1,FALSE
2025-07-10 12:52:14,hkmshb/ckanext-ehaportal,https://github.com/hkmshb/ckanext-ehaportal,0,0,No releases,No releases,0,0,0,FALSE
2025-07-10 12:51:08,hkwi/ckanext-pen,https://github.com/hkwi/ckanext-pen,0,0,No releases,No releases,0,0,1,FALSE
2025-07-10 12:41:49,hwaring/ckanext-licenses,https://github.com/hwaring/ckanext-licenses,1,0,No releases,No releases,2,0,1,FALSE
2025-07-10 12:50:25,hwaring/ckanext-opendatabc,https://github.com/hwaring/ckanext-opendatabc,0,0,No releases,No releases,0,0,0,FALSE
2025-07-10 12:48:32,iDigAcademy/ckanext-digitizationknowledge,https://github.com/iDigAcademy/ckanext-digitizationknowledge,0,0,No releases,No releases,1,3,2,FALSE
2025-07-10 12:48:28,ififrank-un/ckanext-databaseharvester,https://github.com/ififrank-un/ckanext-databaseharvester,0,0,No releases,No releases,0,0,1,FALSE
2025-07-10 12:35:33,ilri/ckanext-dataportal,https://github.com/ilri/ckanext-dataportal,3,0,No releases,No releases,0,0,1,FALSE
2025-07-10 12:28:58,ioos/ckanext-ioos-theme,https://github.com/ioos/ckanext-ioos-theme,14,8,1.6,2021-02-08,8,14,9,FALSE
2025-07-10 12:45:02,iotaorg/ckanext-iota,https://github.com/iotaorg/ckanext-iota,0,0,No releases,No releases,1,0,1,FALSE
2025-07-10 12:49:16,jahow/ckanext-georchestra,https://github.com/jahow/ckanext-georchestra,0,0,No releases,No releases,1,0,1,FALSE
2025-07-10 12:33:12,jakubklimek/ckanext-odczdataset,https://github.com/jakubklimek/ckanext-odczdataset,5,0,No releases,No releases,0,1,2,FALSE
2025-07-10 12:49:28,jargonautical/ckanext-tdp,https://github.com/jargonautical/ckanext-tdp,0,0,No releases,No releases,0,0,1,FALSE
2025-07-10 12:45:37,jasonmotylinski/ckanext-datatablesview,https://github.com/jasonmotylinski/ckanext-datatablesview,0,0,No releases,No releases,0,0,0,FALSE
2025-07-10 12:50:52,jayenashar/ckanext-datansw,https://github.com/jayenashar/ckanext-datansw,0,0,No releases,No releases,0,0,8,FALSE
2025-07-10 12:32:00,jesusredondo/ckanext-federgob,https://github.com/jesusredondo/ckanext-federgob,7,0,No releases,No releases,1,3,2,FALSE
2025-07-10 12:44:52,jgsmith/ckanext-dhdata,https://github.com/jgsmith/ckanext-dhdata,0,0,No releases,No releases,0,0,0,FALSE
2025-07-10 12:51:47,jiankaiwang/ckanext-cdccushomepage,https://github.com/jiankaiwang/ckanext-cdccushomepage,0,0,No releases,No releases,0,0,1,FALSE
2025-07-10 12:43:01,jiankaiwang/ckanext-cdcmainlib,https://github.com/jiankaiwang/ckanext-cdcmainlib,0,0,No releases,No releases,0,0,1,FALSE
2025-07-10 12:47:38,jiankaiwang/ckanext-download,https://github.com/jiankaiwang/ckanext-download,1,0,No releases,No releases,0,0,1,FALSE
2025-07-10 12:51:34,jlouhio/ckanext-datahubsuomi,https://github.com/jlouhio/ckanext-datahubsuomi,0,0,No releases,No releases,0,0,1,FALSE
2025-07-10 12:44:02,joetm/ckanext-feeds,https://github.com/joetm/ckanext-feeds,1,0,No releases,No releases,0,0,1,FALSE
2025-07-10 12:37:21,joetm/ckanext-revisiontab,https://github.com/joetm/ckanext-revisiontab,2,0,No releases,No releases,0,0,1,FALSE
2025-07-10 12:42:52,joetm/ckanext-uploadbutton,https://github.com/joetm/ckanext-uploadbutton,1,0,No releases,No releases,0,0,0,FALSE
2025-07-10 12:37:27,joetsoi/ckanext-astro,https://github.com/joetsoi/ckanext-astro,2,0,No releases,No releases,0,1,1,FALSE
2025-07-10 12:46:10,joetsoi/ckanext-jsondatastore,https://github.com/joetsoi/ckanext-jsondatastore,0,0,No releases,No releases,0,0,1,FALSE
2025-07-10 12:36:43,jorabra/ckanext-simplesso,https://github.com/jorabra/ckanext-simplesso,1,0,No releases,No releases,2,0,1,FALSE
2025-07-10 12:41:50,jpmccu/ckanext-arrayexpress,https://github.com/jpmccu/ckanext-arrayexpress,1,0,No releases,No releases,2,0,1,FALSE
2025-07-10 12:52:40,jqnatividad/ckanext-datatablesplus,https://github.com/jqnatividad/ckanext-datatablesplus,0,0,No releases,No releases,0,0,1,FALSE
2025-07-10 12:45:45,justicehub-in/ckanext-emailauth,https://github.com/justicehub-in/ckanext-emailauth,0,0,No releases,No releases,0,4,2,FALSE
2025-07-10 12:48:02,justicehub-in/ckanext-moderation,https://github.com/justicehub-in/ckanext-moderation,0,0,No releases,No releases,0,0,2,FALSE
2025-07-10 12:42:43,kangmoesss/ckanext-oauth2-py3,https://github.com/kangmoesss/ckanext-oauth2-py3,0,0,No releases,No releases,2,0,1,FALSE
2025-07-10 12:45:08,kapucko/ckanext-dataset,https://github.com/kapucko/ckanext-dataset,1,0,No releases,No releases,0,0,2,FALSE
2025-07-10 12:42:46,kapucko/ckanext-edem,https://github.com/kapucko/ckanext-edem,1,0,No releases,No releases,0,0,1,FALSE
2025-07-10 12:26:55,kartoza/ckanext-dalrrd-emc-dcpr,https://github.com/kartoza/ckanext-dalrrd-emc-dcpr,5,2,v0.0.1-rc,2022-10-23,4,44,7,TRUE
2025-07-10 12:30:27,kata-csc/ckanext-kata,https://github.com/kata-csc/ckanext-kata,4,3,v4.3.1,2017-06-06,8,3,13,FALSE
2025-07-10 12:41:43,kata-csc/ckanext-rems,https://github.com/kata-csc/ckanext-rems,1,0,No releases,No releases,2,0,5,FALSE
2025-07-10 12:30:47,kata-csc/ckanext-sitemap,https://github.com/kata-csc/ckanext-sitemap,11,0,No releases,No releases,1,3,5,FALSE
2025-07-10 12:48:57,kata-csc/ckanext-statreports,https://github.com/kata-csc/ckanext-statreports,1,0,No releases,No releases,0,0,2,FALSE
2025-07-10 12:47:01,katucker/ckanext-dapr,https://github.com/katucker/ckanext-dapr,0,0,No releases,No releases,0,0,1,FALSE
2025-07-10 12:48:34,keitaroinc/ckanext-alisea,https://github.com/keitaroinc/ckanext-alisea,0,0,No releases,No releases,0,1,3,FALSE
2025-07-10 12:54:48,keitaroinc/ckanext-approvalworkflow,https://github.com/keitaroinc/ckanext-approvalworkflow,1,0,No releases,No releases,1,0,2,FALSE
2025-07-10 12:54:52,keitaroinc/ckanext-big-resources,https://github.com/keitaroinc/ckanext-big-resources,0,0,No releases,No releases,0,0,1,FALSE
2025-07-10 12:54:57,keitaroinc/ckanext-bulkdownload,https://github.com/keitaroinc/ckanext-bulkdownload,0,0,No releases,No releases,0,0,1,FALSE
2025-07-10 12:54:55,keitaroinc/ckanext-bulkupload,https://github.com/keitaroinc/ckanext-bulkupload,0,0,No releases,No releases,0,0,1,FALSE
2025-07-10 12:54:39,keitaroinc/ckanext-calendar,https://github.com/keitaroinc/ckanext-calendar,0,0,No releases,No releases,0,0,6,FALSE
2025-07-10 12:30:13,keitaroinc/ckanext-cas,https://github.com/keitaroinc/ckanext-cas,8,0,No releases,No releases,4,1,4,FALSE
2025-07-10 12:54:50,keitaroinc/ckanext-cleanup,https://github.com/keitaroinc/ckanext-cleanup,0,0,No releases,No releases,1,0,1,FALSE
2025-07-10 12:54:42,keitaroinc/ckanext-colorado,https://github.com/keitaroinc/ckanext-colorado,0,0,No releases,No releases,0,0,5,FALSE
2025-07-10 12:54:31,keitaroinc/ckanext-dataextractor,https://github.com/keitaroinc/ckanext-dataextractor,1,0,No releases,No releases,1,1,3,FALSE
2025-07-10 12:39:34,keitaroinc/ckanext-datagovmk,https://github.com/keitaroinc/ckanext-datagovmk,0,120,prod.v0.0.47,2021-05-04,4,10,15,FALSE
2025-07-10 12:54:36,keitaroinc/ckanext-dataguide,https://github.com/keitaroinc/ckanext-dataguide,0,0,No releases,No releases,0,0,3,FALSE
2025-07-10 12:54:32,keitaroinc/ckanext-dataquality,https://github.com/keitaroinc/ckanext-dataquality,0,0,No releases,No releases,0,0,3,FALSE
2025-07-10 12:45:20,keitaroinc/ckanext-datasetrelations,https://github.com/keitaroinc/ckanext-datasetrelations,0,0,No releases,No releases,0,0,5,FALSE
2025-07-10 12:54:34,keitaroinc/ckanext-datasetreplication,https://github.com/keitaroinc/ckanext-datasetreplication,0,0,No releases,No releases,0,0,3,FALSE
2025-07-10 12:54:29,keitaroinc/ckanext-eds,https://github.com/keitaroinc/ckanext-eds,0,0,No releases,No releases,0,0,3,FALSE
2025-07-10 12:54:37,keitaroinc/ckanext-edsmetadata,https://github.com/keitaroinc/ckanext-edsmetadata,0,0,No releases,No releases,0,0,2,FALSE
2025-07-10 12:54:41,keitaroinc/ckanext-edsnews,https://github.com/keitaroinc/ckanext-edsnews,0,0,No releases,No releases,0,0,3,FALSE
2025-07-10 12:49:19,keitaroinc/ckanext-experience,https://github.com/keitaroinc/ckanext-experience,0,0,No releases,No releases,0,0,2,FALSE
2025-07-10 12:54:53,keitaroinc/ckanext-kepa,https://github.com/keitaroinc/ckanext-kepa,0,0,No releases,No releases,0,3,2,FALSE
2025-07-10 12:30:42,keitaroinc/ckanext-keycloak,https://github.com/keitaroinc/ckanext-keycloak,8,3,v2.1,2023-10-13,6,1,8,FALSE
2025-07-10 12:31:48,keitaroinc/ckanext-knowledgehub,https://github.com/keitaroinc/ckanext-knowledgehub,3,0,No releases,No releases,9,5,17,FALSE
2025-07-10 12:51:18,keitaroinc/ckanext-lighthorse,https://github.com/keitaroinc/ckanext-lighthorse,0,0,No releases,No releases,0,0,1,FALSE
2025-07-10 12:45:31,keitaroinc/ckanext-likes,https://github.com/keitaroinc/ckanext-likes,0,0,No releases,No releases,0,1,3,FALSE
2025-07-10 12:54:25,keitaroinc/ckanext-mk_dcatap,https://github.com/keitaroinc/ckanext-mk_dcatap,0,0,No releases,No releases,1,0,2,FALSE
2025-07-10 12:54:44,keitaroinc/ckanext-montreal-theme,https://github.com/keitaroinc/ckanext-montreal-theme,3,0,No releases,No releases,0,0,3,FALSE
2025-07-10 12:48:08,keitaroinc/ckanext-noresource,https://github.com/keitaroinc/ckanext-noresource,0,0,No releases,No releases,0,1,2,FALSE
2025-07-10 12:54:58,keitaroinc/ckanext-onicse-theme,https://github.com/keitaroinc/ckanext-onicse-theme,0,0,No releases,No releases,0,0,3,FALSE
2025-07-10 12:54:26,keitaroinc/ckanext-organogram,https://github.com/keitaroinc/ckanext-organogram,0,2,v0.2,2018-06-29,0,0,2,FALSE
2025-07-10 12:50:45,keitaroinc/ckanext-password,https://github.com/keitaroinc/ckanext-password,1,0,No releases,No releases,0,0,3,FALSE
2025-07-10 12:34:31,keitaroinc/ckanext-password-policy,https://github.com/keitaroinc/ckanext-password-policy,3,0,No releases,No releases,2,1,3,FALSE
2025-07-10 12:54:23,keitaroinc/ckanext-purge,https://github.com/keitaroinc/ckanext-purge,0,0,No releases,No releases,1,0,1,FALSE
2025-07-10 12:54:47,keitaroinc/ckanext-questionnaire,https://github.com/keitaroinc/ckanext-questionnaire,0,2,v1.1,2023-02-10,1,0,4,FALSE
2025-07-10 12:48:05,keitaroinc/ckanext-radius,https://github.com/keitaroinc/ckanext-radius,0,0,No releases,No releases,0,0,3,FALSE
2025-07-10 12:31:58,keitaroinc/ckanext-resourcedictionary,https://github.com/keitaroinc/ckanext-resourcedictionary,4,1,v1.0.0,2021-04-15,7,1,1,FALSE
2025-07-10 12:48:42,keitaroinc/ckanext-saasportal,https://github.com/keitaroinc/ckanext-saasportal,0,0,No releases,No releases,0,0,1,FALSE
2025-07-10 12:28:02,keitaroinc/ckanext-saml2auth,https://github.com/keitaroinc/ckanext-saml2auth,39,10,v1.3.0,2022-12-14,25,23,13,FALSE
2025-07-10 12:49:30,keitaroinc/ckanext-saudinodp,https://github.com/keitaroinc/ckanext-saudinodp,0,0,No releases,No releases,0,0,2,FALSE
2025-07-10 12:37:50,keitaroinc/ckanext-sokigo,https://github.com/keitaroinc/ckanext-sokigo,1,0,No releases,No releases,0,0,3,FALSE
2025-07-10 12:46:52,keitaroinc/ckanext-suggest,https://github.com/keitaroinc/ckanext-suggest,0,0,No releases,No releases,0,0,1,FALSE
2025-07-10 12:50:48,keitaroinc/ckanext-systeminfo,https://github.com/keitaroinc/ckanext-systeminfo,0,0,No releases,No releases,0,0,3,FALSE
2025-07-10 12:45:42,keitaroinc/ckanext-villageearth,https://github.com/keitaroinc/ckanext-villageearth,0,0,No releases,No releases,0,0,2,FALSE
2025-07-10 12:28:44,keitaroinc/ckanext-visualize,https://github.com/keitaroinc/ckanext-visualize,12,1,v1.0.0,2021-04-15,20,4,8,FALSE
2025-07-10 12:44:29,keitaroinc/ckanext-xcaret,https://github.com/keitaroinc/ckanext-xcaret,0,0,No releases,No releases,0,0,2,FALSE
2025-07-10 12:49:37,kkakui/ckanext-edc,https://github.com/kkakui/ckanext-edc,0,0,No releases,No releases,0,0,1,FALSE
2025-07-10 12:51:00,kmbn/ckanext-operandum,https://github.com/kmbn/ckanext-operandum,0,0,No releases,No releases,0,0,1,FALSE
2025-07-10 12:46:35,knaw-huc/ckanext-facet,https://github.com/knaw-huc/ckanext-facet,0,0,No releases,No releases,0,0,1,FALSE
2025-07-10 12:34:09,kolesarj/ckanext-aafc,https://github.com/kolesarj/ckanext-aafc,3,0,No releases,No releases,0,0,1,FALSE
2025-07-10 12:49:23,kolesarj/ckanext-aafcesas,https://github.com/kolesarj/ckanext-aafcesas,0,0,No releases,No releases,0,0,1,FALSE
2025-07-10 12:51:56,ksmc/ckanext-activitiestracker,https://github.com/ksmc/ckanext-activitiestracker,0,0,No releases,No releases,0,0,1,FALSE
2025-07-10 12:46:54,kumarvivek1752/ckanext-translate,https://github.com/kumarvivek1752/ckanext-translate,0,0,No releases,No releases,0,0,1,FALSE
2025-07-10 12:51:13,kvichos/ckanext-graspos,https://github.com/kvichos/ckanext-graspos,0,0,No releases,No releases,0,0,0,FALSE
2025-07-10 12:50:24,lepidaspa/ckanext-rernew,https://github.com/lepidaspa/ckanext-rernew,0,0,No releases,No releases,0,0,1,FALSE
2025-07-10 12:47:46,lfalvarez/ckanext-arde,https://github.com/lfalvarez/ckanext-arde,0,0,No releases,No releases,0,0,1,FALSE
2025-07-10 12:40:31,lightbase/ckanext-datadaemon,https://github.com/lightbase/ckanext-datadaemon,1,0,No releases,No releases,3,0,1,FALSE
2025-07-10 12:28:26,liip/ckanext-ddi,https://github.com/liip/ckanext-ddi,16,1,v1.0.0,2015-07-08,12,3,4,FALSE
2025-07-10 12:52:10,luca-martinelli-09/ckanext-cdstheme,https://github.com/luca-martinelli-09/ckanext-cdstheme,0,0,No releases,No releases,1,0,1,FALSE
2025-07-10 12:43:28,lynxlab/ckanext-lait,https://github.com/lynxlab/ckanext-lait,0,5,v0.1.4,2020-09-09,0,0,2,FALSE
2025-07-10 12:44:26,mango7j/ckanext-odao,https://github.com/mango7j/ckanext-odao,1,0,No releases,No releases,0,0,1,FALSE
2025-07-10 12:49:51,manuelpalacin/ckanext-datasetvalidation,https://github.com/manuelpalacin/ckanext-datasetvalidation,0,0,No releases,No releases,1,0,1,FALSE
2025-07-10 12:44:18,markmo/ckanext-azurefilestore,https://github.com/markmo/ckanext-azurefilestore,0,0,No releases,No releases,1,1,1,FALSE
2025-07-10 12:50:55,marsdd/ckanext-marsavin,https://github.com/marsdd/ckanext-marsavin,0,0,No releases,No releases,0,0,1,FALSE
2025-07-10 12:52:04,maslij/ckanext-nbedit,https://github.com/maslij/ckanext-nbedit,0,0,No releases,No releases,0,0,2,FALSE
2025-07-10 12:46:32,mat3rial-dev/ckanext-yycdatacollective,https://github.com/mat3rial-dev/ckanext-yycdatacollective,1,0,No releases,No releases,0,2,1,FALSE
2025-07-10 12:35:22,mateuszneumann/ckanext-ceon,https://github.com/mateuszneumann/ckanext-ceon,3,0,No releases,No releases,0,0,3,FALSE
2025-07-10 12:33:03,maulikkamdar/ckanext-feedback,https://github.com/maulikkamdar/ckanext-feedback,4,0,No releases,No releases,2,1,1,FALSE
2025-07-10 12:50:37,mdkan/ckanext-admin,https://github.com/mdkan/ckanext-admin,0,0,No releases,No releases,0,0,3,FALSE
2025-07-10 12:43:08,mdkan/ckanext-metadata,https://github.com/mdkan/ckanext-metadata,0,0,No releases,No releases,0,0,0,FALSE
2025-07-10 12:46:11,memaldi/ckanext-git,https://github.com/memaldi/ckanext-git,0,0,No releases,No releases,0,0,1,FALSE
2025-07-10 12:43:11,merkelct/ckanext-akanaharvester,https://github.com/merkelct/ckanext-akanaharvester,0,0,No releases,No releases,0,0,2,FALSE
2025-07-10 12:45:19,merkelct/ckanext-frontpage,https://github.com/merkelct/ckanext-frontpage,0,0,No releases,No releases,0,0,1,FALSE
2025-07-10 12:49:06,merkelct/ckanext-slack,https://github.com/merkelct/ckanext-slack,0,0,No releases,No releases,0,0,2,FALSE
2025-07-10 12:50:42,metaodi/ckanext-graphql,https://github.com/metaodi/ckanext-graphql,0,0,No releases,No releases,2,0,1,FALSE
2025-07-10 12:35:34,metropoleruhr/ckanext-rvr,https://github.com/metropoleruhr/ckanext-rvr,3,0,No releases,No releases,0,0,2,FALSE
2025-07-10 12:49:08,microcomp/ckanext-applications,https://github.com/microcomp/ckanext-applications,0,0,No releases,No releases,0,0,4,FALSE
2025-07-10 12:51:32,microcomp/ckanext-audit,https://github.com/microcomp/ckanext-audit,0,0,No releases,No releases,0,0,1,FALSE
2025-07-10 12:47:20,microcomp/ckanext-notifications,https://github.com/microcomp/ckanext-notifications,0,0,No releases,No releases,0,0,3,FALSE
2025-07-10 12:50:14,microcomp/ckanext-sla,https://github.com/microcomp/ckanext-sla,0,0,No releases,No releases,0,0,3,FALSE
2025-07-10 12:42:49,microcomp/ckanext-sql,https://github.com/microcomp/ckanext-sql,0,0,No releases,No releases,0,0,1,FALSE
2025-07-10 12:40:28,microcomp/ckanext-torrent,https://github.com/microcomp/ckanext-torrent,0,0,No releases,No releases,3,0,2,FALSE
2025-07-10 12:28:55,milicp/ckanext-lire,https://github.com/milicp/ckanext-lire,10,1,ckanext-lire-v1.0,2015-06-06,7,6,1,FALSE
2025-07-10 12:36:41,milicp/ckanext-semre,https://github.com/milicp/ckanext-semre,2,1,ckanext-semre-v1.0,2015-06-05,2,1,1,FALSE
2025-07-10 12:46:22,milwaukeedata/ckanext-userprivs,https://github.com/milwaukeedata/ckanext-userprivs,0,0,No releases,No releases,0,0,1,FALSE
2025-07-10 12:46:05,mjanez/ckanext-openapi,https://github.com/mjanez/ckanext-openapi,2,1,v1.0.0,2024-11-04,0,1,1,FALSE
2025-07-10 12:39:52,mmoyles87/ckanext-oauth2provider,https://github.com/mmoyles87/ckanext-oauth2provider,2,0,No releases,No releases,1,0,1,FALSE
2025-07-10 12:50:17,mmoyles87/ckanext-twofactorauth,https://github.com/mmoyles87/ckanext-twofactorauth,0,0,No releases,No releases,0,0,1,FALSE
2025-07-10 12:51:05,momarious/ckanext-momarious,https://github.com/momarious/ckanext-momarious,0,0,No releases,No releases,0,0,0,FALSE
2025-07-10 12:39:16,mominimtiaz786/ckanext-example_theme,https://github.com/mominimtiaz786/ckanext-example_theme,2,0,No releases,No releases,0,0,1,FALSE
2025-07-10 12:43:02,muccg/ckanext-chevrontheme,https://github.com/muccg/ckanext-chevrontheme,0,0,No releases,No releases,0,0,0,FALSE
2025-07-10 12:48:20,muict-is/ckanext-reportview,https://github.com/muict-is/ckanext-reportview,0,0,No releases,No releases,0,0,1,FALSE
2025-07-10 12:48:22,mutantsan/ckanext-relationships,https://github.com/mutantsan/ckanext-relationships,0,0,No releases,No releases,0,0,1,FALSE
2025-07-10 12:33:38,mutantsan/ckanext-search-autocomplete,https://github.com/mutantsan/ckanext-search-autocomplete,6,0,No releases,No releases,0,0,2,FALSE
2025-07-10 12:34:28,mutantsan/ckanext-zippreview,https://github.com/mutantsan/ckanext-zippreview,4,0,No releases,No releases,0,0,0,FALSE
2025-07-10 12:47:03,national-data-platform/ckanext-ndpcatalogadditions,https://github.com/national-data-platform/ckanext-ndpcatalogadditions,0,2,v0.1.3,2025-07-07,0,0,1,FALSE
2025-07-10 12:32:38,neogeo-technologies/ckanext-idgotheme,https://github.com/neogeo-technologies/ckanext-idgotheme,6,24,1.16,2023-06-12,0,1,6,FALSE
2025-07-10 12:44:16,nerevu/ckanext-heroku,https://github.com/nerevu/ckanext-heroku,0,0,No releases,No releases,0,0,1,FALSE
2025-07-10 12:34:58,ngds/ckanext-datastorecsw-bku03232018,https://github.com/ngds/ckanext-datastorecsw-bku03232018,4,0,No releases,No releases,0,2,2,FALSE
2025-07-10 12:43:41,ngds/ckanext-geoserver,https://github.com/ngds/ckanext-geoserver,1,0,No releases,No releases,1,1,1,FALSE
2025-07-10 12:31:24,ngds/ckanext-geoserver-bku03232018,https://github.com/ngds/ckanext-geoserver-bku03232018,6,0,No releases,No releases,5,6,4,FALSE
2025-07-10 12:34:52,ngds/ckanext-mapsearch-bku03232018,https://github.com/ngds/ckanext-mapsearch-bku03232018,4,0,No releases,No releases,1,3,4,FALSE
2025-07-10 12:33:54,ngds/ckanext-metadata-bku03232018,https://github.com/ngds/ckanext-metadata-bku03232018,5,0,No releases,No releases,1,10,5,FALSE
2025-07-10 12:29:32,ngds/ckanext-ngds-bku03232018,https://github.com/ngds/ckanext-ngds-bku03232018,13,0,No releases,No releases,5,69,17,FALSE
2025-07-10 12:36:55,ngds/ckanext-ogcpreview-bku03232018,https://github.com/ngds/ckanext-ogcpreview-bku03232018,3,0,No releases,No releases,1,1,4,FALSE
2025-07-10 12:28:57,nhsengland/ckanext-adfs,https://github.com/nhsengland/ckanext-adfs,12,0,No releases,No releases,7,2,3,FALSE
2025-07-10 12:36:33,nhsengland/ckanext-introjs,https://github.com/nhsengland/ckanext-introjs,3,0,No releases,No releases,2,0,1,FALSE
2025-07-10 12:32:06,nhsengland/ckanext-nhsengland,https://github.com/nhsengland/ckanext-nhsengland,5,0,No releases,No releases,3,6,5,FALSE
2025-07-10 12:51:59,nickwesson/ckanext-govuk,https://github.com/nickwesson/ckanext-govuk,0,0,No releases,No releases,0,0,1,FALSE
2025-07-10 12:39:09,nispc/ckanext-data_recommendation,https://github.com/nispc/ckanext-data_recommendation,2,0,No releases,No releases,0,0,1,FALSE
2025-07-10 12:43:16,nleond/ckanext-helix,https://github.com/nleond/ckanext-helix,0,0,No releases,No releases,0,0,6,FALSE
2025-07-10 12:33:52,ochidam/ckanext,https://github.com/ochidam/ckanext,0,0,No releases,No releases,0,0,0,FALSE
2025-07-10 12:38:15,ogdch/ckanext-fso,https://github.com/ogdch/ckanext-fso,2,4,v1.0.3,2014-02-20,1,2,5,FALSE
2025-07-10 12:47:24,ogdch/ckanext-neat,https://github.com/ogdch/ckanext-neat,0,0,No releases,No releases,0,0,0,FALSE
2025-07-10 12:34:40,ogdch/ckanext-ogdch,https://github.com/ogdch/ckanext-ogdch,2,3,v1.0.2,2014-02-20,4,0,4,FALSE
2025-07-10 12:51:37,ogdch/ckanext-snl,https://github.com/ogdch/ckanext-snl,0,7,v2.0.3,2014-09-24,0,2,4,FALSE
2025-07-10 12:50:34,ogdch/ckanext-swisstopo,https://github.com/ogdch/ckanext-swisstopo,0,4,v1.0.3,2014-02-20,1,0,4,FALSE
2025-07-10 12:48:50,ogdch/ckanext-transharvest,https://github.com/ogdch/ckanext-transharvest,0,2,v1.0.1,2014-02-20,1,1,3,FALSE
2025-07-10 12:38:47,ogdch/ckanext-zhgis,https://github.com/ogdch/ckanext-zhgis,2,5,v1.4,2015-07-16,0,0,4,FALSE
2025-07-10 12:48:47,ogdch/ckanext-zhstat,https://github.com/ogdch/ckanext-zhstat,0,2,v1.0.1,2014-02-20,0,0,5,FALSE
2025-07-10 12:32:54,okfde/ckanext-offenedaten,https://github.com/okfde/ckanext-offenedaten,3,0,No releases,No releases,4,29,12,FALSE
2025-07-10 12:53:07,okfn/ckanext-aerc,https://github.com/okfn/ckanext-aerc,0,0,No releases,No releases,1,0,1,FALSE
2025-07-10 12:43:22,okfn/ckanext-aiglobal,https://github.com/okfn/ckanext-aiglobal,1,0,No releases,No releases,1,0,1,FALSE
2025-07-10 12:53:23,okfn/ckanext-announcements,https://github.com/okfn/ckanext-announcements,0,3,0.1.4,2025-01-07,1,1,2,FALSE
2025-07-10 12:34:42,okfn/ckanext-apps,https://github.com/okfn/ckanext-apps,2,0,No releases,No releases,4,0,5,FALSE
2025-07-10 12:53:14,okfn/ckanext-barnet,https://github.com/okfn/ckanext-barnet,1,0,No releases,No releases,1,2,6,FALSE
2025-07-10 12:53:18,okfn/ckanext-cadastaroles,https://github.com/okfn/ckanext-cadastaroles,0,0,No releases,No releases,0,1,1,FALSE
2025-07-10 12:34:02,okfn/ckanext-collaborators,https://github.com/okfn/ckanext-collaborators,2,0,No releases,No releases,4,5,4,FALSE
2025-07-10 12:48:45,okfn/ckanext-colombia,https://github.com/okfn/ckanext-colombia,0,0,No releases,No releases,1,0,1,FALSE
2025-07-10 12:39:30,okfn/ckanext-csw,https://github.com/okfn/ckanext-csw,0,0,No releases,No releases,4,0,2,FALSE
2025-07-10 12:37:15,okfn/ckanext-datacatalogs,https://github.com/okfn/ckanext-datacatalogs,0,0,No releases,No releases,6,0,2,FALSE
2025-07-10 12:29:27,okfn/ckanext-datahub,https://github.com/okfn/ckanext-datahub,7,0,No releases,No releases,11,29,12,FALSE
2025-07-10 12:53:00,okfn/ckanext-datanl,https://github.com/okfn/ckanext-datanl,0,0,No releases,No releases,0,0,2,FALSE
2025-07-10 12:53:01,okfn/ckanext-datano,https://github.com/okfn/ckanext-datano,0,0,No releases,No releases,0,0,1,FALSE
2025-07-10 12:53:04,okfn/ckanext-deliverance,https://github.com/okfn/ckanext-deliverance,0,0,No releases,No releases,0,0,1,FALSE
2025-07-10 12:40:14,okfn/ckanext-demo,https://github.com/okfn/ckanext-demo,1,0,No releases,No releases,3,0,8,FALSE
2025-07-10 12:53:06,okfn/ckanext-demo-classic,https://github.com/okfn/ckanext-demo-classic,0,0,No releases,No releases,1,0,1,FALSE
2025-07-10 12:41:36,okfn/ckanext-dgutheme,https://github.com/okfn/ckanext-dgutheme,0,0,No releases,No releases,2,0,0,FALSE
2025-07-10 12:40:32,okfn/ckanext-drupal,https://github.com/okfn/ckanext-drupal,0,0,No releases,No releases,3,0,1,FALSE
2025-07-10 12:42:19,okfn/ckanext-dsmtheme_example,https://github.com/okfn/ckanext-dsmtheme_example,0,0,No releases,No releases,2,0,1,FALSE
2025-07-10 12:32:25,okfn/ckanext-ecportal,https://github.com/okfn/ckanext-ecportal,3,0,No releases,No releases,5,0,8,FALSE
2025-07-10 12:50:28,okfn/ckanext-esdstandards,https://github.com/okfn/ckanext-esdstandards,1,0,No releases,No releases,0,3,1,FALSE
2025-07-10 12:29:36,okfn/ckanext-example,https://github.com/okfn/ckanext-example,7,0,No releases,No releases,9,3,5,FALSE
2025-07-10 12:51:25,okfn/ckanext-exception,https://github.com/okfn/ckanext-exception,0,0,No releases,No releases,0,0,1,FALSE
2025-07-10 12:49:13,okfn/ckanext-express,https://github.com/okfn/ckanext-express,0,0,No releases,No releases,0,0,2,FALSE
2025-07-10 12:50:02,okfn/ckanext-expressimages,https://github.com/okfn/ckanext-expressimages,0,0,No releases,No releases,0,0,1,FALSE
2025-07-10 12:36:50,okfn/ckanext-facetcollapse,https://github.com/okfn/ckanext-facetcollapse,2,2,0.1.1,2023-06-27,2,3,4,FALSE
2025-07-10 12:40:26,okfn/ckanext-feedcontent,https://github.com/okfn/ckanext-feedcontent,1,0,No releases,No releases,3,1,1,FALSE
2025-07-10 12:53:21,okfn/ckanext-fiwarelabs,https://github.com/okfn/ckanext-fiwarelabs,0,0,No releases,No releases,0,0,2,FALSE
2025-07-10 12:41:16,okfn/ckanext-follower,https://github.com/okfn/ckanext-follower,0,0,No releases,No releases,2,0,1,FALSE
2025-07-10 12:40:20,okfn/ckanext-ghana,https://github.com/okfn/ckanext-ghana,0,0,No releases,No releases,3,0,2,FALSE
2025-07-10 12:38:37,okfn/ckanext-groupadmin,https://github.com/okfn/ckanext-groupadmin,2,0,No releases,No releases,0,0,1,FALSE
2025-07-10 12:43:58,okfn/ckanext-hampshire,https://github.com/okfn/ckanext-hampshire,0,0,No releases,No releases,1,0,1,FALSE
2025-07-10 12:32:03,okfn/ckanext-hidegroups,https://github.com/okfn/ckanext-hidegroups,5,0,No releases,No releases,3,2,0,FALSE
2025-07-10 12:46:18,okfn/ckanext-hideorganizations,https://github.com/okfn/ckanext-hideorganizations,0,0,No releases,No releases,1,0,1,FALSE
2025-07-10 12:42:00,okfn/ckanext-htsql,https://github.com/okfn/ckanext-htsql,1,0,No releases,No releases,2,2,1,FALSE
2025-07-10 12:41:38,okfn/ckanext-iceland,https://github.com/okfn/ckanext-iceland,0,0,No releases,No releases,2,0,2,FALSE
2025-07-10 12:33:20,okfn/ckanext-importlib,https://github.com/okfn/ckanext-importlib,3,0,No releases,No releases,3,0,1,FALSE
2025-07-10 12:33:43,okfn/ckanext-inspire,https://github.com/okfn/ckanext-inspire,2,0,No releases,No releases,6,2,4,FALSE
2025-07-10 12:43:59,okfn/ckanext-kenya,https://github.com/okfn/ckanext-kenya,0,0,No releases,No releases,1,0,1,FALSE
2025-07-10 12:53:24,okfn/ckanext-kobo,https://github.com/okfn/ckanext-kobo,0,0,No releases,No releases,0,0,1,FALSE
2025-07-10 12:30:31,okfn/ckanext-lacounts,https://github.com/okfn/ckanext-lacounts,5,93,0.0.1b5,2019-06-02,8,23,5,FALSE
2025-07-10 12:38:09,okfn/ckanext-lcrnz,https://github.com/okfn/ckanext-lcrnz,2,0,No releases,No releases,0,1,5,FALSE
2025-07-10 12:41:22,okfn/ckanext-moderatededits,https://github.com/okfn/ckanext-moderatededits,1,0,No releases,No releases,2,0,2,FALSE
2025-07-10 12:29:59,okfn/ckanext-mx,https://github.com/okfn/ckanext-mx,7,0,No releases,No releases,6,0,3,FALSE
2025-07-10 12:47:32,okfn/ckanext-nrgi,https://github.com/okfn/ckanext-nrgi,0,0,No releases,No releases,0,0,1,FALSE
2025-07-10 12:53:09,okfn/ckanext-nsw,https://github.com/okfn/ckanext-nsw,0,0,No releases,No releases,1,0,4,FALSE
2025-07-10 12:40:19,okfn/ckanext-oauth,https://github.com/okfn/ckanext-oauth,1,0,No releases,No releases,3,0,1,FALSE
2025-07-10 12:44:56,okfn/ckanext-pakistan,https://github.com/okfn/ckanext-pakistan,0,0,No releases,No releases,1,1,6,FALSE
2025-07-10 12:37:39,okfn/ckanext-panama,https://github.com/okfn/ckanext-panama,2,0,No releases,No releases,0,0,2,FALSE
2025-07-10 12:31:02,okfn/ckanext-pdeu,https://github.com/okfn/ckanext-pdeu,4,0,No releases,No releases,9,8,7,FALSE
2025-07-10 12:45:00,okfn/ckanext-queue,https://github.com/okfn/ckanext-queue,1,0,No releases,No releases,1,1,1,FALSE
2025-07-10 12:33:46,okfn/ckanext-rdf,https://github.com/okfn/ckanext-rdf,2,0,No releases,No releases,6,2,3,FALSE
2025-07-10 12:53:10,okfn/ckanext-recline,https://github.com/okfn/ckanext-recline,0,0,No releases,No releases,1,1,1,FALSE
2025-07-10 12:40:08,okfn/ckanext-resourcesfilter,https://github.com/okfn/ckanext-resourcesfilter,2,0,No releases,No releases,3,1,2,FALSE
2025-07-10 12:28:08,okfn/ckanext-s3filestore,https://github.com/okfn/ckanext-s3filestore,37,0,No releases,No releases,14,29,9,FALSE
2025-07-10 12:35:39,okfn/ckanext-sa,https://github.com/okfn/ckanext-sa,3,0,No releases,No releases,1,0,7,FALSE
2025-07-10 12:50:01,okfn/ckanext-salford,https://github.com/okfn/ckanext-salford,1,0,No releases,No releases,1,1,4,FALSE
2025-07-10 12:37:36,okfn/ckanext-sgdata,https://github.com/okfn/ckanext-sgdata,2,0,No releases,No releases,1,2,4,FALSE
2025-07-10 12:53:17,okfn/ckanext-simple,https://github.com/okfn/ckanext-simple,0,0,No releases,No releases,0,0,1,FALSE
2025-07-10 12:42:53,okfn/ckanext-singapore,https://github.com/okfn/ckanext-singapore,1,0,No releases,No releases,1,0,1,FALSE
2025-07-10 12:30:48,okfn/ckanext-sitesearch,https://github.com/okfn/ckanext-sitesearch,5,0,No releases,No releases,6,2,3,FALSE
2025-07-10 12:32:19,okfn/ckanext-socrata,https://github.com/okfn/ckanext-socrata,4,4,2.0.3a,2018-09-28,3,2,4,FALSE
2025-07-10 12:53:15,okfn/ckanext-standard,https://github.com/okfn/ckanext-standard,0,0,No releases,No releases,0,1,3,FALSE
2025-07-10 12:41:04,okfn/ckanext-stats,https://github.com/okfn/ckanext-stats,0,0,No releases,No releases,2,0,2,FALSE
2025-07-10 12:35:04,okfn/ckanext-storage,https://github.com/okfn/ckanext-storage,2,0,No releases,No releases,3,0,4,FALSE
2025-07-10 12:33:26,okfn/ckanext-tsbsatellites,https://github.com/okfn/ckanext-tsbsatellites,3,0,No releases,No releases,3,3,7,FALSE
2025-07-10 12:53:12,okfn/ckanext-usertesting,https://github.com/okfn/ckanext-usertesting,0,0,No releases,No releases,0,0,1,FALSE
2025-07-10 12:33:32,okfn/ckanext-vegaview,https://github.com/okfn/ckanext-vegaview,2,0,No releases,No releases,7,4,1,FALSE
2025-07-10 12:35:50,okfn/ckanext-wordpresser,https://github.com/okfn/ckanext-wordpresser,1,0,No releases,No releases,12,1,4,FALSE
2025-07-10 12:40:53,ondics/ckanext-similar-datasets,https://github.com/ondics/ckanext-similar-datasets,1,1,v1.0.0,2021-11-12,3,0,2,FALSE
2025-07-10 12:29:17,ongov/ckanext-ontario_theme,https://github.com/ongov/ckanext-ontario_theme,12,29,v3.0.10,2025-02-12,7,17,15,FALSE
2025-07-10 12:42:31,open-data-toronto/ckanext-datastore-profiler,https://github.com/open-data-toronto/ckanext-datastore-profiler,1,0,No releases,No releases,2,4,6,FALSE
2025-07-10 12:44:44,open-data-toronto/ckanext-iotrans,https://github.com/open-data-toronto/ckanext-iotrans,1,6,v1.2.3,2023-03-24,0,1,3,FALSE
2025-07-10 12:50:21,open-data/ckanext-autodoc,https://github.com/open-data/ckanext-autodoc,1,0,No releases,No releases,0,1,1,FALSE
2025-07-10 12:57:23,open-data/ckanext-az-keyvault,https://github.com/open-data/ckanext-az-keyvault,0,0,No releases,No releases,0,0,1,FALSE
2025-07-10 12:27:34,open-data/ckanext-canada,https://github.com/open-data/ckanext-canada,35,0,No releases,No releases,58,16,21,FALSE
2025-07-10 12:57:19,open-data/ckanext-citeproc,https://github.com/open-data/ckanext-citeproc,1,0,No releases,No releases,0,0,1,FALSE
2025-07-10 12:57:20,open-data/ckanext-datastore-search,https://github.com/open-data/ckanext-datastore-search,0,0,No releases,No releases,0,0,1,FALSE
2025-07-10 12:50:04,open-data/ckanext-fgp,https://github.com/open-data/ckanext-fgp,0,0,No releases,No releases,0,0,1,FALSE
2025-07-10 12:57:26,open-data/ckanext-gcnotify,https://github.com/open-data/ckanext-gcnotify,0,0,No releases,No releases,0,1,1,FALSE
2025-07-10 12:38:07,open-data/ckanext-history,https://github.com/open-data/ckanext-history,2,0,No releases,No releases,1,0,1,FALSE
2025-07-10 12:37:16,open-data/ckanext-openapiview,https://github.com/open-data/ckanext-openapiview,1,0,No releases,No releases,6,2,2,FALSE
2025-07-10 12:57:25,open-data/ckanext-power-bi,https://github.com/open-data/ckanext-power-bi,0,0,No releases,No releases,0,0,1,FALSE
2025-07-10 12:30:23,open-data/ckanext-recombinant,https://github.com/open-data/ckanext-recombinant,8,0,No releases,No releases,3,4,12,FALSE
2025-07-10 12:28:38,open-data/ckanext-repeating,https://github.com/open-data/ckanext-repeating,24,0,No releases,No releases,3,0,3,FALSE
2025-07-10 12:34:23,open-data/ckanext-stcndm,https://github.com/open-data/ckanext-stcndm,3,1,0.44,2016-03-22,0,7,7,FALSE
2025-07-10 12:57:10,open-data/ckanext-virtual-library,https://github.com/open-data/ckanext-virtual-library,1,0,No releases,No releases,0,0,3,FALSE
2025-07-10 12:29:00,open-data/ckanext-wet-boew,https://github.com/open-data/ckanext-wet-boew,12,0,No releases,No releases,9,7,8,FALSE
2025-07-10 12:35:07,openclimatefix/ckanext-openenergy,https://github.com/openclimatefix/ckanext-openenergy,2,0,No releases,No releases,3,14,1,FALSE
2025-07-10 12:42:01,opendata-swiss/ckanext-dcatapchharvest,https://github.com/opendata-swiss/ckanext-dcatapchharvest,1,0,No releases,No releases,2,2,6,FALSE
2025-07-10 12:29:50,opendata-swiss/ckanext-switzerland,https://github.com/opendata-swiss/ckanext-switzerland,6,0,No releases,No releases,9,7,9,FALSE
2025-07-10 12:32:14,opendata-swiss/ckanext-switzerland-ng,https://github.com/opendata-swiss/ckanext-switzerland-ng,4,0,No releases,No releases,4,5,13,FALSE
2025-07-10 12:51:20,opendatamonitor/ckanext-genericapiharvest,https://github.com/opendatamonitor/ckanext-genericapiharvest,0,0,No releases,No releases,0,0,2,FALSE
2025-07-10 12:40:15,opendatamonitor/ckanext-harmonisation,https://github.com/opendatamonitor/ckanext-harmonisation,1,0,No releases,No releases,3,3,3,FALSE
2025-07-10 12:32:35,opendatatrentino/ckanext-datitrentinoit,https://github.com/opendatatrentino/ckanext-datitrentinoit,6,0,No releases,No releases,1,0,2,FALSE
2025-07-10 12:50:07,opendatatrentino/ckanext-patcategories,https://github.com/opendatatrentino/ckanext-patcategories,0,0,No releases,No releases,0,0,1,FALSE
2025-07-10 12:41:24,opendatatrentino/ckanext-patstatweb,https://github.com/opendatatrentino/ckanext-patstatweb,0,0,No releases,No releases,2,0,3,FALSE
2025-07-10 12:42:34,opendatazurich/ckanext-stadtzh-harvest,https://github.com/opendatazurich/ckanext-stadtzh-harvest,0,6,v1.0.2,2025-05-23,2,2,7,FALSE
2025-07-10 12:35:55,opendatazurich/ckanext-stadtzh-theme,https://github.com/opendatazurich/ckanext-stadtzh-theme,2,8,v1.1.9,2025-06-11,3,1,9,FALSE
2025-07-10 12:47:17,opennorth/ckanext-whiterock,https://github.com/opennorth/ckanext-whiterock,1,0,No releases,No releases,1,0,1,FALSE
2025-07-10 12:29:16,openresearchdata/ckanext-oaipmh,https://github.com/openresearchdata/ckanext-oaipmh,14,0,No releases,No releases,4,4,5,FALSE
2025-07-10 12:47:29,openresearchdata/ckanext-openbis,https://github.com/openresearchdata/ckanext-openbis,1,0,No releases,No releases,1,0,1,FALSE
2025-07-10 12:34:55,openresearchdata/ckanext-ord-hierarchy,https://github.com/openresearchdata/ckanext-ord-hierarchy,1,0,No releases,No releases,4,2,4,FALSE
2025-07-10 12:51:31,openresearchdata/ckanext-salsah,https://github.com/openresearchdata/ckanext-salsah,0,0,No releases,No releases,0,1,4,FALSE
2025-07-10 12:42:07,openspending/ckanext-budgets,https://github.com/openspending/ckanext-budgets,1,0,No releases,No releases,2,1,0,FALSE
2025-07-10 12:36:52,ozwillo/ckanext-ozwillo-organization-api,https://github.com/ozwillo/ckanext-ozwillo-organization-api,2,0,No releases,No releases,0,0,4,FALSE
2025-07-10 12:36:01,ozwillo/ckanext-ozwillo-pyoidc,https://github.com/ozwillo/ckanext-ozwillo-pyoidc,3,0,No releases,No releases,0,0,5,FALSE
2025-07-10 12:32:55,ozwillo/ckanext-ozwillo-theme,https://github.com/ozwillo/ckanext-ozwillo-theme,5,0,No releases,No releases,1,4,7,FALSE
2025-07-10 12:45:54,pabrojast/ckanext-colab,https://github.com/pabrojast/ckanext-colab,0,0,No releases,No releases,0,0,1,FALSE
2025-07-10 12:47:34,parker22/ckanext-countpackageclicks,https://github.com/parker22/ckanext-countpackageclicks,0,0,No releases,No releases,0,0,0,FALSE
2025-07-10 12:38:05,pdekraker-epa/ckanext-relationshipdisplay,https://github.com/pdekraker-epa/ckanext-relationshipdisplay,2,0,No releases,No releases,0,0,1,FALSE
2025-07-10 12:51:53,pduchesne/ckanext-annotations,https://github.com/pduchesne/ckanext-annotations,0,0,No releases,No releases,0,0,1,FALSE
2025-07-10 12:44:08,pduchesne/ckanext-digitalwallonia,https://github.com/pduchesne/ckanext-digitalwallonia,0,0,No releases,No releases,0,0,1,FALSE
2025-07-10 12:27:24,pduchesne/ckanext-geoview,https://github.com/pduchesne/ckanext-geoview,89,0,No releases,No releases,16,8,13,FALSE
2025-07-10 12:36:13,perecanet/ckanext-stomallorca_theme,https://github.com/perecanet/ckanext-stomallorca_theme,3,7,v0.0.8,2023-11-07,0,0,1,FALSE
2025-07-10 12:52:16,phlpat/ckanext-ssoauth,https://github.com/phlpat/ckanext-ssoauth,0,0,No releases,No releases,0,0,2,FALSE
2025-07-10 12:32:50,qld-gov-au/ckanext-csrf-filter,https://github.com/qld-gov-au/ckanext-csrf-filter,7,14,2.0.0,2024-12-17,0,1,4,FALSE
2025-07-10 12:31:52,qld-gov-au/ckanext-data-qld,https://github.com/qld-gov-au/ckanext-data-qld,6,54,7.3.8,2025-07-01,2,4,20,FALSE
2025-07-10 12:34:53,qld-gov-au/ckanext-data-qld-theme,https://github.com/qld-gov-au/ckanext-data-qld-theme,4,11,4.0.1,2022-03-16,0,0,14,FALSE
2025-07-10 12:40:02,qld-gov-au/ckanext-harvester-data-qld-geoscience,https://github.com/qld-gov-au/ckanext-harvester-data-qld-geoscience,2,10,v0.1.0,2024-12-16,0,16,5,FALSE
2025-07-10 12:39:18,qld-gov-au/ckanext-odi-certificates,https://github.com/qld-gov-au/ckanext-odi-certificates,2,4,1.0.3,2023-03-08,0,3,5,FALSE
2025-07-10 12:55:53,qld-gov-au/ckanext-publications-qld-theme,https://github.com/qld-gov-au/ckanext-publications-qld-theme,1,31,1.5.2,2025-03-21,0,3,14,FALSE
2025-07-10 12:31:00,qld-gov-au/ckanext-qgov,https://github.com/qld-gov-au/ckanext-qgov,6,33,7.2.0,2025-04-14,4,0,10,FALSE
2025-07-10 12:39:57,qld-gov-au/ckanext-resource-type-validation,https://github.com/qld-gov-au/ckanext-resource-type-validation,2,12,1.0.11,2025-04-16,5,1,5,FALSE
2025-07-10 12:55:56,qld-gov-au/ckanext-resource-visibility,https://github.com/qld-gov-au/ckanext-resource-visibility,0,6,2.1.2,2025-02-06,0,0,5,FALSE
2025-07-10 12:55:51,qld-gov-au/ckanext-ssm-config,https://github.com/qld-gov-au/ckanext-ssm-config,2,4,0.1.1,2025-04-22,1,0,4,FALSE
2025-07-10 12:55:58,qld-gov-au/ckanext-validation-schema-generator,https://github.com/qld-gov-au/ckanext-validation-schema-generator,0,5,2.0.0,2025-01-10,0,12,4,FALSE
2025-07-10 12:33:21,redlink-gmbh/ckanext-redlink,https://github.com/redlink-gmbh/ckanext-redlink,3,0,No releases,No releases,3,0,3,FALSE
2025-07-10 12:35:05,reedv/ckanext-publicrestrictiondatasets,https://github.com/reedv/ckanext-publicrestrictiondatasets,2,0,No releases,No releases,3,4,1,FALSE
2025-07-10 12:42:50,reneenoble/ckanext-iframeview,https://github.com/reneenoble/ckanext-iframeview,0,0,No releases,No releases,0,0,0,FALSE
2025-07-10 12:49:36,roberto667/ckanext-ckantheme,https://github.com/roberto667/ckanext-ckantheme,0,0,No releases,No releases,0,0,1,FALSE
2025-07-10 12:52:26,rossjones/ckanext-dgutests,https://github.com/rossjones/ckanext-dgutests,0,0,No releases,No releases,1,0,1,FALSE
2025-07-10 12:31:08,rossjones/ckanext-gdoc,https://github.com/rossjones/ckanext-gdoc,6,0,No releases,No releases,3,0,2,FALSE
2025-07-10 12:45:11,rossjones/ckanext-liverpool,https://github.com/rossjones/ckanext-liverpool,0,0,No releases,No releases,0,1,1,FALSE
2025-07-10 12:44:01,rossjones/ckanext-lua,https://github.com/rossjones/ckanext-lua,0,0,No releases,No releases,0,0,1,FALSE
2025-07-10 12:42:09,rossjones/ckanext-pubsub,https://github.com/rossjones/ckanext-pubsub,1,0,No releases,No releases,2,0,1,FALSE
2025-07-10 12:41:46,rossjones/ckanext-statsd,https://github.com/rossjones/ckanext-statsd,0,0,No releases,No releases,2,0,1,FALSE
2025-07-10 12:40:48,rostock/ckanext-hro_dcatapde,https://github.com/rostock/ckanext-hro_dcatapde,1,18,2.2.2,2024-08-15,3,0,1,FALSE
2025-07-10 12:40:45,rostock/ckanext-hro_theme,https://github.com/rostock/ckanext-hro_theme,1,15,2.0.8,2023-11-28,3,0,1,FALSE
2025-07-10 12:45:14,routetopa/ckanext-openid,https://github.com/routetopa/ckanext-openid,1,0,No releases,No releases,0,1,3,FALSE
2025-07-10 12:43:04,routetopa/ckanext-statsapi,https://github.com/routetopa/ckanext-statsapi,0,0,No releases,No releases,0,0,1,FALSE
2025-07-10 12:48:04,sabinem/ckanext-usermanagement,https://github.com/sabinem/ckanext-usermanagement,0,0,No releases,No releases,0,0,0,FALSE
2025-07-10 12:49:34,saikarthikp9/ckanext-customizer,https://github.com/saikarthikp9/ckanext-customizer,1,0,No releases,No releases,1,0,1,FALSE
2025-07-10 12:43:05,salnhan/ckanext-additionalfacets,https://github.com/salnhan/ckanext-additionalfacets,0,0,No releases,No releases,0,0,1,FALSE
2025-07-10 12:44:06,salnhan/ckanext-contactform,https://github.com/salnhan/ckanext-contactform,0,0,No releases,No releases,0,0,1,FALSE
2025-07-10 12:33:34,salsadigitalauorg/ckanext-datastore-refresh,https://github.com/salsadigitalauorg/ckanext-datastore-refresh,5,0,No releases,No releases,0,2,2,FALSE
2025-07-10 12:35:43,salsadigitalauorg/ckanext-fortify,https://github.com/salsadigitalauorg/ckanext-fortify,3,21,4.1.0,2025-05-15,0,1,3,FALSE
2025-07-10 12:48:36,salsadigitalauorg/ckanext-qdes,https://github.com/salsadigitalauorg/ckanext-qdes,0,24,4.1.0,2025-06-04,0,0,4,FALSE
2025-07-10 12:34:37,salsadigitalauorg/ckanext-restricted-access,https://github.com/salsadigitalauorg/ckanext-restricted-access,6,0,No releases,No releases,0,1,2,FALSE
2025-07-10 12:38:52,salsadigitalauorg/ckanext-vocabulary-services,https://github.com/salsadigitalauorg/ckanext-vocabulary-services,2,23,4.1.0,2025-06-13,0,0,6,FALSE
2025-07-10 12:39:55,salzburgerland/ckanext-salzburgerland_tourismus_theme,https://github.com/salzburgerland/ckanext-salzburgerland_tourismus_theme,2,0,No releases,No releases,1,0,1,FALSE
2025-07-10 12:46:46,samibaig/ckanext-twdht,https://github.com/samibaig/ckanext-twdht,0,0,No releases,No releases,0,0,2,FALSE
2025-07-10 12:47:31,sciamlab/ckanext-datigovit,https://github.com/sciamlab/ckanext-datigovit,0,0,No releases,No releases,0,3,3,FALSE
2025-07-10 12:51:41,sergitrilles/ckanext-oct,https://github.com/sergitrilles/ckanext-oct,0,0,No releases,No releases,0,0,1,FALSE
2025-07-10 12:40:12,shemogumbe/ckanext-dataviewanalytics,https://github.com/shemogumbe/ckanext-dataviewanalytics,0,0,No releases,No releases,3,2,1,FALSE
2025-07-10 12:36:25,shidax/ckanext_notification,https://github.com/shidax/ckanext_notification,2,0,No releases,No releases,2,1,1,FALSE
2025-07-10 12:49:31,simeonackermann/ckanext-rdfstoreimporter,https://github.com/simeonackermann/ckanext-rdfstoreimporter,0,0,No releases,No releases,0,0,1,FALSE
2025-07-10 12:50:10,sirmmo/ckanext-rer,https://github.com/sirmmo/ckanext-rer,0,0,No releases,No releases,0,0,1,FALSE
2025-07-10 12:39:49,srkunze/ckanext-semantic,https://github.com/srkunze/ckanext-semantic,1,0,No releases,No releases,4,3,0,FALSE
2025-07-10 12:43:53,stadt-karlsruhe/ckanext-citehelp,https://github.com/stadt-karlsruhe/ckanext-citehelp,0,0,No releases,No releases,0,0,2,FALSE
2025-07-10 12:29:42,stadt-karlsruhe/ckanext-discovery,https://github.com/stadt-karlsruhe/ckanext-discovery,6,0,No releases,No releases,10,2,1,FALSE
2025-07-10 12:28:21,stadt-karlsruhe/ckanext-extractor,https://github.com/stadt-karlsruhe/ckanext-extractor,16,0,No releases,No releases,19,4,2,FALSE
2025-07-10 12:43:14,stadt-karlsruhe/ckanext-importer,https://github.com/stadt-karlsruhe/ckanext-importer,1,0,No releases,No releases,0,0,2,FALSE
2025-07-10 12:52:01,starsinmypockets/ckanext-montreal,https://github.com/starsinmypockets/ckanext-montreal,0,0,No releases,No releases,0,0,1,FALSE
2025-07-10 12:44:21,stream-project/ckanext-streamtheme,https://github.com/stream-project/ckanext-streamtheme,0,0,No releases,No releases,0,0,2,FALSE
2025-07-10 12:46:28,supreshc-persistent/ckanext-cataloginventory,https://github.com/supreshc-persistent/ckanext-cataloginventory,0,0,No releases,No releases,0,0,1,FALSE
2025-07-10 12:32:21,taijiang-tw/ckanext-dga-stats,https://github.com/taijiang-tw/ckanext-dga-stats,7,0,No releases,No releases,0,0,2,FALSE
2025-07-10 12:33:37,tdt/ckanext-tdt,https://github.com/tdt/ckanext-tdt,2,3,0.2.1,2013-12-12,7,0,3,FALSE
2025-07-10 12:30:56,telefonicaid/ckanext-ngsiview,https://github.com/telefonicaid/ckanext-ngsiview,14,0,No releases,No releases,1,9,1,FALSE
2025-07-10 12:45:59,thehyve/ckanext-configpermission,https://github.com/thehyve/ckanext-configpermission,1,0,No releases,No releases,0,0,2,FALSE
2025-07-10 12:44:50,thejimmyg/ckanext-parkinsons,https://github.com/thejimmyg/ckanext-parkinsons,0,0,No releases,No releases,0,0,1,FALSE
2025-07-10 12:47:56,thejuliekramer/ckanext-inventorytheme,https://github.com/thejuliekramer/ckanext-inventorytheme,0,0,No releases,No releases,0,10,1,FALSE
2025-07-10 12:41:19,thenets/ckanext-dadosabertos,https://github.com/thenets/ckanext-dadosabertos,1,0,No releases,No releases,2,0,2,FALSE
2025-07-10 12:45:23,thobley/ckanext-delwpdata,https://github.com/thobley/ckanext-delwpdata,0,0,No releases,No releases,0,0,0,FALSE
2025-07-10 12:51:22,thobley/ckanext-extrafield,https://github.com/thobley/ckanext-extrafield,0,0,No releases,No releases,0,0,0,FALSE
2025-07-10 12:45:34,tobinus/ckanext-dataontosearch,https://github.com/tobinus/ckanext-dataontosearch,0,2,0.0.6,2019-04-30,0,0,1,FALSE
2025-07-10 12:27:02,toll/ckanext-tolltheme,https://github.com/toll/ckanext-tolltheme,0,0,No releases,No releases,0,1,3,TRUE
2025-07-10 12:37:07,transparencia-mg/ckanext-datapackage-creator,https://github.com/transparencia-mg/ckanext-datapackage-creator,2,0,No releases,No releases,2,2,3,FALSE
2025-07-10 12:30:12,transparenzportalhamburg/ckanext-fulltext,https://github.com/transparenzportalhamburg/ckanext-fulltext,6,0,No releases,No releases,8,3,3,FALSE
2025-07-10 12:52:02,trungtincse/ckanext-eximiddleware,https://github.com/trungtincse/ckanext-eximiddleware,0,0,No releases,No releases,0,0,0,FALSE
2025-07-10 12:36:09,tum-gis/ckanext-grouphierarchy-sddi,https://github.com/tum-gis/ckanext-grouphierarchy-sddi,3,8,1.1.4,2024-04-17,1,2,6,FALSE
2025-07-10 12:34:34,tum-gis/ckanext-relation-sddi,https://github.com/tum-gis/ckanext-relation-sddi,3,8,1.1.2,2025-05-13,1,0,7,FALSE
2025-07-10 12:47:55,turbomanson/ckanext-nhdp,https://github.com/turbomanson/ckanext-nhdp,0,0,No releases,No releases,1,0,1,FALSE
2025-07-10 12:46:13,ubdc-IT/ckanext-ubdcschema,https://github.com/ubdc-IT/ckanext-ubdcschema,0,0,No releases,No releases,0,0,1,FALSE
2025-07-10 12:45:39,unckan/ckanext-datasetpreview,https://github.com/unckan/ckanext-datasetpreview,0,1,0.2.31,2020-08-29,0,2,1,FALSE
2025-07-10 12:43:50,unckan/ckanext-superset,https://github.com/unckan/ckanext-superset,0,0,No releases,No releases,1,3,2,FALSE
2025-07-10 12:48:53,uq-eresearch/ckanext-midja,https://github.com/uq-eresearch/ckanext-midja,0,0,No releases,No releases,0,0,2,FALSE
2025-07-10 12:48:40,urkonn/ckanext-slugs,https://github.com/urkonn/ckanext-slugs,0,0,No releases,No releases,0,0,1,FALSE
2025-07-10 12:51:26,usgin/ckanext-nrrc,https://github.com/usgin/ckanext-nrrc,0,0,No releases,No releases,0,5,3,FALSE
2025-07-10 12:44:09,valentin0h/ckanext-termtranslate,https://github.com/valentin0h/ckanext-termtranslate,0,0,No releases,No releases,1,0,1,FALSE
2025-07-10 12:37:51,vaquer/ckanext-dkan,https://github.com/vaquer/ckanext-dkan,2,0,No releases,No releases,0,0,1,FALSE
2025-07-10 12:51:23,vaquer/ckanext-mxopeness,https://github.com/vaquer/ckanext-mxopeness,1,0,No releases,No releases,0,1,1,FALSE
2025-07-10 12:50:22,vaquer/ckanext-mxtheme,https://github.com/vaquer/ckanext-mxtheme,1,0,No releases,No releases,1,1,1,FALSE
2025-07-10 12:43:36,victoryem/ckanext-pero,https://github.com/victoryem/ckanext-pero,0,0,No releases,No releases,0,0,1,FALSE
2025-07-10 12:43:55,vrk-kpa/ckanext-apis,https://github.com/vrk-kpa/ckanext-apis,0,0,No releases,No releases,0,0,8,FALSE
2025-07-10 12:55:46,vrk-kpa/ckanext-drupal8,https://github.com/vrk-kpa/ckanext-drupal8,1,0,No releases,No releases,0,0,4,FALSE
2025-07-10 12:45:07,vrk-kpa/ckanext-fluentall,https://github.com/vrk-kpa/ckanext-fluentall,0,0,No releases,No releases,0,0,1,FALSE
2025-07-10 12:43:25,vrk-kpa/ckanext-forcetranslation,https://github.com/vrk-kpa/ckanext-forcetranslation,0,0,No releases,No releases,0,0,2,FALSE
2025-07-10 12:55:50,vrk-kpa/ckanext-markdown_editor,https://github.com/vrk-kpa/ckanext-markdown_editor,0,0,No releases,No releases,1,0,1,FALSE
2025-07-10 12:33:24,vrk-kpa/ckanext-matomo,https://github.com/vrk-kpa/ckanext-matomo,3,0,No releases,No releases,3,1,8,FALSE
2025-07-10 12:43:44,vrk-kpa/ckanext-organizationapproval,https://github.com/vrk-kpa/ckanext-organizationapproval,0,0,No releases,No releases,1,1,3,FALSE
2025-07-10 12:55:48,vrk-kpa/ckanext-sixodp_showcasesubmit,https://github.com/vrk-kpa/ckanext-sixodp_showcasesubmit,0,0,No releases,No releases,0,1,3,FALSE
2025-07-10 12:44:24,vrk-kpa/ckanext-statistics,https://github.com/vrk-kpa/ckanext-statistics,0,0,No releases,No releases,0,0,3,FALSE
2025-07-10 12:39:24,vrk-kpa/ckanext-xroad_integration,https://github.com/vrk-kpa/ckanext-xroad_integration,2,0,No releases,No releases,0,0,4,FALSE
2025-07-10 12:30:03,vrk-kpa/ckanext-ytp-comments,https://github.com/vrk-kpa/ckanext-ytp-comments,10,0,No releases,No releases,2,8,2,FALSE
2025-07-10 12:32:30,vrk-kpa/ckanext-ytp-request,https://github.com/vrk-kpa/ckanext-ytp-request,5,0,No releases,No releases,2,3,5,FALSE
2025-07-10 12:42:12,vulekamali/ckanext-satreasury,https://github.com/vulekamali/ckanext-satreasury,1,0,No releases,No releases,2,9,4,FALSE
2025-07-10 12:46:55,wake-ua/ckanext-wakeua,https://github.com/wake-ua/ckanext-wakeua,0,0,No releases,No releases,0,0,1,FALSE
2025-07-10 12:41:58,wardi/ckanext-fileedit,https://github.com/wardi/ckanext-fileedit,1,0,No releases,No releases,2,1,1,FALSE
2025-07-10 12:32:44,wardi/ckanext-geocodejob,https://github.com/wardi/ckanext-geocodejob,6,0,No releases,No releases,1,0,1,FALSE
2025-07-10 12:47:14,whiskyechobravo/ckanext-desq,https://github.com/whiskyechobravo/ckanext-desq,0,0,No releases,No releases,0,0,1,FALSE
2025-07-10 12:32:33,yacme/ckanext-googleauth,https://github.com/yacme/ckanext-googleauth,3,1,1.0.0,2016-03-03,5,2,3,FALSE
2025-07-10 12:44:14,ylchan87/ckanext-landdbcustomize,https://github.com/ylchan87/ckanext-landdbcustomize,1,0,No releases,No releases,0,0,1,FALSE
2025-07-10 12:36:27,zbw/ckanext-dara,https://github.com/zbw/ckanext-dara,2,0,No releases,No releases,2,3,2,FALSE
2025-07-10 12:37:59,zbw/ckanext-edawax,https://github.com/zbw/ckanext-edawax,2,0,No releases,No releases,1,0,3,FALSE
2025-07-10 12:37:31,zelima/ckanext-lincolnshire,https://github.com/zelima/ckanext-lincolnshire,2,0,No releases,No releases,0,0,2,FALSE
2025-07-10 12:48:07,zemantic/ckanext-srilanka,https://github.com/zemantic/ckanext-srilanka,0,0,No releases,No releases,0,3,1,FALSE
