tstamp,repository_name,url,forks_count,total_releases,latest_release,release_date,stars,open_issues,contributors_count,discussions
2025-07-16 7:18:43,18F/ckanext-formats,https://github.com/18F/ckanext-formats,8,0,No releases,No releases,1,1,1,FALSE
2025-07-16 7:18:50,6aika/ckanext-collection,https://github.com/6aika/ckanext-collection,2,0,No releases,No releases,1,3,1,FALSE
2025-07-16 7:31:26,6aika/ckanext-rating,https://github.com/6aika/ckanext-rating,19,0,No releases,No releases,2,1,2,FALSE
2025-07-16 7:18:09,6aika/ckanext-reminder,https://github.com/6aika/ckanext-reminder,2,0,No releases,No releases,1,2,2,FALSE
2025-07-16 6:58:46,908Inc/ckanext-forum,https://github.com/908Inc/ckanext-forum,0,0,No releases,No releases,0,0,8,FALSE
2025-07-16 7:01:11,AKSW/ckanext-metaconf,https://github.com/AKSW/ckanext-metaconf,0,0,No releases,No releases,0,10,1,FALSE
2025-07-16 7:19:44,AjuntamentdeBarcelona/ckanext-federagobes,https://github.com/AjuntamentdeBarcelona/ckanext-federagobes,0,0,No releases,No releases,6,0,1,FALSE
2025-07-16 7:20:59,AjuntamentdeBarcelona/ckanext-odatabcn,https://github.com/AjuntamentdeBarcelona/ckanext-odatabcn,0,0,No releases,No releases,10,0,4,FALSE
2025-07-16 7:00:40,AnnaGerber/ckanext-hideorgs,https://github.com/AnnaGerber/ckanext-hideorgs,0,0,No releases,No releases,0,0,1,FALSE
2025-07-16 7:31:44,AppGeo/ckanext-agsview,https://github.com/AppGeo/ckanext-agsview,10,0,No releases,No releases,10,8,2,FALSE
2025-07-16 7:13:40,BU-Spark/ckanext-spark,https://github.com/BU-Spark/ckanext-spark,0,0,No releases,No releases,2,1,4,FALSE
2025-07-16 7:22:53,BioplatformsAustralia/ckanext-bpatheme,https://github.com/BioplatformsAustralia/ckanext-bpatheme,3,0,No releases,No releases,3,0,6,FALSE
2025-07-16 7:07:28,BioplatformsAustralia/ckanext-bpatogalaxy,https://github.com/BioplatformsAustralia/ckanext-bpatogalaxy,1,0,No releases,No releases,0,0,1,FALSE
2025-07-16 7:17:49,BioplatformsAustralia/ckanext-bulk,https://github.com/BioplatformsAustralia/ckanext-bulk,2,0,No releases,No releases,1,2,4,FALSE
2025-07-16 7:07:20,BioplatformsAustralia/ckanext-cilogin,https://github.com/BioplatformsAustralia/ckanext-cilogin,1,0,No releases,No releases,1,0,1,FALSE
2025-07-16 7:05:47,BioplatformsAustralia/ckanext-laissezpasser,https://github.com/BioplatformsAustralia/ckanext-laissezpasser,0,0,No releases,No releases,0,0,1,FALSE
2025-07-16 7:14:52,CENDARI/ckanext-dariahshibboleth,https://github.com/CENDARI/ckanext-dariahshibboleth,0,0,No releases,No releases,3,1,1,FALSE
2025-07-16 7:12:16,CSCfi/fairdata-ckanext-etsin,https://github.com/CSCfi/fairdata-ckanext-etsin,0,0,No releases,No releases,2,0,7,FALSE
2025-07-16 7:18:28,CSIRO-enviro-informatics/ckanext-digitalassetfields,https://github.com/CSIRO-enviro-informatics/ckanext-digitalassetfields,2,1,v0.1,2018-12-05,0,0,4,FALSE
2025-07-16 7:15:59,CSIRO-enviro-informatics/ckanext-user_opt_in,https://github.com/CSIRO-enviro-informatics/ckanext-user_opt_in,2,1,v0.1,2018-09-17,1,0,3,FALSE
2025-07-16 7:22:24,Cadasta/ckanext-project,https://github.com/Cadasta/ckanext-project,3,0,No releases,No releases,1,14,5,FALSE
2025-07-16 7:14:13,Chealer/ckanext-categroupy,https://github.com/Chealer/ckanext-categroupy,0,1,v0.1,2020-04-21,2,0,1,FALSE
2025-07-16 7:05:11,City-of-Bloomington/ckanext-cob,https://github.com/City-of-Bloomington/ckanext-cob,0,1,0.1.0,2019-02-21,0,1,5,FALSE
2025-07-16 7:07:04,City-of-Helsinki/ckanext-hoi,https://github.com/City-of-Helsinki/ckanext-hoi,0,0,No releases,No releases,0,0,1,FALSE
2025-07-16 7:24:24,CityOfPhiladelphia/ckanext-highlight-related-items,https://github.com/CityOfPhiladelphia/ckanext-highlight-related-items,3,0,No releases,No releases,3,0,2,FALSE
2025-07-16 7:09:29,CiudadesAbiertas/ckanext-abrircon,https://github.com/CiudadesAbiertas/ckanext-abrircon,1,0,No releases,No releases,0,0,1,FALSE
2025-07-16 6:57:47,CivityNL/ckanext-fairdatapoint,https://github.com/CivityNL/ckanext-fairdatapoint,2,3,0.0.3,2024-03-22,1,2,6,FALSE
2025-07-16 7:08:58,CivityNL/ckanext-portal,https://github.com/CivityNL/ckanext-portal,0,0,No releases,No releases,0,0,4,FALSE
2025-07-16 7:10:42,CivityNL/ckanext-tracker,https://github.com/CivityNL/ckanext-tracker,0,0,No releases,No releases,0,1,4,FALSE
2025-07-16 7:00:28,Clairewjlee/ckanext-categories,https://github.com/Clairewjlee/ckanext-categories,0,0,No releases,No releases,0,0,1,FALSE
2025-07-16 6:58:42,CodeForAfrica/ckanext-embed,https://github.com/CodeForAfrica/ckanext-embed,1,0,No releases,No releases,0,2,1,FALSE
2025-07-16 7:11:38,CodeForAfrica/ckanext-followy,https://github.com/CodeForAfrica/ckanext-followy,1,0,No releases,No releases,1,3,1,FALSE
2025-07-16 7:06:30,CodeForAfrica/ckanext-kyelatheme,https://github.com/CodeForAfrica/ckanext-kyelatheme,1,0,No releases,No releases,0,0,0,FALSE
2025-07-16 7:27:10,CodeForAfrica/ckanext-notify,https://github.com/CodeForAfrica/ckanext-notify,5,0,No releases,No releases,2,10,2,FALSE
2025-07-16 7:32:03,CodeForAfrica/ckanext-openafrica,https://github.com/CodeForAfrica/ckanext-openafrica,13,0,No releases,No releases,10,13,7,FALSE
2025-07-16 6:51:30,CodeForAfrica/ckanext-opengovharvester,https://github.com/CodeForAfrica/ckanext-opengovharvester,0,0,No releases,No releases,0,0,0,FALSE
2025-07-16 7:22:06,CodeForAfrica/ckanext-social,https://github.com/CodeForAfrica/ckanext-social,3,0,No releases,No releases,0,3,4,FALSE
2025-07-16 7:25:39,CodeForAfrica/ckanext-socialite,https://github.com/CodeForAfrica/ckanext-socialite,5,0,No releases,No releases,1,0,2,FALSE
2025-07-16 7:27:04,CodeandoMexico/ckanext-datamx_theme,https://github.com/CodeandoMexico/ckanext-datamx_theme,4,0,No releases,No releases,4,6,5,FALSE
2025-07-16 7:22:02,CodeandoMexico/ckanext-openrefine,https://github.com/CodeandoMexico/ckanext-openrefine,3,0,No releases,No releases,1,1,3,FALSE
2025-07-16 7:19:06,CodeandoMexico/ckanext-widgets,https://github.com/CodeandoMexico/ckanext-widgets,2,0,No releases,No releases,0,6,1,FALSE
2025-07-16 6:58:39,ConocimientoAbierto/ckanext-evaluator,https://github.com/ConocimientoAbierto/ckanext-evaluator,0,0,No releases,No releases,1,0,2,FALSE
2025-07-16 7:12:23,DCOR-dev/ckanext-dc_view,https://github.com/DCOR-dev/ckanext-dc_view,0,0,No releases,No releases,2,2,2,FALSE
2025-07-16 7:25:14,DEFRA/ckanext-defra,https://github.com/DEFRA/ckanext-defra,3,0,No releases,No releases,3,0,2,FALSE
2025-07-16 7:22:22,DEFRA/ckanext-defrareports,https://github.com/DEFRA/ckanext-defrareports,3,0,No releases,No releases,0,2,2,FALSE
2025-07-16 7:28:56,DanePubliczneGovPl/ckanext-danepubliczne,https://github.com/DanePubliczneGovPl/ckanext-danepubliczne,4,0,No releases,No releases,10,67,4,FALSE
2025-07-16 7:09:47,DataDotUG/ckanext-ddug,https://github.com/DataDotUG/ckanext-ddug,0,0,No releases,No releases,0,7,1,FALSE
2025-07-16 7:22:11,DataShades/ckanext-accessrequests,https://github.com/DataShades/ckanext-accessrequests,3,0,No releases,No releases,0,0,5,FALSE
2025-07-16 7:25:29,DataShades/ckanext-acl,https://github.com/DataShades/ckanext-acl,5,0,No releases,No releases,1,1,1,FALSE
2025-07-16 7:17:25,DataShades/ckanext-admin-panel,https://github.com/DataShades/ckanext-admin-panel,0,0,No releases,No releases,6,2,3,FALSE
2025-07-16 6:55:32,DataShades/ckanext-alias,https://github.com/DataShades/ckanext-alias,0,0,No releases,No releases,0,0,1,FALSE
2025-07-16 7:19:38,DataShades/ckanext-charts,https://github.com/DataShades/ckanext-charts,3,1,v1.9.0,2025-04-24,9,2,4,FALSE
2025-07-16 6:55:23,DataShades/ckanext-chatbot,https://github.com/DataShades/ckanext-chatbot,0,0,No releases,No releases,0,1,1,FALSE
2025-07-16 7:16:44,DataShades/ckanext-check-link,https://github.com/DataShades/ckanext-check-link,2,0,No releases,No releases,0,1,3,FALSE
2025-07-16 7:01:29,DataShades/ckanext-clamav,https://github.com/DataShades/ckanext-clamav,3,0,No releases,No releases,1,3,3,FALSE
2025-07-16 7:29:36,DataShades/ckanext-cloudconnector,https://github.com/DataShades/ckanext-cloudconnector,5,0,No releases,No releases,8,2,2,FALSE
2025-07-16 7:28:27,DataShades/ckanext-comments,https://github.com/DataShades/ckanext-comments,7,0,No releases,No releases,4,3,2,FALSE
2025-07-16 7:17:00,DataShades/ckanext-composite-search,https://github.com/DataShades/ckanext-composite-search,2,0,No releases,No releases,1,1,2,FALSE
2025-07-16 6:55:39,DataShades/ckanext-core-fix,https://github.com/DataShades/ckanext-core-fix,0,0,No releases,No releases,1,0,2,FALSE
2025-07-16 7:24:57,DataShades/ckanext-create_typed_package,https://github.com/DataShades/ckanext-create_typed_package,3,0,No releases,No releases,5,1,4,FALSE
2025-07-16 6:56:24,DataShades/ckanext-datavic-stats,https://github.com/DataShades/ckanext-datavic-stats,1,0,No releases,No releases,0,0,2,FALSE
2025-07-16 6:56:26,DataShades/ckanext-disable_related,https://github.com/DataShades/ckanext-disable_related,0,0,No releases,No releases,0,0,1,FALSE
2025-07-16 7:21:34,DataShades/ckanext-drupal-api,https://github.com/DataShades/ckanext-drupal-api,3,0,No releases,No releases,1,0,5,FALSE
2025-07-16 6:56:06,DataShades/ckanext-drupal-idp,https://github.com/DataShades/ckanext-drupal-idp,1,0,No releases,No releases,0,0,2,FALSE
2025-07-16 7:20:22,DataShades/ckanext-drupal_menu_sync,https://github.com/DataShades/ckanext-drupal_menu_sync,3,0,No releases,No releases,0,0,1,FALSE
2025-07-16 7:17:14,DataShades/ckanext-ds-stats,https://github.com/DataShades/ckanext-ds-stats,2,0,No releases,No releases,0,0,2,FALSE
2025-07-16 6:56:00,DataShades/ckanext-duo,https://github.com/DataShades/ckanext-duo,0,0,No releases,No releases,0,0,2,FALSE
2025-07-16 6:55:21,DataShades/ckanext-event-audit,https://github.com/DataShades/ckanext-event-audit,0,0,No releases,No releases,1,0,2,FALSE
2025-07-16 6:55:49,DataShades/ckanext-example_static,https://github.com/DataShades/ckanext-example_static,0,0,No releases,No releases,1,0,1,FALSE
2025-07-16 7:19:08,DataShades/ckanext-excelimport,https://github.com/DataShades/ckanext-excelimport,2,0,No releases,No releases,1,1,1,FALSE
2025-07-16 7:21:43,DataShades/ckanext-extend-search,https://github.com/DataShades/ckanext-extend-search,3,0,No releases,No releases,0,0,1,FALSE
2025-07-16 6:55:36,DataShades/ckanext-federated-index,https://github.com/DataShades/ckanext-federated-index,0,0,No releases,No releases,0,0,1,FALSE
2025-07-16 7:20:34,DataShades/ckanext-files,https://github.com/DataShades/ckanext-files,2,0,No releases,No releases,15,3,2,FALSE
2025-07-16 6:55:51,DataShades/ckanext-flakes,https://github.com/DataShades/ckanext-flakes,0,0,No releases,No releases,0,0,1,FALSE
2025-07-16 6:56:08,DataShades/ckanext-fpx,https://github.com/DataShades/ckanext-fpx,1,0,No releases,No releases,1,0,1,FALSE
2025-07-16 7:22:48,DataShades/ckanext-githubrepopreview,https://github.com/DataShades/ckanext-githubrepopreview,2,0,No releases,No releases,3,2,0,FALSE
2025-07-16 6:56:13,DataShades/ckanext-google_user,https://github.com/DataShades/ckanext-google_user,0,0,No releases,No releases,0,0,1,FALSE
2025-07-16 7:23:44,DataShades/ckanext-harvest-basket,https://github.com/DataShades/ckanext-harvest-basket,2,0,No releases,No releases,7,1,4,FALSE
2025-07-16 6:56:17,DataShades/ckanext-hierarchy_search,https://github.com/DataShades/ckanext-hierarchy_search,1,0,No releases,No releases,0,0,3,FALSE
2025-07-16 6:56:19,DataShades/ckanext-ingest,https://github.com/DataShades/ckanext-ingest,1,0,No releases,No releases,0,2,2,FALSE
2025-07-16 6:55:58,DataShades/ckanext-iso19115,https://github.com/DataShades/ckanext-iso19115,1,0,No releases,No releases,1,0,2,FALSE
2025-07-16 7:17:07,DataShades/ckanext-js-tweaks,https://github.com/DataShades/ckanext-js-tweaks,2,0,No releases,No releases,0,0,4,FALSE
2025-07-16 6:56:03,DataShades/ckanext-latex,https://github.com/DataShades/ckanext-latex,0,0,No releases,No releases,0,0,1,FALSE
2025-07-16 7:12:04,DataShades/ckanext-let-me-in,https://github.com/DataShades/ckanext-let-me-in,0,0,No releases,No releases,3,0,2,FALSE
2025-07-16 7:06:58,DataShades/ckanext-mailcraft,https://github.com/DataShades/ckanext-mailcraft,1,0,No releases,No releases,4,1,3,FALSE
2025-07-16 7:02:41,DataShades/ckanext-message,https://github.com/DataShades/ckanext-message,0,0,No releases,No releases,1,0,0,FALSE
2025-07-16 7:22:35,DataShades/ckanext-metaexport,https://github.com/DataShades/ckanext-metaexport,3,0,No releases,No releases,0,1,7,FALSE
2025-07-16 7:11:00,DataShades/ckanext-metatags,https://github.com/DataShades/ckanext-metatags,0,0,No releases,No releases,0,0,1,FALSE
2025-07-16 7:17:45,DataShades/ckanext-msal,https://github.com/DataShades/ckanext-msal,2,0,No releases,No releases,1,1,3,FALSE
2025-07-16 7:01:36,DataShades/ckanext-nswdesignsystem,https://github.com/DataShades/ckanext-nswdesignsystem,1,0,No releases,No releases,2,0,3,FALSE
2025-07-16 7:27:25,DataShades/ckanext-oidc-pkce,https://github.com/DataShades/ckanext-oidc-pkce,7,0,No releases,No releases,4,2,6,FALSE
2025-07-16 7:05:44,DataShades/ckanext-ondc,https://github.com/DataShades/ckanext-ondc,0,0,No releases,No releases,0,0,3,FALSE
2025-07-16 6:56:11,DataShades/ckanext-or_facet,https://github.com/DataShades/ckanext-or_facet,1,0,No releases,No releases,0,0,2,FALSE
2025-07-16 6:55:25,DataShades/ckanext-permissions,https://github.com/DataShades/ckanext-permissions,1,0,No releases,No releases,3,1,2,FALSE
2025-07-16 6:55:30,DataShades/ckanext-pygments,https://github.com/DataShades/ckanext-pygments,0,0,No releases,No releases,1,0,1,FALSE
2025-07-16 7:21:48,DataShades/ckanext-recaptcha,https://github.com/DataShades/ckanext-recaptcha,3,0,No releases,No releases,0,1,1,FALSE
2025-07-16 6:56:15,DataShades/ckanext-resource_indexer,https://github.com/DataShades/ckanext-resource_indexer,1,0,No releases,No releases,1,0,2,FALSE
2025-07-16 6:55:27,DataShades/ckanext-s3-exporter,https://github.com/DataShades/ckanext-s3-exporter,0,0,No releases,No releases,0,0,1,FALSE
2025-07-16 7:01:22,DataShades/ckanext-saml,https://github.com/DataShades/ckanext-saml,1,0,No releases,No releases,4,0,4,FALSE
2025-07-16 6:55:13,DataShades/ckanext-scss,https://github.com/DataShades/ckanext-scss,1,0,No releases,No releases,1,0,1,FALSE
2025-07-16 6:55:47,DataShades/ckanext-search-preset,https://github.com/DataShades/ckanext-search-preset,1,0,No releases,No releases,1,0,1,FALSE
2025-07-16 6:55:42,DataShades/ckanext-search-schema,https://github.com/DataShades/ckanext-search-schema,0,0,No releases,No releases,0,0,1,FALSE
2025-07-16 7:21:24,DataShades/ckanext-search-tweaks,https://github.com/DataShades/ckanext-search-tweaks,3,1,v0.2.6,2021-06-30,2,0,3,FALSE
2025-07-16 7:22:14,DataShades/ckanext-searchfed,https://github.com/DataShades/ckanext-searchfed,3,0,No releases,No releases,0,0,7,FALSE
2025-07-16 6:57:43,DataShades/ckanext-selfinfo,https://github.com/DataShades/ckanext-selfinfo,5,4,v1.2.1,2025-06-07,12,4,3,FALSE
2025-07-16 6:55:53,DataShades/ckanext-shopping-cart,https://github.com/DataShades/ckanext-shopping-cart,1,0,No releases,No releases,1,0,1,FALSE
2025-07-16 6:55:15,DataShades/ckanext-sk-demo,https://github.com/DataShades/ckanext-sk-demo,0,0,No releases,No releases,0,0,1,FALSE
2025-07-16 6:55:19,DataShades/ckanext-snap,https://github.com/DataShades/ckanext-snap,0,0,No releases,No releases,0,0,1,FALSE
2025-07-16 6:56:21,DataShades/ckanext-statsresources,https://github.com/DataShades/ckanext-statsresources,0,0,No releases,No releases,0,0,1,FALSE
2025-07-16 7:19:12,DataShades/ckanext-textcaptcha,https://github.com/DataShades/ckanext-textcaptcha,2,0,No releases,No releases,0,0,2,FALSE
2025-07-16 7:01:33,DataShades/ckanext-thumbnailer,https://github.com/DataShades/ckanext-thumbnailer,0,0,No releases,No releases,0,0,1,FALSE
2025-07-16 7:05:24,DataShades/ckanext-toolbelt,https://github.com/DataShades/ckanext-toolbelt,0,0,No releases,No releases,1,1,1,FALSE
2025-07-16 6:55:34,DataShades/ckanext-tour,https://github.com/DataShades/ckanext-tour,1,0,No releases,No releases,1,2,2,FALSE
2025-07-16 6:55:56,DataShades/ckanext-transmute,https://github.com/DataShades/ckanext-transmute,1,0,No releases,No releases,1,0,2,FALSE
2025-07-16 7:02:43,DataShades/ckanext-twitterview,https://github.com/DataShades/ckanext-twitterview,0,0,No releases,No releases,0,0,1,FALSE
2025-07-16 7:14:06,DataShades/ckanext-unfold,https://github.com/DataShades/ckanext-unfold,1,0,No releases,No releases,5,1,2,FALSE
2025-07-16 6:55:45,DataShades/ckanext-vip-portal,https://github.com/DataShades/ckanext-vip-portal,1,0,No releases,No releases,1,0,2,FALSE
2025-07-16 7:28:23,DataShades/ckanext-workflow,https://github.com/DataShades/ckanext-workflow,7,0,No releases,No releases,2,0,1,FALSE
2025-07-16 7:05:32,DataShades/ckanext-wysiwyg,https://github.com/DataShades/ckanext-wysiwyg,0,0,No releases,No releases,0,0,1,FALSE
2025-07-16 7:13:45,DataSpace-Mobility/ckanext-dataspace,https://github.com/DataSpace-Mobility/ckanext-dataspace,1,0,No releases,No releases,2,3,1,FALSE
2025-07-16 7:01:50,Drexel-UHC/ckanext-pagessearch,https://github.com/Drexel-UHC/ckanext-pagessearch,0,1,1.0.0,2023-06-01,0,0,1,FALSE
2025-07-16 7:26:57,EUDAT-B2FIND/ckanext-b2find,https://github.com/EUDAT-B2FIND/ckanext-b2find,4,6,v3.1.0,2025-06-30,5,1,6,FALSE
2025-07-16 7:30:35,EUDAT-B2FIND/ckanext-datesearch,https://github.com/EUDAT-B2FIND/ckanext-datesearch,13,0,No releases,No releases,4,1,2,FALSE
2025-07-16 7:24:43,EUDAT-B2FIND/ckanext-oaipmh-server,https://github.com/EUDAT-B2FIND/ckanext-oaipmh-server,5,1,v1.0.0,2025-06-30,3,1,12,FALSE
2025-07-16 7:24:05,EUDAT-B2FIND/ckanext-timeline,https://github.com/EUDAT-B2FIND/ckanext-timeline,4,0,No releases,No releases,1,0,3,FALSE
2025-07-16 7:26:23,Edouard-Legoupil/ckanext-unhcr,https://github.com/Edouard-Legoupil/ckanext-unhcr,6,0,No releases,No releases,1,0,4,FALSE
2025-07-16 7:02:32,ElixirTeSS/ckanext-tess,https://github.com/ElixirTeSS/ckanext-tess,0,0,No releases,No releases,1,0,3,FALSE
2025-07-16 7:02:25,ElixirTeSS/ckanext-tessrelations,https://github.com/ElixirTeSS/ckanext-tessrelations,0,0,No releases,No releases,0,0,2,FALSE
2025-07-16 7:18:41,Engerrs/ckanext-spatialingestor,https://github.com/Engerrs/ckanext-spatialingestor,2,0,No releases,No releases,0,0,0,FALSE
2025-07-16 7:32:20,EnviDat/ckanext-composite,https://github.com/EnviDat/ckanext-composite,20,0,No releases,No releases,5,2,5,FALSE
2025-07-16 7:14:43,EnviDat/ckanext-envidat_schema,https://github.com/EnviDat/ckanext-envidat_schema,1,0,No releases,No releases,3,0,1,FALSE
2025-07-16 7:15:52,EnviDat/ckanext-envidat_theme,https://github.com/EnviDat/ckanext-envidat_theme,0,0,No releases,No releases,4,0,2,FALSE
2025-07-16 7:12:09,EnviDat/ckanext-package_converter,https://github.com/EnviDat/ckanext-package_converter,1,1,v1.0.0,2017-07-14,2,0,3,FALSE
2025-07-16 7:14:11,EnviDat/ckanext-passwordless,https://github.com/EnviDat/ckanext-passwordless,0,0,No releases,No releases,2,0,2,FALSE
2025-07-16 7:12:07,EnviDat/ckanext-passwordless_api,https://github.com/EnviDat/ckanext-passwordless_api,0,0,No releases,No releases,2,0,1,FALSE
2025-07-16 7:32:43,EnviDat/ckanext-restricted,https://github.com/EnviDat/ckanext-restricted,27,2,0.0.4,2017-09-05,8,4,4,FALSE
2025-07-16 7:10:51,GSA/ckanext-collections,https://github.com/GSA/ckanext-collections,0,0,No releases,No releases,0,0,0,FALSE
2025-07-16 7:19:26,GSA/ckanext-datagovcatalog,https://github.com/GSA/ckanext-datagovcatalog,4,0,No releases,No releases,0,1,9,FALSE
2025-07-16 7:32:58,GSA/ckanext-datagovtheme,https://github.com/GSA/ckanext-datagovtheme,24,0,No releases,No releases,21,2,24,FALSE
2025-07-16 7:28:32,GSA/ckanext-dcat_usmetadata,https://github.com/GSA/ckanext-dcat_usmetadata,8,0,No releases,No releases,4,18,20,FALSE
2025-07-16 7:25:21,GSA/ckanext-extlink,https://github.com/GSA/ckanext-extlink,4,0,No releases,No releases,3,0,1,FALSE
2025-07-16 7:33:40,GSA/ckanext-geodatagov,https://github.com/GSA/ckanext-geodatagov,47,0,No releases,No releases,41,17,30,FALSE
2025-07-16 7:26:28,GSA/ckanext-googleanalyticsbasic,https://github.com/GSA/ckanext-googleanalyticsbasic,5,1,Release1.27,2015-03-16,1,0,8,FALSE
2025-07-16 6:52:37,GSA/ckanext-metrics_dashboard,https://github.com/GSA/ckanext-metrics_dashboard,3,0,No releases,No releases,1,0,6,FALSE
2025-07-16 6:52:40,GSA/ckanext-react_usmetadata,https://github.com/GSA/ckanext-react_usmetadata,3,0,No releases,No releases,0,1,1,FALSE
2025-07-16 7:32:08,GSA/ckanext-saml2,https://github.com/GSA/ckanext-saml2,35,0,No releases,No releases,2,6,13,FALSE
2025-07-16 6:51:13,GSA/ckanext-usmetadata,https://github.com/GSA/ckanext-usmetadata,26,7,Release1.30,2015-06-16,25,1,15,FALSE
2025-07-16 7:06:04,GeoinformationSystems/ckanext-klimakonform,https://github.com/GeoinformationSystems/ckanext-klimakonform,1,0,No releases,No releases,0,0,3,FALSE
2025-07-16 7:31:49,GovDataOfficial/ckanext-dcatde,https://github.com/GovDataOfficial/ckanext-dcatde,12,50,6.9.0,2025-03-24,11,11,3,FALSE
2025-07-16 7:09:09,GovDataOfficial/ckanext-searchindexhook,https://github.com/GovDataOfficial/ckanext-searchindexhook,1,18,6.7.0,2024-03-25,1,0,3,FALSE
2025-07-16 7:07:53,HELIX-GR/ckanext-helixtheme,https://github.com/HELIX-GR/ckanext-helixtheme,0,0,No releases,No releases,0,0,2,FALSE
2025-07-16 7:33:42,HHS/ckanext-datajson,https://github.com/HHS/ckanext-datajson,81,1,v0.1,2014-11-14,19,7,5,FALSE
2025-07-16 7:23:24,Helsingin-kaupungin-tietokeskus/ckanext-hrifi,https://github.com/Helsingin-kaupungin-tietokeskus/ckanext-hrifi,2,0,No releases,No releases,4,0,0,FALSE
2025-07-16 7:23:53,Helsingin-kaupungin-tietokeskus/ckanext-multiedit,https://github.com/Helsingin-kaupungin-tietokeskus/ckanext-multiedit,3,0,No releases,No releases,1,1,0,FALSE
2025-07-16 7:08:16,Honlan/ckanext-mytheme,https://github.com/Honlan/ckanext-mytheme,0,0,No releases,No releases,1,0,1,FALSE
2025-07-16 7:30:10,IATI/ckanext-iati,https://github.com/IATI/ckanext-iati,6,6,v1.1.9,2018-03-26,10,51,34,FALSE
2025-07-16 7:03:52,JVickery-TBS/ckanext-development,https://github.com/JVickery-TBS/ckanext-development,0,0,No releases,No releases,0,0,1,FALSE
2025-07-16 7:01:41,JoNoteJoMaMa/ckanext-statscharts,https://github.com/JoNoteJoMaMa/ckanext-statscharts,0,0,No releases,No releases,0,0,1,FALSE
2025-07-16 7:05:34,L-Har/ckanext-wms,https://github.com/L-Har/ckanext-wms,0,0,No releases,No releases,0,0,1,FALSE
2025-07-16 7:11:58,LeeDongHoon/ckanextcustomfields,https://github.com/LeeDongHoon/ckanextcustomfields,0,0,No releases,No releases,0,0,0,FALSE
2025-07-16 7:04:16,MandanaMoshref/ckanext-userautoaddgroup,https://github.com/MandanaMoshref/ckanext-userautoaddgroup,1,0,No releases,No releases,0,0,1,FALSE
2025-07-16 7:06:08,MartinHowitt/ckanext-gdl,https://github.com/MartinHowitt/ckanext-gdl,0,0,No releases,No releases,0,0,0,FALSE
2025-07-16 7:07:11,Mat-O-Lab/ckanext-chat,https://github.com/Mat-O-Lab/ckanext-chat,1,7,v0.1.6-alpha,2025-07-15,11,0,1,FALSE
2025-07-16 7:07:13,Mat-O-Lab/ckanext-csvtocsvw,https://github.com/Mat-O-Lab/ckanext-csvtocsvw,0,3,v1.0.3,2025-05-13,0,1,1,FALSE
2025-07-16 7:05:28,Mat-O-Lab/ckanext-csvwmapandtransform,https://github.com/Mat-O-Lab/ckanext-csvwmapandtransform,1,3,v1.0.2,2025-05-14,1,0,1,FALSE
2025-07-16 7:09:04,Mazen-B/ckanext-gitimport,https://github.com/Mazen-B/ckanext-gitimport,0,0,No releases,No releases,0,0,1,FALSE
2025-07-16 7:09:20,MrMedAli/ckanext-long,https://github.com/MrMedAli/ckanext-long,0,0,No releases,No releases,0,0,1,FALSE
2025-07-16 7:09:38,N-Krenn/ckanext-linkorgs,https://github.com/N-Krenn/ckanext-linkorgs,0,0,No releases,No releases,0,0,1,FALSE
2025-07-16 7:03:54,Nateem/ckanext-reqform,https://github.com/Nateem/ckanext-reqform,0,0,No releases,No releases,0,0,1,FALSE
2025-07-16 7:03:37,NaturalHistoryMuseum/ckanext-attribution,https://github.com/NaturalHistoryMuseum/ckanext-attribution,0,25,v1.2.14,2025-06-09,0,6,3,FALSE
2025-07-16 7:27:02,NaturalHistoryMuseum/ckanext-ckanpackager,https://github.com/NaturalHistoryMuseum/ckanext-ckanpackager,3,23,v3.0.0,2023-07-18,6,0,5,FALSE
2025-07-16 7:32:25,NaturalHistoryMuseum/ckanext-contact,https://github.com/NaturalHistoryMuseum/ckanext-contact,24,20,v2.4.4,2025-06-09,5,5,5,FALSE
2025-07-16 7:19:56,NaturalHistoryMuseum/ckanext-datasolr,https://github.com/NaturalHistoryMuseum/ckanext-datasolr,1,6,v1.0.5,2018-02-28,6,0,4,FALSE
2025-07-16 7:28:37,NaturalHistoryMuseum/ckanext-dataspatial,https://github.com/NaturalHistoryMuseum/ckanext-dataspatial,4,1,v0.0.1,2017-09-21,8,1,3,FALSE
2025-07-16 7:16:23,NaturalHistoryMuseum/ckanext-dev,https://github.com/NaturalHistoryMuseum/ckanext-dev,1,0,No releases,No releases,4,0,3,FALSE
2025-07-16 7:32:50,NaturalHistoryMuseum/ckanext-doi,https://github.com/NaturalHistoryMuseum/ckanext-doi,21,32,v4.0.2,2025-06-09,24,13,8,FALSE
2025-07-16 7:27:27,NaturalHistoryMuseum/ckanext-gallery,https://github.com/NaturalHistoryMuseum/ckanext-gallery,4,22,v3.0.5,2025-06-16,4,1,6,FALSE
2025-07-16 7:16:16,NaturalHistoryMuseum/ckanext-gbif,https://github.com/NaturalHistoryMuseum/ckanext-gbif,1,19,v2.1.12,2025-06-09,4,0,5,FALSE
2025-07-16 7:23:26,NaturalHistoryMuseum/ckanext-graph,https://github.com/NaturalHistoryMuseum/ckanext-graph,2,16,v2.1.12,2025-06-09,4,1,5,FALSE
2025-07-16 7:14:09,NaturalHistoryMuseum/ckanext-iiif,https://github.com/NaturalHistoryMuseum/ckanext-iiif,0,17,v4.0.1,2025-06-09,2,1,3,FALSE
2025-07-16 7:33:26,NaturalHistoryMuseum/ckanext-ldap,https://github.com/NaturalHistoryMuseum/ckanext-ldap,39,31,v4.1.1,2025-06-09,34,9,16,FALSE
2025-07-16 6:53:50,NaturalHistoryMuseum/ckanext-list,https://github.com/NaturalHistoryMuseum/ckanext-list,1,18,v2.1.11,2025-06-09,0,4,4,FALSE
2025-07-16 6:58:55,NaturalHistoryMuseum/ckanext-map,https://github.com/NaturalHistoryMuseum/ckanext-map,1,2,v0.0.2,2018-01-04,0,2,5,FALSE
2025-07-16 7:34:36,NaturalHistoryMuseum/ckanext-nhm,https://github.com/NaturalHistoryMuseum/ckanext-nhm,4,150,v7.1.0,2025-06-16,30,56,8,TRUE
2025-07-16 6:53:42,NaturalHistoryMuseum/ckanext-query-dois,https://github.com/NaturalHistoryMuseum/ckanext-query-dois,0,27,v6.0.1,2025-06-16,0,7,4,FALSE
2025-07-16 7:12:39,NaturalHistoryMuseum/ckanext-sketchfab,https://github.com/NaturalHistoryMuseum/ckanext-sketchfab,1,14,v2.1.11,2025-06-09,2,0,4,FALSE
2025-07-16 6:53:47,NaturalHistoryMuseum/ckanext-solr-heatmap,https://github.com/NaturalHistoryMuseum/ckanext-solr-heatmap,1,2,v0.0.2,2017-12-08,0,0,3,FALSE
2025-07-16 7:01:27,NaturalHistoryMuseum/ckanext-status,https://github.com/NaturalHistoryMuseum/ckanext-status,1,18,v2.4.4,2025-06-09,1,0,4,FALSE
2025-07-16 7:27:41,NaturalHistoryMuseum/ckanext-twitter,https://github.com/NaturalHistoryMuseum/ckanext-twitter,8,16,v2.2.9,2024-05-14,0,0,3,FALSE
2025-07-16 7:28:50,NaturalHistoryMuseum/ckanext-userdatasets,https://github.com/NaturalHistoryMuseum/ckanext-userdatasets,8,17,v2.2.1,2025-07-08,2,0,5,FALSE
2025-07-16 7:34:26,NaturalHistoryMuseum/ckanext-versioned-datastore,https://github.com/NaturalHistoryMuseum/ckanext-versioned-datastore,3,62,v6.3.3,2025-07-08,10,18,3,TRUE
2025-07-16 6:53:45,NaturalHistoryMuseum/ckanext-versioned-tiledmap,https://github.com/NaturalHistoryMuseum/ckanext-versioned-tiledmap,0,22,v2.3.4,2025-06-09,0,3,6,FALSE
2025-07-16 7:25:56,NaturalHistoryMuseum/ckanext-video,https://github.com/NaturalHistoryMuseum/ckanext-video,4,14,v2.1.11,2025-06-09,2,2,4,FALSE
2025-07-16 6:53:39,NaturalHistoryMuseum/ckanext-webview,https://github.com/NaturalHistoryMuseum/ckanext-webview,0,13,v1.1.11,2025-06-09,1,0,3,FALSE
2025-07-16 7:02:21,NextGeoss/ckanext-admintools,https://github.com/NextGeoss/ckanext-admintools,0,0,No releases,No releases,0,0,1,FALSE
2025-07-16 7:15:01,NextGeoss/ckanext-nextgeoss,https://github.com/NextGeoss/ckanext-nextgeoss,0,16,v0.1.15,2020-10-20,3,5,3,FALSE
2025-07-16 7:18:03,NextGeoss/ckanext-nextgeossharvest,https://github.com/NextGeoss/ckanext-nextgeossharvest,1,27,v0.8.1,2022-11-18,5,11,7,FALSE
2025-07-16 7:01:39,NextGeoss/ckanext-opensearch,https://github.com/NextGeoss/ckanext-opensearch,0,34,v2.9.0,2022-12-20,1,1,5,FALSE
2025-07-16 7:07:57,NextGeoss/ckanext-orleans,https://github.com/NextGeoss/ckanext-orleans,0,0,No releases,No releases,0,0,1,FALSE
2025-07-16 7:22:38,NicolaiLolansen/ckanext-cprvalidation,https://github.com/NicolaiLolansen/ckanext-cprvalidation,3,0,No releases,No releases,0,0,1,FALSE
2025-07-16 7:08:28,NicolaiLolansen/ckanext-updatedatastore,https://github.com/NicolaiLolansen/ckanext-updatedatastore,0,0,No releases,No releases,0,0,1,FALSE
2025-07-16 7:19:40,NicolaiLolansen/ckanext-updatetracking,https://github.com/NicolaiLolansen/ckanext-updatetracking,2,0,No releases,No releases,0,0,1,FALSE
2025-07-16 7:02:54,Nithyavasudevan/ckanext-glasgow,https://github.com/Nithyavasudevan/ckanext-glasgow,0,0,No releases,No releases,1,0,3,FALSE
2025-07-16 7:23:05,NorwegianRefugeeCouncil/ckanext-api-tracking,https://github.com/NorwegianRefugeeCouncil/ckanext-api-tracking,2,7,0.5.1,2025-03-05,4,5,5,FALSE
2025-07-16 7:19:48,NuCivic/ckanext-cmap,https://github.com/NuCivic/ckanext-cmap,1,0,No releases,No releases,6,0,1,FALSE
2025-07-16 7:06:16,O2br/ckanext-temacultura,https://github.com/O2br/ckanext-temacultura,0,0,No releases,No releases,0,0,1,FALSE
2025-07-16 7:23:22,OCHA-DAP/ckanext-powerview,https://github.com/OCHA-DAP/ckanext-powerview,2,3,0.1.0,2020-03-19,4,0,2,FALSE
2025-07-16 7:06:13,OpenDataCordoba/ckanext-odc,https://github.com/OpenDataCordoba/ckanext-odc,0,0,No releases,No releases,0,0,1,FALSE
2025-07-16 7:21:39,OpenDataGIS/ckanext-facet_scheming,https://github.com/OpenDataGIS/ckanext-facet_scheming,5,3,2.0.0a,2023-07-28,0,0,2,FALSE
2025-07-16 7:03:30,OpenDataGIS/ckanext-miteco,https://github.com/OpenDataGIS/ckanext-miteco,0,6,v0.1.3-hotfix,2025-01-15,0,0,1,FALSE
2025-07-16 7:05:15,OpenDataPortal-AT/ckanext-odpat,https://github.com/OpenDataPortal-AT/ckanext-odpat,1,0,No releases,No releases,0,1,1,FALSE
2025-07-16 7:21:19,OpenDevelopmentMekong/ckanext-odm_library,https://github.com/OpenDevelopmentMekong/ckanext-odm_library,3,20,v2.2.1,2017-05-16,0,3,3,FALSE
2025-07-16 6:53:19,OpenGov-OpenData/ckanext-ai-assistants,https://github.com/OpenGov-OpenData/ckanext-ai-assistants,0,0,No releases,No releases,1,1,2,FALSE
2025-07-16 7:28:30,OpenGov-OpenData/ckanext-bostonschema,https://github.com/OpenGov-OpenData/ckanext-bostonschema,5,0,No releases,No releases,3,0,7,FALSE
2025-07-16 7:27:36,OpenGov-OpenData/ckanext-cartodbmap,https://github.com/OpenGov-OpenData/ckanext-cartodbmap,3,0,No releases,No releases,9,5,2,FALSE
2025-07-16 6:53:35,OpenGov-OpenData/ckanext-castate_od_schema,https://github.com/OpenGov-OpenData/ckanext-castate_od_schema,1,0,No releases,No releases,0,0,1,FALSE
2025-07-16 6:53:26,OpenGov-OpenData/ckanext-chhs_schema,https://github.com/OpenGov-OpenData/ckanext-chhs_schema,0,0,No releases,No releases,1,0,2,FALSE
2025-07-16 7:21:30,OpenGov-OpenData/ckanext-cnra_schema,https://github.com/OpenGov-OpenData/ckanext-cnra_schema,3,0,No releases,No releases,0,0,5,FALSE
2025-07-16 7:31:16,OpenGov-OpenData/ckanext-cob_theme,https://github.com/OpenGov-OpenData/ckanext-cob_theme,12,0,No releases,No releases,7,0,4,FALSE
2025-07-16 6:53:37,OpenGov-OpenData/ckanext-custom-schema,https://github.com/OpenGov-OpenData/ckanext-custom-schema,1,0,No releases,No releases,0,0,5,FALSE
2025-07-16 6:53:21,OpenGov-OpenData/ckanext-custom_harvest,https://github.com/OpenGov-OpenData/ckanext-custom_harvest,0,0,No releases,No releases,0,0,1,FALSE
2025-07-16 7:19:30,OpenGov-OpenData/ckanext-datasetpermissioning,https://github.com/OpenGov-OpenData/ckanext-datasetpermissioning,2,0,No releases,No releases,1,0,2,FALSE
2025-07-16 6:57:45,OpenGov-OpenData/ckanext-discourse,https://github.com/OpenGov-OpenData/ckanext-discourse,14,0,No releases,No releases,13,9,4,FALSE
2025-07-16 7:24:08,OpenGov-OpenData/ckanext-extensionstheme,https://github.com/OpenGov-OpenData/ckanext-extensionstheme,4,0,No releases,No releases,1,0,1,FALSE
2025-07-16 6:53:30,OpenGov-OpenData/ckanext-harvestnotification,https://github.com/OpenGov-OpenData/ckanext-harvestnotification,1,0,No releases,No releases,0,0,1,FALSE
2025-07-16 7:17:56,OpenGov-OpenData/ckanext-heroslider,https://github.com/OpenGov-OpenData/ckanext-heroslider,2,0,No releases,No releases,0,1,1,FALSE
2025-07-16 6:53:23,OpenGov-OpenData/ckanext-heroslideradmin,https://github.com/OpenGov-OpenData/ckanext-heroslideradmin,0,0,No releases,No releases,0,0,2,FALSE
2025-07-16 6:53:16,OpenGov-OpenData/ckanext-in_app_reporting,https://github.com/OpenGov-OpenData/ckanext-in_app_reporting,0,0,No releases,No releases,0,0,1,FALSE
2025-07-16 6:53:13,OpenGov-OpenData/ckanext-markdown_view,https://github.com/OpenGov-OpenData/ckanext-markdown_view,0,0,No releases,No releases,0,0,2,FALSE
2025-07-16 7:10:34,OpenGov-OpenData/ckanext-observability,https://github.com/OpenGov-OpenData/ckanext-observability,0,0,No releases,No releases,0,0,2,FALSE
2025-07-16 6:53:33,OpenGov-OpenData/ckanext-og_datatablesview,https://github.com/OpenGov-OpenData/ckanext-og_datatablesview,1,0,No releases,No releases,0,1,4,FALSE
2025-07-16 7:23:39,OpenGov-OpenData/ckanext-opendata_theme,https://github.com/OpenGov-OpenData/ckanext-opendata_theme,4,0,No releases,No releases,0,0,6,FALSE
2025-07-16 6:53:28,OpenGov-OpenData/ckanext-virginia_schema,https://github.com/OpenGov-OpenData/ckanext-virginia_schema,1,0,No releases,No releases,0,0,4,FALSE
2025-07-16 7:08:08,OpenTransportDataProject/ckanext-sintef,https://github.com/OpenTransportDataProject/ckanext-sintef,0,0,No releases,No releases,0,0,2,FALSE
2025-07-16 7:21:08,OpenUpSA/ckanext-discourse-sso,https://github.com/OpenUpSA/ckanext-discourse-sso,2,0,No releases,No releases,1,0,1,FALSE
2025-07-16 7:20:17,OriHoch/ckanext-file_uploader_ui,https://github.com/OriHoch/ckanext-file_uploader_ui,3,0,No releases,No releases,0,2,1,FALSE
2025-07-16 7:20:05,PacificCommunity/ckanext-spc-pdh,https://github.com/PacificCommunity/ckanext-spc-pdh,2,0,No releases,No releases,2,2,11,FALSE
2025-07-16 7:15:45,Pooya-Oladazimi/ckanext-my-first-cool-extension,https://github.com/Pooya-Oladazimi/ckanext-my-first-cool-extension,1,0,No releases,No releases,0,0,1,FALSE
2025-07-16 7:17:27,PopulateTools/ckanext-ansible-workflow,https://github.com/PopulateTools/ckanext-ansible-workflow,1,0,No releases,No releases,5,0,1,FALSE
2025-07-16 7:20:56,PopulateTools/ckanext-topics,https://github.com/PopulateTools/ckanext-topics,2,0,No releases,No releases,2,0,3,FALSE
2025-07-16 7:12:51,Psykar/ckanext-ands,https://github.com/Psykar/ckanext-ands,0,0,No releases,No releases,2,0,1,FALSE
2025-07-16 6:58:59,PublicaMundi/ckanext-helloresource,https://github.com/PublicaMundi/ckanext-helloresource,0,0,No releases,No releases,0,0,1,FALSE
2025-07-16 7:08:43,PublicaMundi/ckanext-helloworld,https://github.com/PublicaMundi/ckanext-helloworld,0,0,No releases,No releases,1,0,1,FALSE
2025-07-16 7:00:36,PublicaMundi/ckanext-interlinking,https://github.com/PublicaMundi/ckanext-interlinking,1,0,No releases,No releases,1,1,3,FALSE
2025-07-16 7:31:56,PublicaMundi/ckanext-publicamundi,https://github.com/PublicaMundi/ckanext-publicamundi,12,0,No releases,No releases,13,54,5,FALSE
2025-07-16 7:26:10,PublicaMundi/ckanext-vectorstorer,https://github.com/PublicaMundi/ckanext-vectorstorer,3,0,No releases,No releases,4,0,3,FALSE
2025-07-16 7:04:50,Quatral/ckanext-vds,https://github.com/Quatral/ckanext-vds,0,0,No releases,No releases,0,0,2,FALSE
2025-07-16 7:25:12,REEEP/ckanext-climate-tagger,https://github.com/REEEP/ckanext-climate-tagger,2,0,No releases,No releases,9,2,3,FALSE
2025-07-16 7:05:42,RTIInternational/ckanext-advancedauth,https://github.com/RTIInternational/ckanext-advancedauth,0,0,No releases,No releases,0,0,3,FALSE
2025-07-16 7:17:38,RadoRado/ckanext-extrafields,https://github.com/RadoRado/ckanext-extrafields,2,0,No releases,No releases,0,0,0,FALSE
2025-07-16 7:02:16,SAEONData/ckanext-accesscontrol,https://github.com/SAEONData/ckanext-accesscontrol,0,10,v1.0.0-beta,2020-06-12,0,4,1,FALSE
2025-07-16 7:04:33,SAEONData/ckanext-jsonpatch,https://github.com/SAEONData/ckanext-jsonpatch,0,6,v1.0.0,2020-06-12,0,1,1,FALSE
2025-07-16 6:58:35,SAERI-Datacenter/ckanext-docs,https://github.com/SAERI-Datacenter/ckanext-docs,0,0,No releases,No releases,0,0,2,FALSE
2025-07-16 7:11:07,SAERI-Datacenter/ckanext-saerischema,https://github.com/SAERI-Datacenter/ckanext-saerischema,0,1,v0.1,2019-02-05,1,0,2,FALSE
2025-07-16 7:10:22,SDM-TIB/ckanext-fedorkg,https://github.com/SDM-TIB/ckanext-fedorkg,0,24,v0.8.2,2025-04-09,0,0,1,FALSE
2025-07-16 7:01:24,SDM-TIB/ckanext-jupyternotebook,https://github.com/SDM-TIB/ckanext-jupyternotebook,0,0,No releases,No releases,0,0,1,FALSE
2025-07-16 7:31:04,SENATICS/ckanext-opendatagovpy,https://github.com/SENATICS/ckanext-opendatagovpy,7,0,No releases,No releases,12,0,3,FALSE
2025-07-16 7:10:56,SFB-ELAINE/ckanext-papaya,https://github.com/SFB-ELAINE/ckanext-papaya,0,0,No releases,No releases,0,0,1,FALSE
2025-07-16 7:00:00,SFB-ELAINE/ckanext-paraview,https://github.com/SFB-ELAINE/ckanext-paraview,0,0,No releases,No releases,0,0,1,FALSE
2025-07-16 7:21:32,SICTIAM/ckanext-resource-location,https://github.com/SICTIAM/ckanext-resource-location,2,0,No releases,No releases,0,0,1,FALSE
2025-07-16 7:08:37,SenseTecnic/ckanext-wotkit,https://github.com/SenseTecnic/ckanext-wotkit,0,0,No releases,No releases,0,3,4,FALSE
2025-07-16 6:58:14,SmdhMdep/ckanext-granularvisibility,https://github.com/SmdhMdep/ckanext-granularvisibility,0,0,No releases,No releases,0,0,3,FALSE
2025-07-16 7:09:16,SmdhMdep/ckanext-usertracking,https://github.com/SmdhMdep/ckanext-usertracking,1,0,No releases,No releases,0,0,4,FALSE
2025-07-16 6:52:25,TIBHannover/ckanext-bioschemaharvester,https://github.com/TIBHannover/ckanext-bioschemaharvester,0,1,v0.1.5,2024-07-25,0,0,1,FALSE
2025-07-16 6:52:30,TIBHannover/ckanext-cancel-dataset-creation,https://github.com/TIBHannover/ckanext-cancel-dataset-creation,0,1,1.0.0,2024-12-17,0,0,2,FALSE
2025-07-16 6:52:18,TIBHannover/ckanext-close-for-guests,https://github.com/TIBHannover/ckanext-close-for-guests,1,10,1.1.6,2025-02-27,1,1,3,FALSE
2025-07-16 6:52:01,TIBHannover/ckanext-crc-trr-298,https://github.com/TIBHannover/ckanext-crc-trr-298,0,0,No releases,No releases,0,0,1,FALSE
2025-07-16 6:52:06,TIBHannover/ckanext-crc1153,https://github.com/TIBHannover/ckanext-crc1153,0,0,No releases,No releases,1,0,2,FALSE
2025-07-16 6:52:03,TIBHannover/ckanext-crc1368,https://github.com/TIBHannover/ckanext-crc1368,0,0,No releases,No releases,1,0,1,FALSE
2025-07-16 6:52:22,TIBHannover/ckanext-custom-dataset-metadata,https://github.com/TIBHannover/ckanext-custom-dataset-metadata,0,0,No releases,No releases,0,0,1,FALSE
2025-07-16 6:51:51,TIBHannover/ckanext-data-comparision,https://github.com/TIBHannover/ckanext-data-comparision,0,0,No releases,No releases,0,0,1,FALSE
2025-07-16 6:52:13,TIBHannover/ckanext-data-comparison,https://github.com/TIBHannover/ckanext-data-comparison,0,0,No releases,No releases,0,0,1,FALSE
2025-07-16 6:52:20,TIBHannover/ckanext-dataset-metadata-automation,https://github.com/TIBHannover/ckanext-dataset-metadata-automation,0,1,1.0.0,2025-01-20,0,0,2,FALSE
2025-07-16 6:51:53,TIBHannover/ckanext-dataset-transfer,https://github.com/TIBHannover/ckanext-dataset-transfer,0,0,No releases,No releases,0,0,1,FALSE
2025-07-16 6:51:45,TIBHannover/ckanext-dcatapcrc,https://github.com/TIBHannover/ckanext-dcatapcrc,0,0,No releases,No releases,0,1,2,FALSE
2025-07-16 7:20:47,TIBHannover/ckanext-dwgviewer,https://github.com/TIBHannover/ckanext-dwgviewer,2,0,No releases,No releases,2,0,1,FALSE
2025-07-16 7:12:37,TIBHannover/ckanext-email-notification,https://github.com/TIBHannover/ckanext-email-notification,0,2,1.1.0,2024-12-16,2,0,2,FALSE
2025-07-16 6:52:27,TIBHannover/ckanext-feature-image,https://github.com/TIBHannover/ckanext-feature-image,0,2,1.0.1,2024-12-16,0,1,2,FALSE
2025-07-16 6:58:03,TIBHannover/ckanext-multiuploader,https://github.com/TIBHannover/ckanext-multiuploader,4,2,2.0.0,2024-12-13,2,2,3,FALSE
2025-07-16 6:52:11,TIBHannover/ckanext-oai-jsonld-harvester,https://github.com/TIBHannover/ckanext-oai-jsonld-harvester,0,0,No releases,No releases,0,0,1,FALSE
2025-07-16 6:52:33,TIBHannover/ckanext-organization-group,https://github.com/TIBHannover/ckanext-organization-group,0,1,1.0.0,2024-12-16,0,0,2,FALSE
2025-07-16 6:51:49,TIBHannover/ckanext-resource-custom-metadata,https://github.com/TIBHannover/ckanext-resource-custom-metadata,0,0,No releases,No releases,0,0,1,FALSE
2025-07-16 7:02:11,TIBHannover/ckanext-semtag,https://github.com/TIBHannover/ckanext-semtag,0,0,No releases,No releases,1,5,2,FALSE
2025-07-16 6:52:15,TIBHannover/ckanext-sfb-search,https://github.com/TIBHannover/ckanext-sfb-search,0,0,No releases,No releases,0,0,1,FALSE
2025-07-16 6:51:47,TIBHannover/ckanext-sfb-search-extension,https://github.com/TIBHannover/ckanext-sfb-search-extension,0,0,No releases,No releases,1,0,1,FALSE
2025-07-16 6:51:43,TIBHannover/ckanext-system-stats,https://github.com/TIBHannover/ckanext-system-stats,0,0,No releases,No releases,0,0,2,FALSE
2025-07-16 6:51:58,TIBHannover/ckanext-system-stats-old,https://github.com/TIBHannover/ckanext-system-stats-old,0,0,No releases,No releases,0,0,0,FALSE
2025-07-16 7:16:58,TIBHannover/ckanext-tif-imageview,https://github.com/TIBHannover/ckanext-tif-imageview,2,3,1.1.0,2024-12-13,1,0,2,FALSE
2025-07-16 6:52:35,TIBHannover/ckanext-upgrade-dataset,https://github.com/TIBHannover/ckanext-upgrade-dataset,0,5,v.1.1.3,2021-09-16,0,0,1,FALSE
2025-07-16 6:51:56,TIBHannover/ckanext-user-manual,https://github.com/TIBHannover/ckanext-user-manual,0,1,1.0.0,2025-01-20,0,0,3,FALSE
2025-07-16 7:19:03,TIBHannover/ckanext-videoviewer,https://github.com/TIBHannover/ckanext-videoviewer,2,0,No releases,No releases,1,0,1,FALSE
2025-07-16 6:52:09,TIBHannover/ckanext_sfb_layout,https://github.com/TIBHannover/ckanext_sfb_layout,0,0,No releases,No releases,1,0,1,FALSE
2025-07-16 7:21:12,TerriaJS/ckanext-terria_view,https://github.com/TerriaJS/ckanext-terria_view,3,0,No releases,No releases,0,1,0,FALSE
2025-07-16 7:33:49,TkTech/ckanext-cloudstorage,https://github.com/TkTech/ckanext-cloudstorage,56,0,No releases,No releases,37,23,7,FALSE
2025-07-16 7:09:14,Trusts-eu/ckanext-vocabularies,https://github.com/Trusts-eu/ckanext-vocabularies,0,0,No releases,No releases,0,0,1,FALSE
2025-07-16 7:22:26,UCSUR-Pitt/ckanext-wprdctheme,https://github.com/UCSUR-Pitt/ckanext-wprdctheme,3,0,No releases,No releases,1,0,1,FALSE
2025-07-16 7:21:15,USEPA/ckanext-collaborator_orgs,https://github.com/USEPA/ckanext-collaborator_orgs,5,0,No releases,No releases,1,0,1,FALSE
2025-07-16 7:12:35,USEPA/ckanext-linked-storage,https://github.com/USEPA/ckanext-linked-storage,2,0,No releases,No releases,2,1,1,FALSE
2025-07-16 7:13:42,USEPA/ckanext-plotly,https://github.com/USEPA/ckanext-plotly,3,0,No releases,No releases,2,1,1,FALSE
2025-07-16 7:04:39,UoA-eResearch/ckanext-cer,https://github.com/UoA-eResearch/ckanext-cer,0,0,No releases,No releases,0,0,0,FALSE
2025-07-16 7:00:52,UoA-eResearch/ckanext-ezid,https://github.com/UoA-eResearch/ckanext-ezid,0,0,No releases,No releases,1,0,1,FALSE
2025-07-16 7:24:14,ViderumGlobal/ckanext-dataexplorer,https://github.com/ViderumGlobal/ckanext-dataexplorer,5,0,No releases,No releases,0,0,1,FALSE
2025-07-16 7:25:35,ViderumGlobal/ckanext-ed,https://github.com/ViderumGlobal/ckanext-ed,6,0,No releases,No releases,1,14,7,FALSE
2025-07-16 7:27:58,VilledeMontreal/ckanext-montreal-archive,https://github.com/VilledeMontreal/ckanext-montreal-archive,5,0,No releases,No releases,5,2,7,FALSE
2025-07-16 7:17:10,WPRDC/ckanext-legacy-wprdctheme,https://github.com/WPRDC/ckanext-legacy-wprdctheme,2,0,No releases,No releases,0,0,2,FALSE
2025-07-16 7:05:03,WilJoey/ckanext-ksgeo,https://github.com/WilJoey/ckanext-ksgeo,0,0,No releases,No releases,0,0,1,FALSE
2025-07-16 7:22:31,WorldBank-Transport/ckanext-resourcemeta,https://github.com/WorldBank-Transport/ckanext-resourcemeta,3,0,No releases,No releases,0,0,1,FALSE
2025-07-16 7:17:41,XVTSolutions/ckanext-clone,https://github.com/XVTSolutions/ckanext-clone,2,0,No releases,No releases,0,0,0,FALSE
2025-07-16 6:51:32,XVTSolutions/ckanext-dsactions,https://github.com/XVTSolutions/ckanext-dsactions,1,1,v1.0,2014-04-30,0,0,0,FALSE
2025-07-16 7:24:55,XVTSolutions/ckanext-extend_search,https://github.com/XVTSolutions/ckanext-extend_search,5,1,v1.0,2014-04-17,1,0,2,FALSE
2025-07-16 7:03:17,XVTSolutions/ckanext-metameta,https://github.com/XVTSolutions/ckanext-metameta,0,0,No releases,No releases,0,0,0,FALSE
2025-07-16 7:19:10,XVTSolutions/ckanext-reorder,https://github.com/XVTSolutions/ckanext-reorder,1,0,No releases,No releases,1,0,0,FALSE
2025-07-16 6:51:37,XVTSolutions/ckanext-review,https://github.com/XVTSolutions/ckanext-review,0,1,v1.0,2014-04-30,0,1,2,FALSE
2025-07-16 7:02:30,XVTSolutions/ckanext-suspend,https://github.com/XVTSolutions/ckanext-suspend,0,1,v1.0,2014-04-06,0,0,2,FALSE
2025-07-16 7:06:44,XVTSolutions/ckanext-trak,https://github.com/XVTSolutions/ckanext-trak,1,0,No releases,No releases,0,0,1,FALSE
2025-07-16 7:03:19,XVTSolutions/ckanext-vdojstats,https://github.com/XVTSolutions/ckanext-vdojstats,0,1,v1.0,2014-04-22,0,0,2,FALSE
2025-07-16 6:51:35,XVTSolutions/ckanext-vdojtheme,https://github.com/XVTSolutions/ckanext-vdojtheme,0,1,v1.0,2014-05-01,1,0,1,FALSE
2025-07-16 6:51:39,XVTSolutions/ckanext-xvt,https://github.com/XVTSolutions/ckanext-xvt,0,0,No releases,No releases,0,0,0,FALSE
2025-07-16 6:58:29,Yesser-GitHub/ckanext-odp,https://github.com/Yesser-GitHub/ckanext-odp,0,0,No releases,No releases,0,0,2,FALSE
2025-07-16 7:03:39,YourOpenDAta/ckanext-dcatapedp,https://github.com/YourOpenDAta/ckanext-dcatapedp,0,6,v1.0.4,2023-12-02,1,0,1,FALSE
2025-07-16 7:04:28,abdelrahman146/ckanext-highlighting,https://github.com/abdelrahman146/ckanext-highlighting,0,0,No releases,No releases,0,0,0,FALSE
2025-07-16 7:24:45,abgov/ckanext-ab_scheming,https://github.com/abgov/ckanext-ab_scheming,3,1,v0.1.4,2016-09-27,3,2,3,FALSE
2025-07-16 7:16:04,abgov/ckanext-geomapviewer,https://github.com/abgov/ckanext-geomapviewer,0,0,No releases,No releases,4,0,0,FALSE
2025-07-16 7:26:13,abgov/ckanext-open_alberta,https://github.com/abgov/ckanext-open_alberta,6,2,v0.0.1,2016-12-19,1,9,2,FALSE
2025-07-16 7:08:34,abulte/ckanext-countapicalls,https://github.com/abulte/ckanext-countapicalls,1,0,No releases,No releases,0,1,1,FALSE
2025-07-16 7:08:10,adrianfish/ckanext-eismetadatafields,https://github.com/adrianfish/ckanext-eismetadatafields,0,0,No releases,No releases,0,0,1,FALSE
2025-07-16 7:02:47,adrianfish/ckanext-eismetadatapusher,https://github.com/adrianfish/ckanext-eismetadatapusher,0,0,No releases,No releases,0,0,1,FALSE
2025-07-16 7:01:44,agmorev/ckanext-apidocs,https://github.com/agmorev/ckanext-apidocs,0,0,No releases,No releases,0,0,2,FALSE
2025-07-16 7:16:47,alabs/ckanext-carchi_theme,https://github.com/alabs/ckanext-carchi_theme,2,0,No releases,No releases,1,3,3,FALSE
2025-07-16 7:01:06,alantygel/ckanext-featurednumber,https://github.com/alantygel/ckanext-featurednumber,0,0,No releases,No releases,0,0,1,FALSE
2025-07-16 7:22:50,alantygel/ckanext-semantictags,https://github.com/alantygel/ckanext-semantictags,2,0,No releases,No releases,3,0,1,FALSE
2025-07-16 7:29:07,alantygel/ckanext-tagmanager,https://github.com/alantygel/ckanext-tagmanager,4,0,No releases,No releases,10,2,2,FALSE
2025-07-16 6:58:48,alejandrofcarrera/ckanext-geolinkeddata,https://github.com/alejandrofcarrera/ckanext-geolinkeddata,0,0,No releases,No releases,0,0,1,FALSE
2025-07-16 7:27:51,alexandrainst/ckanext-realtime,https://github.com/alexandrainst/ckanext-realtime,2,0,No releases,No releases,28,5,0,FALSE
2025-07-16 7:16:14,alexbyrnes/ckanext-mongodb,https://github.com/alexbyrnes/ckanext-mongodb,0,0,No releases,No releases,4,1,1,FALSE
2025-07-16 7:26:15,aliwaqas333/ckanext-kpodp_theme,https://github.com/aliwaqas333/ckanext-kpodp_theme,3,0,No releases,No releases,6,1,3,FALSE
2025-07-16 7:32:15,alphagov/ckanext-datagovuk,https://github.com/alphagov/ckanext-datagovuk,15,53,v1.14.0,2025-04-30,12,15,35,FALSE
2025-07-16 7:26:39,amercader/ckanext-embeddings,https://github.com/amercader/ckanext-embeddings,3,2,v0.1.1,2024-05-22,14,2,2,FALSE
2025-07-16 7:17:22,amercader/ckanext-glasgow_theme,https://github.com/amercader/ckanext-glasgow_theme,2,0,No releases,No releases,0,0,2,FALSE
2025-07-16 7:10:08,amercader/ckanext-search,https://github.com/amercader/ckanext-search,0,0,No releases,No releases,5,0,1,FALSE
2025-07-16 7:07:35,amercader/ckanext-testext,https://github.com/amercader/ckanext-testext,0,0,No releases,No releases,0,0,1,FALSE
2025-07-16 6:59:28,amirbuldan/ckanext-publikasi,https://github.com/amirbuldan/ckanext-publikasi,0,0,No releases,No releases,0,0,1,FALSE
2025-07-16 7:11:40,anibalpacheco/ckanext-agesic,https://github.com/anibalpacheco/ckanext-agesic,0,0,No releases,No releases,0,0,0,FALSE
2025-07-16 6:59:35,apteksdi/ckanext-schemingdcat,https://github.com/apteksdi/ckanext-schemingdcat,0,0,No releases,No releases,0,0,1,FALSE
2025-07-16 7:17:47,apteksdi/ckanext-sdbi,https://github.com/apteksdi/ckanext-sdbi,2,0,No releases,No releases,0,0,2,FALSE
2025-07-16 7:15:34,apteksdi/ckanext-sdi,https://github.com/apteksdi/ckanext-sdi,1,0,No releases,No releases,3,1,3,FALSE
2025-07-16 6:52:51,aptivate/ckanext-countrygroup,https://github.com/aptivate/ckanext-countrygroup,0,0,No releases,No releases,1,0,6,FALSE
2025-07-16 6:52:48,aptivate/ckanext-crisis,https://github.com/aptivate/ckanext-crisis,0,0,No releases,No releases,0,0,6,FALSE
2025-07-16 7:28:21,aptivate/ckanext-datasetthumbnail,https://github.com/aptivate/ckanext-datasetthumbnail,4,1,v1.0.0,2016-07-06,7,5,5,FALSE
2025-07-16 7:29:20,aptivate/ckanext-datasetversions,https://github.com/aptivate/ckanext-datasetversions,5,1,v1.0.0,2016-07-06,8,3,7,FALSE
2025-07-16 6:52:42,aptivate/ckanext-hdx_package,https://github.com/aptivate/ckanext-hdx_package,0,0,No releases,No releases,0,0,6,FALSE
2025-07-16 6:52:46,aptivate/ckanext-hdx_search,https://github.com/aptivate/ckanext-hdx_search,0,0,No releases,No releases,0,0,5,FALSE
2025-07-16 6:52:44,aptivate/ckanext-hdx_users,https://github.com/aptivate/ckanext-hdx_users,0,0,No releases,No releases,0,0,5,FALSE
2025-07-16 7:07:42,aptivate/ckanext-locationgroup,https://github.com/aptivate/ckanext-locationgroup,0,0,No releases,No releases,1,0,4,FALSE
2025-07-16 6:52:54,aptivate/ckanext-mapactionevent,https://github.com/aptivate/ckanext-mapactionevent,1,0,No releases,No releases,0,0,5,FALSE
2025-07-16 7:09:07,aptivate/ckanext-mapactiongeorss,https://github.com/aptivate/ckanext-mapactiongeorss,1,1,v1.0.4,2024-04-24,0,1,4,FALSE
2025-07-16 7:19:23,aptivate/ckanext-mapactionimporter,https://github.com/aptivate/ckanext-mapactionimporter,2,0,No releases,No releases,0,1,5,FALSE
2025-07-16 7:03:10,aptivate/ckanext-mapactiontheme,https://github.com/aptivate/ckanext-mapactiontheme,1,0,No releases,No releases,0,0,7,FALSE
2025-07-16 7:31:20,aptivate/ckanext-syndicate,https://github.com/aptivate/ckanext-syndicate,14,3,v2.0.0,2021-09-14,4,0,8,FALSE
2025-07-16 7:26:42,aptivate/ckanext-userautoadd,https://github.com/aptivate/ckanext-userautoadd,6,2,v1.0.1,2016-07-11,1,1,3,FALSE
2025-07-16 7:02:45,armin11/ckanext-transparencyderp,https://github.com/armin11/ckanext-transparencyderp,0,0,No releases,No releases,0,0,1,FALSE
2025-07-16 7:24:01,asc-csa/ckanext-asc-csa,https://github.com/asc-csa/ckanext-asc-csa,3,5,v1.0,2021-08-13,9,31,7,FALSE
2025-07-16 7:12:02,asc-csa/ckanext-asc-csa-scheming,https://github.com/asc-csa/ckanext-asc-csa-scheming,1,0,No releases,No releases,2,1,4,FALSE
2025-07-16 7:01:47,awi-response/ckanext-ifacets,https://github.com/awi-response/ckanext-ifacets,0,2,v.0.0.2,2025-05-19,0,0,1,FALSE
2025-07-16 7:32:01,azavea/ckanext-odp_theme,https://github.com/azavea/ckanext-odp_theme,12,1,CKAN-2.2,2017-10-10,14,7,6,FALSE
2025-07-16 7:07:24,b-weintraub/ckanext-stac,https://github.com/b-weintraub/ckanext-stac,1,0,No releases,No releases,1,0,2,FALSE
2025-07-16 7:33:03,bcgov/ckanext-bcgov,https://github.com/bcgov/ckanext-bcgov,23,50,2.0.1,2021-11-05,25,183,26,FALSE
2025-07-16 6:51:08,bcgov/ckanext-bcgov-cli,https://github.com/bcgov/ckanext-bcgov-cli,0,0,No releases,No releases,0,0,4,FALSE
2025-07-16 6:51:05,bcgov/ckanext-bcgov-disqus,https://github.com/bcgov/ckanext-bcgov-disqus,0,0,No releases,No releases,0,1,1,FALSE
2025-07-16 7:24:50,bcgov/ckanext-bcgov-schema,https://github.com/bcgov/ckanext-bcgov-schema,3,0,No releases,No releases,3,2,12,FALSE
2025-07-16 6:51:11,bcgov/ckanext-edc-rss,https://github.com/bcgov/ckanext-edc-rss,0,3,v2.0.1,2023-05-19,0,5,7,FALSE
2025-07-16 7:00:23,bcgov/ckanext-galileo,https://github.com/bcgov/ckanext-galileo,1,0,No releases,No releases,0,0,2,FALSE
2025-07-16 7:28:04,bcgov/ckanext-openapiviewer,https://github.com/bcgov/ckanext-openapiviewer,4,8,3.1.2,2018-03-12,7,0,8,FALSE
2025-07-16 7:30:26,bcgov/ckanext-sso,https://github.com/bcgov/ckanext-sso,9,0,No releases,No releases,5,2,9,FALSE
2025-07-16 7:16:12,belgium-its-steering-committee/ckanext-benap,https://github.com/belgium-its-steering-committee/ckanext-benap,0,39,2.1.1,2024-09-30,4,0,6,FALSE
2025-07-16 7:25:42,bellisk/ckanext-subscribe,https://github.com/bellisk/ckanext-subscribe,5,2,1.2.0,2025-06-04,1,2,3,FALSE
2025-07-16 6:59:12,benscott/ckanext-cacheapi,https://github.com/benscott/ckanext-cacheapi,0,0,No releases,No releases,0,0,1,FALSE
2025-07-16 7:14:56,berlinonline/ckanext-berlin,https://github.com/berlinonline/ckanext-berlin,0,0,No releases,No releases,3,0,1,FALSE
2025-07-16 6:51:26,berlinonline/ckanext-berlin_dataset_schema,https://github.com/berlinonline/ckanext-berlin_dataset_schema,1,0,No releases,No releases,1,0,2,FALSE
2025-07-16 6:51:28,berlinonline/ckanext-berlinauth,https://github.com/berlinonline/ckanext-berlinauth,1,0,No releases,No releases,0,0,3,FALSE
2025-07-16 7:10:17,berlinonline/ckanext-berlintheme,https://github.com/berlinonline/ckanext-berlintheme,0,0,No releases,No releases,0,0,2,FALSE
2025-07-16 7:05:30,berlinonline/ckanext-datasetsnippets,https://github.com/berlinonline/ckanext-datasetsnippets,0,0,No releases,No releases,1,0,2,FALSE
2025-07-16 7:14:38,berlinonline/ckanext-dcatde_berlin,https://github.com/berlinonline/ckanext-dcatde_berlin,0,0,No releases,No releases,3,0,2,FALSE
2025-07-16 7:13:38,berlinonline/ckanext-fisbroker,https://github.com/berlinonline/ckanext-fisbroker,0,0,No releases,No releases,2,2,2,FALSE
2025-07-16 7:10:36,berlinonline/ckanext-sisharvester,https://github.com/berlinonline/ckanext-sisharvester,0,0,No releases,No releases,0,0,1,FALSE
2025-07-16 7:15:07,berlinonline/ckanext-validationapi,https://github.com/berlinonline/ckanext-validationapi,0,0,No releases,No releases,3,0,2,FALSE
2025-07-16 7:04:30,bertvannuffelen/ckanext-odvl,https://github.com/bertvannuffelen/ckanext-odvl,0,0,No releases,No releases,0,0,1,FALSE
2025-07-16 7:08:51,bhavin2897/ckanext-relationship,https://github.com/bhavin2897/ckanext-relationship,1,0,No releases,No releases,0,0,4,FALSE
2025-07-16 7:08:49,bhavin2897/ckanext-statictheme,https://github.com/bhavin2897/ckanext-statictheme,0,0,No releases,No releases,0,0,1,FALSE
2025-07-16 7:05:57,bhavin2897/ckanext-wikidata,https://github.com/bhavin2897/ckanext-wikidata,0,0,No releases,No releases,0,0,1,FALSE
2025-07-16 7:18:06,bopen/ckanext-mapsearch,https://github.com/bopen/ckanext-mapsearch,1,0,No releases,No releases,5,0,4,FALSE
2025-07-16 7:00:58,boxkite/ckanext-donneesqctheme,https://github.com/boxkite/ckanext-donneesqctheme,0,0,No releases,No releases,0,13,3,FALSE
2025-07-16 7:10:47,boykoc/ckanext-adal,https://github.com/boykoc/ckanext-adal,0,0,No releases,No releases,0,0,1,FALSE
2025-07-16 7:09:45,brunoqs/ckanext-ufla,https://github.com/brunoqs/ckanext-ufla,0,0,No releases,No releases,0,0,1,FALSE
2025-07-16 7:07:06,bukharim1/ckanext-afucn,https://github.com/bukharim1/ckanext-afucn,0,0,No releases,No releases,0,0,1,FALSE
2025-07-16 7:14:16,camptocamp/ckanext-theme,https://github.com/camptocamp/ckanext-theme,0,0,No releases,No releases,2,0,4,FALSE
2025-07-16 7:13:11,cbgaindia/ckanext-budgetviz,https://github.com/cbgaindia/ckanext-budgetviz,1,0,No releases,No releases,2,2,3,FALSE
2025-07-16 7:15:49,cbgaindia/ckanext-openbudgetsin_theme,https://github.com/cbgaindia/ckanext-openbudgetsin_theme,0,0,No releases,No releases,4,16,6,FALSE
2025-07-16 7:22:43,ccancellieri/ckanext-jsonschema,https://github.com/ccancellieri/ckanext-jsonschema,2,0,No releases,No releases,4,1,5,FALSE
2025-07-16 6:58:11,ccancellieri/ckanext-publisher,https://github.com/ccancellieri/ckanext-publisher,0,0,No releases,No releases,0,0,2,FALSE
2025-07-16 6:59:49,ccancellieri/ckanext-terriajs,https://github.com/ccancellieri/ckanext-terriajs,0,0,No releases,No releases,0,0,5,FALSE
2025-07-16 7:00:16,ccca-dc/ckanext-basket,https://github.com/ccca-dc/ckanext-basket,1,0,No releases,No releases,0,0,4,FALSE
2025-07-16 7:22:29,ccca-dc/ckanext-ccca,https://github.com/ccca-dc/ckanext-ccca,3,1,v1.0,2017-11-24,0,0,5,FALSE
2025-07-16 7:04:41,ccca-dc/ckanext-filtersearch,https://github.com/ccca-dc/ckanext-filtersearch,0,1,v1.0,2017-10-02,0,0,4,FALSE
2025-07-16 7:06:32,ccca-dc/ckanext-galleryview,https://github.com/ccca-dc/ckanext-galleryview,0,1,v1.0,2017-02-21,0,0,3,FALSE
2025-07-16 7:09:57,ccca-dc/ckanext-handle,https://github.com/ccca-dc/ckanext-handle,0,1,v1.0,2017-06-27,0,0,3,FALSE
2025-07-16 7:08:01,ccca-dc/ckanext-iauth,https://github.com/ccca-dc/ckanext-iauth,0,1,v1.0,2017-11-15,0,0,3,FALSE
2025-07-16 7:04:48,ccca-dc/ckanext-localimp,https://github.com/ccca-dc/ckanext-localimp,0,1,v1.0,2017-07-11,0,0,3,FALSE
2025-07-16 7:11:18,ccca-dc/ckanext-resourceversions,https://github.com/ccca-dc/ckanext-resourceversions,0,1,v1.0,2017-08-03,0,0,3,FALSE
2025-07-16 7:06:25,ccca-dc/ckanext-thredds,https://github.com/ccca-dc/ckanext-thredds,1,1,v1.0,2017-11-22,1,0,4,FALSE
2025-07-16 7:31:02,cfpb/ckanext-cfpb-extrafields,https://github.com/cfpb/ckanext-cfpb-extrafields,11,3,v1.1.1,2016-08-10,4,5,9,FALSE
2025-07-16 7:00:05,chdigiorno/ckanext-gcbaandinotheme,https://github.com/chdigiorno/ckanext-gcbaandinotheme,3,0,No releases,No releases,0,0,2,FALSE
2025-07-16 7:21:17,cioos-siooc/ckanext-cioos_theme,https://github.com/cioos-siooc/ckanext-cioos_theme,3,0,No releases,No releases,0,7,8,FALSE
2025-07-16 7:04:14,citylinedata/ckanext-cl,https://github.com/citylinedata/ckanext-cl,0,0,No releases,No releases,0,0,1,FALSE
2025-07-16 7:24:10,cityofsurrey/ckanext-surrey,https://github.com/cityofsurrey/ckanext-surrey,4,0,No releases,No releases,1,1,6,FALSE
2025-07-16 7:13:47,ciudadanointeligente/ckanext-forms,https://github.com/ciudadanointeligente/ckanext-forms,0,0,No releases,No releases,2,0,1,FALSE
2025-07-16 7:14:29,ciudadanointeligente/ckanext-junar,https://github.com/ciudadanointeligente/ckanext-junar,0,0,No releases,No releases,2,0,1,FALSE
2025-07-16 7:31:18,ckan/ckanext-apihelper,https://github.com/ckan/ckanext-apihelper,10,0,No releases,No releases,10,2,2,FALSE
2025-07-16 7:33:23,ckan/ckanext-archiver,https://github.com/ckan/ckanext-archiver,43,0,No releases,No releases,22,23,19,FALSE
2025-07-16 7:32:53,ckan/ckanext-basiccharts,https://github.com/ckan/ckanext-basiccharts,28,0,No releases,No releases,12,16,8,FALSE
2025-07-16 7:33:00,ckan/ckanext-dashboard,https://github.com/ckan/ckanext-dashboard,21,0,No releases,No releases,29,7,7,FALSE
2025-07-16 7:24:33,ckan/ckanext-datapusherext,https://github.com/ckan/ckanext-datapusherext,4,0,No releases,No releases,0,0,4,FALSE
2025-07-16 6:55:08,ckan/ckanext-dataset-series,https://github.com/ckan/ckanext-dataset-series,3,0,No releases,No releases,1,3,3,FALSE
2025-07-16 7:32:45,ckan/ckanext-datastorer,https://github.com/ckan/ckanext-datastorer,18,0,No releases,No releases,21,16,12,FALSE
2025-07-16 6:57:54,ckan/ckanext-dcat,https://github.com/ckan/ckanext-dcat,152,21,v2.4.0,2025-05-20,181,67,33,FALSE
2025-07-16 7:29:41,ckan/ckanext-deadoralive,https://github.com/ckan/ckanext-deadoralive,8,0,No releases,No releases,6,12,2,FALSE
2025-07-16 7:32:40,ckan/ckanext-disqus,https://github.com/ckan/ckanext-disqus,22,0,No releases,No releases,13,10,12,FALSE
2025-07-16 7:30:15,ckan/ckanext-drupal7,https://github.com/ckan/ckanext-drupal7,8,0,No releases,No releases,6,0,2,FALSE
2025-07-16 7:20:45,ckan/ckanext-dsaudit,https://github.com/ckan/ckanext-dsaudit,2,0,No releases,No releases,2,1,2,FALSE
2025-07-16 6:55:10,ckan/ckanext-editable-config,https://github.com/ckan/ckanext-editable-config,1,0,No releases,No releases,1,0,1,FALSE
2025-07-16 7:30:56,ckan/ckanext-envvars,https://github.com/ckan/ckanext-envvars,8,5,v0.0.6,2024-09-09,16,6,4,FALSE
2025-07-16 7:24:31,ckan/ckanext-eurovoc,https://github.com/ckan/ckanext-eurovoc,3,0,No releases,No releases,2,1,4,FALSE
2025-07-16 7:18:17,ckan/ckanext-excelforms,https://github.com/ckan/ckanext-excelforms,3,0,No releases,No releases,1,1,12,FALSE
2025-07-16 7:12:25,ckan/ckanext-fdt-sqlalchemy,https://github.com/ckan/ckanext-fdt-sqlalchemy,0,0,No releases,No releases,2,0,1,FALSE
2025-07-16 7:33:11,ckan/ckanext-fluent,https://github.com/ckan/ckanext-fluent,30,0,No releases,No releases,26,11,9,FALSE
2025-07-16 7:33:54,ckan/ckanext-googleanalytics,https://github.com/ckan/ckanext-googleanalytics,84,0,No releases,No releases,36,19,29,FALSE
2025-07-16 7:34:11,ckan/ckanext-harvest,https://github.com/ckan/ckanext-harvest,210,28,v1.6.1,2025-01-14,139,116,64,FALSE
2025-07-16 7:33:45,ckan/ckanext-hierarchy,https://github.com/ckan/ckanext-hierarchy,65,2,v1.2.2,2025-02-26,29,10,18,FALSE
2025-07-16 7:31:08,ckan/ckanext-intro,https://github.com/ckan/ckanext-intro,10,0,No releases,No releases,6,1,1,FALSE
2025-07-16 7:33:07,ckan/ckanext-issues,https://github.com/ckan/ckanext-issues,31,0,No releases,No releases,14,22,9,FALSE
2025-07-16 7:33:09,ckan/ckanext-mapviews,https://github.com/ckan/ckanext-mapviews,23,0,No releases,No releases,27,16,7,FALSE
2025-07-16 7:23:08,ckan/ckanext-oauth2waad,https://github.com/ckan/ckanext-oauth2waad,5,0,No releases,No releases,1,4,3,FALSE
2025-07-16 7:34:00,ckan/ckanext-pages,https://github.com/ckan/ckanext-pages,104,4,v0.5.2,2023-06-07,55,43,22,FALSE
2025-07-16 7:33:33,ckan/ckanext-pdfview,https://github.com/ckan/ckanext-pdfview,49,4,0.0.8,2022-04-08,27,10,10,FALSE
2025-07-16 7:25:53,ckan/ckanext-persona,https://github.com/ckan/ckanext-persona,4,0,No releases,No releases,2,4,1,FALSE
2025-07-16 7:33:37,ckan/ckanext-qa,https://github.com/ckan/ckanext-qa,55,0,No releases,No releases,27,27,25,FALSE
2025-07-16 7:27:07,ckan/ckanext-repo,https://github.com/ckan/ckanext-repo,5,0,No releases,No releases,2,0,3,FALSE
2025-07-16 7:33:14,ckan/ckanext-report,https://github.com/ckan/ckanext-report,36,0,No releases,No releases,18,7,8,FALSE
2025-07-16 7:26:55,ckan/ckanext-rq,https://github.com/ckan/ckanext-rq,4,0,No releases,No releases,3,3,2,FALSE
2025-07-16 7:30:47,ckan/ckanext-s3archive,https://github.com/ckan/ckanext-s3archive,10,0,No releases,No releases,8,4,2,FALSE
2025-07-16 7:34:04,ckan/ckanext-scheming,https://github.com/ckan/ckanext-scheming,173,0,No releases,No releases,93,122,37,FALSE
2025-07-16 7:28:07,ckan/ckanext-searchhistory,https://github.com/ckan/ckanext-searchhistory,5,0,No releases,No releases,4,3,2,FALSE
2025-07-16 7:33:58,ckan/ckanext-showcase,https://github.com/ckan/ckanext-showcase,79,17,v1.8.3,2025-02-05,46,37,25,FALSE
2025-07-16 7:34:07,ckan/ckanext-spatial,https://github.com/ckan/ckanext-spatial,204,7,v2.3.1,2025-06-11,133,106,40,FALSE
2025-07-16 7:34:38,ckan/ckanext-validation,https://github.com/ckan/ckanext-validation,33,4,2.2.0,2024-12-16,30,43,12,TRUE
2025-07-16 7:31:33,ckan/ckanext-viewhelpers,https://github.com/ckan/ckanext-viewhelpers,13,0,No releases,No releases,5,6,2,FALSE
2025-07-16 7:33:52,ckan/ckanext-xloader,https://github.com/ckan/ckanext-xloader,56,12,2.1.0,2025-03-11,51,36,24,FALSE
2025-07-16 7:32:18,cmuphillycapstone/ckanext-dictionary,https://github.com/cmuphillycapstone/ckanext-dictionary,15,0,No releases,No releases,10,9,3,FALSE
2025-07-16 7:01:59,code-schleswig-holstein/ckanext-odsh,https://github.com/code-schleswig-holstein/ckanext-odsh,0,0,No releases,No releases,0,0,1,FALSE
2025-07-16 7:03:50,congbk92/ckanext-dataconverter,https://github.com/congbk92/ckanext-dataconverter,0,0,No releases,No releases,1,0,1,FALSE
2025-07-16 7:33:29,conwetlab/ckanext-datarequests,https://github.com/conwetlab/ckanext-datarequests,54,17,v1.1.0,2018-09-24,18,11,6,FALSE
2025-07-16 7:20:13,conwetlab/ckanext-datastore_restful,https://github.com/conwetlab/ckanext-datastore_restful,2,0,No releases,No releases,2,0,2,FALSE
2025-07-16 7:09:36,conwetlab/ckanext-fiware_header,https://github.com/conwetlab/ckanext-fiware_header,2,0,No releases,No releases,2,0,1,FALSE
2025-07-16 7:33:20,conwetlab/ckanext-oauth2,https://github.com/conwetlab/ckanext-oauth2,58,17,v0.7.0,2019-04-12,24,22,7,FALSE
2025-07-16 7:32:32,conwetlab/ckanext-privatedatasets,https://github.com/conwetlab/ckanext-privatedatasets,16,24,v0.4.1,2020-03-16,19,9,9,FALSE
2025-07-16 7:29:14,conwetlab/ckanext-storepublisher,https://github.com/conwetlab/ckanext-storepublisher,7,8,v0.3.2,2015-11-25,3,0,3,FALSE
2025-07-16 7:27:48,conwetlab/ckanext-wirecloud_view,https://github.com/conwetlab/ckanext-wirecloud_view,7,3,v1.1.0,2018-07-20,2,2,4,FALSE
2025-07-16 7:31:31,costibleotu/ckanext-dataportaltheme,https://github.com/costibleotu/ckanext-dataportaltheme,26,0,No releases,No releases,0,0,4,FALSE
2025-07-16 7:06:23,costibleotu/ckanext-githubfeed,https://github.com/costibleotu/ckanext-githubfeed,0,0,No releases,No releases,0,0,2,FALSE
2025-07-16 7:11:52,cphsolutionslab/ckanext-cphopendata,https://github.com/cphsolutionslab/ckanext-cphopendata,0,0,No releases,No releases,1,0,1,FALSE
2025-07-16 7:20:32,cphsolutionslab/ckanext-customuserprivileges,https://github.com/cphsolutionslab/ckanext-customuserprivileges,2,0,No releases,No releases,2,1,0,FALSE
2025-07-16 7:32:10,cphsolutionslab/ckanext-dataproxy,https://github.com/cphsolutionslab/ckanext-dataproxy,14,0,No releases,No releases,11,8,3,FALSE
2025-07-16 7:01:02,cphsolutionslab/ckanext-metadataharvest,https://github.com/cphsolutionslab/ckanext-metadataharvest,1,0,No releases,No releases,0,0,0,FALSE
2025-07-16 7:18:26,cphsolutionslab/ckanext-portalopendatadk,https://github.com/cphsolutionslab/ckanext-portalopendatadk,2,0,No releases,No releases,0,0,1,FALSE
2025-07-16 7:05:20,csipiemonte/ckanext-apertocomunetorinoit,https://github.com/csipiemonte/ckanext-apertocomunetorinoit,0,0,No releases,No releases,0,0,1,FALSE
2025-07-16 7:09:11,cuprit-gbr/ckanext-thesauri,https://github.com/cuprit-gbr/ckanext-thesauri,1,0,No releases,No releases,0,0,1,FALSE
2025-07-16 7:29:50,dadosgovbr/ckanext-dadosgovbr,https://github.com/dadosgovbr/ckanext-dadosgovbr,4,9,v0.5-beta,2018-01-07,17,1,5,FALSE
2025-07-16 7:16:49,dadosgovbr/ckanext-dadosgovbr-2014,https://github.com/dadosgovbr/ckanext-dadosgovbr-2014,2,0,No releases,No releases,1,0,3,FALSE
2025-07-16 7:23:48,damalaga/ckanext-malaga,https://github.com/damalaga/ckanext-malaga,2,0,No releases,No releases,4,2,1,FALSE
2025-07-16 7:20:10,dangsg/ckanext-mysql2mongodb,https://github.com/dangsg/ckanext-mysql2mongodb,3,0,No releases,No releases,0,0,1,FALSE
2025-07-16 7:14:49,data-govt-nz/ckanext-dia,https://github.com/data-govt-nz/ckanext-dia,1,1,1.1.0,2018-12-10,3,2,7,FALSE
2025-07-16 7:30:22,data-govt-nz/ckanext-dia_theme,https://github.com/data-govt-nz/ckanext-dia_theme,9,8,2.0.1,2019-07-31,6,3,11,FALSE
2025-07-16 7:17:02,data-govt-nz/ckanext-protected_resources,https://github.com/data-govt-nz/ckanext-protected_resources,2,1,0.1.0,2018-07-23,1,4,3,FALSE
2025-07-16 7:33:16,data-govt-nz/ckanext-security,https://github.com/data-govt-nz/ckanext-security,39,6,4.1.1,2024-03-02,25,18,15,FALSE
2025-07-16 7:31:24,datacats/ckanext-featuredviews,https://github.com/datacats/ckanext-featuredviews,9,0,No releases,No releases,10,4,2,FALSE
2025-07-16 7:29:45,datacats/ckanext-geopusher,https://github.com/datacats/ckanext-geopusher,5,0,No releases,No releases,15,1,2,FALSE
2025-07-16 7:18:30,datacats/ckanext-ottawa,https://github.com/datacats/ckanext-ottawa,1,0,No releases,No releases,1,1,1,FALSE
2025-07-16 7:31:06,datacats/ckanext-webhooks,https://github.com/datacats/ckanext-webhooks,7,0,No releases,No releases,14,6,2,FALSE
2025-07-16 7:31:28,datadotworld/ckanext-datadotworld,https://github.com/datadotworld/ckanext-datadotworld,9,0,No releases,No releases,12,3,6,FALSE
2025-07-16 7:30:40,datagovau/ckanext-agls,https://github.com/datagovau/ckanext-agls,11,0,No releases,No releases,2,2,5,FALSE
2025-07-16 7:30:42,datagovau/ckanext-cesiumpreview,https://github.com/datagovau/ckanext-cesiumpreview,11,0,No releases,No releases,2,3,1,FALSE
2025-07-16 6:51:21,datagovau/ckanext-s3multipart,https://github.com/datagovau/ckanext-s3multipart,0,0,No releases,No releases,0,0,1,FALSE
2025-07-16 6:51:19,datagovau/ckanext-xspatialloader,https://github.com/datagovau/ckanext-xspatialloader,0,0,No releases,No releases,0,0,1,FALSE
2025-07-16 7:27:53,datagovsg/ckanext-s3-resources,https://github.com/datagovsg/ckanext-s3-resources,6,0,No releases,No releases,4,5,2,FALSE
2025-07-16 7:27:17,datagovuk/ckanext-certificates,https://github.com/datagovuk/ckanext-certificates,7,0,No releases,No releases,1,1,2,FALSE
2025-07-16 7:29:57,datagovuk/ckanext-datapreview,https://github.com/datagovuk/ckanext-datapreview,6,0,No releases,No releases,8,0,3,FALSE
2025-07-16 7:24:03,datagovuk/ckanext-datastore,https://github.com/datagovuk/ckanext-datastore,4,0,No releases,No releases,0,0,2,FALSE
2025-07-16 7:33:18,datagovuk/ckanext-dgu,https://github.com/datagovuk/ckanext-dgu,33,0,No releases,No releases,34,72,19,FALSE
2025-07-16 7:21:10,datagovuk/ckanext-dgu-local,https://github.com/datagovuk/ckanext-dgu-local,3,0,No releases,No releases,1,0,2,FALSE
2025-07-16 7:32:34,datagovuk/ckanext-ga-report,https://github.com/datagovuk/ckanext-ga-report,21,0,No releases,No releases,10,4,4,FALSE
2025-07-16 7:22:40,datagovuk/ckanext-linkfinder,https://github.com/datagovuk/ckanext-linkfinder,3,0,No releases,No releases,0,0,1,FALSE
2025-07-16 7:28:42,datagovuk/ckanext-os,https://github.com/datagovuk/ckanext-os,4,0,No releases,No releases,9,1,5,FALSE
2025-07-16 7:18:48,datagovuk/ckanext-redmine,https://github.com/datagovuk/ckanext-redmine,2,0,No releases,No releases,0,0,1,FALSE
2025-07-16 7:06:40,datagovuk/ckanext-schemadotorg,https://github.com/datagovuk/ckanext-schemadotorg,1,0,No releases,No releases,1,0,1,FALSE
2025-07-16 7:26:35,datagovuk/ckanext-taxonomy,https://github.com/datagovuk/ckanext-taxonomy,3,0,No releases,No releases,5,3,2,FALSE
2025-07-16 7:03:00,datagvat/ckanext-dgvat,https://github.com/datagvat/ckanext-dgvat,1,0,No releases,No releases,0,0,0,FALSE
2025-07-16 7:24:29,datalocale/ckanext-datalocale,https://github.com/datalocale/ckanext-datalocale,3,0,No releases,No releases,2,3,2,FALSE
2025-07-16 7:15:43,dataoverheid/ckanext-donl,https://github.com/dataoverheid/ckanext-donl,0,1,v2.1,2015-09-04,3,0,2,FALSE
2025-07-16 7:17:16,datarefuge/ckanext-datarefuge_theme,https://github.com/datarefuge/ckanext-datarefuge_theme,1,0,No releases,No releases,5,0,0,FALSE
2025-07-16 7:17:34,datasketch/ckanext-cdmx,https://github.com/datasketch/ckanext-cdmx,2,0,No releases,No releases,1,0,2,FALSE
2025-07-16 7:21:41,datasketch/ckanext-pdae_theme,https://github.com/datasketch/ckanext-pdae_theme,3,0,No releases,No releases,1,0,1,FALSE
2025-07-16 7:30:49,datawagovau/ckanext-datawagovautheme,https://github.com/datawagovau/ckanext-datawagovautheme,8,1,v1.0,2015-10-29,7,23,5,FALSE
2025-07-16 6:57:28,dathere/ckanext-boernetx_theme,https://github.com/dathere/ckanext-boernetx_theme,0,0,No releases,No releases,0,1,4,FALSE
2025-07-16 6:57:30,dathere/ckanext-datatablesview_plus,https://github.com/dathere/ckanext-datatablesview_plus,0,0,No releases,No releases,0,0,1,FALSE
2025-07-16 6:57:35,dathere/ckanext-officedocs,https://github.com/dathere/ckanext-officedocs,1,0,No releases,No releases,0,1,4,FALSE
2025-07-16 7:17:20,dathere/ckanext-openapi_viewer,https://github.com/dathere/ckanext-openapi_viewer,2,0,No releases,No releases,0,2,2,FALSE
2025-07-16 6:57:25,dathere/ckanext-twdh_reports,https://github.com/dathere/ckanext-twdh_reports,1,0,No releases,No releases,0,1,2,FALSE
2025-07-16 7:34:16,dathere/datapusher-plus,https://github.com/dathere/datapusher-plus,27,32,2.0.0,2025-04-25,38,50,45,TRUE
2025-07-16 7:20:49,datopian/ckanext-aberdeen,https://github.com/datopian/ckanext-aberdeen,2,8,v0.0.9,2020-06-09,2,5,5,FALSE
2025-07-16 7:16:21,datopian/ckanext-abtassociates,https://github.com/datopian/ckanext-abtassociates,1,0,No releases,No releases,4,0,3,FALSE
2025-07-16 7:29:18,datopian/ckanext-aircan,https://github.com/datopian/ckanext-aircan,5,3,v1.0.2,2024-08-06,7,7,6,FALSE
2025-07-16 7:13:03,datopian/ckanext-aridhia,https://github.com/datopian/ckanext-aridhia,1,1,v0.4.4,2017-02-13,2,0,4,FALSE
2025-07-16 7:20:03,datopian/ckanext-asset-storage,https://github.com/datopian/ckanext-asset-storage,3,1,v0.1.6,2021-04-09,2,4,2,FALSE
2025-07-16 7:22:46,datopian/ckanext-auth,https://github.com/datopian/ckanext-auth,2,0,No releases,No releases,4,5,3,FALSE
2025-07-16 7:29:00,datopian/ckanext-authz-service,https://github.com/datopian/ckanext-authz-service,8,2,v0.2.0,2021-05-12,9,9,4,FALSE
2025-07-16 6:57:49,datopian/ckanext-bankofengland,https://github.com/datopian/ckanext-bankofengland,1,0,No releases,No releases,0,0,4,FALSE
2025-07-16 7:19:35,datopian/ckanext-birmingham,https://github.com/datopian/ckanext-birmingham,1,0,No releases,No releases,5,0,1,FALSE
2025-07-16 7:29:09,datopian/ckanext-blob-storage,https://github.com/datopian/ckanext-blob-storage,7,24,v0.9.0,2023-01-03,15,12,12,FALSE
2025-07-16 7:30:03,datopian/ckanext-c3charts,https://github.com/datopian/ckanext-c3charts,10,7,v0.3.2,2018-02-09,6,0,6,FALSE
2025-07-16 6:57:20,datopian/ckanext-ckan_cluster,https://github.com/datopian/ckanext-ckan_cluster,1,0,No releases,No releases,0,1,1,FALSE
2025-07-16 7:14:58,datopian/ckanext-coastal,https://github.com/datopian/ckanext-coastal,1,0,No releases,No releases,3,0,1,FALSE
2025-07-16 6:57:14,datopian/ckanext-data-api,https://github.com/datopian/ckanext-data-api,0,0,No releases,No releases,0,0,2,FALSE
2025-07-16 6:57:18,datopian/ckanext-dataexplorer-graphql,https://github.com/datopian/ckanext-dataexplorer-graphql,1,0,No releases,No releases,0,0,2,FALSE
2025-07-16 7:28:58,datopian/ckanext-dataexplorer-react,https://github.com/datopian/ckanext-dataexplorer-react,6,0,No releases,No releases,8,3,3,FALSE
2025-07-16 7:19:58,datopian/ckanext-datagm,https://github.com/datopian/ckanext-datagm,1,0,No releases,No releases,7,0,4,FALSE
2025-07-16 7:28:39,datopian/ckanext-datapub,https://github.com/datopian/ckanext-datapub,5,10,v0.2.0,2021-04-02,5,1,6,FALSE
2025-07-16 7:29:25,datopian/ckanext-datasetapproval,https://github.com/datopian/ckanext-datasetapproval,9,0,No releases,No releases,2,6,2,FALSE
2025-07-16 7:26:48,datopian/ckanext-datastore-bigquery,https://github.com/datopian/ckanext-datastore-bigquery,3,0,No releases,No releases,10,3,5,FALSE
2025-07-16 6:57:07,datopian/ckanext-datastore-dumper,https://github.com/datopian/ckanext-datastore-dumper,0,0,No releases,No releases,0,0,1,FALSE
2025-07-16 6:59:47,datopian/ckanext-datopian,https://github.com/datopian/ckanext-datopian,1,1,v1.0.0,2022-02-02,2,1,2,FALSE
2025-07-16 7:30:31,datopian/ckanext-developerpage,https://github.com/datopian/ckanext-developerpage,6,0,No releases,No releases,10,0,4,FALSE
2025-07-16 7:26:05,datopian/ckanext-dundee,https://github.com/datopian/ckanext-dundee,4,3,v0.0.4,2020-04-14,2,0,5,FALSE
2025-07-16 7:13:05,datopian/ckanext-duplicateresource,https://github.com/datopian/ckanext-duplicateresource,1,0,No releases,No releases,2,0,1,FALSE
2025-07-16 7:07:18,datopian/ckanext-eba,https://github.com/datopian/ckanext-eba,0,2,v0.0.2,2023-01-13,0,0,1,FALSE
2025-07-16 7:28:14,datopian/ckanext-edo,https://github.com/datopian/ckanext-edo,5,0,No releases,No releases,4,0,6,FALSE
2025-07-16 7:20:36,datopian/ckanext-gdpr,https://github.com/datopian/ckanext-gdpr,2,0,No releases,No releases,2,2,1,FALSE
2025-07-16 7:20:54,datopian/ckanext-gitdatahub,https://github.com/datopian/ckanext-gitdatahub,2,0,No releases,No releases,2,9,2,FALSE
2025-07-16 7:16:38,datopian/ckanext-gosh,https://github.com/datopian/ckanext-gosh,1,23,v0.2.3,2017-12-13,4,0,5,FALSE
2025-07-16 7:23:02,datopian/ckanext-honduras,https://github.com/datopian/ckanext-honduras,2,2,0.0.18,2019-09-25,3,12,5,FALSE
2025-07-16 7:18:14,datopian/ckanext-iaea,https://github.com/datopian/ckanext-iaea,1,6,v0.1.5,2021-07-19,0,0,3,FALSE
2025-07-16 6:57:05,datopian/ckanext-idda,https://github.com/datopian/ckanext-idda,0,0,No releases,No releases,0,0,2,FALSE
2025-07-16 7:13:59,datopian/ckanext-inverness,https://github.com/datopian/ckanext-inverness,1,3,v0.0.4,2019-10-28,2,0,3,FALSE
2025-07-16 7:16:27,datopian/ckanext-logstash,https://github.com/datopian/ckanext-logstash,1,0,No releases,No releases,4,0,1,FALSE
2025-07-16 7:17:58,datopian/ckanext-meerbusch,https://github.com/datopian/ckanext-meerbusch,2,1,v1.0.0,2017-01-03,1,0,8,FALSE
2025-07-16 6:58:18,datopian/ckanext-meerbuschview,https://github.com/datopian/ckanext-meerbuschview,1,2,v0.0.2,2021-07-21,0,0,2,FALSE
2025-07-16 7:03:56,datopian/ckanext-moeiemailer,https://github.com/datopian/ckanext-moeiemailer,0,0,No releases,No releases,0,0,2,FALSE
2025-07-16 7:13:35,datopian/ckanext-montrose,https://github.com/datopian/ckanext-montrose,1,1,v0.6.3,2016-10-04,2,0,4,FALSE
2025-07-16 7:16:40,datopian/ckanext-montrosemaps,https://github.com/datopian/ckanext-montrosemaps,1,0,No releases,No releases,4,0,1,FALSE
2025-07-16 7:18:21,datopian/ckanext-nav,https://github.com/datopian/ckanext-nav,2,0,No releases,No releases,1,0,3,FALSE
2025-07-16 7:30:29,datopian/ckanext-noanonaccess,https://github.com/datopian/ckanext-noanonaccess,7,10,v2.0.4,2024-01-04,7,1,7,FALSE
2025-07-16 7:13:28,datopian/ckanext-nokia,https://github.com/datopian/ckanext-nokia,1,0,No releases,No releases,2,0,0,FALSE
2025-07-16 6:57:11,datopian/ckanext-nus,https://github.com/datopian/ckanext-nus,0,0,No releases,No releases,0,0,2,FALSE
2025-07-16 7:14:04,datopian/ckanext-opendataje,https://github.com/datopian/ckanext-opendataje,1,0,No releases,No releases,2,0,2,FALSE
2025-07-16 7:28:09,datopian/ckanext-opendatani,https://github.com/datopian/ckanext-opendatani,5,15,v1.0.0,2021-10-08,4,7,18,FALSE
2025-07-16 7:13:20,datopian/ckanext-opnv,https://github.com/datopian/ckanext-opnv,0,3,v0.0.3,2019-09-03,2,4,4,FALSE
2025-07-16 7:29:47,datopian/ckanext-orgdashboards,https://github.com/datopian/ckanext-orgdashboards,5,23,v0.6,2017-11-16,9,0,6,FALSE
2025-07-16 7:30:17,datopian/ckanext-orgportals,https://github.com/datopian/ckanext-orgportals,7,14,v0.1.7-tayside,2018-09-20,6,3,5,FALSE
2025-07-16 7:16:09,datopian/ckanext-panamatheme,https://github.com/datopian/ckanext-panamatheme,1,0,No releases,No releases,4,0,1,FALSE
2025-07-16 7:13:25,datopian/ckanext-perth,https://github.com/datopian/ckanext-perth,0,6,v0.0.7,2020-06-18,2,0,6,FALSE
2025-07-16 7:12:27,datopian/ckanext-portaljs-improvements,https://github.com/datopian/ckanext-portaljs-improvements,0,0,No releases,No releases,2,0,1,FALSE
2025-07-16 6:58:01,datopian/ckanext-querytool,https://github.com/datopian/ckanext-querytool,12,167,v3.0.1,2025-03-18,19,0,14,FALSE
2025-07-16 7:30:53,datopian/ckanext-requestdata,https://github.com/datopian/ckanext-requestdata,9,28,v2.1.7,2017-08-30,6,3,11,FALSE
2025-07-16 7:20:08,datopian/ckanext-saasportal_quote,https://github.com/datopian/ckanext-saasportal_quote,2,1,v0.4,2018-02-08,2,0,4,FALSE
2025-07-16 6:57:09,datopian/ckanext-sse,https://github.com/datopian/ckanext-sse,0,12,v1.1.1,2024-09-24,0,0,5,FALSE
2025-07-16 6:57:23,datopian/ckanext-stirling,https://github.com/datopian/ckanext-stirling,1,6,v0.0.8,2020-04-14,1,0,5,FALSE
2025-07-16 7:15:25,datopian/ckanext-story,https://github.com/datopian/ckanext-story,1,0,No releases,No releases,3,0,0,FALSE
2025-07-16 7:28:18,datopian/ckanext-sweden,https://github.com/datopian/ckanext-sweden,4,0,No releases,No releases,7,6,6,FALSE
2025-07-16 7:27:44,datopian/ckanext-tayside,https://github.com/datopian/ckanext-tayside,4,25,v1.0.20,2020-07-21,5,3,8,FALSE
2025-07-16 7:21:57,datopian/ckanext-teachcanada,https://github.com/datopian/ckanext-teachcanada,3,0,No releases,No releases,0,0,3,FALSE
2025-07-16 7:03:46,datopian/ckanext-ubdc,https://github.com/datopian/ckanext-ubdc,0,7,v1.0.9,2023-11-10,0,0,4,FALSE
2025-07-16 7:14:31,datopian/ckanext-us_ed_theme,https://github.com/datopian/ckanext-us_ed_theme,1,0,No releases,No releases,3,0,3,FALSE
2025-07-16 7:20:29,datopian/ckanext-vag,https://github.com/datopian/ckanext-vag,2,2,v0.0.4,2017-11-09,2,0,5,FALSE
2025-07-16 7:28:16,datopian/ckanext-versioning,https://github.com/datopian/ckanext-versioning,4,4,v0.0.4,2020-07-14,7,17,11,FALSE
2025-07-16 7:30:01,datopian/ckanext-versions,https://github.com/datopian/ckanext-versions,7,23,v0.2.0,2022-11-09,9,9,11,FALSE
2025-07-16 7:14:27,datopian/ckanext-viderum,https://github.com/datopian/ckanext-viderum,1,0,No releases,No releases,2,0,3,FALSE
2025-07-16 7:14:36,datopian/ckanext-vitalstrategies_shanghai,https://github.com/datopian/ckanext-vitalstrategies_shanghai,1,9,v0.0.9,2019-08-21,3,0,1,FALSE
2025-07-16 7:17:54,datopian/ckanext-vocabulary,https://github.com/datopian/ckanext-vocabulary,2,0,No releases,No releases,1,2,1,FALSE
2025-07-16 7:13:08,datopian/ckanext-vrr,https://github.com/datopian/ckanext-vrr,1,7,v0.0.20,2019-02-08,2,1,6,FALSE
2025-07-16 7:06:11,datopian/ckanext-zip,https://github.com/datopian/ckanext-zip,0,0,No releases,No releases,1,0,0,FALSE
2025-07-16 7:24:22,datosgobar/ckanext-seriestiempoarexplorer,https://github.com/datosgobar/ckanext-seriestiempoarexplorer,4,17,2.8.1,2019-11-27,1,1,5,FALSE
2025-07-16 7:18:19,davidr-PA/ckanext-lemr,https://github.com/davidr-PA/ckanext-lemr,2,0,No releases,No releases,1,0,2,FALSE
2025-07-16 7:07:55,davidread/ckanext-analytics,https://github.com/davidread/ckanext-analytics,1,0,No releases,No releases,1,0,0,FALSE
2025-07-16 7:31:54,davidread/ckanext-downloadall,https://github.com/davidread/ckanext-downloadall,15,0,No releases,No releases,5,5,1,FALSE
2025-07-16 7:08:54,dbca-wa/ckanext-dbca,https://github.com/dbca-wa/ckanext-dbca,1,0,No releases,No releases,0,7,2,FALSE
2025-07-16 6:59:10,deniszgonjanin/ckanext-geojsonview,https://github.com/deniszgonjanin/ckanext-geojsonview,1,0,No releases,No releases,1,0,1,FALSE
2025-07-16 7:14:20,depositar/ckanext-ark,https://github.com/depositar/ckanext-ark,0,5,v1.0.4,2025-03-31,2,0,1,FALSE
2025-07-16 7:18:53,depositar/ckanext-citation,https://github.com/depositar/ckanext-citation,2,0,No releases,No releases,0,0,1,FALSE
2025-07-16 7:34:22,depositar/ckanext-data-depositario,https://github.com/depositar/ckanext-data-depositario,4,44,6.7.5,2025-05-19,3,6,5,TRUE
2025-07-16 7:15:38,depositar/ckanext-wikidatakeyword,https://github.com/depositar/ckanext-wikidatakeyword,0,0,No releases,No releases,3,0,1,FALSE
2025-07-16 7:11:36,derilinx/ckanext-derilinxdcatprofile,https://github.com/derilinx/ckanext-derilinxdcatprofile,0,0,No releases,No releases,0,0,1,FALSE
2025-07-16 7:12:19,derilinx/ckanext-dgi-public,https://github.com/derilinx/ckanext-dgi-public,0,0,No releases,No releases,2,0,0,FALSE
2025-07-16 7:21:59,derilinx/ckanext-dietstars,https://github.com/derilinx/ckanext-dietstars,3,0,No releases,No releases,0,0,5,FALSE
2025-07-16 7:07:46,derilinx/ckanext-losd,https://github.com/derilinx/ckanext-losd,1,0,No releases,No releases,1,0,3,FALSE
2025-07-16 7:25:32,devartis/ckanext-andinotemplate,https://github.com/devartis/ckanext-andinotemplate,5,0,No releases,No releases,0,0,1,FALSE
2025-07-16 7:23:56,developmentseed/ckanext-authkey,https://github.com/developmentseed/ckanext-authkey,4,0,No releases,No releases,0,0,2,FALSE
2025-07-16 7:28:02,developmentseed/ckanext-mvt,https://github.com/developmentseed/ckanext-mvt,5,2,v0.2.1,2016-12-22,4,2,2,FALSE
2025-07-16 7:06:46,domoritz/ckanext-krzn,https://github.com/domoritz/ckanext-krzn,2,0,No releases,No releases,0,0,1,FALSE
2025-07-16 7:18:12,dpc-sdp/ckanext-datasetform,https://github.com/dpc-sdp/ckanext-datasetform,2,0,No releases,No releases,0,0,10,FALSE
2025-07-16 7:25:04,dpc-sdp/ckanext-datavic-harvester,https://github.com/dpc-sdp/ckanext-datavic-harvester,5,0,No releases,No releases,0,5,13,FALSE
2025-07-16 7:25:48,dpc-sdp/ckanext-datavic-iar-theme,https://github.com/dpc-sdp/ckanext-datavic-iar-theme,7,0,No releases,No releases,0,4,14,FALSE
2025-07-16 6:51:24,dpc-sdp/ckanext-datavic-reporting,https://github.com/dpc-sdp/ckanext-datavic-reporting,1,0,No releases,No releases,0,0,7,FALSE
2025-07-16 7:26:21,dpc-sdp/ckanext-datavicmain,https://github.com/dpc-sdp/ckanext-datavicmain,7,0,No releases,No releases,0,5,17,FALSE
2025-07-16 7:23:19,dpc-sdp/ckanext_datavic_odp_schema,https://github.com/dpc-sdp/ckanext_datavic_odp_schema,5,0,No releases,No releases,0,0,14,FALSE
2025-07-16 7:24:35,dpc-sdp/ckanext_datavic_odp_theme,https://github.com/dpc-sdp/ckanext_datavic_odp_theme,6,0,No releases,No releases,0,1,15,FALSE
2025-07-16 7:17:12,dpp-dev/ckanext-latvian-theme,https://github.com/dpp-dev/ckanext-latvian-theme,2,0,No releases,No releases,1,0,2,FALSE
2025-07-16 7:06:06,eHealthAfrica/ckanext-biskit,https://github.com/eHealthAfrica/ckanext-biskit,1,8,v1.0.7,2021-04-21,0,2,5,FALSE
2025-07-16 7:00:34,eccenca/ckanext-diachron,https://github.com/eccenca/ckanext-diachron,0,0,No releases,No releases,0,0,1,FALSE
2025-07-16 6:58:21,ecolabdata/ckanext-dsfr,https://github.com/ecolabdata/ckanext-dsfr,1,0,No releases,No releases,1,15,6,FALSE
2025-07-16 7:15:16,ecolabdata/ckanext-ecospheres,https://github.com/ecolabdata/ckanext-ecospheres,0,0,No releases,No releases,3,23,3,FALSE
2025-07-16 7:12:30,edincubator/ckanext-edi_theme,https://github.com/edincubator/ckanext-edi_theme,0,0,No releases,No releases,2,0,1,FALSE
2025-07-16 7:24:20,enterstudio/ckanext-datagovau,https://github.com/enterstudio/ckanext-datagovau,4,0,No releases,No releases,0,0,7,FALSE
2025-07-16 7:10:24,ericariyanto/ckanext-pslandak,https://github.com/ericariyanto/ckanext-pslandak,0,0,No releases,No releases,0,0,1,FALSE
2025-07-16 7:16:18,etalab/ckanext-fedmsg,https://github.com/etalab/ckanext-fedmsg,0,0,No releases,No releases,4,1,0,FALSE
2025-07-16 7:29:23,etalab/ckanext-sentry,https://github.com/etalab/ckanext-sentry,13,0,No releases,No releases,1,1,1,FALSE
2025-07-16 7:06:56,etalab/ckanext-youckan,https://github.com/etalab/ckanext-youckan,1,0,No releases,No releases,0,1,1,FALSE
2025-07-16 7:14:24,etri-odp/ckanext-jena,https://github.com/etri-odp/ckanext-jena,1,0,No releases,No releases,2,0,2,FALSE
2025-07-16 7:29:34,etri-odp/ckanext-resourceauthorizer,https://github.com/etri-odp/ckanext-resourceauthorizer,6,0,No releases,No releases,10,1,2,FALSE
2025-07-16 7:02:07,f-osorio/ckanext-clamdscanner,https://github.com/f-osorio/ckanext-clamdscanner,0,0,No releases,No releases,0,0,0,FALSE
2025-07-16 6:57:37,fabricads2012/ckanext-autorizacoes,https://github.com/fabricads2012/ckanext-autorizacoes,0,0,No releases,No releases,0,0,0,FALSE
2025-07-16 6:59:41,fbellati/ckanext-branding,https://github.com/fbellati/ckanext-branding,1,0,No releases,No releases,0,1,1,FALSE
2025-07-16 7:11:22,fernandobac03/ckanext-mdfromowl,https://github.com/fernandobac03/ckanext-mdfromowl,0,0,No releases,No releases,0,0,2,FALSE
2025-07-16 7:00:21,fernandobac03/ckanext-recordviewer,https://github.com/fernandobac03/ckanext-recordviewer,0,0,No releases,No releases,0,0,0,FALSE
2025-07-16 7:06:34,fernandobac03/ckanext-runtimeconfig,https://github.com/fernandobac03/ckanext-runtimeconfig,0,0,No releases,No releases,0,0,1,FALSE
2025-07-16 6:59:31,fjelltopp/ckanext-dms,https://github.com/fjelltopp/ckanext-dms,0,0,No releases,No releases,0,0,5,FALSE
2025-07-16 7:13:54,fjelltopp/ckanext-emailasusername,https://github.com/fjelltopp/ckanext-emailasusername,2,4,v1.2.1,2023-02-07,2,0,6,FALSE
2025-07-16 7:09:01,fjelltopp/ckanext-spectrum,https://github.com/fjelltopp/ckanext-spectrum,0,0,No releases,No releases,0,0,3,FALSE
2025-07-16 7:17:32,fjelltopp/ckanext-unaids,https://github.com/fjelltopp/ckanext-unaids,2,0,No releases,No releases,0,2,12,FALSE
2025-07-16 7:07:22,fjelltopp/ckanext-useraffiliation,https://github.com/fjelltopp/ckanext-useraffiliation,0,0,No releases,No releases,0,0,2,FALSE
2025-07-16 7:00:09,fjelltopp/ckanext-validator,https://github.com/fjelltopp/ckanext-validator,0,0,No releases,No releases,0,0,2,FALSE
2025-07-16 7:10:29,fjelltopp/ckanext-zarr,https://github.com/fjelltopp/ckanext-zarr,0,0,No releases,No releases,0,0,2,FALSE
2025-07-16 7:29:59,fraunhoferfokus/ckanext-govdatade,https://github.com/fraunhoferfokus/ckanext-govdatade,8,0,No releases,No releases,4,0,7,FALSE
2025-07-16 7:14:54,frictionlessdata/ckanext-datapackage,https://github.com/frictionlessdata/ckanext-datapackage,0,4,v0.2.4,2024-06-04,4,3,2,FALSE
2025-07-16 7:32:36,frictionlessdata/ckanext-datapackager,https://github.com/frictionlessdata/ckanext-datapackager,15,1,v1.1.0,2022-08-17,36,20,9,FALSE
2025-07-16 6:58:50,frictionlessdata/ckanext-wprdcpilot,https://github.com/frictionlessdata/ckanext-wprdcpilot,0,0,No releases,No releases,0,0,2,FALSE
2025-07-16 7:12:44,fwoerister/ckanext-mongodatastore,https://github.com/fwoerister/ckanext-mongodatastore,0,4,v0.4,2020-10-13,2,0,1,FALSE
2025-07-16 6:59:56,fwoerister/ckanext-reclinecitationview,https://github.com/fwoerister/ckanext-reclinecitationview,0,0,No releases,No releases,0,0,1,FALSE
2025-07-16 7:03:34,geoimpactag/ckanext-geoimpact,https://github.com/geoimpactag/ckanext-geoimpact,0,0,No releases,No releases,0,0,6,FALSE
2025-07-16 7:30:19,georgepm/ckanext-sparql,https://github.com/georgepm/ckanext-sparql,7,0,No releases,No releases,6,5,2,FALSE
2025-07-16 7:27:56,geosolutions-it/ckanext-azure-auth,https://github.com/geosolutions-it/ckanext-azure-auth,6,0,No releases,No releases,5,10,5,FALSE
2025-07-16 6:53:52,geosolutions-it/ckanext-categorie,https://github.com/geosolutions-it/ckanext-categorie,0,0,No releases,No releases,0,0,1,FALSE
2025-07-16 6:54:14,geosolutions-it/ckanext-cmre,https://github.com/geosolutions-it/ckanext-cmre,1,0,No releases,No releases,0,20,1,FALSE
2025-07-16 7:02:52,geosolutions-it/ckanext-cread,https://github.com/geosolutions-it/ckanext-cread,0,0,No releases,No releases,0,0,0,FALSE
2025-07-16 7:05:59,geosolutions-it/ckanext-dataverse,https://github.com/geosolutions-it/ckanext-dataverse,1,0,No releases,No releases,0,2,2,FALSE
2025-07-16 7:32:27,geosolutions-it/ckanext-dcatapit,https://github.com/geosolutions-it/ckanext-dcatapit,18,0,No releases,No releases,11,18,3,FALSE
2025-07-16 7:04:43,geosolutions-it/ckanext-extras,https://github.com/geosolutions-it/ckanext-extras,1,0,No releases,No releases,0,0,1,FALSE
2025-07-16 7:19:17,geosolutions-it/ckanext-faociok,https://github.com/geosolutions-it/ckanext-faociok,2,0,No releases,No releases,0,0,3,FALSE
2025-07-16 7:04:26,geosolutions-it/ckanext-faoclh,https://github.com/geosolutions-it/ckanext-faoclh,1,0,No releases,No releases,0,46,3,FALSE
2025-07-16 7:31:51,geosolutions-it/ckanext-geonetwork,https://github.com/geosolutions-it/ckanext-geonetwork,13,0,No releases,No releases,11,5,1,FALSE
2025-07-16 7:15:18,geosolutions-it/ckanext-geonode,https://github.com/geosolutions-it/ckanext-geonode,0,0,No releases,No releases,3,6,2,FALSE
2025-07-16 6:59:54,geosolutions-it/ckanext-geosolutions,https://github.com/geosolutions-it/ckanext-geosolutions,0,0,No releases,No releases,0,0,1,FALSE
2025-07-16 6:54:01,geosolutions-it/ckanext-geosolutions-ui,https://github.com/geosolutions-it/ckanext-geosolutions-ui,1,0,No releases,No releases,0,1,2,FALSE
2025-07-16 6:53:59,geosolutions-it/ckanext-grace-period,https://github.com/geosolutions-it/ckanext-grace-period,1,0,No releases,No releases,0,3,2,FALSE
2025-07-16 6:57:39,geosolutions-it/ckanext-grouplabel,https://github.com/geosolutions-it/ckanext-grouplabel,0,0,No releases,No releases,0,0,1,FALSE
2025-07-16 7:11:03,geosolutions-it/ckanext-gsreport,https://github.com/geosolutions-it/ckanext-gsreport,1,0,No releases,No releases,0,0,1,FALSE
2025-07-16 6:54:12,geosolutions-it/ckanext-harvest-clearinghouse,https://github.com/geosolutions-it/ckanext-harvest-clearinghouse,0,0,No releases,No releases,0,0,1,FALSE
2025-07-16 6:54:09,geosolutions-it/ckanext-harvest-tn,https://github.com/geosolutions-it/ckanext-harvest-tn,0,0,No releases,No releases,0,0,1,FALSE
2025-07-16 7:18:01,geosolutions-it/ckanext-lamma,https://github.com/geosolutions-it/ckanext-lamma,2,0,No releases,No releases,0,1,0,FALSE
2025-07-16 6:53:54,geosolutions-it/ckanext-liguria,https://github.com/geosolutions-it/ckanext-liguria,0,0,No releases,No releases,0,1,2,FALSE
2025-07-16 7:12:53,geosolutions-it/ckanext-mapstore,https://github.com/geosolutions-it/ckanext-mapstore,1,0,No releases,No releases,2,4,1,FALSE
2025-07-16 7:27:46,geosolutions-it/ckanext-multilang,https://github.com/geosolutions-it/ckanext-multilang,7,0,No releases,No releases,2,8,3,FALSE
2025-07-16 7:05:06,geosolutions-it/ckanext-odn,https://github.com/geosolutions-it/ckanext-odn,1,0,No releases,No releases,0,0,1,FALSE
2025-07-16 6:54:07,geosolutions-it/ckanext-ogdat,https://github.com/geosolutions-it/ckanext-ogdat,0,0,No releases,No releases,0,0,1,FALSE
2025-07-16 7:25:44,geosolutions-it/ckanext-provbz,https://github.com/geosolutions-it/ckanext-provbz,6,0,No releases,No releases,0,7,3,FALSE
2025-07-16 6:54:04,geosolutions-it/ckanext-provbz-auth,https://github.com/geosolutions-it/ckanext-provbz-auth,1,0,No releases,No releases,0,2,1,FALSE
2025-07-16 7:25:46,geosolutions-it/ckanext-shibboleth,https://github.com/geosolutions-it/ckanext-shibboleth,5,0,No releases,No releases,0,1,1,FALSE
2025-07-16 6:54:16,geosolutions-it/ckanext-spatial-cerco,https://github.com/geosolutions-it/ckanext-spatial-cerco,0,0,No releases,No releases,0,0,3,FALSE
2025-07-16 7:21:50,geosolutions-it/ckanext-tableauview,https://github.com/geosolutions-it/ckanext-tableauview,3,0,No releases,No releases,0,1,1,FALSE
2025-07-16 7:08:25,geosolutions-it/ckanext-tolomeo,https://github.com/geosolutions-it/ckanext-tolomeo,0,0,No releases,No releases,0,1,1,FALSE
2025-07-16 6:53:56,geosolutions-it/ckanext-umbria,https://github.com/geosolutions-it/ckanext-umbria,0,0,No releases,No releases,0,14,2,FALSE
2025-07-16 7:24:12,gfenoy/ckanext-wps,https://github.com/gfenoy/ckanext-wps,4,0,No releases,No releases,1,1,1,FALSE
2025-07-16 7:04:24,gina-alaska/ckanext-glynx,https://github.com/gina-alaska/ckanext-glynx,0,0,No releases,No releases,0,0,5,FALSE
2025-07-16 7:03:58,gislab-augsburg/ckanext-glab,https://github.com/gislab-augsburg/ckanext-glab,0,0,No releases,No releases,0,0,1,FALSE
2025-07-16 6:59:37,gisman/ckanext-urlsearch,https://github.com/gisman/ckanext-urlsearch,0,0,No releases,No releases,0,0,0,FALSE
2025-07-16 7:18:55,gov-il/datagovil-ckanext,https://github.com/gov-il/datagovil-ckanext,2,0,No releases,No releases,0,0,1,FALSE
2025-07-16 7:25:59,govro/ckanext-inventory,https://github.com/govro/ckanext-inventory,4,0,No releases,No releases,2,14,1,FALSE
2025-07-16 7:23:28,govro/ckanext-romania_theme,https://github.com/govro/ckanext-romania_theme,4,0,No releases,No releases,1,3,5,FALSE
2025-07-16 7:27:29,gsi-cyberjapan/ckanext-basemaps,https://github.com/gsi-cyberjapan/ckanext-basemaps,4,0,No releases,No releases,4,0,0,FALSE
2025-07-16 7:10:44,hakannson/ckanext-datacitation,https://github.com/hakannson/ckanext-datacitation,0,0,No releases,No releases,0,0,1,FALSE
2025-07-16 6:58:07,hkmshb/ckanext-ehaportal,https://github.com/hkmshb/ckanext-ehaportal,0,0,No releases,No releases,0,0,0,FALSE
2025-07-16 6:59:39,hkwi/ckanext-pen,https://github.com/hkwi/ckanext-pen,0,0,No releases,No releases,0,0,1,FALSE
2025-07-16 7:13:16,hwaring/ckanext-licenses,https://github.com/hwaring/ckanext-licenses,1,0,No releases,No releases,2,0,1,FALSE
2025-07-16 7:00:43,hwaring/ckanext-opendatabc,https://github.com/hwaring/ckanext-opendatabc,0,0,No releases,No releases,0,0,0,FALSE
2025-07-16 7:03:28,iDigAcademy/ckanext-digitizationknowledge,https://github.com/iDigAcademy/ckanext-digitizationknowledge,0,0,No releases,No releases,1,6,2,FALSE
2025-07-16 7:03:32,ififrank-un/ckanext-databaseharvester,https://github.com/ififrank-un/ckanext-databaseharvester,0,0,No releases,No releases,0,0,1,FALSE
2025-07-16 7:22:19,ilri/ckanext-dataportal,https://github.com/ilri/ckanext-dataportal,3,0,No releases,No releases,0,0,1,FALSE
2025-07-16 7:31:38,ioos/ckanext-ioos-theme,https://github.com/ioos/ckanext-ioos-theme,14,8,1.6,2021-02-08,8,14,9,FALSE
2025-07-16 7:08:30,iotaorg/ckanext-iota,https://github.com/iotaorg/ckanext-iota,0,0,No releases,No releases,1,0,1,FALSE
2025-07-16 7:02:23,jahow/ckanext-georchestra,https://github.com/jahow/ckanext-georchestra,0,0,No releases,No releases,1,0,1,FALSE
2025-07-16 7:25:37,jakubklimek/ckanext-odczdataset,https://github.com/jakubklimek/ckanext-odczdataset,5,0,No releases,No releases,0,1,2,FALSE
2025-07-16 7:02:05,jargonautical/ckanext-tdp,https://github.com/jargonautical/ckanext-tdp,0,0,No releases,No releases,0,0,1,FALSE
2025-07-16 7:07:40,jasonmotylinski/ckanext-datatablesview,https://github.com/jasonmotylinski/ckanext-datatablesview,0,0,No releases,No releases,0,0,0,FALSE
2025-07-16 7:00:03,jayenashar/ckanext-datansw,https://github.com/jayenashar/ckanext-datansw,0,0,No releases,No releases,0,0,8,FALSE
2025-07-16 7:27:20,jesusredondo/ckanext-federgob,https://github.com/jesusredondo/ckanext-federgob,7,0,No releases,No releases,1,3,2,FALSE
2025-07-16 7:08:45,jgsmith/ckanext-dhdata,https://github.com/jgsmith/ckanext-dhdata,0,0,No releases,No releases,0,0,0,FALSE
2025-07-16 6:58:44,jiankaiwang/ckanext-cdccushomepage,https://github.com/jiankaiwang/ckanext-cdccushomepage,0,0,No releases,No releases,0,0,1,FALSE
2025-07-16 7:11:33,jiankaiwang/ckanext-cdcmainlib,https://github.com/jiankaiwang/ckanext-cdcmainlib,0,0,No releases,No releases,0,0,1,FALSE
2025-07-16 7:04:45,jiankaiwang/ckanext-download,https://github.com/jiankaiwang/ckanext-download,1,0,No releases,No releases,0,0,1,FALSE
2025-07-16 6:59:03,jlouhio/ckanext-datahubsuomi,https://github.com/jlouhio/ckanext-datahubsuomi,0,0,No releases,No releases,0,0,1,FALSE
2025-07-16 7:09:59,joetm/ckanext-feeds,https://github.com/joetm/ckanext-feeds,1,0,No releases,No releases,0,0,1,FALSE
2025-07-16 7:19:42,joetm/ckanext-revisiontab,https://github.com/joetm/ckanext-revisiontab,2,0,No releases,No releases,0,0,1,FALSE
2025-07-16 7:11:45,joetm/ckanext-uploadbutton,https://github.com/joetm/ckanext-uploadbutton,1,0,No releases,No releases,0,0,0,FALSE
2025-07-16 7:19:32,joetsoi/ckanext-astro,https://github.com/joetsoi/ckanext-astro,2,0,No releases,No releases,0,1,1,FALSE
2025-07-16 7:06:53,joetsoi/ckanext-jsondatastore,https://github.com/joetsoi/ckanext-jsondatastore,0,0,No releases,No releases,0,0,1,FALSE
2025-07-16 7:20:40,jorabra/ckanext-simplesso,https://github.com/jorabra/ckanext-simplesso,1,0,No releases,No releases,2,0,1,FALSE
2025-07-16 7:13:14,jpmccu/ckanext-arrayexpress,https://github.com/jpmccu/ckanext-arrayexpress,1,0,No releases,No releases,2,0,1,FALSE
2025-07-16 6:57:33,jqnatividad/ckanext-datatablesplus,https://github.com/jqnatividad/ckanext-datatablesplus,0,0,No releases,No releases,0,0,1,FALSE
2025-07-16 7:07:31,justicehub-in/ckanext-emailauth,https://github.com/justicehub-in/ckanext-emailauth,0,0,No releases,No releases,0,4,2,FALSE
2025-07-16 7:04:10,justicehub-in/ckanext-moderation,https://github.com/justicehub-in/ckanext-moderation,0,0,No releases,No releases,0,0,2,FALSE
2025-07-16 7:12:00,kangmoesss/ckanext-oauth2-py3,https://github.com/kangmoesss/ckanext-oauth2-py3,0,0,No releases,No releases,2,0,1,FALSE
2025-07-16 7:08:20,kapucko/ckanext-dataset,https://github.com/kapucko/ckanext-dataset,1,0,No releases,No releases,0,0,2,FALSE
2025-07-16 7:11:54,kapucko/ckanext-edem,https://github.com/kapucko/ckanext-edem,1,0,No releases,No releases,0,0,1,FALSE
2025-07-16 7:34:28,kartoza/ckanext-dalrrd-emc-dcpr,https://github.com/kartoza/ckanext-dalrrd-emc-dcpr,5,2,v0.0.1-rc,2022-10-23,4,44,7,TRUE
2025-07-16 7:29:32,kata-csc/ckanext-kata,https://github.com/kata-csc/ckanext-kata,4,3,v4.3.1,2017-06-06,8,3,13,FALSE
2025-07-16 7:13:23,kata-csc/ckanext-rems,https://github.com/kata-csc/ckanext-rems,1,0,No releases,No releases,2,0,5,FALSE
2025-07-16 7:29:04,kata-csc/ckanext-sitemap,https://github.com/kata-csc/ckanext-sitemap,11,0,No releases,No releases,1,3,5,FALSE
2025-07-16 7:02:50,kata-csc/ckanext-statreports,https://github.com/kata-csc/ckanext-statreports,1,0,No releases,No releases,0,0,2,FALSE
2025-07-16 7:05:40,katucker/ckanext-dapr,https://github.com/katucker/ckanext-dapr,0,0,No releases,No releases,0,0,1,FALSE
2025-07-16 7:03:26,keitaroinc/ckanext-alisea,https://github.com/keitaroinc/ckanext-alisea,0,0,No releases,No releases,0,1,3,FALSE
2025-07-16 6:54:33,keitaroinc/ckanext-approvalworkflow,https://github.com/keitaroinc/ckanext-approvalworkflow,1,0,No releases,No releases,1,0,2,FALSE
2025-07-16 6:54:27,keitaroinc/ckanext-big-resources,https://github.com/keitaroinc/ckanext-big-resources,0,0,No releases,No releases,0,0,1,FALSE
2025-07-16 6:54:20,keitaroinc/ckanext-bulkdownload,https://github.com/keitaroinc/ckanext-bulkdownload,0,0,No releases,No releases,0,0,1,FALSE
2025-07-16 6:54:22,keitaroinc/ckanext-bulkupload,https://github.com/keitaroinc/ckanext-bulkupload,0,0,No releases,No releases,0,0,1,FALSE
2025-07-16 6:54:44,keitaroinc/ckanext-calendar,https://github.com/keitaroinc/ckanext-calendar,0,0,No releases,No releases,0,0,6,FALSE
2025-07-16 7:29:52,keitaroinc/ckanext-cas,https://github.com/keitaroinc/ckanext-cas,8,0,No releases,No releases,4,1,4,FALSE
2025-07-16 6:54:31,keitaroinc/ckanext-cleanup,https://github.com/keitaroinc/ckanext-cleanup,0,0,No releases,No releases,1,0,1,FALSE
2025-07-16 6:54:40,keitaroinc/ckanext-colorado,https://github.com/keitaroinc/ckanext-colorado,0,0,No releases,No releases,0,0,5,FALSE
2025-07-16 6:54:57,keitaroinc/ckanext-dataextractor,https://github.com/keitaroinc/ckanext-dataextractor,1,0,No releases,No releases,1,1,3,FALSE
2025-07-16 7:16:33,keitaroinc/ckanext-datagovmk,https://github.com/keitaroinc/ckanext-datagovmk,0,120,prod.v0.0.47,2021-05-04,4,10,15,FALSE
2025-07-16 6:54:49,keitaroinc/ckanext-dataguide,https://github.com/keitaroinc/ckanext-dataguide,0,0,No releases,No releases,0,0,3,FALSE
2025-07-16 6:54:55,keitaroinc/ckanext-dataquality,https://github.com/keitaroinc/ckanext-dataquality,0,0,No releases,No releases,0,0,3,FALSE
2025-07-16 7:08:04,keitaroinc/ckanext-datasetrelations,https://github.com/keitaroinc/ckanext-datasetrelations,0,0,No releases,No releases,0,0,5,FALSE
2025-07-16 6:54:51,keitaroinc/ckanext-datasetreplication,https://github.com/keitaroinc/ckanext-datasetreplication,0,0,No releases,No releases,0,0,3,FALSE
2025-07-16 6:55:00,keitaroinc/ckanext-eds,https://github.com/keitaroinc/ckanext-eds,0,0,No releases,No releases,0,0,3,FALSE
2025-07-16 6:54:47,keitaroinc/ckanext-edsmetadata,https://github.com/keitaroinc/ckanext-edsmetadata,0,0,No releases,No releases,0,0,2,FALSE
2025-07-16 6:54:42,keitaroinc/ckanext-edsnews,https://github.com/keitaroinc/ckanext-edsnews,0,0,No releases,No releases,0,0,3,FALSE
2025-07-16 7:02:18,keitaroinc/ckanext-experience,https://github.com/keitaroinc/ckanext-experience,0,0,No releases,No releases,0,0,2,FALSE
2025-07-16 6:54:25,keitaroinc/ckanext-kepa,https://github.com/keitaroinc/ckanext-kepa,0,0,No releases,No releases,0,3,2,FALSE
2025-07-16 7:29:12,keitaroinc/ckanext-keycloak,https://github.com/keitaroinc/ckanext-keycloak,8,3,v2.1,2023-10-13,6,1,8,FALSE
2025-07-16 7:27:39,keitaroinc/ckanext-knowledgehub,https://github.com/keitaroinc/ckanext-knowledgehub,3,0,No releases,No releases,9,5,17,FALSE
2025-07-16 6:59:26,keitaroinc/ckanext-lighthorse,https://github.com/keitaroinc/ckanext-lighthorse,0,0,No releases,No releases,0,0,1,FALSE
2025-07-16 7:07:49,keitaroinc/ckanext-likes,https://github.com/keitaroinc/ckanext-likes,0,0,No releases,No releases,0,1,3,FALSE
2025-07-16 6:55:04,keitaroinc/ckanext-mk_dcatap,https://github.com/keitaroinc/ckanext-mk_dcatap,0,0,No releases,No releases,1,0,2,FALSE
2025-07-16 6:54:38,keitaroinc/ckanext-montreal-theme,https://github.com/keitaroinc/ckanext-montreal-theme,3,0,No releases,No releases,0,0,3,FALSE
2025-07-16 7:04:01,keitaroinc/ckanext-noresource,https://github.com/keitaroinc/ckanext-noresource,0,0,No releases,No releases,0,1,2,FALSE
2025-07-16 6:54:18,keitaroinc/ckanext-onicse-theme,https://github.com/keitaroinc/ckanext-onicse-theme,0,0,No releases,No releases,0,0,3,FALSE
2025-07-16 6:55:02,keitaroinc/ckanext-organogram,https://github.com/keitaroinc/ckanext-organogram,0,2,v0.2,2018-06-29,0,0,2,FALSE
2025-07-16 7:00:14,keitaroinc/ckanext-password,https://github.com/keitaroinc/ckanext-password,1,0,No releases,No releases,0,0,3,FALSE
2025-07-16 7:23:46,keitaroinc/ckanext-password-policy,https://github.com/keitaroinc/ckanext-password-policy,3,0,No releases,No releases,2,1,3,FALSE
2025-07-16 6:55:06,keitaroinc/ckanext-purge,https://github.com/keitaroinc/ckanext-purge,0,0,No releases,No releases,1,0,1,FALSE
2025-07-16 6:54:35,keitaroinc/ckanext-questionnaire,https://github.com/keitaroinc/ckanext-questionnaire,0,2,v1.1,2023-02-10,1,0,4,FALSE
2025-07-16 7:04:06,keitaroinc/ckanext-radius,https://github.com/keitaroinc/ckanext-radius,0,0,No releases,No releases,0,0,3,FALSE
2025-07-16 7:27:22,keitaroinc/ckanext-resourcedictionary,https://github.com/keitaroinc/ckanext-resourcedictionary,4,1,v1.0.0,2021-04-15,7,1,1,FALSE
2025-07-16 7:03:12,keitaroinc/ckanext-saasportal,https://github.com/keitaroinc/ckanext-saasportal,0,0,No releases,No releases,0,0,1,FALSE
2025-07-16 7:32:55,keitaroinc/ckanext-saml2auth,https://github.com/keitaroinc/ckanext-saml2auth,39,10,v1.3.0,2022-12-14,25,23,13,FALSE
2025-07-16 7:02:03,keitaroinc/ckanext-saudinodp,https://github.com/keitaroinc/ckanext-saudinodp,0,0,No releases,No releases,0,0,2,FALSE
2025-07-16 7:19:01,keitaroinc/ckanext-sokigo,https://github.com/keitaroinc/ckanext-sokigo,1,0,No releases,No releases,0,0,3,FALSE
2025-07-16 7:05:55,keitaroinc/ckanext-suggest,https://github.com/keitaroinc/ckanext-suggest,0,0,No releases,No releases,0,0,1,FALSE
2025-07-16 7:00:11,keitaroinc/ckanext-systeminfo,https://github.com/keitaroinc/ckanext-systeminfo,0,0,No releases,No releases,0,0,3,FALSE
2025-07-16 7:07:33,keitaroinc/ckanext-villageearth,https://github.com/keitaroinc/ckanext-villageearth,0,0,No releases,No releases,0,0,2,FALSE
2025-07-16 7:31:58,keitaroinc/ckanext-visualize,https://github.com/keitaroinc/ckanext-visualize,12,1,v1.0.0,2021-04-15,20,4,8,FALSE
2025-07-16 7:09:18,keitaroinc/ckanext-xcaret,https://github.com/keitaroinc/ckanext-xcaret,0,0,No releases,No releases,0,0,2,FALSE
2025-07-16 7:01:52,kkakui/ckanext-edc,https://github.com/kkakui/ckanext-edc,0,0,No releases,No releases,0,0,1,FALSE
2025-07-16 6:59:51,kmbn/ckanext-operandum,https://github.com/kmbn/ckanext-operandum,0,0,No releases,No releases,0,0,1,FALSE
2025-07-16 7:06:18,knaw-huc/ckanext-facet,https://github.com/knaw-huc/ckanext-facet,0,0,No releases,No releases,0,0,1,FALSE
2025-07-16 7:24:16,kolesarj/ckanext-aafc,https://github.com/kolesarj/ckanext-aafc,3,0,No releases,No releases,0,0,1,FALSE
2025-07-16 7:02:13,kolesarj/ckanext-aafcesas,https://github.com/kolesarj/ckanext-aafcesas,0,0,No releases,No releases,0,0,1,FALSE
2025-07-16 6:58:31,ksmc/ckanext-activitiestracker,https://github.com/ksmc/ckanext-activitiestracker,0,0,No releases,No releases,0,0,1,FALSE
2025-07-16 7:05:52,kumarvivek1752/ckanext-translate,https://github.com/kumarvivek1752/ckanext-translate,0,0,No releases,No releases,0,0,1,FALSE
2025-07-16 6:59:33,kvichos/ckanext-graspos,https://github.com/kvichos/ckanext-graspos,0,0,No releases,No releases,0,0,0,FALSE
2025-07-16 7:00:45,lepidaspa/ckanext-rernew,https://github.com/lepidaspa/ckanext-rernew,0,0,No releases,No releases,0,0,1,FALSE
2025-07-16 7:04:35,lfalvarez/ckanext-arde,https://github.com/lfalvarez/ckanext-arde,0,0,No releases,No releases,0,0,1,FALSE
2025-07-16 7:15:05,lightbase/ckanext-datadaemon,https://github.com/lightbase/ckanext-datadaemon,1,0,No releases,No releases,3,0,1,FALSE
2025-07-16 7:32:22,liip/ckanext-ddi,https://github.com/liip/ckanext-ddi,16,1,v1.0.0,2015-07-08,12,3,4,FALSE
2025-07-16 6:58:16,luca-martinelli-09/ckanext-cdstheme,https://github.com/luca-martinelli-09/ckanext-cdstheme,0,0,No releases,No releases,1,0,1,FALSE
2025-07-16 7:10:49,lynxlab/ckanext-lait,https://github.com/lynxlab/ckanext-lait,0,5,v0.1.4,2020-09-09,0,0,2,FALSE
2025-07-16 7:09:23,mango7j/ckanext-odao,https://github.com/mango7j/ckanext-odao,1,0,No releases,No releases,0,0,1,FALSE
2025-07-16 7:01:31,manuelpalacin/ckanext-datasetvalidation,https://github.com/manuelpalacin/ckanext-datasetvalidation,0,0,No releases,No releases,1,0,1,FALSE
2025-07-16 7:09:34,markmo/ckanext-azurefilestore,https://github.com/markmo/ckanext-azurefilestore,0,0,No releases,No releases,1,1,1,FALSE
2025-07-16 6:59:58,marsdd/ckanext-marsavin,https://github.com/marsdd/ckanext-marsavin,0,0,No releases,No releases,0,0,1,FALSE
2025-07-16 7:34:40,maslij/ckanext-nbedit,https://github.com/maslij/ckanext-nbedit,0,0,No releases,No releases,0,0,2,FALSE
2025-07-16 7:06:21,mat3rial-dev/ckanext-yycdatacollective,https://github.com/mat3rial-dev/ckanext-yycdatacollective,1,0,No releases,No releases,0,2,1,FALSE
2025-07-16 7:22:33,mateuszneumann/ckanext-ceon,https://github.com/mateuszneumann/ckanext-ceon,3,0,No releases,No releases,0,0,3,FALSE
2025-07-16 7:25:51,maulikkamdar/ckanext-feedback,https://github.com/maulikkamdar/ckanext-feedback,4,0,No releases,No releases,2,1,1,FALSE
2025-07-16 7:00:25,mdkan/ckanext-admin,https://github.com/mdkan/ckanext-admin,0,0,No releases,No releases,0,0,3,FALSE
2025-07-16 7:11:20,mdkan/ckanext-metadata,https://github.com/mdkan/ckanext-metadata,0,0,No releases,No releases,0,0,0,FALSE
2025-07-16 7:06:51,memaldi/ckanext-git,https://github.com/memaldi/ckanext-git,0,0,No releases,No releases,0,0,1,FALSE
2025-07-16 7:11:15,merkelct/ckanext-akanaharvester,https://github.com/merkelct/ckanext-akanaharvester,0,0,No releases,No releases,0,0,2,FALSE
2025-07-16 7:08:06,merkelct/ckanext-frontpage,https://github.com/merkelct/ckanext-frontpage,0,0,No releases,No releases,0,0,1,FALSE
2025-07-16 7:02:38,merkelct/ckanext-slack,https://github.com/merkelct/ckanext-slack,0,0,No releases,No releases,0,0,2,FALSE
2025-07-16 7:00:19,metaodi/ckanext-graphql,https://github.com/metaodi/ckanext-graphql,0,0,No releases,No releases,2,0,1,FALSE
2025-07-16 7:22:16,metropoleruhr/ckanext-rvr,https://github.com/metropoleruhr/ckanext-rvr,3,0,No releases,No releases,0,0,2,FALSE
2025-07-16 7:02:36,microcomp/ckanext-applications,https://github.com/microcomp/ckanext-applications,0,0,No releases,No releases,0,0,4,FALSE
2025-07-16 6:59:05,microcomp/ckanext-audit,https://github.com/microcomp/ckanext-audit,0,0,No releases,No releases,0,0,1,FALSE
2025-07-16 7:05:13,microcomp/ckanext-notifications,https://github.com/microcomp/ckanext-notifications,0,0,No releases,No releases,0,0,3,FALSE
2025-07-16 7:01:00,microcomp/ckanext-sla,https://github.com/microcomp/ckanext-sla,0,0,No releases,No releases,0,0,3,FALSE
2025-07-16 7:11:49,microcomp/ckanext-sql,https://github.com/microcomp/ckanext-sql,0,0,No releases,No releases,0,0,1,FALSE
2025-07-16 7:15:10,microcomp/ckanext-torrent,https://github.com/microcomp/ckanext-torrent,0,0,No releases,No releases,3,0,2,FALSE
2025-07-16 7:31:42,milicp/ckanext-lire,https://github.com/milicp/ckanext-lire,10,1,ckanext-lire-v1.0,2015-06-06,7,6,1,FALSE
2025-07-16 7:20:42,milicp/ckanext-semre,https://github.com/milicp/ckanext-semre,2,1,ckanext-semre-v1.0,2015-06-05,2,1,1,FALSE
2025-07-16 7:06:36,milwaukeedata/ckanext-userprivs,https://github.com/milwaukeedata/ckanext-userprivs,0,0,No releases,No releases,0,0,1,FALSE
2025-07-16 7:07:00,mjanez/ckanext-openapi,https://github.com/mjanez/ckanext-openapi,2,1,v1.0.0,2024-11-04,0,1,1,FALSE
2025-07-16 7:16:02,mmoyles87/ckanext-oauth2provider,https://github.com/mmoyles87/ckanext-oauth2provider,2,0,No releases,No releases,1,0,1,FALSE
2025-07-16 7:00:54,mmoyles87/ckanext-twofactorauth,https://github.com/mmoyles87/ckanext-twofactorauth,0,0,No releases,No releases,0,0,1,FALSE
2025-07-16 6:59:45,momarious/ckanext-momarious,https://github.com/momarious/ckanext-momarious,0,0,No releases,No releases,0,0,0,FALSE
2025-07-16 7:16:55,mominimtiaz786/ckanext-example_theme,https://github.com/mominimtiaz786/ckanext-example_theme,2,0,No releases,No releases,0,0,1,FALSE
2025-07-16 7:11:30,muccg/ckanext-chevrontheme,https://github.com/muccg/ckanext-chevrontheme,0,0,No releases,No releases,0,0,0,FALSE
2025-07-16 7:03:43,muict-is/ckanext-reportview,https://github.com/muict-is/ckanext-reportview,0,0,No releases,No releases,0,0,1,FALSE
2025-07-16 7:03:41,mutantsan/ckanext-relationships,https://github.com/mutantsan/ckanext-relationships,0,0,No releases,No releases,0,0,1,FALSE
2025-07-16 7:24:59,mutantsan/ckanext-search-autocomplete,https://github.com/mutantsan/ckanext-search-autocomplete,6,0,No releases,No releases,0,0,2,FALSE
2025-07-16 7:23:51,mutantsan/ckanext-zippreview,https://github.com/mutantsan/ckanext-zippreview,4,0,No releases,No releases,0,0,0,FALSE
2025-07-16 7:05:37,national-data-platform/ckanext-ndpcatalogadditions,https://github.com/national-data-platform/ckanext-ndpcatalogadditions,0,2,v0.1.3,2025-07-07,0,0,1,FALSE
2025-07-16 7:26:26,neogeo-technologies/ckanext-idgotheme,https://github.com/neogeo-technologies/ckanext-idgotheme,6,24,1.16,2023-06-12,0,1,6,FALSE
2025-07-16 7:09:40,nerevu/ckanext-heroku,https://github.com/nerevu/ckanext-heroku,0,0,No releases,No releases,0,0,1,FALSE
2025-07-16 7:23:11,ngds/ckanext-datastorecsw-bku03232018,https://github.com/ngds/ckanext-datastorecsw-bku03232018,4,0,No releases,No releases,0,2,2,FALSE
2025-07-16 7:10:32,ngds/ckanext-geoserver,https://github.com/ngds/ckanext-geoserver,1,0,No releases,No releases,1,1,1,FALSE
2025-07-16 7:28:12,ngds/ckanext-geoserver-bku03232018,https://github.com/ngds/ckanext-geoserver-bku03232018,6,0,No releases,No releases,5,6,4,FALSE
2025-07-16 7:23:17,ngds/ckanext-mapsearch-bku03232018,https://github.com/ngds/ckanext-mapsearch-bku03232018,4,0,No releases,No releases,1,3,4,FALSE
2025-07-16 7:24:38,ngds/ckanext-metadata-bku03232018,https://github.com/ngds/ckanext-metadata-bku03232018,5,0,No releases,No releases,1,10,5,FALSE
2025-07-16 7:30:51,ngds/ckanext-ngds-bku03232018,https://github.com/ngds/ckanext-ngds-bku03232018,13,0,No releases,No releases,5,69,17,FALSE
2025-07-16 7:20:20,ngds/ckanext-ogcpreview-bku03232018,https://github.com/ngds/ckanext-ogcpreview-bku03232018,3,0,No releases,No releases,1,1,4,FALSE
2025-07-16 7:31:40,nhsengland/ckanext-adfs,https://github.com/nhsengland/ckanext-adfs,12,0,No releases,No releases,7,2,3,FALSE
2025-07-16 7:20:52,nhsengland/ckanext-introjs,https://github.com/nhsengland/ckanext-introjs,3,0,No releases,No releases,2,0,1,FALSE
2025-07-16 7:27:13,nhsengland/ckanext-nhsengland,https://github.com/nhsengland/ckanext-nhsengland,5,0,No releases,No releases,3,6,5,FALSE
2025-07-16 6:58:27,nickwesson/ckanext-govuk,https://github.com/nickwesson/ckanext-govuk,0,0,No releases,No releases,0,0,1,FALSE
2025-07-16 7:17:04,nispc/ckanext-data_recommendation,https://github.com/nispc/ckanext-data_recommendation,2,0,No releases,No releases,0,0,1,FALSE
2025-07-16 7:11:10,nleond/ckanext-helix,https://github.com/nleond/ckanext-helix,0,0,No releases,No releases,0,0,6,FALSE
2025-07-16 7:24:39,ochidam/ckanext,https://github.com/ochidam/ckanext,0,0,No releases,No releases,0,0,0,FALSE
2025-07-16 7:18:24,ogdch/ckanext-fso,https://github.com/ogdch/ckanext-fso,2,4,v1.0.3,2014-02-20,1,2,5,FALSE
2025-07-16 7:05:08,ogdch/ckanext-neat,https://github.com/ogdch/ckanext-neat,0,0,No releases,No releases,0,0,0,FALSE
2025-07-16 7:23:34,ogdch/ckanext-ogdch,https://github.com/ogdch/ckanext-ogdch,2,3,v1.0.2,2014-02-20,4,0,4,FALSE
2025-07-16 6:59:01,ogdch/ckanext-snl,https://github.com/ogdch/ckanext-snl,0,7,v2.0.3,2014-09-24,0,2,4,FALSE
2025-07-16 7:00:30,ogdch/ckanext-swisstopo,https://github.com/ogdch/ckanext-swisstopo,0,4,v1.0.3,2014-02-20,1,0,4,FALSE
2025-07-16 7:03:03,ogdch/ckanext-transharvest,https://github.com/ogdch/ckanext-transharvest,0,2,v1.0.1,2014-02-20,1,1,3,FALSE
2025-07-16 7:17:36,ogdch/ckanext-zhgis,https://github.com/ogdch/ckanext-zhgis,2,5,v1.4,2015-07-16,0,0,4,FALSE
2025-07-16 7:03:05,ogdch/ckanext-zhstat,https://github.com/ogdch/ckanext-zhstat,0,2,v1.0.1,2014-02-20,0,0,5,FALSE
2025-07-16 7:26:03,okfde/ckanext-offenedaten,https://github.com/okfde/ckanext-offenedaten,3,0,No releases,No releases,4,29,12,FALSE
2025-07-16 6:56:54,okfn/ckanext-aerc,https://github.com/okfn/ckanext-aerc,0,0,No releases,No releases,1,0,1,FALSE
2025-07-16 7:10:58,okfn/ckanext-aiglobal,https://github.com/okfn/ckanext-aiglobal,1,0,No releases,No releases,1,0,1,FALSE
2025-07-16 6:56:32,okfn/ckanext-announcements,https://github.com/okfn/ckanext-announcements,0,3,0.1.4,2025-01-07,1,1,2,FALSE
2025-07-16 7:23:32,okfn/ckanext-apps,https://github.com/okfn/ckanext-apps,2,0,No releases,No releases,4,0,5,FALSE
2025-07-16 6:56:43,okfn/ckanext-barnet,https://github.com/okfn/ckanext-barnet,1,0,No releases,No releases,1,2,6,FALSE
2025-07-16 6:56:37,okfn/ckanext-cadastaroles,https://github.com/okfn/ckanext-cadastaroles,0,0,No releases,No releases,0,1,1,FALSE
2025-07-16 7:24:27,okfn/ckanext-collaborators,https://github.com/okfn/ckanext-collaborators,2,0,No releases,No releases,4,5,4,FALSE
2025-07-16 7:03:07,okfn/ckanext-colombia,https://github.com/okfn/ckanext-colombia,0,0,No releases,No releases,1,0,1,FALSE
2025-07-16 7:16:35,okfn/ckanext-csw,https://github.com/okfn/ckanext-csw,0,0,No releases,No releases,4,0,2,FALSE
2025-07-16 7:19:53,okfn/ckanext-datacatalogs,https://github.com/okfn/ckanext-datacatalogs,0,0,No releases,No releases,6,0,2,FALSE
2025-07-16 7:30:59,okfn/ckanext-datahub,https://github.com/okfn/ckanext-datahub,7,0,No releases,No releases,11,29,12,FALSE
2025-07-16 6:57:02,okfn/ckanext-datanl,https://github.com/okfn/ckanext-datanl,0,0,No releases,No releases,0,0,2,FALSE
2025-07-16 6:57:00,okfn/ckanext-datano,https://github.com/okfn/ckanext-datano,0,0,No releases,No releases,0,0,1,FALSE
2025-07-16 6:56:58,okfn/ckanext-deliverance,https://github.com/okfn/ckanext-deliverance,0,0,No releases,No releases,0,0,1,FALSE
2025-07-16 7:15:29,okfn/ckanext-demo,https://github.com/okfn/ckanext-demo,1,0,No releases,No releases,3,0,8,FALSE
2025-07-16 6:56:56,okfn/ckanext-demo-classic,https://github.com/okfn/ckanext-demo-classic,0,0,No releases,No releases,1,0,1,FALSE
2025-07-16 7:13:32,okfn/ckanext-dgutheme,https://github.com/okfn/ckanext-dgutheme,0,0,No releases,No releases,2,0,0,FALSE
2025-07-16 7:15:03,okfn/ckanext-drupal,https://github.com/okfn/ckanext-drupal,0,0,No releases,No releases,3,0,1,FALSE
2025-07-16 7:12:32,okfn/ckanext-dsmtheme_example,https://github.com/okfn/ckanext-dsmtheme_example,0,0,No releases,No releases,2,0,1,FALSE
2025-07-16 7:26:45,okfn/ckanext-ecportal,https://github.com/okfn/ckanext-ecportal,3,0,No releases,No releases,5,0,8,FALSE
2025-07-16 7:00:38,okfn/ckanext-esdstandards,https://github.com/okfn/ckanext-esdstandards,1,0,No releases,No releases,0,3,1,FALSE
2025-07-16 7:30:44,okfn/ckanext-example,https://github.com/okfn/ckanext-example,7,0,No releases,No releases,9,3,5,FALSE
2025-07-16 6:59:16,okfn/ckanext-exception,https://github.com/okfn/ckanext-exception,0,0,No releases,No releases,0,0,1,FALSE
2025-07-16 7:02:28,okfn/ckanext-express,https://github.com/okfn/ckanext-express,0,0,No releases,No releases,0,0,2,FALSE
2025-07-16 7:01:16,okfn/ckanext-expressimages,https://github.com/okfn/ckanext-expressimages,0,0,No releases,No releases,0,0,1,FALSE
2025-07-16 7:20:27,okfn/ckanext-facetcollapse,https://github.com/okfn/ckanext-facetcollapse,2,2,0.1.1,2023-06-27,2,3,4,FALSE
2025-07-16 7:15:13,okfn/ckanext-feedcontent,https://github.com/okfn/ckanext-feedcontent,1,0,No releases,No releases,3,1,1,FALSE
2025-07-16 6:56:34,okfn/ckanext-fiwarelabs,https://github.com/okfn/ckanext-fiwarelabs,0,0,No releases,No releases,0,0,2,FALSE
2025-07-16 7:14:02,okfn/ckanext-follower,https://github.com/okfn/ckanext-follower,0,0,No releases,No releases,2,0,1,FALSE
2025-07-16 7:15:20,okfn/ckanext-ghana,https://github.com/okfn/ckanext-ghana,0,0,No releases,No releases,3,0,2,FALSE
2025-07-16 7:17:52,okfn/ckanext-groupadmin,https://github.com/okfn/ckanext-groupadmin,2,0,No releases,No releases,0,0,1,FALSE
2025-07-16 7:10:06,okfn/ckanext-hampshire,https://github.com/okfn/ckanext-hampshire,0,0,No releases,No releases,1,0,1,FALSE
2025-07-16 7:27:15,okfn/ckanext-hidegroups,https://github.com/okfn/ckanext-hidegroups,5,0,No releases,No releases,3,2,0,FALSE
2025-07-16 7:06:42,okfn/ckanext-hideorganizations,https://github.com/okfn/ckanext-hideorganizations,0,0,No releases,No releases,1,0,1,FALSE
2025-07-16 7:12:58,okfn/ckanext-htsql,https://github.com/okfn/ckanext-htsql,1,0,No releases,No releases,2,2,1,FALSE
2025-07-16 7:13:30,okfn/ckanext-iceland,https://github.com/okfn/ckanext-iceland,0,0,No releases,No releases,2,0,2,FALSE
2025-07-16 7:25:26,okfn/ckanext-importlib,https://github.com/okfn/ckanext-importlib,3,0,No releases,No releases,3,0,1,FALSE
2025-07-16 7:24:52,okfn/ckanext-inspire,https://github.com/okfn/ckanext-inspire,2,0,No releases,No releases,6,2,4,FALSE
2025-07-16 7:10:04,okfn/ckanext-kenya,https://github.com/okfn/ckanext-kenya,0,0,No releases,No releases,1,0,1,FALSE
2025-07-16 6:56:30,okfn/ckanext-kobo,https://github.com/okfn/ckanext-kobo,0,0,No releases,No releases,0,0,1,FALSE
2025-07-16 7:29:30,okfn/ckanext-lacounts,https://github.com/okfn/ckanext-lacounts,5,93,0.0.1b5,2019-06-02,8,23,5,FALSE
2025-07-16 7:18:34,okfn/ckanext-lcrnz,https://github.com/okfn/ckanext-lcrnz,2,0,No releases,No releases,0,1,5,FALSE
2025-07-16 7:13:52,okfn/ckanext-moderatededits,https://github.com/okfn/ckanext-moderatededits,1,0,No releases,No releases,2,0,2,FALSE
2025-07-16 7:30:12,okfn/ckanext-mx,https://github.com/okfn/ckanext-mx,7,0,No releases,No releases,6,0,3,FALSE
2025-07-16 7:04:54,okfn/ckanext-nrgi,https://github.com/okfn/ckanext-nrgi,0,0,No releases,No releases,0,0,1,FALSE
2025-07-16 6:56:50,okfn/ckanext-nsw,https://github.com/okfn/ckanext-nsw,0,0,No releases,No releases,1,0,4,FALSE
2025-07-16 7:15:22,okfn/ckanext-oauth,https://github.com/okfn/ckanext-oauth,1,0,No releases,No releases,3,0,1,FALSE
2025-07-16 7:08:40,okfn/ckanext-pakistan,https://github.com/okfn/ckanext-pakistan,0,0,No releases,No releases,1,1,6,FALSE
2025-07-16 7:19:15,okfn/ckanext-panama,https://github.com/okfn/ckanext-panama,2,0,No releases,No releases,0,0,2,FALSE
2025-07-16 7:28:44,okfn/ckanext-pdeu,https://github.com/okfn/ckanext-pdeu,4,0,No releases,No releases,9,8,7,FALSE
2025-07-16 7:08:32,okfn/ckanext-queue,https://github.com/okfn/ckanext-queue,1,0,No releases,No releases,1,1,1,FALSE
2025-07-16 7:24:48,okfn/ckanext-rdf,https://github.com/okfn/ckanext-rdf,2,0,No releases,No releases,6,2,3,FALSE
2025-07-16 6:56:48,okfn/ckanext-recline,https://github.com/okfn/ckanext-recline,0,0,No releases,No releases,1,1,1,FALSE
2025-07-16 7:15:40,okfn/ckanext-resourcesfilter,https://github.com/okfn/ckanext-resourcesfilter,2,0,No releases,No releases,3,1,2,FALSE
2025-07-16 7:32:47,okfn/ckanext-s3filestore,https://github.com/okfn/ckanext-s3filestore,37,0,No releases,No releases,14,29,9,FALSE
2025-07-16 7:22:09,okfn/ckanext-sa,https://github.com/okfn/ckanext-sa,3,0,No releases,No releases,1,0,7,FALSE
2025-07-16 7:01:18,okfn/ckanext-salford,https://github.com/okfn/ckanext-salford,1,0,No releases,No releases,1,1,4,FALSE
2025-07-16 7:19:20,okfn/ckanext-sgdata,https://github.com/okfn/ckanext-sgdata,2,0,No releases,No releases,1,2,4,FALSE
2025-07-16 6:56:39,okfn/ckanext-simple,https://github.com/okfn/ckanext-simple,0,0,No releases,No releases,0,0,1,FALSE
2025-07-16 7:11:43,okfn/ckanext-singapore,https://github.com/okfn/ckanext-singapore,1,0,No releases,No releases,1,0,1,FALSE
2025-07-16 7:29:02,okfn/ckanext-sitesearch,https://github.com/okfn/ckanext-sitesearch,5,0,No releases,No releases,6,2,3,FALSE
2025-07-16 7:26:52,okfn/ckanext-socrata,https://github.com/okfn/ckanext-socrata,4,4,2.0.3a,2018-09-28,3,2,4,FALSE
2025-07-16 6:56:41,okfn/ckanext-standard,https://github.com/okfn/ckanext-standard,0,0,No releases,No releases,0,1,3,FALSE
2025-07-16 7:14:18,okfn/ckanext-stats,https://github.com/okfn/ckanext-stats,0,0,No releases,No releases,2,0,2,FALSE
2025-07-16 7:23:00,okfn/ckanext-storage,https://github.com/okfn/ckanext-storage,2,0,No releases,No releases,3,0,4,FALSE
2025-07-16 7:25:17,okfn/ckanext-tsbsatellites,https://github.com/okfn/ckanext-tsbsatellites,3,0,No releases,No releases,3,3,7,FALSE
2025-07-16 6:56:46,okfn/ckanext-usertesting,https://github.com/okfn/ckanext-usertesting,0,0,No releases,No releases,0,0,1,FALSE
2025-07-16 7:25:10,okfn/ckanext-vegaview,https://github.com/okfn/ckanext-vegaview,2,0,No releases,No releases,7,4,1,FALSE
2025-07-16 7:21:55,okfn/ckanext-wordpresser,https://github.com/okfn/ckanext-wordpresser,1,0,No releases,No releases,12,1,4,FALSE
2025-07-16 7:14:34,ondics/ckanext-similar-datasets,https://github.com/ondics/ckanext-similar-datasets,1,1,v1.0.0,2021-11-12,3,0,2,FALSE
2025-07-16 7:31:11,ongov/ckanext-ontario_theme,https://github.com/ongov/ckanext-ontario_theme,12,29,v3.0.10,2025-02-12,7,17,15,FALSE
2025-07-16 7:12:14,open-data-toronto/ckanext-datastore-profiler,https://github.com/open-data-toronto/ckanext-datastore-profiler,1,0,No releases,No releases,2,4,6,FALSE
2025-07-16 7:08:56,open-data-toronto/ckanext-iotrans,https://github.com/open-data-toronto/ckanext-iotrans,1,6,v1.2.3,2023-03-24,0,1,3,FALSE
2025-07-16 7:00:49,open-data/ckanext-autodoc,https://github.com/open-data/ckanext-autodoc,1,0,No releases,No releases,0,1,1,FALSE
2025-07-16 6:50:59,open-data/ckanext-az-keyvault,https://github.com/open-data/ckanext-az-keyvault,0,0,No releases,No releases,0,0,1,FALSE
2025-07-16 7:33:35,open-data/ckanext-canada,https://github.com/open-data/ckanext-canada,35,0,No releases,No releases,58,17,21,FALSE
2025-07-16 6:51:03,open-data/ckanext-citeproc,https://github.com/open-data/ckanext-citeproc,1,0,No releases,No releases,0,0,1,FALSE
2025-07-16 6:51:01,open-data/ckanext-datastore-search,https://github.com/open-data/ckanext-datastore-search,0,0,No releases,No releases,0,0,1,FALSE
2025-07-16 7:01:13,open-data/ckanext-fgp,https://github.com/open-data/ckanext-fgp,0,0,No releases,No releases,0,0,1,FALSE
2025-07-16 6:50:54,open-data/ckanext-gcnotify,https://github.com/open-data/ckanext-gcnotify,0,0,No releases,No releases,0,1,1,FALSE
2025-07-16 7:18:36,open-data/ckanext-history,https://github.com/open-data/ckanext-history,2,0,No releases,No releases,1,0,1,FALSE
2025-07-16 7:19:51,open-data/ckanext-openapiview,https://github.com/open-data/ckanext-openapiview,1,0,No releases,No releases,6,2,2,FALSE
2025-07-16 6:50:57,open-data/ckanext-power-bi,https://github.com/open-data/ckanext-power-bi,0,0,No releases,No releases,0,0,1,FALSE
2025-07-16 7:29:39,open-data/ckanext-recombinant,https://github.com/open-data/ckanext-recombinant,8,0,No releases,No releases,3,4,12,FALSE
2025-07-16 7:32:05,open-data/ckanext-repeating,https://github.com/open-data/ckanext-repeating,24,0,No releases,No releases,3,0,3,FALSE
2025-07-16 7:23:59,open-data/ckanext-stcndm,https://github.com/open-data/ckanext-stcndm,3,1,0.44,2016-03-22,0,7,7,FALSE
2025-07-16 6:51:15,open-data/ckanext-virtual-library,https://github.com/open-data/ckanext-virtual-library,1,0,No releases,No releases,0,0,3,FALSE
2025-07-16 7:31:35,open-data/ckanext-wet-boew,https://github.com/open-data/ckanext-wet-boew,12,0,No releases,No releases,9,7,8,FALSE
2025-07-16 7:22:55,openclimatefix/ckanext-openenergy,https://github.com/openclimatefix/ckanext-openenergy,2,0,No releases,No releases,3,14,1,FALSE
2025-07-16 7:12:56,opendata-swiss/ckanext-dcatapchharvest,https://github.com/opendata-swiss/ckanext-dcatapchharvest,1,0,No releases,No releases,2,2,6,FALSE
2025-07-16 7:30:24,opendata-swiss/ckanext-switzerland,https://github.com/opendata-swiss/ckanext-switzerland,6,0,No releases,No releases,9,7,9,FALSE
2025-07-16 7:26:59,opendata-swiss/ckanext-switzerland-ng,https://github.com/opendata-swiss/ckanext-switzerland-ng,4,0,No releases,No releases,4,5,13,FALSE
2025-07-16 6:59:24,opendatamonitor/ckanext-genericapiharvest,https://github.com/opendatamonitor/ckanext-genericapiharvest,0,0,No releases,No releases,0,0,2,FALSE
2025-07-16 7:15:27,opendatamonitor/ckanext-harmonisation,https://github.com/opendatamonitor/ckanext-harmonisation,1,0,No releases,No releases,3,3,3,FALSE
2025-07-16 7:26:30,opendatatrentino/ckanext-datitrentinoit,https://github.com/opendatatrentino/ckanext-datitrentinoit,6,0,No releases,No releases,1,0,2,FALSE
2025-07-16 7:01:09,opendatatrentino/ckanext-patcategories,https://github.com/opendatatrentino/ckanext-patcategories,0,0,No releases,No releases,0,0,1,FALSE
2025-07-16 7:13:50,opendatatrentino/ckanext-patstatweb,https://github.com/opendatatrentino/ckanext-patstatweb,0,0,No releases,No releases,2,0,3,FALSE
2025-07-16 7:12:11,opendatazurich/ckanext-stadtzh-harvest,https://github.com/opendatazurich/ckanext-stadtzh-harvest,0,6,v1.0.2,2025-05-23,2,2,7,FALSE
2025-07-16 7:21:46,opendatazurich/ckanext-stadtzh-theme,https://github.com/opendatazurich/ckanext-stadtzh-theme,2,8,v1.1.9,2025-06-11,3,1,9,FALSE
2025-07-16 7:05:17,opennorth/ckanext-whiterock,https://github.com/opennorth/ckanext-whiterock,1,0,No releases,No releases,1,0,1,FALSE
2025-07-16 7:31:14,openresearchdata/ckanext-oaipmh,https://github.com/openresearchdata/ckanext-oaipmh,14,0,No releases,No releases,4,4,5,FALSE
2025-07-16 7:04:59,openresearchdata/ckanext-openbis,https://github.com/openresearchdata/ckanext-openbis,1,0,No releases,No releases,1,0,1,FALSE
2025-07-16 7:23:13,openresearchdata/ckanext-ord-hierarchy,https://github.com/openresearchdata/ckanext-ord-hierarchy,1,0,No releases,No releases,4,2,4,FALSE
2025-07-16 6:59:08,openresearchdata/ckanext-salsah,https://github.com/openresearchdata/ckanext-salsah,0,0,No releases,No releases,0,1,4,FALSE
2025-07-16 7:12:49,openspending/ckanext-budgets,https://github.com/openspending/ckanext-budgets,1,0,No releases,No releases,2,1,0,FALSE
2025-07-16 7:20:25,ozwillo/ckanext-ozwillo-organization-api,https://github.com/ozwillo/ckanext-ozwillo-organization-api,2,0,No releases,No releases,0,0,4,FALSE
2025-07-16 7:21:36,ozwillo/ckanext-ozwillo-pyoidc,https://github.com/ozwillo/ckanext-ozwillo-pyoidc,3,0,No releases,No releases,0,0,5,FALSE
2025-07-16 7:26:01,ozwillo/ckanext-ozwillo-theme,https://github.com/ozwillo/ckanext-ozwillo-theme,5,0,No releases,No releases,1,4,7,FALSE
2025-07-16 7:07:15,pabrojast/ckanext-colab,https://github.com/pabrojast/ckanext-colab,0,0,No releases,No releases,0,0,1,FALSE
2025-07-16 7:04:52,parker22/ckanext-countpackageclicks,https://github.com/parker22/ckanext-countpackageclicks,0,0,No releases,No releases,0,0,0,FALSE
2025-07-16 7:18:39,pdekraker-epa/ckanext-relationshipdisplay,https://github.com/pdekraker-epa/ckanext-relationshipdisplay,2,0,No releases,No releases,0,0,1,FALSE
2025-07-16 6:58:37,pduchesne/ckanext-annotations,https://github.com/pduchesne/ckanext-annotations,0,0,No releases,No releases,0,0,1,FALSE
2025-07-16 7:09:53,pduchesne/ckanext-digitalwallonia,https://github.com/pduchesne/ckanext-digitalwallonia,0,0,No releases,No releases,0,0,1,FALSE
2025-07-16 7:33:47,pduchesne/ckanext-geoview,https://github.com/pduchesne/ckanext-geoview,89,0,No releases,No releases,16,8,13,FALSE
2025-07-16 7:21:21,perecanet/ckanext-stomallorca_theme,https://github.com/perecanet/ckanext-stomallorca_theme,3,7,v0.0.8,2023-11-07,0,0,1,FALSE
2025-07-16 6:58:05,phlpat/ckanext-ssoauth,https://github.com/phlpat/ckanext-ssoauth,0,0,No releases,No releases,0,0,2,FALSE
2025-07-16 7:26:08,qld-gov-au/ckanext-csrf-filter,https://github.com/qld-gov-au/ckanext-csrf-filter,7,14,2.0.0,2024-12-17,0,1,4,FALSE
2025-07-16 7:27:32,qld-gov-au/ckanext-data-qld,https://github.com/qld-gov-au/ckanext-data-qld,6,54,7.3.8,2025-07-01,2,4,20,FALSE
2025-07-16 7:23:15,qld-gov-au/ckanext-data-qld-theme,https://github.com/qld-gov-au/ckanext-data-qld-theme,4,11,4.0.1,2022-03-16,0,0,14,FALSE
2025-07-16 7:15:47,qld-gov-au/ckanext-harvester-data-qld-geoscience,https://github.com/qld-gov-au/ckanext-harvester-data-qld-geoscience,2,10,v0.1.0,2024-12-16,0,16,5,FALSE
2025-07-16 7:16:52,qld-gov-au/ckanext-odi-certificates,https://github.com/qld-gov-au/ckanext-odi-certificates,2,4,1.0.3,2023-03-08,0,3,5,FALSE
2025-07-16 6:53:02,qld-gov-au/ckanext-publications-qld-theme,https://github.com/qld-gov-au/ckanext-publications-qld-theme,1,31,1.5.2,2025-03-21,0,3,14,FALSE
2025-07-16 7:28:47,qld-gov-au/ckanext-qgov,https://github.com/qld-gov-au/ckanext-qgov,6,33,7.2.0,2025-04-14,4,0,10,FALSE
2025-07-16 7:15:54,qld-gov-au/ckanext-resource-type-validation,https://github.com/qld-gov-au/ckanext-resource-type-validation,2,12,1.0.11,2025-04-16,5,1,5,FALSE
2025-07-16 6:52:59,qld-gov-au/ckanext-resource-visibility,https://github.com/qld-gov-au/ckanext-resource-visibility,0,6,2.1.2,2025-02-06,0,0,5,FALSE
2025-07-16 6:53:04,qld-gov-au/ckanext-ssm-config,https://github.com/qld-gov-au/ckanext-ssm-config,2,4,0.1.1,2025-04-22,1,0,4,FALSE
2025-07-16 6:52:57,qld-gov-au/ckanext-validation-schema-generator,https://github.com/qld-gov-au/ckanext-validation-schema-generator,0,5,2.0.0,2025-01-10,0,12,4,FALSE
2025-07-16 7:25:24,redlink-gmbh/ckanext-redlink,https://github.com/redlink-gmbh/ckanext-redlink,3,0,No releases,No releases,3,0,3,FALSE
2025-07-16 7:22:57,reedv/ckanext-publicrestrictiondatasets,https://github.com/reedv/ckanext-publicrestrictiondatasets,2,0,No releases,No releases,3,4,1,FALSE
2025-07-16 7:11:47,reneenoble/ckanext-iframeview,https://github.com/reneenoble/ckanext-iframeview,0,0,No releases,No releases,0,0,0,FALSE
2025-07-16 7:01:54,roberto667/ckanext-ckantheme,https://github.com/roberto667/ckanext-ckantheme,0,0,No releases,No releases,0,0,1,FALSE
2025-07-16 6:57:51,rossjones/ckanext-dgutests,https://github.com/rossjones/ckanext-dgutests,0,0,No releases,No releases,1,0,1,FALSE
2025-07-16 7:28:35,rossjones/ckanext-gdoc,https://github.com/rossjones/ckanext-gdoc,6,0,No releases,No releases,3,0,2,FALSE
2025-07-16 7:08:18,rossjones/ckanext-liverpool,https://github.com/rossjones/ckanext-liverpool,0,0,No releases,No releases,0,1,1,FALSE
2025-07-16 7:10:02,rossjones/ckanext-lua,https://github.com/rossjones/ckanext-lua,0,0,No releases,No releases,0,0,1,FALSE
2025-07-16 7:12:47,rossjones/ckanext-pubsub,https://github.com/rossjones/ckanext-pubsub,1,0,No releases,No releases,2,0,1,FALSE
2025-07-16 7:13:18,rossjones/ckanext-statsd,https://github.com/rossjones/ckanext-statsd,0,0,No releases,No releases,2,0,1,FALSE
2025-07-16 7:14:41,rostock/ckanext-hro_dcatapde,https://github.com/rostock/ckanext-hro_dcatapde,1,18,2.2.2,2024-08-15,3,0,1,FALSE
2025-07-16 7:14:45,rostock/ckanext-hro_theme,https://github.com/rostock/ckanext-hro_theme,1,15,2.0.8,2023-11-28,3,0,1,FALSE
2025-07-16 7:08:12,routetopa/ckanext-openid,https://github.com/routetopa/ckanext-openid,1,0,No releases,No releases,0,1,3,FALSE
2025-07-16 7:11:27,routetopa/ckanext-statsapi,https://github.com/routetopa/ckanext-statsapi,0,0,No releases,No releases,0,0,1,FALSE
2025-07-16 7:04:08,sabinem/ckanext-usermanagement,https://github.com/sabinem/ckanext-usermanagement,0,0,No releases,No releases,0,0,0,FALSE
2025-07-16 7:01:56,saikarthikp9/ckanext-customizer,https://github.com/saikarthikp9/ckanext-customizer,1,0,No releases,No releases,1,0,1,FALSE
2025-07-16 7:11:24,salnhan/ckanext-additionalfacets,https://github.com/salnhan/ckanext-additionalfacets,0,0,No releases,No releases,0,0,1,FALSE
2025-07-16 7:09:55,salnhan/ckanext-contactform,https://github.com/salnhan/ckanext-contactform,0,0,No releases,No releases,0,0,1,FALSE
2025-07-16 7:25:07,salsadigitalauorg/ckanext-datastore-refresh,https://github.com/salsadigitalauorg/ckanext-datastore-refresh,5,0,No releases,No releases,0,2,2,FALSE
2025-07-16 7:22:04,salsadigitalauorg/ckanext-fortify,https://github.com/salsadigitalauorg/ckanext-fortify,3,21,4.1.0,2025-05-15,0,1,3,FALSE
2025-07-16 7:03:22,salsadigitalauorg/ckanext-qdes,https://github.com/salsadigitalauorg/ckanext-qdes,0,24,4.1.0,2025-06-04,0,0,4,FALSE
2025-07-16 7:23:37,salsadigitalauorg/ckanext-restricted-access,https://github.com/salsadigitalauorg/ckanext-restricted-access,6,0,No releases,No releases,0,1,2,FALSE
2025-07-16 7:17:29,salsadigitalauorg/ckanext-vocabulary-services,https://github.com/salsadigitalauorg/ckanext-vocabulary-services,2,23,4.1.0,2025-06-13,0,0,6,FALSE
2025-07-16 7:15:56,salzburgerland/ckanext-salzburgerland_tourismus_theme,https://github.com/salzburgerland/ckanext-salzburgerland_tourismus_theme,2,0,No releases,No releases,1,0,1,FALSE
2025-07-16 7:06:02,samibaig/ckanext-twdht,https://github.com/samibaig/ckanext-twdht,0,0,No releases,No releases,0,0,2,FALSE
2025-07-16 7:04:57,sciamlab/ckanext-datigovit,https://github.com/sciamlab/ckanext-datigovit,0,0,No releases,No releases,0,3,3,FALSE
2025-07-16 6:58:53,sergitrilles/ckanext-oct,https://github.com/sergitrilles/ckanext-oct,0,0,No releases,No releases,0,0,1,FALSE
2025-07-16 7:15:32,shemogumbe/ckanext-dataviewanalytics,https://github.com/shemogumbe/ckanext-dataviewanalytics,0,0,No releases,No releases,3,2,1,FALSE
2025-07-16 7:21:05,shidax/ckanext_notification,https://github.com/shidax/ckanext_notification,2,0,No releases,No releases,2,1,1,FALSE
2025-07-16 7:02:01,simeonackermann/ckanext-rdfstoreimporter,https://github.com/simeonackermann/ckanext-rdfstoreimporter,0,0,No releases,No releases,0,0,1,FALSE
2025-07-16 7:01:04,sirmmo/ckanext-rer,https://github.com/sirmmo/ckanext-rer,0,0,No releases,No releases,0,0,1,FALSE
2025-07-16 7:16:06,srkunze/ckanext-semantic,https://github.com/srkunze/ckanext-semantic,1,0,No releases,No releases,4,3,0,FALSE
2025-07-16 7:10:13,stadt-karlsruhe/ckanext-citehelp,https://github.com/stadt-karlsruhe/ckanext-citehelp,0,0,No releases,No releases,0,0,2,FALSE
2025-07-16 7:30:37,stadt-karlsruhe/ckanext-discovery,https://github.com/stadt-karlsruhe/ckanext-discovery,6,0,No releases,No releases,10,2,1,FALSE
2025-07-16 7:32:29,stadt-karlsruhe/ckanext-extractor,https://github.com/stadt-karlsruhe/ckanext-extractor,17,0,No releases,No releases,19,4,2,FALSE
2025-07-16 7:11:13,stadt-karlsruhe/ckanext-importer,https://github.com/stadt-karlsruhe/ckanext-importer,1,0,No releases,No releases,0,0,2,FALSE
2025-07-16 6:58:25,starsinmypockets/ckanext-montreal,https://github.com/starsinmypockets/ckanext-montreal,0,0,No releases,No releases,0,0,1,FALSE
2025-07-16 7:09:31,stream-project/ckanext-streamtheme,https://github.com/stream-project/ckanext-streamtheme,0,0,No releases,No releases,0,0,2,FALSE
2025-07-16 7:06:27,supreshc-persistent/ckanext-cataloginventory,https://github.com/supreshc-persistent/ckanext-cataloginventory,0,0,No releases,No releases,0,0,1,FALSE
2025-07-16 7:26:50,taijiang-tw/ckanext-dga-stats,https://github.com/taijiang-tw/ckanext-dga-stats,7,0,No releases,No releases,0,0,2,FALSE
2025-07-16 7:25:01,tdt/ckanext-tdt,https://github.com/tdt/ckanext-tdt,2,3,0.2.1,2013-12-12,7,0,3,FALSE
2025-07-16 7:28:53,telefonicaid/ckanext-ngsiview,https://github.com/telefonicaid/ckanext-ngsiview,14,0,No releases,No releases,1,9,1,FALSE
2025-07-16 7:07:08,thehyve/ckanext-configpermission,https://github.com/thehyve/ckanext-configpermission,1,0,No releases,No releases,0,0,2,FALSE
2025-07-16 7:08:47,thejimmyg/ckanext-parkinsons,https://github.com/thejimmyg/ckanext-parkinsons,0,0,No releases,No releases,0,0,1,FALSE
2025-07-16 7:04:19,thejuliekramer/ckanext-inventorytheme,https://github.com/thejuliekramer/ckanext-inventorytheme,0,0,No releases,No releases,0,10,1,FALSE
2025-07-16 7:13:56,thenets/ckanext-dadosabertos,https://github.com/thenets/ckanext-dadosabertos,1,0,No releases,No releases,2,0,2,FALSE
2025-07-16 7:07:59,thobley/ckanext-delwpdata,https://github.com/thobley/ckanext-delwpdata,0,0,No releases,No releases,0,0,0,FALSE
2025-07-16 6:59:22,thobley/ckanext-extrafield,https://github.com/thobley/ckanext-extrafield,0,0,No releases,No releases,0,0,0,FALSE
2025-07-16 7:07:44,tobinus/ckanext-dataontosearch,https://github.com/tobinus/ckanext-dataontosearch,0,2,0.0.6,2019-04-30,0,0,1,FALSE
2025-07-16 7:34:18,toll/ckanext-tolltheme,https://github.com/toll/ckanext-tolltheme,0,0,No releases,No releases,0,1,3,TRUE
2025-07-16 7:20:00,transparencia-mg/ckanext-datapackage-creator,https://github.com/transparencia-mg/ckanext-datapackage-creator,2,0,No releases,No releases,2,2,3,FALSE
2025-07-16 7:29:54,transparenzportalhamburg/ckanext-fulltext,https://github.com/transparenzportalhamburg/ckanext-fulltext,6,0,No releases,No releases,8,3,3,FALSE
2025-07-16 6:58:23,trungtincse/ckanext-eximiddleware,https://github.com/trungtincse/ckanext-eximiddleware,0,0,No releases,No releases,0,0,0,FALSE
2025-07-16 7:21:26,tum-gis/ckanext-grouphierarchy-sddi,https://github.com/tum-gis/ckanext-grouphierarchy-sddi,3,8,1.1.4,2024-04-17,1,2,6,FALSE
2025-07-16 7:23:42,tum-gis/ckanext-relation-sddi,https://github.com/tum-gis/ckanext-relation-sddi,3,8,1.1.2,2025-05-13,1,0,7,FALSE
2025-07-16 7:04:21,turbomanson/ckanext-nhdp,https://github.com/turbomanson/ckanext-nhdp,0,0,No releases,No releases,1,0,1,FALSE
2025-07-16 7:06:49,ubdc-IT/ckanext-ubdcschema,https://github.com/ubdc-IT/ckanext-ubdcschema,0,0,No releases,No releases,0,0,1,FALSE
2025-07-16 7:07:38,unckan/ckanext-datasetpreview,https://github.com/unckan/ckanext-datasetpreview,0,1,0.2.31,2020-08-29,0,2,1,FALSE
2025-07-16 7:10:20,unckan/ckanext-superset,https://github.com/unckan/ckanext-superset,0,0,No releases,No releases,1,3,2,FALSE
2025-07-16 7:02:57,uq-eresearch/ckanext-midja,https://github.com/uq-eresearch/ckanext-midja,0,0,No releases,No releases,0,0,2,FALSE
2025-07-16 7:03:15,urkonn/ckanext-slugs,https://github.com/urkonn/ckanext-slugs,0,0,No releases,No releases,0,0,1,FALSE
2025-07-16 6:59:14,usgin/ckanext-nrrc,https://github.com/usgin/ckanext-nrrc,0,0,No releases,No releases,0,5,3,FALSE
2025-07-16 7:09:49,valentin0h/ckanext-termtranslate,https://github.com/valentin0h/ckanext-termtranslate,0,0,No releases,No releases,1,0,1,FALSE
2025-07-16 7:18:59,vaquer/ckanext-dkan,https://github.com/vaquer/ckanext-dkan,2,0,No releases,No releases,0,0,1,FALSE
2025-07-16 6:59:18,vaquer/ckanext-mxopeness,https://github.com/vaquer/ckanext-mxopeness,1,0,No releases,No releases,0,1,1,FALSE
2025-07-16 7:00:47,vaquer/ckanext-mxtheme,https://github.com/vaquer/ckanext-mxtheme,1,0,No releases,No releases,1,1,1,FALSE
2025-07-16 7:10:38,victoryem/ckanext-pero,https://github.com/victoryem/ckanext-pero,0,0,No releases,No releases,0,0,1,FALSE
2025-07-16 7:10:11,vrk-kpa/ckanext-apis,https://github.com/vrk-kpa/ckanext-apis,0,0,No releases,No releases,0,0,8,FALSE
2025-07-16 6:53:11,vrk-kpa/ckanext-drupal8,https://github.com/vrk-kpa/ckanext-drupal8,1,0,No releases,No releases,0,0,4,FALSE
2025-07-16 7:08:23,vrk-kpa/ckanext-fluentall,https://github.com/vrk-kpa/ckanext-fluentall,0,0,No releases,No releases,0,0,1,FALSE
2025-07-16 7:10:54,vrk-kpa/ckanext-forcetranslation,https://github.com/vrk-kpa/ckanext-forcetranslation,0,0,No releases,No releases,0,0,2,FALSE
2025-07-16 6:53:07,vrk-kpa/ckanext-markdown_editor,https://github.com/vrk-kpa/ckanext-markdown_editor,0,0,No releases,No releases,1,0,1,FALSE
2025-07-16 7:25:19,vrk-kpa/ckanext-matomo,https://github.com/vrk-kpa/ckanext-matomo,3,0,No releases,No releases,3,1,8,FALSE
2025-07-16 7:10:27,vrk-kpa/ckanext-organizationapproval,https://github.com/vrk-kpa/ckanext-organizationapproval,0,0,No releases,No releases,1,1,3,FALSE
2025-07-16 6:53:09,vrk-kpa/ckanext-sixodp_showcasesubmit,https://github.com/vrk-kpa/ckanext-sixodp_showcasesubmit,0,0,No releases,No releases,0,1,3,FALSE
2025-07-16 7:09:25,vrk-kpa/ckanext-statistics,https://github.com/vrk-kpa/ckanext-statistics,0,0,No releases,No releases,0,0,3,FALSE
2025-07-16 7:16:42,vrk-kpa/ckanext-xroad_integration,https://github.com/vrk-kpa/ckanext-xroad_integration,2,0,No releases,No releases,0,0,4,FALSE
2025-07-16 7:30:06,vrk-kpa/ckanext-ytp-comments,https://github.com/vrk-kpa/ckanext-ytp-comments,10,0,No releases,No releases,2,8,2,FALSE
2025-07-16 7:26:37,vrk-kpa/ckanext-ytp-request,https://github.com/vrk-kpa/ckanext-ytp-request,5,0,No releases,No releases,2,3,5,FALSE
2025-07-16 7:12:41,vulekamali/ckanext-satreasury,https://github.com/vulekamali/ckanext-satreasury,1,0,No releases,No releases,2,9,4,FALSE
2025-07-16 7:05:49,wake-ua/ckanext-wakeua,https://github.com/wake-ua/ckanext-wakeua,0,0,No releases,No releases,0,0,1,FALSE
2025-07-16 7:13:00,wardi/ckanext-fileedit,https://github.com/wardi/ckanext-fileedit,1,0,No releases,No releases,2,1,1,FALSE
2025-07-16 7:26:17,wardi/ckanext-geocodejob,https://github.com/wardi/ckanext-geocodejob,6,0,No releases,No releases,1,0,1,FALSE
2025-07-16 7:05:22,whiskyechobravo/ckanext-desq,https://github.com/whiskyechobravo/ckanext-desq,0,0,No releases,No releases,0,0,1,FALSE
2025-07-16 7:26:32,yacme/ckanext-googleauth,https://github.com/yacme/ckanext-googleauth,3,1,1.0.0,2016-03-03,5,2,3,FALSE
2025-07-16 7:09:43,ylchan87/ckanext-landdbcustomize,https://github.com/ylchan87/ckanext-landdbcustomize,1,0,No releases,No releases,0,0,1,FALSE
2025-07-16 7:21:02,zbw/ckanext-dara,https://github.com/zbw/ckanext-dara,2,0,No releases,No releases,2,3,2,FALSE
2025-07-16 7:18:46,zbw/ckanext-edawax,https://github.com/zbw/ckanext-edawax,2,0,No releases,No releases,1,0,3,FALSE
2025-07-16 7:19:28,zelima/ckanext-lincolnshire,https://github.com/zelima/ckanext-lincolnshire,2,0,No releases,No releases,0,0,2,FALSE
2025-07-16 7:04:03,zemantic/ckanext-srilanka,https://github.com/zemantic/ckanext-srilanka,0,0,No releases,No releases,0,3,1,FALSE
