tstamp,repository_name,url,forks_count,total_releases,latest_release,release_date,stars,open_issues,contributors_count,discussions
2026-08-02 0:00:00,18F/ckanext-formats,https://github.com/18F/ckanext-formats,7,0,No releases,,1,1,1,FALSE
2026-08-02 0:00:00,6aika/ckanext-collection,https://github.com/6aika/ckanext-collection,2,0,No releases,,1,3,1,FALSE
2026-08-02 0:00:00,6aika/ckanext-rating,https://github.com/6aika/ckanext-rating,19,0,No releases,,2,1,2,FALSE
2026-08-02 0:00:00,6aika/ckanext-reminder,https://github.com/6aika/ckanext-reminder,2,0,No releases,,1,2,3,FALSE
2026-08-02 0:00:00,908Inc/ckanext-forum,https://github.com/908Inc/ckanext-forum,0,0,No releases,,0,0,8,FALSE
2026-08-02 0:00:00,AKSW/ckanext-metaconf,https://github.com/AKSW/ckanext-metaconf,0,0,No releases,,0,10,1,FALSE
2026-08-02 0:00:00,AjuntamentdeBarcelona/ckanext-federagobes,https://github.com/AjuntamentdeBarcelona/ckanext-federagobes,0,0,No releases,,6,3,2,FALSE
2026-08-02 0:00:00,AjuntamentdeBarcelona/ckanext-odatabcn,https://github.com/AjuntamentdeBarcelona/ckanext-odatabcn,0,0,No releases,,10,1,4,FALSE
2026-08-02 0:00:00,AnnaGerber/ckanext-hideorgs,https://github.com/AnnaGerber/ckanext-hideorgs,0,0,No releases,,0,0,1,FALSE
2026-08-02 0:00:00,AppGeo/ckanext-agsview,https://github.com/AppGeo/ckanext-agsview,9,0,No releases,,10,8,2,FALSE
2026-08-02 0:00:00,AustinMastLab/ckanext-digitizationknowledge,https://github.com/AustinMastLab/ckanext-digitizationknowledge,0,0,No releases,,1,8,3,FALSE
2026-08-02 0:00:00,BU-Spark/ckanext-spark,https://github.com/BU-Spark/ckanext-spark,0,0,No releases,,2,1,6,FALSE
2026-08-02 0:00:00,BioplatformsAustralia/ckanext-bpatheme,https://github.com/BioplatformsAustralia/ckanext-bpatheme,3,0,No releases,,3,0,9,FALSE
2026-08-02 0:00:00,BioplatformsAustralia/ckanext-bpatogalaxy,https://github.com/BioplatformsAustralia/ckanext-bpatogalaxy,1,0,No releases,,0,0,1,FALSE
2026-08-02 0:00:00,BioplatformsAustralia/ckanext-bulk,https://github.com/BioplatformsAustralia/ckanext-bulk,2,0,No releases,,1,2,5,FALSE
2026-08-02 0:00:00,BioplatformsAustralia/ckanext-cilogin,https://github.com/BioplatformsAustralia/ckanext-cilogin,1,0,No releases,,1,0,1,FALSE
2026-08-02 0:00:00,BioplatformsAustralia/ckanext-laissezpasser,https://github.com/BioplatformsAustralia/ckanext-laissezpasser,0,0,No releases,,0,0,1,FALSE
2026-08-02 0:00:00,CENDARI/ckanext-dariahshibboleth,https://github.com/CENDARI/ckanext-dariahshibboleth,0,0,No releases,,3,1,1,FALSE
2026-08-02 0:00:00,CSCfi/fairdata-ckanext-etsin,https://github.com/CSCfi/fairdata-ckanext-etsin,0,0,No releases,,2,0,7,FALSE
2026-08-02 0:00:00,CSIRO-enviro-informatics/ckanext-digitalassetfields,https://github.com/CSIRO-enviro-informatics/ckanext-digitalassetfields,2,1,v0.1,2018-12-05 0:00:00,0,0,4,FALSE
2026-08-02 0:00:00,CSIRO-enviro-informatics/ckanext-user_opt_in,https://github.com/CSIRO-enviro-informatics/ckanext-user_opt_in,2,1,v0.1,2018-09-17 0:00:00,1,0,3,FALSE
2026-08-02 0:00:00,Cadasta/ckanext-project,https://github.com/Cadasta/ckanext-project,3,0,No releases,,1,14,4,FALSE
2026-08-02 0:00:00,Chealer/ckanext-categroupy,https://github.com/Chealer/ckanext-categroupy,0,1,v0.1,2020-04-21 0:00:00,2,2,1,FALSE
2026-08-02 0:00:00,City-of-Bloomington/ckanext-cob,https://github.com/City-of-Bloomington/ckanext-cob,0,1,0.1.0,2019-02-21 0:00:00,0,1,5,FALSE
2026-08-02 0:00:00,City-of-Helsinki/ckanext-hoi,https://github.com/City-of-Helsinki/ckanext-hoi,0,0,No releases,,0,0,1,FALSE
2026-08-02 0:00:00,CityOfPhiladelphia/ckanext-highlight-related-items,https://github.com/CityOfPhiladelphia/ckanext-highlight-related-items,3,0,No releases,,3,0,2,FALSE
2026-08-02 0:00:00,CiudadesAbiertas/ckanext-abrircon,https://github.com/CiudadesAbiertas/ckanext-abrircon,1,0,No releases,,0,0,1,FALSE
2026-08-02 0:00:00,CivityNL/ckanext-fairdatapoint,https://github.com/CivityNL/ckanext-fairdatapoint,3,3,0.0.3,2024-03-22 0:00:00,1,4,6,FALSE
2026-08-02 0:00:00,CivityNL/ckanext-portal,https://github.com/CivityNL/ckanext-portal,0,0,No releases,,0,0,4,FALSE
2026-08-02 0:00:00,CivityNL/ckanext-tracker,https://github.com/CivityNL/ckanext-tracker,0,0,No releases,,0,1,4,FALSE
2026-08-02 0:00:00,Clairewjlee/ckanext-categories,https://github.com/Clairewjlee/ckanext-categories,0,0,No releases,,0,0,1,FALSE
2026-08-02 0:00:00,CodeForAfrica/ckanext-embed,https://github.com/CodeForAfrica/ckanext-embed,1,0,No releases,,0,2,1,FALSE
2026-08-02 0:00:00,CodeForAfrica/ckanext-followy,https://github.com/CodeForAfrica/ckanext-followy,1,0,No releases,,1,3,1,FALSE
2026-08-02 0:00:00,CodeForAfrica/ckanext-kyelatheme,https://github.com/CodeForAfrica/ckanext-kyelatheme,1,0,No releases,,0,0,0,FALSE
2026-08-02 0:00:00,CodeForAfrica/ckanext-notify,https://github.com/CodeForAfrica/ckanext-notify,5,0,No releases,,2,10,2,FALSE
2026-08-02 0:00:00,CodeForAfrica/ckanext-openafrica,https://github.com/CodeForAfrica/ckanext-openafrica,13,0,No releases,,10,12,7,FALSE
2026-08-02 0:00:00,CodeForAfrica/ckanext-opengovharvester,https://github.com/CodeForAfrica/ckanext-opengovharvester,0,0,No releases,,0,0,0,FALSE
2026-08-02 0:00:00,CodeForAfrica/ckanext-social,https://github.com/CodeForAfrica/ckanext-social,3,0,No releases,,0,3,4,FALSE
2026-08-02 0:00:00,CodeForAfrica/ckanext-socialite,https://github.com/CodeForAfrica/ckanext-socialite,5,0,No releases,,1,0,2,FALSE
2026-08-02 0:00:00,CodeandoMexico/ckanext-datamx_theme,https://github.com/CodeandoMexico/ckanext-datamx_theme,4,0,No releases,,4,6,5,FALSE
2026-08-02 0:00:00,CodeandoMexico/ckanext-openrefine,https://github.com/CodeandoMexico/ckanext-openrefine,3,0,No releases,,1,1,3,FALSE
2026-08-02 0:00:00,CodeandoMexico/ckanext-widgets,https://github.com/CodeandoMexico/ckanext-widgets,2,0,No releases,,0,6,1,FALSE
2026-08-02 0:00:00,ConocimientoAbierto/ckanext-evaluator,https://github.com/ConocimientoAbierto/ckanext-evaluator,0,0,No releases,,1,0,2,FALSE
2026-08-02 0:00:00,DCOR-dev/ckanext-dc_view,https://github.com/DCOR-dev/ckanext-dc_view,0,0,No releases,,2,2,2,FALSE
2026-08-02 0:00:00,DEFRA/ckanext-defra,https://github.com/DEFRA/ckanext-defra,3,0,No releases,,3,0,2,FALSE
2026-08-02 0:00:00,DEFRA/ckanext-defrareports,https://github.com/DEFRA/ckanext-defrareports,3,0,No releases,,0,2,2,FALSE
2026-08-02 0:00:00,DanePubliczneGovPl/ckanext-danepubliczne,https://github.com/DanePubliczneGovPl/ckanext-danepubliczne,2,0,No releases,,10,67,4,FALSE
2026-08-02 0:00:00,DataDotUG/ckanext-ddug,https://github.com/DataDotUG/ckanext-ddug,0,0,No releases,,0,7,1,FALSE
2026-08-02 0:00:00,DataShades/ckanext-accessrequests,https://github.com/DataShades/ckanext-accessrequests,3,0,No releases,,0,0,6,FALSE
2026-08-02 0:00:00,DataShades/ckanext-acl,https://github.com/DataShades/ckanext-acl,5,0,No releases,,1,1,1,FALSE
2026-08-02 0:00:00,DataShades/ckanext-admin-panel,https://github.com/DataShades/ckanext-admin-panel,0,0,No releases,,7,2,3,FALSE
2026-08-02 0:00:00,DataShades/ckanext-alias,https://github.com/DataShades/ckanext-alias,0,0,No releases,,0,0,1,FALSE
2026-08-02 0:00:00,DataShades/ckanext-charts,https://github.com/DataShades/ckanext-charts,7,1,v1.9.0,2025-04-24 0:00:00,13,1,7,FALSE
2026-08-02 0:00:00,DataShades/ckanext-chatbot,https://github.com/DataShades/ckanext-chatbot,0,0,No releases,,0,1,1,FALSE
2026-08-02 0:00:00,DataShades/ckanext-check-link,https://github.com/DataShades/ckanext-check-link,2,0,No releases,,0,1,3,FALSE
2026-08-02 0:00:00,DataShades/ckanext-clamav,https://github.com/DataShades/ckanext-clamav,3,0,No releases,,1,3,3,FALSE
2026-08-02 0:00:00,DataShades/ckanext-cloudconnector,https://github.com/DataShades/ckanext-cloudconnector,5,0,No releases,,8,2,2,FALSE
2026-08-02 0:00:00,DataShades/ckanext-comments,https://github.com/DataShades/ckanext-comments,8,0,No releases,,5,3,2,FALSE
2026-08-02 0:00:00,DataShades/ckanext-composite-search,https://github.com/DataShades/ckanext-composite-search,2,2,v0.4.2,2025-09-16 0:00:00,1,0,2,FALSE
2026-08-02 0:00:00,DataShades/ckanext-content,https://github.com/DataShades/ckanext-content,1,0,No releases,,2,0,1,FALSE
2026-08-02 0:00:00,DataShades/ckanext-core-fix,https://github.com/DataShades/ckanext-core-fix,0,0,No releases,,1,0,2,FALSE
2026-08-02 0:00:00,DataShades/ckanext-create_typed_package,https://github.com/DataShades/ckanext-create_typed_package,3,0,No releases,,5,1,4,FALSE
2026-08-02 0:00:00,DataShades/ckanext-datavic-stats,https://github.com/DataShades/ckanext-datavic-stats,1,0,No releases,,0,0,2,FALSE
2026-08-02 0:00:00,DataShades/ckanext-disable_related,https://github.com/DataShades/ckanext-disable_related,0,0,No releases,,0,0,1,FALSE
2026-08-02 0:00:00,DataShades/ckanext-drupal-api,https://github.com/DataShades/ckanext-drupal-api,3,0,No releases,,1,0,5,FALSE
2026-08-02 0:00:00,DataShades/ckanext-drupal-idp,https://github.com/DataShades/ckanext-drupal-idp,2,0,No releases,,0,1,2,FALSE
2026-08-02 0:00:00,DataShades/ckanext-drupal_menu_sync,https://github.com/DataShades/ckanext-drupal_menu_sync,3,0,No releases,,0,0,1,FALSE
2026-08-02 0:00:00,DataShades/ckanext-ds-stats,https://github.com/DataShades/ckanext-ds-stats,2,0,No releases,,0,0,2,FALSE
2026-08-02 0:00:00,DataShades/ckanext-duo,https://github.com/DataShades/ckanext-duo,0,0,No releases,,0,0,2,FALSE
2026-08-02 0:00:00,DataShades/ckanext-event-audit,https://github.com/DataShades/ckanext-event-audit,0,0,No releases,,1,0,2,FALSE
2026-08-02 0:00:00,DataShades/ckanext-example_static,https://github.com/DataShades/ckanext-example_static,0,0,No releases,,1,0,1,FALSE
2026-08-02 0:00:00,DataShades/ckanext-excelimport,https://github.com/DataShades/ckanext-excelimport,2,0,No releases,,1,1,1,FALSE
2026-08-02 0:00:00,DataShades/ckanext-extend-search,https://github.com/DataShades/ckanext-extend-search,3,0,No releases,,0,0,1,FALSE
2026-08-02 0:00:00,DataShades/ckanext-federated-index,https://github.com/DataShades/ckanext-federated-index,0,0,No releases,,0,0,1,FALSE
2026-08-02 0:00:00,DataShades/ckanext-files,https://github.com/DataShades/ckanext-files,2,12,v1.3.2,2026-05-14 0:00:00,16,2,2,FALSE
2026-08-02 0:00:00,DataShades/ckanext-flakes,https://github.com/DataShades/ckanext-flakes,0,0,No releases,,0,0,1,FALSE
2026-08-02 0:00:00,DataShades/ckanext-fpx,https://github.com/DataShades/ckanext-fpx,1,0,No releases,,2,0,1,FALSE
2026-08-02 0:00:00,DataShades/ckanext-githubrepopreview,https://github.com/DataShades/ckanext-githubrepopreview,2,0,No releases,,4,2,0,FALSE
2026-08-02 0:00:00,DataShades/ckanext-google_user,https://github.com/DataShades/ckanext-google_user,0,0,No releases,,0,0,1,FALSE
2026-08-02 0:00:00,DataShades/ckanext-harvest-basket,https://github.com/DataShades/ckanext-harvest-basket,2,0,No releases,,7,1,4,FALSE
2026-08-02 0:00:00,DataShades/ckanext-hierarchy_search,https://github.com/DataShades/ckanext-hierarchy_search,1,0,No releases,,0,0,3,FALSE
2026-08-02 0:00:00,DataShades/ckanext-ingest,https://github.com/DataShades/ckanext-ingest,1,0,No releases,,0,2,2,FALSE
2026-08-02 0:00:00,DataShades/ckanext-iso19115,https://github.com/DataShades/ckanext-iso19115,2,0,No releases,,1,0,4,FALSE
2026-08-02 0:00:00,DataShades/ckanext-js-tweaks,https://github.com/DataShades/ckanext-js-tweaks,2,0,No releases,,0,0,4,FALSE
2026-08-02 0:00:00,DataShades/ckanext-latex,https://github.com/DataShades/ckanext-latex,0,0,No releases,,0,0,1,FALSE
2026-08-02 0:00:00,DataShades/ckanext-let-me-in,https://github.com/DataShades/ckanext-let-me-in,0,0,No releases,,3,0,3,FALSE
2026-08-02 0:00:00,DataShades/ckanext-mailcraft,https://github.com/DataShades/ckanext-mailcraft,0,0,No releases,,5,0,3,FALSE
2026-08-02 0:00:00,DataShades/ckanext-menu,https://github.com/DataShades/ckanext-menu,0,0,No releases,,3,0,1,FALSE
2026-08-02 0:00:00,DataShades/ckanext-message,https://github.com/DataShades/ckanext-message,0,0,No releases,,1,0,0,FALSE
2026-08-02 0:00:00,DataShades/ckanext-metaexport,https://github.com/DataShades/ckanext-metaexport,3,0,No releases,,1,1,7,FALSE
2026-08-02 0:00:00,DataShades/ckanext-metatags,https://github.com/DataShades/ckanext-metatags,0,0,No releases,,0,0,1,FALSE
2026-08-02 0:00:00,DataShades/ckanext-msal,https://github.com/DataShades/ckanext-msal,2,0,No releases,,1,1,3,FALSE
2026-08-02 0:00:00,DataShades/ckanext-nswdesignsystem,https://github.com/DataShades/ckanext-nswdesignsystem,3,0,No releases,,3,0,5,FALSE
2026-08-02 0:00:00,DataShades/ckanext-oidc-pkce,https://github.com/DataShades/ckanext-oidc-pkce,8,1,v0.4.1,2025-08-18 0:00:00,5,1,7,FALSE
2026-08-02 0:00:00,DataShades/ckanext-ondc,https://github.com/DataShades/ckanext-ondc,0,0,No releases,,0,0,3,FALSE
2026-08-02 0:00:00,DataShades/ckanext-or_facet,https://github.com/DataShades/ckanext-or_facet,1,0,No releases,,0,0,2,FALSE
2026-08-02 0:00:00,DataShades/ckanext-parquet,https://github.com/DataShades/ckanext-parquet,0,0,No releases,,0,0,1,FALSE
2026-08-02 0:00:00,DataShades/ckanext-permissions,https://github.com/DataShades/ckanext-permissions,1,0,No releases,,5,1,2,FALSE
2026-08-02 0:00:00,DataShades/ckanext-pygments,https://github.com/DataShades/ckanext-pygments,0,0,No releases,,2,0,2,FALSE
2026-08-02 0:00:00,DataShades/ckanext-recaptcha,https://github.com/DataShades/ckanext-recaptcha,3,0,No releases,,0,1,1,FALSE
2026-08-02 0:00:00,DataShades/ckanext-resource_indexer,https://github.com/DataShades/ckanext-resource_indexer,1,0,No releases,,1,0,2,FALSE
2026-08-02 0:00:00,DataShades/ckanext-s3-exporter,https://github.com/DataShades/ckanext-s3-exporter,0,0,No releases,,0,0,1,FALSE
2026-08-02 0:00:00,DataShades/ckanext-saml,https://github.com/DataShades/ckanext-saml,1,0,No releases,,4,1,5,FALSE
2026-08-02 0:00:00,DataShades/ckanext-scss,https://github.com/DataShades/ckanext-scss,1,0,No releases,,1,0,1,FALSE
2026-08-02 0:00:00,DataShades/ckanext-search-preset,https://github.com/DataShades/ckanext-search-preset,1,0,No releases,,1,0,2,FALSE
2026-08-02 0:00:00,DataShades/ckanext-search-schema,https://github.com/DataShades/ckanext-search-schema,0,0,No releases,,0,0,1,FALSE
2026-08-02 0:00:00,DataShades/ckanext-search-tweaks,https://github.com/DataShades/ckanext-search-tweaks,3,1,v0.2.6,2021-06-30 0:00:00,2,0,3,FALSE
2026-08-02 0:00:00,DataShades/ckanext-searchfed,https://github.com/DataShades/ckanext-searchfed,3,0,No releases,,0,0,7,FALSE
2026-08-02 0:00:00,DataShades/ckanext-selfinfo,https://github.com/DataShades/ckanext-selfinfo,5,21,v2.0.3,2026-02-09 0:00:00,16,2,4,FALSE
2026-08-02 0:00:00,DataShades/ckanext-shopping-cart,https://github.com/DataShades/ckanext-shopping-cart,1,0,No releases,,1,0,1,FALSE
2026-08-02 0:00:00,DataShades/ckanext-sk-demo,https://github.com/DataShades/ckanext-sk-demo,0,0,No releases,,0,0,1,FALSE
2026-08-02 0:00:00,DataShades/ckanext-snap,https://github.com/DataShades/ckanext-snap,0,0,No releases,,0,0,1,FALSE
2026-08-02 0:00:00,DataShades/ckanext-statsresources,https://github.com/DataShades/ckanext-statsresources,0,0,No releases,,0,0,1,FALSE
2026-08-02 0:00:00,DataShades/ckanext-textcaptcha,https://github.com/DataShades/ckanext-textcaptcha,2,0,No releases,,0,0,2,FALSE
2026-08-02 0:00:00,DataShades/ckanext-thumbnailer,https://github.com/DataShades/ckanext-thumbnailer,0,0,No releases,,0,1,1,FALSE
2026-08-02 0:00:00,DataShades/ckanext-toolbelt,https://github.com/DataShades/ckanext-toolbelt,0,0,No releases,,3,2,3,FALSE
2026-08-02 0:00:00,DataShades/ckanext-tour,https://github.com/DataShades/ckanext-tour,0,0,No releases,,1,2,2,FALSE
2026-08-02 0:00:00,DataShades/ckanext-transmute,https://github.com/DataShades/ckanext-transmute,0,0,No releases,,1,0,2,FALSE
2026-08-02 0:00:00,DataShades/ckanext-twitterview,https://github.com/DataShades/ckanext-twitterview,0,0,No releases,,0,0,1,FALSE
2026-08-02 0:00:00,DataShades/ckanext-unfold,https://github.com/DataShades/ckanext-unfold,1,0,No releases,,7,1,4,FALSE
2026-08-02 0:00:00,DataShades/ckanext-vip-portal,https://github.com/DataShades/ckanext-vip-portal,1,0,No releases,,1,0,2,FALSE
2026-08-02 0:00:00,DataShades/ckanext-workflow,https://github.com/DataShades/ckanext-workflow,6,0,No releases,,2,0,1,FALSE
2026-08-02 0:00:00,DataShades/ckanext-wysiwyg,https://github.com/DataShades/ckanext-wysiwyg,0,0,No releases,,0,0,1,FALSE
2026-08-02 0:00:00,DataSpace-Mobility/ckanext-dataspace,https://github.com/DataSpace-Mobility/ckanext-dataspace,1,0,No releases,,2,3,1,FALSE
2026-08-02 0:00:00,Drexel-UHC/ckanext-pagessearch,https://github.com/Drexel-UHC/ckanext-pagessearch,0,1,1.0.0,2023-06-01 0:00:00,0,0,1,FALSE
2026-08-02 0:00:00,EUDAT-B2FIND/ckanext-b2find,https://github.com/EUDAT-B2FIND/ckanext-b2find,4,6,v3.1.0,2025-06-30 0:00:00,5,1,6,FALSE
2026-08-02 0:00:00,EUDAT-B2FIND/ckanext-datesearch,https://github.com/EUDAT-B2FIND/ckanext-datesearch,12,0,No releases,,5,1,2,FALSE
2026-08-02 0:00:00,EUDAT-B2FIND/ckanext-oaipmh-server,https://github.com/EUDAT-B2FIND/ckanext-oaipmh-server,5,1,v1.0.0,2025-06-30 0:00:00,3,1,13,FALSE
2026-08-02 0:00:00,EUDAT-B2FIND/ckanext-timeline,https://github.com/EUDAT-B2FIND/ckanext-timeline,4,0,No releases,,1,0,3,FALSE
2026-08-02 0:00:00,Edouard-Legoupil/ckanext-unhcr,https://github.com/Edouard-Legoupil/ckanext-unhcr,5,0,No releases,,1,0,4,FALSE
2026-08-02 0:00:00,ElixirTeSS/ckanext-tess,https://github.com/ElixirTeSS/ckanext-tess,0,0,No releases,,1,0,3,FALSE
2026-08-02 0:00:00,ElixirTeSS/ckanext-tessrelations,https://github.com/ElixirTeSS/ckanext-tessrelations,0,0,No releases,,0,0,2,FALSE
2026-08-02 0:00:00,Engerrs/ckanext-spatialingestor,https://github.com/Engerrs/ckanext-spatialingestor,1,0,No releases,,0,0,0,FALSE
2026-08-02 0:00:00,EnviDat/ckanext-composite,https://github.com/EnviDat/ckanext-composite,19,0,No releases,,5,2,7,FALSE
2026-08-02 0:00:00,EnviDat/ckanext-envidat_schema,https://github.com/EnviDat/ckanext-envidat_schema,1,0,No releases,,3,0,1,FALSE
2026-08-02 0:00:00,EnviDat/ckanext-envidat_theme,https://github.com/EnviDat/ckanext-envidat_theme,0,0,No releases,,4,0,4,FALSE
2026-08-02 0:00:00,EnviDat/ckanext-package_converter,https://github.com/EnviDat/ckanext-package_converter,1,1,v1.0.0,2017-07-14 0:00:00,2,0,3,FALSE
2026-08-02 0:00:00,EnviDat/ckanext-passwordless,https://github.com/EnviDat/ckanext-passwordless,0,0,No releases,,2,0,2,FALSE
2026-08-02 0:00:00,EnviDat/ckanext-passwordless_api,https://github.com/EnviDat/ckanext-passwordless_api,0,0,No releases,,2,0,2,FALSE
2026-08-02 0:00:00,EnviDat/ckanext-restricted,https://github.com/EnviDat/ckanext-restricted,27,2,0.0.4,2017-09-05 0:00:00,8,5,6,FALSE
2026-08-02 0:00:00,GSA/ckanext-collections,https://github.com/GSA/ckanext-collections,0,0,No releases,,0,0,0,FALSE
2026-08-02 0:00:00,GSA/ckanext-datagovcatalog,https://github.com/GSA/ckanext-datagovcatalog,4,0,No releases,,0,3,9,FALSE
2026-08-02 0:00:00,GSA/ckanext-datagovtheme,https://github.com/GSA/ckanext-datagovtheme,26,0,No releases,,22,5,24,FALSE
2026-08-02 0:00:00,GSA/ckanext-dcat_usmetadata,https://github.com/GSA/ckanext-dcat_usmetadata,8,0,No releases,,5,29,20,FALSE
2026-08-02 0:00:00,GSA/ckanext-extlink,https://github.com/GSA/ckanext-extlink,4,0,No releases,,3,0,1,FALSE
2026-08-02 0:00:00,GSA/ckanext-geodatagov,https://github.com/GSA/ckanext-geodatagov,47,0,No releases,,42,18,29,FALSE
2026-08-02 0:00:00,GSA/ckanext-googleanalyticsbasic,https://github.com/GSA/ckanext-googleanalyticsbasic,4,1,Release1.27,2015-03-16 0:00:00,1,0,8,FALSE
2026-08-02 0:00:00,GSA/ckanext-metrics_dashboard,https://github.com/GSA/ckanext-metrics_dashboard,3,0,No releases,,1,0,6,FALSE
2026-08-02 0:00:00,GSA/ckanext-react_usmetadata,https://github.com/GSA/ckanext-react_usmetadata,3,0,No releases,,0,1,1,FALSE
2026-08-02 0:00:00,GSA/ckanext-saml2,https://github.com/GSA/ckanext-saml2,34,0,No releases,,2,6,13,FALSE
2026-08-02 0:00:00,GSA/ckanext-usmetadata,https://github.com/GSA/ckanext-usmetadata,25,7,Release1.30,2015-06-16 0:00:00,28,1,17,FALSE
2026-08-02 0:00:00,GeoinformationSystems/ckanext-klimakonform,https://github.com/GeoinformationSystems/ckanext-klimakonform,1,0,No releases,,0,0,3,FALSE
2026-08-02 0:00:00,GovDataOfficial/ckanext-dcatde,https://github.com/GovDataOfficial/ckanext-dcatde,11,53,6.11.1,2026-03-25 0:00:00,10,6,6,FALSE
2026-08-02 0:00:00,GovDataOfficial/ckanext-searchindexhook,https://github.com/GovDataOfficial/ckanext-searchindexhook,0,18,6.7.0,2024-03-25 0:00:00,1,0,3,FALSE
2026-08-02 0:00:00,HELIX-GR/ckanext-helixtheme,https://github.com/HELIX-GR/ckanext-helixtheme,0,0,No releases,,0,0,2,FALSE
2026-08-02 0:00:00,HHS/ckanext-datajson,https://github.com/HHS/ckanext-datajson,80,1,v0.1,2014-11-14 0:00:00,20,7,6,FALSE
2026-08-02 0:00:00,Helsingin-kaupungin-tietokeskus/ckanext-hrifi,https://github.com/Helsingin-kaupungin-tietokeskus/ckanext-hrifi,2,0,No releases,,4,0,0,FALSE
2026-08-02 0:00:00,Helsingin-kaupungin-tietokeskus/ckanext-multiedit,https://github.com/Helsingin-kaupungin-tietokeskus/ckanext-multiedit,3,0,No releases,,1,1,0,FALSE
2026-08-02 0:00:00,Honlan/ckanext-mytheme,https://github.com/Honlan/ckanext-mytheme,0,0,No releases,,1,0,1,FALSE
2026-08-02 0:00:00,IATI/ckanext-iati,https://github.com/IATI/ckanext-iati,6,6,v1.1.9,2018-03-26 0:00:00,10,53,35,FALSE
2026-08-02 0:00:00,JVickery-TBS/ckanext-development,https://github.com/JVickery-TBS/ckanext-development,0,0,No releases,,0,0,1,FALSE
2026-08-02 0:00:00,JoNoteJoMaMa/ckanext-statscharts,https://github.com/JoNoteJoMaMa/ckanext-statscharts,0,0,No releases,,0,0,1,FALSE
2026-08-02 0:00:00,L-Har/ckanext-wms,https://github.com/L-Har/ckanext-wms,0,0,No releases,,0,0,1,FALSE
2026-08-02 0:00:00,LeeDongHoon/ckanextcustomfields,https://github.com/LeeDongHoon/ckanextcustomfields,0,0,No releases,,0,0,0,FALSE
2026-08-02 0:00:00,MandanaMoshref/ckanext-userautoaddgroup,https://github.com/MandanaMoshref/ckanext-userautoaddgroup,1,0,No releases,,0,0,1,FALSE
2026-08-02 0:00:00,MartinHowitt/ckanext-gdl,https://github.com/MartinHowitt/ckanext-gdl,0,0,No releases,,0,0,0,FALSE
2026-08-02 0:00:00,Mat-O-Lab/ckanext-chat,https://github.com/Mat-O-Lab/ckanext-chat,3,8,v0.2.0,2026-07-29 0:00:00,13,1,1,FALSE
2026-08-02 0:00:00,Mat-O-Lab/ckanext-csvtocsvw,https://github.com/Mat-O-Lab/ckanext-csvtocsvw,0,4,v1.0.4,2026-03-19 0:00:00,1,1,1,FALSE
2026-08-02 0:00:00,Mat-O-Lab/ckanext-csvwmapandtransform,https://github.com/Mat-O-Lab/ckanext-csvwmapandtransform,1,5,v1.1.0,2026-06-24 0:00:00,1,0,1,FALSE
2026-08-02 0:00:00,Mazen-B/ckanext-gitimport,https://github.com/Mazen-B/ckanext-gitimport,1,0,No releases,,0,0,1,FALSE
2026-08-02 0:00:00,MrMedAli/ckanext-long,https://github.com/MrMedAli/ckanext-long,0,0,No releases,,0,0,1,FALSE
2026-08-02 0:00:00,N-Krenn/ckanext-linkorgs,https://github.com/N-Krenn/ckanext-linkorgs,0,0,No releases,,0,0,1,FALSE
2026-08-02 0:00:00,Nateem/ckanext-reqform,https://github.com/Nateem/ckanext-reqform,0,0,No releases,,0,0,1,FALSE
2026-08-02 0:00:00,NaturalHistoryMuseum/ckanext-attribution,https://github.com/NaturalHistoryMuseum/ckanext-attribution,0,25,v1.2.14,2025-06-09 0:00:00,0,7,3,FALSE
2026-08-02 0:00:00,NaturalHistoryMuseum/ckanext-ckanpackager,https://github.com/NaturalHistoryMuseum/ckanext-ckanpackager,3,23,v3.0.0,2023-07-18 0:00:00,6,0,5,FALSE
2026-08-02 0:00:00,NaturalHistoryMuseum/ckanext-contact,https://github.com/NaturalHistoryMuseum/ckanext-contact,24,20,v2.4.4,2025-06-09 0:00:00,5,4,5,FALSE
2026-08-02 0:00:00,NaturalHistoryMuseum/ckanext-datasolr,https://github.com/NaturalHistoryMuseum/ckanext-datasolr,1,6,v1.0.5,2018-02-28 0:00:00,6,0,4,FALSE
2026-08-02 0:00:00,NaturalHistoryMuseum/ckanext-dataspatial,https://github.com/NaturalHistoryMuseum/ckanext-dataspatial,2,1,v0.0.1,2017-09-21 0:00:00,8,1,3,FALSE
2026-08-02 0:00:00,NaturalHistoryMuseum/ckanext-dev,https://github.com/NaturalHistoryMuseum/ckanext-dev,1,0,No releases,,4,0,3,FALSE
2026-08-02 0:00:00,NaturalHistoryMuseum/ckanext-doi,https://github.com/NaturalHistoryMuseum/ckanext-doi,20,34,v4.0.4,2025-09-22 0:00:00,27,13,9,FALSE
2026-08-02 0:00:00,NaturalHistoryMuseum/ckanext-gallery,https://github.com/NaturalHistoryMuseum/ckanext-gallery,4,24,v3.0.7,2026-04-08 0:00:00,4,1,7,FALSE
2026-08-02 0:00:00,NaturalHistoryMuseum/ckanext-gbif,https://github.com/NaturalHistoryMuseum/ckanext-gbif,1,19,v2.1.12,2025-06-09 0:00:00,4,0,5,FALSE
2026-08-02 0:00:00,NaturalHistoryMuseum/ckanext-graph,https://github.com/NaturalHistoryMuseum/ckanext-graph,2,16,v2.1.12,2025-06-09 0:00:00,4,1,4,FALSE
2026-08-02 0:00:00,NaturalHistoryMuseum/ckanext-iiif,https://github.com/NaturalHistoryMuseum/ckanext-iiif,0,17,v4.0.1,2025-06-09 0:00:00,2,1,3,FALSE
2026-08-02 0:00:00,NaturalHistoryMuseum/ckanext-ldap,https://github.com/NaturalHistoryMuseum/ckanext-ldap,39,32,v4.1.2,2025-08-11 0:00:00,34,11,16,FALSE
2026-08-02 0:00:00,NaturalHistoryMuseum/ckanext-list,https://github.com/NaturalHistoryMuseum/ckanext-list,1,19,v2.2.0,2026-04-08 0:00:00,0,3,4,FALSE
2026-08-02 0:00:00,NaturalHistoryMuseum/ckanext-map,https://github.com/NaturalHistoryMuseum/ckanext-map,1,2,v0.0.2,2018-01-04 0:00:00,0,2,5,FALSE
2026-08-02 0:00:00,NaturalHistoryMuseum/ckanext-nhm,https://github.com/NaturalHistoryMuseum/ckanext-nhm,3,172,v7.7.6,2026-07-27 0:00:00,31,66,9,TRUE
2026-08-02 0:00:00,NaturalHistoryMuseum/ckanext-query-dois,https://github.com/NaturalHistoryMuseum/ckanext-query-dois,0,30,v6.0.4,2026-03-17 0:00:00,0,7,5,FALSE
2026-08-02 0:00:00,NaturalHistoryMuseum/ckanext-sketchfab,https://github.com/NaturalHistoryMuseum/ckanext-sketchfab,1,14,v2.1.11,2025-06-09 0:00:00,2,0,3,FALSE
2026-08-02 0:00:00,NaturalHistoryMuseum/ckanext-solr-heatmap,https://github.com/NaturalHistoryMuseum/ckanext-solr-heatmap,1,2,v0.0.2,2017-12-08 0:00:00,0,0,3,FALSE
2026-08-02 0:00:00,NaturalHistoryMuseum/ckanext-status,https://github.com/NaturalHistoryMuseum/ckanext-status,1,18,v2.4.4,2025-06-09 0:00:00,1,0,3,FALSE
2026-08-02 0:00:00,NaturalHistoryMuseum/ckanext-twitter,https://github.com/NaturalHistoryMuseum/ckanext-twitter,6,16,v2.2.9,2024-05-14 0:00:00,0,0,3,FALSE
2026-08-02 0:00:00,NaturalHistoryMuseum/ckanext-userdatasets,https://github.com/NaturalHistoryMuseum/ckanext-userdatasets,8,17,v2.2.1,2025-07-08 0:00:00,2,0,4,FALSE
2026-08-02 0:00:00,NaturalHistoryMuseum/ckanext-versioned-datastore,https://github.com/NaturalHistoryMuseum/ckanext-versioned-datastore,3,81,v6.9.4,2026-07-27 0:00:00,10,21,4,TRUE
2026-08-02 0:00:00,NaturalHistoryMuseum/ckanext-versioned-tiledmap,https://github.com/NaturalHistoryMuseum/ckanext-versioned-tiledmap,0,22,v2.3.4,2025-06-09 0:00:00,0,3,6,FALSE
2026-08-02 0:00:00,NaturalHistoryMuseum/ckanext-video,https://github.com/NaturalHistoryMuseum/ckanext-video,4,14,v2.1.11,2025-06-09 0:00:00,2,2,3,FALSE
2026-08-02 0:00:00,NaturalHistoryMuseum/ckanext-webview,https://github.com/NaturalHistoryMuseum/ckanext-webview,0,13,v1.1.11,2025-06-09 0:00:00,1,0,3,FALSE
2026-08-02 0:00:00,NextGeoss/ckanext-admintools,https://github.com/NextGeoss/ckanext-admintools,0,0,No releases,,0,0,1,FALSE
2026-08-02 0:00:00,NextGeoss/ckanext-nextgeoss,https://github.com/NextGeoss/ckanext-nextgeoss,0,16,v0.1.15,2020-10-20 0:00:00,3,5,3,FALSE
2026-08-02 0:00:00,NextGeoss/ckanext-nextgeossharvest,https://github.com/NextGeoss/ckanext-nextgeossharvest,1,27,v0.8.1,2022-11-18 0:00:00,5,11,7,FALSE
2026-08-02 0:00:00,NextGeoss/ckanext-opensearch,https://github.com/NextGeoss/ckanext-opensearch,0,34,v2.9.0,2022-12-20 0:00:00,1,1,5,FALSE
2026-08-02 0:00:00,NextGeoss/ckanext-orleans,https://github.com/NextGeoss/ckanext-orleans,0,0,No releases,,0,0,1,FALSE
2026-08-02 0:00:00,NicolaiLolansen/ckanext-cprvalidation,https://github.com/NicolaiLolansen/ckanext-cprvalidation,2,0,No releases,,0,0,1,FALSE
2026-08-02 0:00:00,NicolaiLolansen/ckanext-updatedatastore,https://github.com/NicolaiLolansen/ckanext-updatedatastore,0,0,No releases,,0,0,1,FALSE
2026-08-02 0:00:00,NicolaiLolansen/ckanext-updatetracking,https://github.com/NicolaiLolansen/ckanext-updatetracking,1,0,No releases,,0,0,1,FALSE
2026-08-02 0:00:00,Nithyavasudevan/ckanext-glasgow,https://github.com/Nithyavasudevan/ckanext-glasgow,0,0,No releases,,1,0,3,FALSE
2026-08-02 0:00:00,NorwegianRefugeeCouncil/ckanext-api-tracking,https://github.com/NorwegianRefugeeCouncil/ckanext-api-tracking,2,7,0.5.1,2025-03-05 0:00:00,6,5,5,FALSE
2026-08-02 0:00:00,NuCivic/ckanext-cmap,https://github.com/NuCivic/ckanext-cmap,1,0,No releases,,6,0,2,FALSE
2026-08-02 0:00:00,O2br/ckanext-temacultura,https://github.com/O2br/ckanext-temacultura,0,0,No releases,,0,0,1,FALSE
2026-08-02 0:00:00,OCHA-DAP/ckanext-powerview,https://github.com/OCHA-DAP/ckanext-powerview,2,3,0.1.0,2020-03-19 0:00:00,4,0,2,FALSE
2026-08-02 0:00:00,OpenDataCordoba/ckanext-odc,https://github.com/OpenDataCordoba/ckanext-odc,0,0,No releases,,0,0,1,FALSE
2026-08-02 0:00:00,OpenDataGIS/ckanext-facet_scheming,https://github.com/OpenDataGIS/ckanext-facet_scheming,7,3,2.0.0a,2023-07-28 0:00:00,0,0,2,FALSE
2026-08-02 0:00:00,OpenDataGIS/ckanext-miteco,https://github.com/OpenDataGIS/ckanext-miteco,0,6,v0.1.3-hotfix,2025-01-15 0:00:00,0,0,1,FALSE
2026-08-02 0:00:00,OpenDataPortal-AT/ckanext-odpat,https://github.com/OpenDataPortal-AT/ckanext-odpat,1,0,No releases,,0,1,1,FALSE
2026-08-02 0:00:00,OpenDevelopmentMekong/ckanext-odm_library,https://github.com/OpenDevelopmentMekong/ckanext-odm_library,3,20,v2.2.1,2017-05-16 0:00:00,0,3,3,FALSE
2026-08-02 0:00:00,OpenGov-OpenData/ckanext-ai-assistants,https://github.com/OpenGov-OpenData/ckanext-ai-assistants,0,0,No releases,,1,1,2,FALSE
2026-08-02 0:00:00,OpenGov-OpenData/ckanext-bostonschema,https://github.com/OpenGov-OpenData/ckanext-bostonschema,3,0,No releases,,3,0,7,FALSE
2026-08-02 0:00:00,OpenGov-OpenData/ckanext-cartodbmap,https://github.com/OpenGov-OpenData/ckanext-cartodbmap,2,0,No releases,,9,5,2,FALSE
2026-08-02 0:00:00,OpenGov-OpenData/ckanext-castate_od_schema,https://github.com/OpenGov-OpenData/ckanext-castate_od_schema,0,0,No releases,,0,0,1,FALSE
2026-08-02 0:00:00,OpenGov-OpenData/ckanext-chhs_schema,https://github.com/OpenGov-OpenData/ckanext-chhs_schema,0,0,No releases,,1,0,2,FALSE
2026-08-02 0:00:00,OpenGov-OpenData/ckanext-cnra_schema,https://github.com/OpenGov-OpenData/ckanext-cnra_schema,2,0,No releases,,0,0,4,FALSE
2026-08-02 0:00:00,OpenGov-OpenData/ckanext-cob_theme,https://github.com/OpenGov-OpenData/ckanext-cob_theme,11,0,No releases,,7,0,4,FALSE
2026-08-02 0:00:00,OpenGov-OpenData/ckanext-custom-schema,https://github.com/OpenGov-OpenData/ckanext-custom-schema,0,0,No releases,,0,0,5,FALSE
2026-08-02 0:00:00,OpenGov-OpenData/ckanext-custom_harvest,https://github.com/OpenGov-OpenData/ckanext-custom_harvest,0,0,No releases,,0,0,1,FALSE
2026-08-02 0:00:00,OpenGov-OpenData/ckanext-datasetpermissioning,https://github.com/OpenGov-OpenData/ckanext-datasetpermissioning,1,0,No releases,,1,0,2,FALSE
2026-08-02 0:00:00,OpenGov-OpenData/ckanext-discourse,https://github.com/OpenGov-OpenData/ckanext-discourse,13,0,No releases,,13,9,4,FALSE
2026-08-02 0:00:00,OpenGov-OpenData/ckanext-extensionstheme,https://github.com/OpenGov-OpenData/ckanext-extensionstheme,1,0,No releases,,1,0,1,FALSE
2026-08-02 0:00:00,OpenGov-OpenData/ckanext-harvestnotification,https://github.com/OpenGov-OpenData/ckanext-harvestnotification,0,0,No releases,,0,0,1,FALSE
2026-08-02 0:00:00,OpenGov-OpenData/ckanext-heroslider,https://github.com/OpenGov-OpenData/ckanext-heroslider,1,0,No releases,,0,1,1,FALSE
2026-08-02 0:00:00,OpenGov-OpenData/ckanext-heroslideradmin,https://github.com/OpenGov-OpenData/ckanext-heroslideradmin,0,0,No releases,,0,0,2,FALSE
2026-08-02 0:00:00,OpenGov-OpenData/ckanext-in_app_reporting,https://github.com/OpenGov-OpenData/ckanext-in_app_reporting,0,0,No releases,,0,0,2,FALSE
2026-08-02 0:00:00,OpenGov-OpenData/ckanext-markdown_view,https://github.com/OpenGov-OpenData/ckanext-markdown_view,0,0,No releases,,0,0,2,FALSE
2026-08-02 0:00:00,OpenGov-OpenData/ckanext-observability,https://github.com/OpenGov-OpenData/ckanext-observability,0,0,No releases,,0,0,2,FALSE
2026-08-02 0:00:00,OpenGov-OpenData/ckanext-og_datatablesview,https://github.com/OpenGov-OpenData/ckanext-og_datatablesview,0,0,No releases,,0,1,4,FALSE
2026-08-02 0:00:00,OpenGov-OpenData/ckanext-opendata_theme,https://github.com/OpenGov-OpenData/ckanext-opendata_theme,3,0,No releases,,0,0,6,FALSE
2026-08-02 0:00:00,OpenGov-OpenData/ckanext-virginia_schema,https://github.com/OpenGov-OpenData/ckanext-virginia_schema,1,0,No releases,,0,0,4,FALSE
2026-08-02 0:00:00,OpenTransportDataProject/ckanext-sintef,https://github.com/OpenTransportDataProject/ckanext-sintef,0,0,No releases,,0,0,2,FALSE
2026-08-02 0:00:00,OpenUpSA/ckanext-discourse-sso,https://github.com/OpenUpSA/ckanext-discourse-sso,2,0,No releases,,1,0,1,FALSE
2026-08-02 0:00:00,OriHoch/ckanext-file_uploader_ui,https://github.com/OriHoch/ckanext-file_uploader_ui,3,0,No releases,,0,2,1,FALSE
2026-08-02 0:00:00,PacificCommunity/ckanext-spc-pdh,https://github.com/PacificCommunity/ckanext-spc-pdh,2,0,No releases,,2,2,10,FALSE
2026-08-02 0:00:00,Pooya-Oladazimi/ckanext-my-first-cool-extension,https://github.com/Pooya-Oladazimi/ckanext-my-first-cool-extension,1,0,No releases,,0,0,1,FALSE
2026-08-02 0:00:00,PopulateTools/ckanext-ansible-workflow,https://github.com/PopulateTools/ckanext-ansible-workflow,1,0,No releases,,5,0,0,FALSE
2026-08-02 0:00:00,PopulateTools/ckanext-topics,https://github.com/PopulateTools/ckanext-topics,2,0,No releases,,2,0,2,FALSE
2026-08-02 0:00:00,Psykar/ckanext-ands,https://github.com/Psykar/ckanext-ands,0,0,No releases,,2,0,1,FALSE
2026-08-02 0:00:00,PublicaMundi/ckanext-helloresource,https://github.com/PublicaMundi/ckanext-helloresource,0,0,No releases,,0,0,1,FALSE
2026-08-02 0:00:00,PublicaMundi/ckanext-helloworld,https://github.com/PublicaMundi/ckanext-helloworld,0,0,No releases,,1,0,1,FALSE
2026-08-02 0:00:00,PublicaMundi/ckanext-interlinking,https://github.com/PublicaMundi/ckanext-interlinking,1,0,No releases,,1,1,3,FALSE
2026-08-02 0:00:00,PublicaMundi/ckanext-publicamundi,https://github.com/PublicaMundi/ckanext-publicamundi,11,0,No releases,,13,54,5,FALSE
2026-08-02 0:00:00,PublicaMundi/ckanext-vectorstorer,https://github.com/PublicaMundi/ckanext-vectorstorer,3,0,No releases,,4,0,3,FALSE
2026-08-02 0:00:00,Quatral/ckanext-vds,https://github.com/Quatral/ckanext-vds,0,0,No releases,,0,0,2,FALSE
2026-08-02 0:00:00,REEEP/ckanext-climate-tagger,https://github.com/REEEP/ckanext-climate-tagger,2,0,No releases,,9,2,3,FALSE
2026-08-02 0:00:00,RTIInternational/ckanext-advancedauth,https://github.com/RTIInternational/ckanext-advancedauth,0,0,No releases,,0,0,3,FALSE
2026-08-02 0:00:00,RadoRado/ckanext-extrafields,https://github.com/RadoRado/ckanext-extrafields,2,0,No releases,,0,0,0,FALSE
2026-08-02 0:00:00,SAEONData/ckanext-accesscontrol,https://github.com/SAEONData/ckanext-accesscontrol,0,10,v1.0.0-beta,2020-06-12 0:00:00,0,4,1,FALSE
2026-08-02 0:00:00,SAEONData/ckanext-jsonpatch,https://github.com/SAEONData/ckanext-jsonpatch,0,6,v1.0.0,2020-06-12 0:00:00,0,1,1,FALSE
2026-08-02 0:00:00,SAERI-Datacenter/ckanext-docs,https://github.com/SAERI-Datacenter/ckanext-docs,0,0,No releases,,0,0,2,FALSE
2026-08-02 0:00:00,SAERI-Datacenter/ckanext-saerischema,https://github.com/SAERI-Datacenter/ckanext-saerischema,1,1,v0.1,2019-02-05 0:00:00,1,0,2,FALSE
2026-08-02 0:00:00,SDM-TIB/ckanext-downloadall,https://github.com/SDM-TIB/ckanext-downloadall,17,2,v0.3.0,2026-04-08 0:00:00,5,1,2,FALSE
2026-08-02 0:00:00,SDM-TIB/ckanext-fedorkg,https://github.com/SDM-TIB/ckanext-fedorkg,0,29,v0.11.0,2026-07-02 0:00:00,0,0,1,FALSE
2026-08-02 0:00:00,SDM-TIB/ckanext-jupyternotebook,https://github.com/SDM-TIB/ckanext-jupyternotebook,0,0,No releases,,0,0,2,FALSE
2026-08-02 0:00:00,SENATICS/ckanext-opendatagovpy,https://github.com/SENATICS/ckanext-opendatagovpy,7,0,No releases,,13,0,3,FALSE
2026-08-02 0:00:00,SFB-ELAINE/ckanext-papaya,https://github.com/SFB-ELAINE/ckanext-papaya,0,0,No releases,,0,0,1,FALSE
2026-08-02 0:00:00,SFB-ELAINE/ckanext-paraview,https://github.com/SFB-ELAINE/ckanext-paraview,0,0,No releases,,0,0,1,FALSE
2026-08-02 0:00:00,SICTIAM/ckanext-resource-location,https://github.com/SICTIAM/ckanext-resource-location,2,0,No releases,,0,0,1,FALSE
2026-08-02 0:00:00,SenseTecnic/ckanext-wotkit,https://github.com/SenseTecnic/ckanext-wotkit,0,0,No releases,,0,3,4,FALSE
2026-08-02 0:00:00,SmdhMdep/ckanext-granularvisibility,https://github.com/SmdhMdep/ckanext-granularvisibility,0,0,No releases,,0,0,3,FALSE
2026-08-02 0:00:00,SmdhMdep/ckanext-usertracking,https://github.com/SmdhMdep/ckanext-usertracking,1,0,No releases,,0,0,4,FALSE
2026-08-02 0:00:00,TIBHannover/ckanext-bioschemaharvester,https://github.com/TIBHannover/ckanext-bioschemaharvester,0,1,v0.1.5,2024-07-25 0:00:00,0,0,1,FALSE
2026-08-02 0:00:00,TIBHannover/ckanext-cancel-dataset-creation,https://github.com/TIBHannover/ckanext-cancel-dataset-creation,0,1,1.0.0,2024-12-17 0:00:00,0,0,3,FALSE
2026-08-02 0:00:00,TIBHannover/ckanext-close-for-guests,https://github.com/TIBHannover/ckanext-close-for-guests,1,11,1.1.7,2025-11-26 0:00:00,1,1,4,FALSE
2026-08-02 0:00:00,TIBHannover/ckanext-crc-trr-298,https://github.com/TIBHannover/ckanext-crc-trr-298,0,0,No releases,,0,0,1,FALSE
2026-08-02 0:00:00,TIBHannover/ckanext-crc1153,https://github.com/TIBHannover/ckanext-crc1153,0,1,0.1.0,2026-03-09 0:00:00,1,0,3,FALSE
2026-08-02 0:00:00,TIBHannover/ckanext-crc1368,https://github.com/TIBHannover/ckanext-crc1368,0,0,No releases,,1,0,1,FALSE
2026-08-02 0:00:00,TIBHannover/ckanext-custom-dataset-metadata,https://github.com/TIBHannover/ckanext-custom-dataset-metadata,0,0,No releases,,0,0,1,FALSE
2026-08-02 0:00:00,TIBHannover/ckanext-data-comparision,https://github.com/TIBHannover/ckanext-data-comparision,0,0,No releases,,0,0,1,FALSE
2026-08-02 0:00:00,TIBHannover/ckanext-data-comparison,https://github.com/TIBHannover/ckanext-data-comparison,0,0,No releases,,0,0,1,FALSE
2026-08-02 0:00:00,TIBHannover/ckanext-dataset-metadata-automation,https://github.com/TIBHannover/ckanext-dataset-metadata-automation,0,1,1.0.0,2025-01-20 0:00:00,0,0,2,FALSE
2026-08-02 0:00:00,TIBHannover/ckanext-dataset-transfer,https://github.com/TIBHannover/ckanext-dataset-transfer,0,0,No releases,,0,0,2,FALSE
2026-08-02 0:00:00,TIBHannover/ckanext-dcatapcrc,https://github.com/TIBHannover/ckanext-dcatapcrc,0,0,No releases,,0,1,2,FALSE
2026-08-02 0:00:00,TIBHannover/ckanext-dwgviewer,https://github.com/TIBHannover/ckanext-dwgviewer,2,0,No releases,,3,0,1,FALSE
2026-08-02 0:00:00,TIBHannover/ckanext-email-notification,https://github.com/TIBHannover/ckanext-email-notification,0,2,1.1.0,2024-12-16 0:00:00,2,0,2,FALSE
2026-08-02 0:00:00,TIBHannover/ckanext-feature-image,https://github.com/TIBHannover/ckanext-feature-image,0,2,1.0.1,2024-12-16 0:00:00,0,1,3,FALSE
2026-08-02 0:00:00,TIBHannover/ckanext-multiuploader,https://github.com/TIBHannover/ckanext-multiuploader,5,15,2.0.15-test,2026-02-03 0:00:00,2,3,4,FALSE
2026-08-02 0:00:00,TIBHannover/ckanext-oai-jsonld-harvester,https://github.com/TIBHannover/ckanext-oai-jsonld-harvester,0,0,No releases,,0,0,1,FALSE
2026-08-02 0:00:00,TIBHannover/ckanext-organization-group,https://github.com/TIBHannover/ckanext-organization-group,0,1,1.0.0,2024-12-16 0:00:00,0,0,3,FALSE
2026-08-02 0:00:00,TIBHannover/ckanext-relationship,https://github.com/TIBHannover/ckanext-relationship,1,0,No releases,,0,0,4,FALSE
2026-08-02 0:00:00,TIBHannover/ckanext-resource-custom-metadata,https://github.com/TIBHannover/ckanext-resource-custom-metadata,0,0,No releases,,0,0,1,FALSE
2026-08-02 0:00:00,TIBHannover/ckanext-semtag,https://github.com/TIBHannover/ckanext-semtag,0,0,No releases,,1,5,2,FALSE
2026-08-02 0:00:00,TIBHannover/ckanext-sfb-search,https://github.com/TIBHannover/ckanext-sfb-search,0,0,No releases,,0,0,1,FALSE
2026-08-02 0:00:00,TIBHannover/ckanext-sfb-search-extension,https://github.com/TIBHannover/ckanext-sfb-search-extension,0,0,No releases,,1,0,1,FALSE
2026-08-02 0:00:00,TIBHannover/ckanext-system-stats,https://github.com/TIBHannover/ckanext-system-stats,0,0,No releases,,0,0,2,FALSE
2026-08-02 0:00:00,TIBHannover/ckanext-system-stats-old,https://github.com/TIBHannover/ckanext-system-stats-old,0,0,No releases,,0,0,0,FALSE
2026-08-02 0:00:00,TIBHannover/ckanext-theme4chem,https://github.com/TIBHannover/ckanext-theme4chem,0,0,No releases,,0,7,1,FALSE
2026-08-02 0:00:00,TIBHannover/ckanext-tif-imageview,https://github.com/TIBHannover/ckanext-tif-imageview,4,3,1.1.0,2024-12-13 0:00:00,1,0,2,FALSE
2026-08-02 0:00:00,TIBHannover/ckanext-upgrade-dataset,https://github.com/TIBHannover/ckanext-upgrade-dataset,0,5,v.1.1.3,2021-09-16 0:00:00,0,0,1,FALSE
2026-08-02 0:00:00,TIBHannover/ckanext-user-manual,https://github.com/TIBHannover/ckanext-user-manual,0,1,1.0.0,2025-01-20 0:00:00,0,0,3,FALSE
2026-08-02 0:00:00,TIBHannover/ckanext-videoviewer,https://github.com/TIBHannover/ckanext-videoviewer,2,0,No releases,,1,0,1,FALSE
2026-08-02 0:00:00,TIBHannover/ckanext_sfb_layout,https://github.com/TIBHannover/ckanext_sfb_layout,0,0,No releases,,1,0,1,FALSE
2026-08-02 0:00:00,TerriaJS/ckanext-terria_view,https://github.com/TerriaJS/ckanext-terria_view,3,0,No releases,,0,1,0,FALSE
2026-08-02 0:00:00,TkTech/ckanext-cloudstorage,https://github.com/TkTech/ckanext-cloudstorage,55,0,No releases,,37,23,7,FALSE
2026-08-02 0:00:00,Trusts-eu/ckanext-vocabularies,https://github.com/Trusts-eu/ckanext-vocabularies,0,0,No releases,,0,0,1,FALSE
2026-08-02 0:00:00,UCSUR-Pitt/ckanext-wprdctheme,https://github.com/UCSUR-Pitt/ckanext-wprdctheme,2,0,No releases,,1,0,1,FALSE
2026-08-02 0:00:00,USEPA/ckanext-collaborator_orgs,https://github.com/USEPA/ckanext-collaborator_orgs,5,0,No releases,,1,0,1,FALSE
2026-08-02 0:00:00,USEPA/ckanext-linked-storage,https://github.com/USEPA/ckanext-linked-storage,2,0,No releases,,2,1,1,FALSE
2026-08-02 0:00:00,USEPA/ckanext-plotly,https://github.com/USEPA/ckanext-plotly,3,0,No releases,,2,1,1,FALSE
2026-08-02 0:00:00,UoA-eResearch/ckanext-cer,https://github.com/UoA-eResearch/ckanext-cer,0,0,No releases,,0,0,0,FALSE
2026-08-02 0:00:00,UoA-eResearch/ckanext-ezid,https://github.com/UoA-eResearch/ckanext-ezid,0,0,No releases,,1,0,1,FALSE
2026-08-02 0:00:00,ViderumGlobal/ckanext-dataexplorer,https://github.com/ViderumGlobal/ckanext-dataexplorer,4,0,No releases,,0,0,1,FALSE
2026-08-02 0:00:00,ViderumGlobal/ckanext-ed,https://github.com/ViderumGlobal/ckanext-ed,5,0,No releases,,1,14,6,FALSE
2026-08-02 0:00:00,VilledeMontreal/ckanext-montreal-archive,https://github.com/VilledeMontreal/ckanext-montreal-archive,5,0,No releases,,5,2,8,FALSE
2026-08-02 0:00:00,WPRDC/ckanext-legacy-wprdctheme,https://github.com/WPRDC/ckanext-legacy-wprdctheme,1,0,No releases,,0,0,2,FALSE
2026-08-02 0:00:00,WPRDC/ckanext-spatialdata,https://github.com/WPRDC/ckanext-spatialdata,2,0,No releases,,1,2,4,FALSE
2026-08-02 0:00:00,WilJoey/ckanext-ksgeo,https://github.com/WilJoey/ckanext-ksgeo,0,0,No releases,,0,0,1,FALSE
2026-08-02 0:00:00,WorldBank-Transport/ckanext-resourcemeta,https://github.com/WorldBank-Transport/ckanext-resourcemeta,3,0,No releases,,0,0,1,FALSE
2026-08-02 0:00:00,XVTSolutions/ckanext-clone,https://github.com/XVTSolutions/ckanext-clone,2,0,No releases,,0,0,0,FALSE
2026-08-02 0:00:00,XVTSolutions/ckanext-dsactions,https://github.com/XVTSolutions/ckanext-dsactions,1,1,v1.0,2014-04-30 0:00:00,0,0,0,FALSE
2026-08-02 0:00:00,XVTSolutions/ckanext-extend_search,https://github.com/XVTSolutions/ckanext-extend_search,5,1,v1.0,2014-04-17 0:00:00,2,0,2,FALSE
2026-08-02 0:00:00,XVTSolutions/ckanext-metameta,https://github.com/XVTSolutions/ckanext-metameta,0,0,No releases,,0,0,0,FALSE
2026-08-02 0:00:00,XVTSolutions/ckanext-reorder,https://github.com/XVTSolutions/ckanext-reorder,1,0,No releases,,1,0,0,FALSE
2026-08-02 0:00:00,XVTSolutions/ckanext-review,https://github.com/XVTSolutions/ckanext-review,0,1,v1.0,2014-04-30 0:00:00,0,1,2,FALSE
2026-08-02 0:00:00,XVTSolutions/ckanext-suspend,https://github.com/XVTSolutions/ckanext-suspend,0,1,v1.0,2014-04-06 0:00:00,0,0,2,FALSE
2026-08-02 0:00:00,XVTSolutions/ckanext-trak,https://github.com/XVTSolutions/ckanext-trak,1,0,No releases,,0,0,1,FALSE
2026-08-02 0:00:00,XVTSolutions/ckanext-vdojstats,https://github.com/XVTSolutions/ckanext-vdojstats,0,1,v1.0,2014-04-22 0:00:00,0,0,2,FALSE
2026-08-02 0:00:00,XVTSolutions/ckanext-vdojtheme,https://github.com/XVTSolutions/ckanext-vdojtheme,0,1,v1.0,2014-05-01 0:00:00,1,0,1,FALSE
2026-08-02 0:00:00,XVTSolutions/ckanext-xvt,https://github.com/XVTSolutions/ckanext-xvt,0,0,No releases,,0,0,0,FALSE
2026-08-02 0:00:00,Yesser-GitHub/ckanext-odp,https://github.com/Yesser-GitHub/ckanext-odp,0,0,No releases,,0,0,2,FALSE
2026-08-02 0:00:00,YourOpenDAta/ckanext-dcatapedp,https://github.com/YourOpenDAta/ckanext-dcatapedp,0,6,v1.0.4,2023-12-02 0:00:00,1,0,1,FALSE
2026-08-02 0:00:00,abdelrahman146/ckanext-highlighting,https://github.com/abdelrahman146/ckanext-highlighting,0,0,No releases,,0,0,0,FALSE
2026-08-02 0:00:00,abgov/ckanext-ab_scheming,https://github.com/abgov/ckanext-ab_scheming,3,1,v0.1.4,2016-09-27 0:00:00,3,2,3,FALSE
2026-08-02 0:00:00,abgov/ckanext-geomapviewer,https://github.com/abgov/ckanext-geomapviewer,0,0,No releases,,4,0,0,FALSE
2026-08-02 0:00:00,abgov/ckanext-open_alberta,https://github.com/abgov/ckanext-open_alberta,5,2,v0.0.1,2016-12-19 0:00:00,1,9,2,FALSE
2026-08-02 0:00:00,abulte/ckanext-countapicalls,https://github.com/abulte/ckanext-countapicalls,1,0,No releases,,0,1,1,FALSE
2026-08-02 0:00:00,adrianfish/ckanext-eismetadatafields,https://github.com/adrianfish/ckanext-eismetadatafields,0,0,No releases,,0,0,1,FALSE
2026-08-02 0:00:00,adrianfish/ckanext-eismetadatapusher,https://github.com/adrianfish/ckanext-eismetadatapusher,0,0,No releases,,0,0,1,FALSE
2026-08-02 0:00:00,agmorev/ckanext-apidocs,https://github.com/agmorev/ckanext-apidocs,1,0,No releases,,0,0,2,FALSE
2026-08-02 0:00:00,alabs/ckanext-carchi_theme,https://github.com/alabs/ckanext-carchi_theme,2,0,No releases,,1,3,3,FALSE
2026-08-02 0:00:00,alantygel/ckanext-featurednumber,https://github.com/alantygel/ckanext-featurednumber,0,0,No releases,,0,0,1,FALSE
2026-08-02 0:00:00,alantygel/ckanext-semantictags,https://github.com/alantygel/ckanext-semantictags,2,0,No releases,,3,0,1,FALSE
2026-08-02 0:00:00,alantygel/ckanext-tagmanager,https://github.com/alantygel/ckanext-tagmanager,4,0,No releases,,10,2,2,FALSE
2026-08-02 0:00:00,alejandrofcarrera/ckanext-geolinkeddata,https://github.com/alejandrofcarrera/ckanext-geolinkeddata,0,0,No releases,,0,0,1,FALSE
2026-08-02 0:00:00,alexandrainst/ckanext-realtime,https://github.com/alexandrainst/ckanext-realtime,2,0,No releases,,28,5,0,FALSE
2026-08-02 0:00:00,alexbyrnes/ckanext-mongodb,https://github.com/alexbyrnes/ckanext-mongodb,0,0,No releases,,4,1,1,FALSE
2026-08-02 0:00:00,aliwaqas333/ckanext-kpodp_theme,https://github.com/aliwaqas333/ckanext-kpodp_theme,3,0,No releases,,6,1,3,FALSE
2026-08-02 0:00:00,alphagov/ckanext-datagovuk,https://github.com/alphagov/ckanext-datagovuk,15,73,v1.19.1,2026-07-29 0:00:00,12,20,37,FALSE
2026-08-02 0:00:00,amercader/ckanext-embeddings,https://github.com/amercader/ckanext-embeddings,4,2,v0.1.1,2024-05-22 0:00:00,17,2,2,FALSE
2026-08-02 0:00:00,amercader/ckanext-glasgow_theme,https://github.com/amercader/ckanext-glasgow_theme,3,0,No releases,,0,0,2,FALSE
2026-08-02 0:00:00,amercader/ckanext-testext,https://github.com/amercader/ckanext-testext,0,0,No releases,,0,0,1,FALSE
2026-08-02 0:00:00,amirbuldan/ckanext-publikasi,https://github.com/amirbuldan/ckanext-publikasi,0,0,No releases,,0,0,1,FALSE
2026-08-02 0:00:00,anibalpacheco/ckanext-agesic,https://github.com/anibalpacheco/ckanext-agesic,0,0,No releases,,0,0,0,FALSE
2026-08-02 0:00:00,apteksdi/ckanext-schemingdcat,https://github.com/apteksdi/ckanext-schemingdcat,0,0,No releases,,0,0,1,FALSE
2026-08-02 0:00:00,apteksdi/ckanext-sdbi,https://github.com/apteksdi/ckanext-sdbi,3,0,No releases,,1,0,2,FALSE
2026-08-02 0:00:00,apteksdi/ckanext-sdi,https://github.com/apteksdi/ckanext-sdi,1,0,No releases,,4,1,3,FALSE
2026-08-02 0:00:00,aptivate/ckanext-countrygroup,https://github.com/aptivate/ckanext-countrygroup,0,0,No releases,,1,0,6,FALSE
2026-08-02 0:00:00,aptivate/ckanext-crisis,https://github.com/aptivate/ckanext-crisis,0,0,No releases,,0,0,6,FALSE
2026-08-02 0:00:00,aptivate/ckanext-datasetthumbnail,https://github.com/aptivate/ckanext-datasetthumbnail,4,1,v1.0.0,2016-07-06 0:00:00,7,5,6,FALSE
2026-08-02 0:00:00,aptivate/ckanext-datasetversions,https://github.com/aptivate/ckanext-datasetversions,6,1,v1.0.0,2016-07-06 0:00:00,8,3,7,FALSE
2026-08-02 0:00:00,aptivate/ckanext-hdx_package,https://github.com/aptivate/ckanext-hdx_package,0,0,No releases,,0,0,6,FALSE
2026-08-02 0:00:00,aptivate/ckanext-hdx_search,https://github.com/aptivate/ckanext-hdx_search,0,0,No releases,,0,0,5,FALSE
2026-08-02 0:00:00,aptivate/ckanext-hdx_users,https://github.com/aptivate/ckanext-hdx_users,0,0,No releases,,0,0,5,FALSE
2026-08-02 0:00:00,aptivate/ckanext-locationgroup,https://github.com/aptivate/ckanext-locationgroup,0,0,No releases,,1,0,5,FALSE
2026-08-02 0:00:00,aptivate/ckanext-mapactionevent,https://github.com/aptivate/ckanext-mapactionevent,1,0,No releases,,0,0,5,FALSE
2026-08-02 0:00:00,aptivate/ckanext-mapactiongeorss,https://github.com/aptivate/ckanext-mapactiongeorss,1,1,v1.0.4,2024-04-24 0:00:00,0,1,4,FALSE
2026-08-02 0:00:00,aptivate/ckanext-mapactionimporter,https://github.com/aptivate/ckanext-mapactionimporter,2,0,No releases,,0,1,5,FALSE
2026-08-02 0:00:00,aptivate/ckanext-mapactiontheme,https://github.com/aptivate/ckanext-mapactiontheme,1,0,No releases,,0,0,8,FALSE
2026-08-02 0:00:00,aptivate/ckanext-syndicate,https://github.com/aptivate/ckanext-syndicate,15,3,v2.0.0,2021-09-14 0:00:00,4,1,9,FALSE
2026-08-02 0:00:00,aptivate/ckanext-userautoadd,https://github.com/aptivate/ckanext-userautoadd,6,2,v1.0.1,2016-07-11 0:00:00,1,1,3,FALSE
2026-08-02 0:00:00,armin11/ckanext-transparencyderp,https://github.com/armin11/ckanext-transparencyderp,0,0,No releases,,0,0,1,FALSE
2026-08-02 0:00:00,asc-csa/ckanext-asc-csa,https://github.com/asc-csa/ckanext-asc-csa,5,5,v1.0,2021-08-13 0:00:00,10,26,7,FALSE
2026-08-02 0:00:00,asc-csa/ckanext-asc-csa-scheming,https://github.com/asc-csa/ckanext-asc-csa-scheming,1,0,No releases,,2,1,4,FALSE
2026-08-02 0:00:00,awi-response/ckanext-ifacets,https://github.com/awi-response/ckanext-ifacets,0,2,v.0.0.2,2025-05-19 0:00:00,0,0,1,FALSE
2026-08-02 0:00:00,azavea/ckanext-odp_theme,https://github.com/azavea/ckanext-odp_theme,11,1,CKAN-2.2,2017-10-10 0:00:00,14,7,6,FALSE
2026-08-02 0:00:00,b-weintraub/ckanext-stac,https://github.com/b-weintraub/ckanext-stac,1,0,No releases,,1,0,2,FALSE
2026-08-02 0:00:00,bcgov/ckanext-bcgov,https://github.com/bcgov/ckanext-bcgov,22,50,2.0.1,2021-11-05 0:00:00,26,183,26,FALSE
2026-08-02 0:00:00,bcgov/ckanext-bcgov-cli,https://github.com/bcgov/ckanext-bcgov-cli,0,0,No releases,,0,0,4,FALSE
2026-08-02 0:00:00,bcgov/ckanext-bcgov-disqus,https://github.com/bcgov/ckanext-bcgov-disqus,0,0,No releases,,0,1,1,FALSE
2026-08-02 0:00:00,bcgov/ckanext-bcgov-schema,https://github.com/bcgov/ckanext-bcgov-schema,3,0,No releases,,3,3,13,FALSE
2026-08-02 0:00:00,bcgov/ckanext-edc-rss,https://github.com/bcgov/ckanext-edc-rss,0,3,v2.0.1,2023-05-19 0:00:00,0,5,7,FALSE
2026-08-02 0:00:00,bcgov/ckanext-galileo,https://github.com/bcgov/ckanext-galileo,1,0,No releases,,0,0,2,FALSE
2026-08-02 0:00:00,bcgov/ckanext-openapiviewer,https://github.com/bcgov/ckanext-openapiviewer,4,8,3.1.2,2018-03-12 0:00:00,7,0,8,FALSE
2026-08-02 0:00:00,bcgov/ckanext-sso,https://github.com/bcgov/ckanext-sso,11,0,No releases,,6,3,9,FALSE
2026-08-02 0:00:00,belgium-its-steering-committee/ckanext-benap,https://github.com/belgium-its-steering-committee/ckanext-benap,1,64,6.1.8,2026-05-26 0:00:00,4,1,12,FALSE
2026-08-02 0:00:00,benscott/ckanext-cacheapi,https://github.com/benscott/ckanext-cacheapi,0,0,No releases,,0,0,1,FALSE
2026-08-02 0:00:00,berlinonline/ckanext-berlin,https://github.com/berlinonline/ckanext-berlin,0,0,No releases,,3,0,1,FALSE
2026-08-02 0:00:00,berlinonline/ckanext-berlin_dataset_schema,https://github.com/berlinonline/ckanext-berlin_dataset_schema,2,0,No releases,,1,0,3,FALSE
2026-08-02 0:00:00,berlinonline/ckanext-berlinauth,https://github.com/berlinonline/ckanext-berlinauth,1,0,No releases,,0,0,3,FALSE
2026-08-02 0:00:00,berlinonline/ckanext-berlintheme,https://github.com/berlinonline/ckanext-berlintheme,0,0,No releases,,0,0,2,FALSE
2026-08-02 0:00:00,berlinonline/ckanext-datasetsnippets,https://github.com/berlinonline/ckanext-datasetsnippets,1,0,No releases,,1,0,3,FALSE
2026-08-02 0:00:00,berlinonline/ckanext-dcatde_berlin,https://github.com/berlinonline/ckanext-dcatde_berlin,0,0,No releases,,2,0,2,FALSE
2026-08-02 0:00:00,berlinonline/ckanext-fisbroker,https://github.com/berlinonline/ckanext-fisbroker,0,0,No releases,,2,2,2,FALSE
2026-08-02 0:00:00,berlinonline/ckanext-sisharvester,https://github.com/berlinonline/ckanext-sisharvester,0,0,No releases,,0,0,1,FALSE
2026-08-02 0:00:00,berlinonline/ckanext-validationapi,https://github.com/berlinonline/ckanext-validationapi,0,0,No releases,,3,0,2,FALSE
2026-08-02 0:00:00,bertvannuffelen/ckanext-odvl,https://github.com/bertvannuffelen/ckanext-odvl,0,0,No releases,,0,0,1,FALSE
2026-08-02 0:00:00,bhavin2897/ckanext-wikidata,https://github.com/bhavin2897/ckanext-wikidata,0,0,No releases,,0,0,1,FALSE
2026-08-02 0:00:00,bopen/ckanext-mapsearch,https://github.com/bopen/ckanext-mapsearch,1,0,No releases,,5,0,4,FALSE
2026-08-02 0:00:00,boxkite/ckanext-donneesqctheme,https://github.com/boxkite/ckanext-donneesqctheme,0,0,No releases,,0,13,3,FALSE
2026-08-02 0:00:00,boykoc/ckanext-adal,https://github.com/boykoc/ckanext-adal,0,0,No releases,,0,0,1,FALSE
2026-08-02 0:00:00,brunoqs/ckanext-ufla,https://github.com/brunoqs/ckanext-ufla,0,0,No releases,,0,0,1,FALSE
2026-08-02 0:00:00,bukharim1/ckanext-afucn,https://github.com/bukharim1/ckanext-afucn,0,0,No releases,,0,0,1,FALSE
2026-08-02 0:00:00,camptocamp/ckanext-theme,https://github.com/camptocamp/ckanext-theme,0,0,No releases,,2,0,4,FALSE
2026-08-02 0:00:00,cbgaindia/ckanext-budgetviz,https://github.com/cbgaindia/ckanext-budgetviz,1,0,No releases,,2,2,3,FALSE
2026-08-02 0:00:00,cbgaindia/ckanext-openbudgetsin_theme,https://github.com/cbgaindia/ckanext-openbudgetsin_theme,0,0,No releases,,4,16,6,FALSE
2026-08-02 0:00:00,ccancellieri/ckanext-jsonschema,https://github.com/ccancellieri/ckanext-jsonschema,2,0,No releases,,5,1,5,FALSE
2026-08-02 0:00:00,ccancellieri/ckanext-publisher,https://github.com/ccancellieri/ckanext-publisher,0,0,No releases,,0,0,3,FALSE
2026-08-02 0:00:00,ccancellieri/ckanext-terriajs,https://github.com/ccancellieri/ckanext-terriajs,0,0,No releases,,0,0,5,FALSE
2026-08-02 0:00:00,ccca-dc/ckanext-basket,https://github.com/ccca-dc/ckanext-basket,1,0,No releases,,0,0,4,FALSE
2026-08-02 0:00:00,ccca-dc/ckanext-ccca,https://github.com/ccca-dc/ckanext-ccca,3,1,v1.0,2017-11-24 0:00:00,0,0,5,FALSE
2026-08-02 0:00:00,ccca-dc/ckanext-filtersearch,https://github.com/ccca-dc/ckanext-filtersearch,0,1,v1.0,2017-10-02 0:00:00,0,0,4,FALSE
2026-08-02 0:00:00,ccca-dc/ckanext-galleryview,https://github.com/ccca-dc/ckanext-galleryview,0,1,v1.0,2017-02-21 0:00:00,0,0,3,FALSE
2026-08-02 0:00:00,ccca-dc/ckanext-handle,https://github.com/ccca-dc/ckanext-handle,0,1,v1.0,2017-06-27 0:00:00,0,0,3,FALSE
2026-08-02 0:00:00,ccca-dc/ckanext-iauth,https://github.com/ccca-dc/ckanext-iauth,0,1,v1.0,2017-11-15 0:00:00,0,0,3,FALSE
2026-08-02 0:00:00,ccca-dc/ckanext-localimp,https://github.com/ccca-dc/ckanext-localimp,0,1,v1.0,2017-07-11 0:00:00,0,0,3,FALSE
2026-08-02 0:00:00,ccca-dc/ckanext-resourceversions,https://github.com/ccca-dc/ckanext-resourceversions,0,1,v1.0,2017-08-03 0:00:00,0,0,3,FALSE
2026-08-02 0:00:00,ccca-dc/ckanext-thredds,https://github.com/ccca-dc/ckanext-thredds,1,1,v1.0,2017-11-22 0:00:00,1,0,4,FALSE
2026-08-02 0:00:00,cfpb/ckanext-cfpb-extrafields,https://github.com/cfpb/ckanext-cfpb-extrafields,10,3,v1.1.1,2016-08-10 0:00:00,4,5,9,FALSE
2026-08-02 0:00:00,chdigiorno/ckanext-gcbaandinotheme,https://github.com/chdigiorno/ckanext-gcbaandinotheme,3,0,No releases,,0,0,2,FALSE
2026-08-02 0:00:00,cioos-siooc/ckanext-cioos_theme,https://github.com/cioos-siooc/ckanext-cioos_theme,3,0,No releases,,0,8,9,FALSE
2026-08-02 0:00:00,citylinedata/ckanext-cl,https://github.com/citylinedata/ckanext-cl,0,0,No releases,,0,0,1,FALSE
2026-08-02 0:00:00,cityofsurrey/ckanext-surrey,https://github.com/cityofsurrey/ckanext-surrey,4,0,No releases,,1,1,6,FALSE
2026-08-02 0:00:00,ciudadanointeligente/ckanext-forms,https://github.com/ciudadanointeligente/ckanext-forms,0,0,No releases,,2,0,1,FALSE
2026-08-02 0:00:00,ciudadanointeligente/ckanext-junar,https://github.com/ciudadanointeligente/ckanext-junar,0,0,No releases,,2,0,1,FALSE
2026-08-02 0:00:00,ckan/ckanext-apihelper,https://github.com/ckan/ckanext-apihelper,9,0,No releases,,10,2,2,FALSE
2026-08-02 0:00:00,ckan/ckanext-archiver,https://github.com/ckan/ckanext-archiver,42,0,No releases,,22,23,21,FALSE
2026-08-02 0:00:00,ckan/ckanext-basiccharts,https://github.com/ckan/ckanext-basiccharts,28,0,No releases,,12,18,8,FALSE
2026-08-02 0:00:00,ckan/ckanext-dashboard,https://github.com/ckan/ckanext-dashboard,19,0,No releases,,29,7,6,FALSE
2026-08-02 0:00:00,ckan/ckanext-datapusherext,https://github.com/ckan/ckanext-datapusherext,3,0,No releases,,0,0,4,FALSE
2026-08-02 0:00:00,ckan/ckanext-dataset-series,https://github.com/ckan/ckanext-dataset-series,2,0,No releases,,1,2,3,FALSE
2026-08-02 0:00:00,ckan/ckanext-datastorer,https://github.com/ckan/ckanext-datastorer,16,0,No releases,,22,16,13,FALSE
2026-08-02 0:00:00,ckan/ckanext-dcat,https://github.com/ckan/ckanext-dcat,152,24,v2.4.3,2026-05-22 0:00:00,193,73,34,FALSE
2026-08-02 0:00:00,ckan/ckanext-deadoralive,https://github.com/ckan/ckanext-deadoralive,7,0,No releases,,6,12,2,FALSE
2026-08-02 0:00:00,ckan/ckanext-disqus,https://github.com/ckan/ckanext-disqus,20,0,No releases,,13,10,13,FALSE
2026-08-02 0:00:00,ckan/ckanext-drupal7,https://github.com/ckan/ckanext-drupal7,7,0,No releases,,5,0,2,FALSE
2026-08-02 0:00:00,ckan/ckanext-dsaudit,https://github.com/ckan/ckanext-dsaudit,2,0,No releases,,2,1,2,FALSE
2026-08-02 0:00:00,ckan/ckanext-editable-config,https://github.com/ckan/ckanext-editable-config,0,0,No releases,,1,0,1,FALSE
2026-08-02 0:00:00,ckan/ckanext-envvars,https://github.com/ckan/ckanext-envvars,8,5,v0.0.6,2024-09-09 0:00:00,16,6,4,FALSE
2026-08-02 0:00:00,ckan/ckanext-eurovoc,https://github.com/ckan/ckanext-eurovoc,2,0,No releases,,2,1,4,FALSE
2026-08-02 0:00:00,ckan/ckanext-excelforms,https://github.com/ckan/ckanext-excelforms,3,0,No releases,,1,2,12,FALSE
2026-08-02 0:00:00,ckan/ckanext-fdt-sqlalchemy,https://github.com/ckan/ckanext-fdt-sqlalchemy,0,0,No releases,,2,0,1,FALSE
2026-08-02 0:00:00,ckan/ckanext-fluent,https://github.com/ckan/ckanext-fluent,32,0,No releases,,28,12,10,FALSE
2026-08-02 0:00:00,ckan/ckanext-googleanalytics,https://github.com/ckan/ckanext-googleanalytics,84,0,No releases,,36,19,30,FALSE
2026-08-02 0:00:00,ckan/ckanext-harvest,https://github.com/ckan/ckanext-harvest,211,29,v1.6.2,2025-11-11 0:00:00,142,119,64,FALSE
2026-08-02 0:00:00,ckan/ckanext-hierarchy,https://github.com/ckan/ckanext-hierarchy,66,2,v1.2.2,2025-02-26 0:00:00,33,10,17,FALSE
2026-08-02 0:00:00,ckan/ckanext-intro,https://github.com/ckan/ckanext-intro,9,0,No releases,,6,1,1,FALSE
2026-08-02 0:00:00,ckan/ckanext-issues,https://github.com/ckan/ckanext-issues,32,0,No releases,,14,22,10,FALSE
2026-08-02 0:00:00,ckan/ckanext-mapviews,https://github.com/ckan/ckanext-mapviews,22,0,No releases,,27,16,6,FALSE
2026-08-02 0:00:00,ckan/ckanext-oauth2waad,https://github.com/ckan/ckanext-oauth2waad,4,0,No releases,,1,4,3,FALSE
2026-08-02 0:00:00,ckan/ckanext-pages,https://github.com/ckan/ckanext-pages,105,4,v0.5.2,2023-06-07 0:00:00,58,44,23,FALSE
2026-08-02 0:00:00,ckan/ckanext-pdfview,https://github.com/ckan/ckanext-pdfview,47,4,0.0.8,2022-04-08 0:00:00,27,10,10,FALSE
2026-08-02 0:00:00,ckan/ckanext-persona,https://github.com/ckan/ckanext-persona,3,0,No releases,,2,4,1,FALSE
2026-08-02 0:00:00,ckan/ckanext-qa,https://github.com/ckan/ckanext-qa,56,0,No releases,,27,28,27,FALSE
2026-08-02 0:00:00,ckan/ckanext-repo,https://github.com/ckan/ckanext-repo,4,0,No releases,,3,0,3,FALSE
2026-08-02 0:00:00,ckan/ckanext-report,https://github.com/ckan/ckanext-report,35,0,No releases,,18,7,8,FALSE
2026-08-02 0:00:00,ckan/ckanext-rq,https://github.com/ckan/ckanext-rq,3,0,No releases,,3,3,2,FALSE
2026-08-02 0:00:00,ckan/ckanext-s3archive,https://github.com/ckan/ckanext-s3archive,9,0,No releases,,8,4,2,FALSE
2026-08-02 0:00:00,ckan/ckanext-scheming,https://github.com/ckan/ckanext-scheming,180,0,No releases,,103,123,41,FALSE
2026-08-02 0:00:00,ckan/ckanext-search,https://github.com/ckan/ckanext-search,0,0,No releases,,6,1,1,FALSE
2026-08-02 0:00:00,ckan/ckanext-searchhistory,https://github.com/ckan/ckanext-searchhistory,4,0,No releases,,4,3,2,FALSE
2026-08-02 0:00:00,ckan/ckanext-showcase,https://github.com/ckan/ckanext-showcase,77,18,v1.8.4,2025-07-22 0:00:00,47,51,26,FALSE
2026-08-02 0:00:00,ckan/ckanext-spatial,https://github.com/ckan/ckanext-spatial,205,7,v2.3.1,2025-06-11 0:00:00,134,109,41,FALSE
2026-08-02 0:00:00,ckan/ckanext-validation,https://github.com/ckan/ckanext-validation,33,4,2.2.0,2024-12-16 0:00:00,30,46,12,TRUE
2026-08-02 0:00:00,ckan/ckanext-viewhelpers,https://github.com/ckan/ckanext-viewhelpers,11,0,No releases,,5,6,2,FALSE
2026-08-02 0:00:00,ckan/ckanext-xloader,https://github.com/ckan/ckanext-xloader,64,15,2.3.1,2026-05-25 0:00:00,56,48,25,FALSE
2026-08-02 0:00:00,cmuphillycapstone/ckanext-dictionary,https://github.com/cmuphillycapstone/ckanext-dictionary,15,0,No releases,,10,9,3,FALSE
2026-08-02 0:00:00,code-schleswig-holstein/ckanext-odsh,https://github.com/code-schleswig-holstein/ckanext-odsh,0,0,No releases,,0,0,1,FALSE
2026-08-02 0:00:00,congbk92/ckanext-dataconverter,https://github.com/congbk92/ckanext-dataconverter,0,0,No releases,,1,0,1,FALSE
2026-08-02 0:00:00,conwetlab/ckanext-datarequests,https://github.com/conwetlab/ckanext-datarequests,51,17,v1.1.0,2018-09-24 0:00:00,18,10,6,FALSE
2026-08-02 0:00:00,conwetlab/ckanext-datastore_restful,https://github.com/conwetlab/ckanext-datastore_restful,1,0,No releases,,2,0,2,FALSE
2026-08-02 0:00:00,conwetlab/ckanext-fiware_header,https://github.com/conwetlab/ckanext-fiware_header,1,0,No releases,,2,0,1,FALSE
2026-08-02 0:00:00,conwetlab/ckanext-oauth2,https://github.com/conwetlab/ckanext-oauth2,59,17,v0.7.0,2019-04-12 0:00:00,25,22,7,FALSE
2026-08-02 0:00:00,conwetlab/ckanext-privatedatasets,https://github.com/conwetlab/ckanext-privatedatasets,15,24,v0.4.1,2020-03-16 0:00:00,19,9,9,FALSE
2026-08-02 0:00:00,conwetlab/ckanext-storepublisher,https://github.com/conwetlab/ckanext-storepublisher,6,8,v0.3.2,2015-11-25 0:00:00,3,0,3,FALSE
2026-08-02 0:00:00,conwetlab/ckanext-wirecloud_view,https://github.com/conwetlab/ckanext-wirecloud_view,6,3,v1.1.0,2018-07-20 0:00:00,2,2,4,FALSE
2026-08-02 0:00:00,costibleotu/ckanext-dataportaltheme,https://github.com/costibleotu/ckanext-dataportaltheme,26,0,No releases,,1,0,4,FALSE
2026-08-02 0:00:00,costibleotu/ckanext-githubfeed,https://github.com/costibleotu/ckanext-githubfeed,0,0,No releases,,0,0,2,FALSE
2026-08-02 0:00:00,cphsolutionslab/ckanext-cphopendata,https://github.com/cphsolutionslab/ckanext-cphopendata,0,0,No releases,,1,0,1,FALSE
2026-08-02 0:00:00,cphsolutionslab/ckanext-customuserprivileges,https://github.com/cphsolutionslab/ckanext-customuserprivileges,1,0,No releases,,2,1,0,FALSE
2026-08-02 0:00:00,cphsolutionslab/ckanext-dataproxy,https://github.com/cphsolutionslab/ckanext-dataproxy,14,0,No releases,,11,8,3,FALSE
2026-08-02 0:00:00,cphsolutionslab/ckanext-metadataharvest,https://github.com/cphsolutionslab/ckanext-metadataharvest,1,0,No releases,,0,0,0,FALSE
2026-08-02 0:00:00,cphsolutionslab/ckanext-portalopendatadk,https://github.com/cphsolutionslab/ckanext-portalopendatadk,1,0,No releases,,0,0,1,FALSE
2026-08-02 0:00:00,csipiemonte/ckanext-apertocomunetorinoit,https://github.com/csipiemonte/ckanext-apertocomunetorinoit,0,0,No releases,,0,0,1,FALSE
2026-08-02 0:00:00,cuprit-gbr/ckanext-thesauri,https://github.com/cuprit-gbr/ckanext-thesauri,1,0,No releases,,0,0,1,FALSE
2026-08-02 0:00:00,dadosgovbr/ckanext-dadosgovbr,https://github.com/dadosgovbr/ckanext-dadosgovbr,5,9,v0.5-beta,2018-01-07 0:00:00,17,1,5,FALSE
2026-08-02 0:00:00,dadosgovbr/ckanext-dadosgovbr-2014,https://github.com/dadosgovbr/ckanext-dadosgovbr-2014,2,0,No releases,,2,0,4,FALSE
2026-08-02 0:00:00,damalaga/ckanext-malaga,https://github.com/damalaga/ckanext-malaga,2,0,No releases,,4,2,1,FALSE
2026-08-02 0:00:00,dangsg/ckanext-mysql2mongodb,https://github.com/dangsg/ckanext-mysql2mongodb,3,0,No releases,,0,0,1,FALSE
2026-08-02 0:00:00,data-govt-nz/ckanext-dia,https://github.com/data-govt-nz/ckanext-dia,0,1,1.1.0,2018-12-10 0:00:00,3,1,7,FALSE
2026-08-02 0:00:00,data-govt-nz/ckanext-dia_theme,https://github.com/data-govt-nz/ckanext-dia_theme,8,8,2.0.1,2019-07-31 0:00:00,7,4,11,FALSE
2026-08-02 0:00:00,data-govt-nz/ckanext-protected_resources,https://github.com/data-govt-nz/ckanext-protected_resources,2,1,0.1.0,2018-07-23 0:00:00,1,4,3,FALSE
2026-08-02 0:00:00,data-govt-nz/ckanext-security,https://github.com/data-govt-nz/ckanext-security,41,6,4.1.1,2024-03-02 0:00:00,28,18,15,FALSE
2026-08-02 0:00:00,datacats/ckanext-featuredviews,https://github.com/datacats/ckanext-featuredviews,8,0,No releases,,10,4,2,FALSE
2026-08-02 0:00:00,datacats/ckanext-geopusher,https://github.com/datacats/ckanext-geopusher,5,0,No releases,,15,1,2,FALSE
2026-08-02 0:00:00,datacats/ckanext-ottawa,https://github.com/datacats/ckanext-ottawa,1,0,No releases,,1,1,1,FALSE
2026-08-02 0:00:00,datacats/ckanext-webhooks,https://github.com/datacats/ckanext-webhooks,7,0,No releases,,14,6,2,FALSE
2026-08-02 0:00:00,datadotworld/ckanext-datadotworld,https://github.com/datadotworld/ckanext-datadotworld,9,0,No releases,,12,3,6,FALSE
2026-08-02 0:00:00,datagovuk/ckanext-certificates,https://github.com/datagovuk/ckanext-certificates,5,0,No releases,,1,1,2,FALSE
2026-08-02 0:00:00,datagovuk/ckanext-datapreview,https://github.com/datagovuk/ckanext-datapreview,6,0,No releases,,8,0,3,FALSE
2026-08-02 0:00:00,datagovuk/ckanext-datastore,https://github.com/datagovuk/ckanext-datastore,2,0,No releases,,0,0,2,FALSE
2026-08-02 0:00:00,datagovuk/ckanext-dgu,https://github.com/datagovuk/ckanext-dgu,30,0,No releases,,33,72,19,FALSE
2026-08-02 0:00:00,datagovuk/ckanext-dgu-local,https://github.com/datagovuk/ckanext-dgu-local,3,0,No releases,,1,0,2,FALSE
2026-08-02 0:00:00,datagovuk/ckanext-ga-report,https://github.com/datagovuk/ckanext-ga-report,22,0,No releases,,10,4,4,FALSE
2026-08-02 0:00:00,datagovuk/ckanext-linkfinder,https://github.com/datagovuk/ckanext-linkfinder,1,0,No releases,,0,0,1,FALSE
2026-08-02 0:00:00,datagovuk/ckanext-os,https://github.com/datagovuk/ckanext-os,4,0,No releases,,9,1,5,FALSE
2026-08-02 0:00:00,datagovuk/ckanext-redmine,https://github.com/datagovuk/ckanext-redmine,2,0,No releases,,0,0,1,FALSE
2026-08-02 0:00:00,datagovuk/ckanext-schemadotorg,https://github.com/datagovuk/ckanext-schemadotorg,1,0,No releases,,1,0,1,FALSE
2026-08-02 0:00:00,datagovuk/ckanext-taxonomy,https://github.com/datagovuk/ckanext-taxonomy,4,0,No releases,,6,3,2,FALSE
2026-08-02 0:00:00,datagvat/ckanext-dgvat,https://github.com/datagvat/ckanext-dgvat,1,0,No releases,,0,0,0,FALSE
2026-08-02 0:00:00,datalocale/ckanext-datalocale,https://github.com/datalocale/ckanext-datalocale,3,0,No releases,,2,3,2,FALSE
2026-08-02 0:00:00,dataoverheid/ckanext-donl,https://github.com/dataoverheid/ckanext-donl,0,1,v2.1,2015-09-04 0:00:00,3,0,2,FALSE
2026-08-02 0:00:00,datarefuge/ckanext-datarefuge_theme,https://github.com/datarefuge/ckanext-datarefuge_theme,1,0,No releases,,5,0,0,FALSE
2026-08-02 0:00:00,datasketch/ckanext-cdmx,https://github.com/datasketch/ckanext-cdmx,3,0,No releases,,1,0,2,FALSE
2026-08-02 0:00:00,datasketch/ckanext-pdae_theme,https://github.com/datasketch/ckanext-pdae_theme,3,0,No releases,,1,0,1,FALSE
2026-08-02 0:00:00,datawagovau/ckanext-datawagovautheme,https://github.com/datawagovau/ckanext-datawagovautheme,8,1,v1.0,2015-10-29 0:00:00,7,23,5,FALSE
2026-08-02 0:00:00,dathere/ckanext-datatablesview_plus,https://github.com/dathere/ckanext-datatablesview_plus,1,0,No releases,,0,1,1,FALSE
2026-08-02 0:00:00,dathere/ckanext-officedocs,https://github.com/dathere/ckanext-officedocs,1,0,No releases,,0,1,4,FALSE
2026-08-02 0:00:00,dathere/ckanext-openapi_viewer,https://github.com/dathere/ckanext-openapi_viewer,2,0,No releases,,0,2,2,FALSE
2026-08-02 0:00:00,dathere/ckanext-twdh_reports,https://github.com/dathere/ckanext-twdh_reports,1,0,No releases,,0,1,2,FALSE
2026-08-02 0:00:00,dathere/datapusher-plus,https://github.com/dathere/datapusher-plus,34,34,3.1.0-alpha,2026-05-24 0:00:00,45,21,49,TRUE
2026-08-02 0:00:00,datopian/ckanext-aberdeen,https://github.com/datopian/ckanext-aberdeen,1,8,v0.0.9,2020-06-09 0:00:00,2,5,5,FALSE
2026-08-02 0:00:00,datopian/ckanext-abtassociates,https://github.com/datopian/ckanext-abtassociates,0,0,No releases,,4,0,3,FALSE
2026-08-02 0:00:00,datopian/ckanext-aircan,https://github.com/datopian/ckanext-aircan,4,8,v2.0.1,2026-07-18 0:00:00,7,9,7,FALSE
2026-08-02 0:00:00,datopian/ckanext-aridhia,https://github.com/datopian/ckanext-aridhia,0,1,v0.4.4,2017-02-13 0:00:00,2,0,4,FALSE
2026-08-02 0:00:00,datopian/ckanext-asset-storage,https://github.com/datopian/ckanext-asset-storage,2,1,v0.1.6,2021-04-09 0:00:00,2,4,2,FALSE
2026-08-02 0:00:00,datopian/ckanext-auth,https://github.com/datopian/ckanext-auth,3,0,No releases,,4,5,3,FALSE
2026-08-02 0:00:00,datopian/ckanext-authz-service,https://github.com/datopian/ckanext-authz-service,8,2,v0.2.0,2021-05-12 0:00:00,9,9,4,FALSE
2026-08-02 0:00:00,datopian/ckanext-birmingham,https://github.com/datopian/ckanext-birmingham,0,0,No releases,,5,0,1,FALSE
2026-08-02 0:00:00,datopian/ckanext-blob-storage,https://github.com/datopian/ckanext-blob-storage,6,24,v0.9.0,2023-01-03 0:00:00,15,12,12,FALSE
2026-08-02 0:00:00,datopian/ckanext-coastal,https://github.com/datopian/ckanext-coastal,0,0,No releases,,3,0,1,FALSE
2026-08-02 0:00:00,datopian/ckanext-data-api,https://github.com/datopian/ckanext-data-api,0,0,No releases,,0,0,2,FALSE
2026-08-02 0:00:00,datopian/ckanext-dataexplorer-graphql,https://github.com/datopian/ckanext-dataexplorer-graphql,1,0,No releases,,0,0,2,FALSE
2026-08-02 0:00:00,datopian/ckanext-dataexplorer-react,https://github.com/datopian/ckanext-dataexplorer-react,6,0,No releases,,8,3,3,FALSE
2026-08-02 0:00:00,datopian/ckanext-datagm,https://github.com/datopian/ckanext-datagm,0,0,No releases,,7,0,5,FALSE
2026-08-02 0:00:00,datopian/ckanext-datapub,https://github.com/datopian/ckanext-datapub,4,10,v0.2.0,2021-04-02 0:00:00,5,1,6,FALSE
2026-08-02 0:00:00,datopian/ckanext-datasetapproval,https://github.com/datopian/ckanext-datasetapproval,13,0,No releases,,5,6,2,FALSE
2026-08-02 0:00:00,datopian/ckanext-datastore-bigquery,https://github.com/datopian/ckanext-datastore-bigquery,2,0,No releases,,10,3,6,FALSE
2026-08-02 0:00:00,datopian/ckanext-datastore-dumper,https://github.com/datopian/ckanext-datastore-dumper,0,0,No releases,,0,0,1,FALSE
2026-08-02 0:00:00,datopian/ckanext-datopian,https://github.com/datopian/ckanext-datopian,0,1,v1.0.0,2022-02-02 0:00:00,2,1,2,FALSE
2026-08-02 0:00:00,datopian/ckanext-dcat-ap-se-profile,https://github.com/datopian/ckanext-dcat-ap-se-profile,0,0,No releases,,0,0,1,FALSE
2026-08-02 0:00:00,datopian/ckanext-dundee,https://github.com/datopian/ckanext-dundee,3,3,v0.0.4,2020-04-14 0:00:00,2,0,4,FALSE
2026-08-02 0:00:00,datopian/ckanext-eba,https://github.com/datopian/ckanext-eba,0,2,v0.0.2,2023-01-13 0:00:00,0,0,1,FALSE
2026-08-02 0:00:00,datopian/ckanext-edo,https://github.com/datopian/ckanext-edo,4,0,No releases,,4,0,7,FALSE
2026-08-02 0:00:00,datopian/ckanext-gosh,https://github.com/datopian/ckanext-gosh,0,23,v0.2.3,2017-12-13 0:00:00,4,0,5,FALSE
2026-08-02 0:00:00,datopian/ckanext-gtm,https://github.com/datopian/ckanext-gtm,0,0,No releases,,0,0,1,FALSE
2026-08-02 0:00:00,datopian/ckanext-gwexplorer,https://github.com/datopian/ckanext-gwexplorer,0,0,No releases,,1,0,1,FALSE
2026-08-02 0:00:00,datopian/ckanext-honduras,https://github.com/datopian/ckanext-honduras,1,2,0.0.18,2019-09-25 0:00:00,3,12,5,FALSE
2026-08-02 0:00:00,datopian/ckanext-iaea,https://github.com/datopian/ckanext-iaea,1,6,v0.1.5,2021-07-19 0:00:00,1,0,3,FALSE
2026-08-02 0:00:00,datopian/ckanext-idda,https://github.com/datopian/ckanext-idda,0,0,No releases,,0,0,2,FALSE
2026-08-02 0:00:00,datopian/ckanext-inverness,https://github.com/datopian/ckanext-inverness,0,3,v0.0.4,2019-10-28 0:00:00,2,0,2,FALSE
2026-08-02 0:00:00,datopian/ckanext-malmo,https://github.com/datopian/ckanext-malmo,0,1,v1.0.0,2026-01-13 0:00:00,0,0,2,FALSE
2026-08-02 0:00:00,datopian/ckanext-meerbusch,https://github.com/datopian/ckanext-meerbusch,1,1,v1.0.0,2017-01-03 0:00:00,1,0,8,FALSE
2026-08-02 0:00:00,datopian/ckanext-meerbuschview,https://github.com/datopian/ckanext-meerbuschview,0,2,v0.0.2,2021-07-21 0:00:00,0,0,2,FALSE
2026-08-02 0:00:00,datopian/ckanext-moeiemailer,https://github.com/datopian/ckanext-moeiemailer,0,0,No releases,,0,0,2,FALSE
2026-08-02 0:00:00,datopian/ckanext-montrose,https://github.com/datopian/ckanext-montrose,0,1,v0.6.3,2016-10-04 0:00:00,2,0,4,FALSE
2026-08-02 0:00:00,datopian/ckanext-montrosemaps,https://github.com/datopian/ckanext-montrosemaps,0,0,No releases,,4,0,1,FALSE
2026-08-02 0:00:00,datopian/ckanext-nav,https://github.com/datopian/ckanext-nav,1,0,No releases,,1,0,3,FALSE
2026-08-02 0:00:00,datopian/ckanext-noanonaccess,https://github.com/datopian/ckanext-noanonaccess,6,10,v2.0.4,2024-01-04 0:00:00,8,1,7,FALSE
2026-08-02 0:00:00,datopian/ckanext-nokia,https://github.com/datopian/ckanext-nokia,0,0,No releases,,2,0,0,FALSE
2026-08-02 0:00:00,datopian/ckanext-nus,https://github.com/datopian/ckanext-nus,0,0,No releases,,0,0,2,FALSE
2026-08-02 0:00:00,datopian/ckanext-opendataje,https://github.com/datopian/ckanext-opendataje,0,0,No releases,,2,0,2,FALSE
2026-08-02 0:00:00,datopian/ckanext-opendatani,https://github.com/datopian/ckanext-opendatani,4,15,v1.0.0,2021-10-08 0:00:00,4,7,18,FALSE
2026-08-02 0:00:00,datopian/ckanext-opnv,https://github.com/datopian/ckanext-opnv,0,3,v0.0.3,2019-09-03 0:00:00,2,4,4,FALSE
2026-08-02 0:00:00,datopian/ckanext-panamatheme,https://github.com/datopian/ckanext-panamatheme,0,0,No releases,,4,0,1,FALSE
2026-08-02 0:00:00,datopian/ckanext-perth,https://github.com/datopian/ckanext-perth,0,6,v0.0.7,2020-06-18 0:00:00,2,0,5,FALSE
2026-08-02 0:00:00,datopian/ckanext-portaljs-improvements,https://github.com/datopian/ckanext-portaljs-improvements,0,0,No releases,,2,0,1,FALSE
2026-08-02 0:00:00,datopian/ckanext-preflow,https://github.com/datopian/ckanext-preflow,0,5,v1.0.5,2026-04-21 0:00:00,0,0,1,FALSE
2026-08-02 0:00:00,datopian/ckanext-querytool,https://github.com/datopian/ckanext-querytool,11,167,v3.0.1,2025-03-18 0:00:00,20,0,14,FALSE
2026-08-02 0:00:00,datopian/ckanext-sitemap,https://github.com/datopian/ckanext-sitemap,4,0,No releases,,4,0,2,FALSE
2026-08-02 0:00:00,datopian/ckanext-sse,https://github.com/datopian/ckanext-sse,0,12,v1.1.1,2024-09-24 0:00:00,0,1,5,FALSE
2026-08-02 0:00:00,datopian/ckanext-stirling,https://github.com/datopian/ckanext-stirling,0,6,v0.0.8,2020-04-14 0:00:00,1,0,5,FALSE
2026-08-02 0:00:00,datopian/ckanext-sweden,https://github.com/datopian/ckanext-sweden,2,0,No releases,,6,6,6,FALSE
2026-08-02 0:00:00,datopian/ckanext-tayside,https://github.com/datopian/ckanext-tayside,4,25,v1.0.20,2020-07-21 0:00:00,5,3,8,FALSE
2026-08-02 0:00:00,datopian/ckanext-teachcanada,https://github.com/datopian/ckanext-teachcanada,2,0,No releases,,0,0,3,FALSE
2026-08-02 0:00:00,datopian/ckanext-translate,https://github.com/datopian/ckanext-translate,0,3,v0.3.0,2021-10-27 0:00:00,0,1,3,FALSE
2026-08-02 0:00:00,datopian/ckanext-ubdc,https://github.com/datopian/ckanext-ubdc,0,7,v1.0.9,2023-11-10 0:00:00,0,0,4,FALSE
2026-08-02 0:00:00,datopian/ckanext-us_ed_theme,https://github.com/datopian/ckanext-us_ed_theme,0,0,No releases,,3,0,2,FALSE
2026-08-02 0:00:00,datopian/ckanext-vag,https://github.com/datopian/ckanext-vag,1,2,v0.0.4,2017-11-09 0:00:00,2,0,5,FALSE
2026-08-02 0:00:00,datopian/ckanext-versions,https://github.com/datopian/ckanext-versions,7,23,v0.2.0,2022-11-09 0:00:00,10,9,11,FALSE
2026-08-02 0:00:00,datopian/ckanext-viderum,https://github.com/datopian/ckanext-viderum,0,0,No releases,,2,0,3,FALSE
2026-08-02 0:00:00,datopian/ckanext-vitalstrategies_shanghai,https://github.com/datopian/ckanext-vitalstrategies_shanghai,0,9,v0.0.9,2019-08-21 0:00:00,3,0,1,FALSE
2026-08-02 0:00:00,datopian/ckanext-vocabulary,https://github.com/datopian/ckanext-vocabulary,1,0,No releases,,1,2,1,FALSE
2026-08-02 0:00:00,datopian/ckanext-zurich,https://github.com/datopian/ckanext-zurich,0,5,v0.0.5,2025-06-06 0:00:00,0,0,1,FALSE
2026-08-02 0:00:00,datosgobar/ckanext-seriestiempoarexplorer,https://github.com/datosgobar/ckanext-seriestiempoarexplorer,4,17,2.8.1,2019-11-27 0:00:00,1,1,5,FALSE
2026-08-02 0:00:00,davidr-PA/ckanext-lemr,https://github.com/davidr-PA/ckanext-lemr,2,0,No releases,,1,0,2,FALSE
2026-08-02 0:00:00,davidread/ckanext-analytics,https://github.com/davidread/ckanext-analytics,1,0,No releases,,1,0,0,FALSE
2026-08-02 0:00:00,dbca-wa/ckanext-dbca,https://github.com/dbca-wa/ckanext-dbca,1,0,No releases,,0,9,2,FALSE
2026-08-02 0:00:00,deniszgonjanin/ckanext-geojsonview,https://github.com/deniszgonjanin/ckanext-geojsonview,1,0,No releases,,1,0,1,FALSE
2026-08-02 0:00:00,depositar/ckanext-ark,https://github.com/depositar/ckanext-ark,0,6,v1.0.5,2026-04-21 0:00:00,2,0,1,FALSE
2026-08-02 0:00:00,depositar/ckanext-citation,https://github.com/depositar/ckanext-citation,2,0,No releases,,0,0,1,FALSE
2026-08-02 0:00:00,depositar/ckanext-data-depositario,https://github.com/depositar/ckanext-data-depositario,4,47,6.8.0,2026-05-19 0:00:00,5,7,5,TRUE
2026-08-02 0:00:00,depositar/ckanext-wikidatakeyword,https://github.com/depositar/ckanext-wikidatakeyword,0,0,No releases,,3,0,1,FALSE
2026-08-02 0:00:00,derilinx/ckanext-derilinxdcatprofile,https://github.com/derilinx/ckanext-derilinxdcatprofile,0,0,No releases,,0,0,1,FALSE
2026-08-02 0:00:00,derilinx/ckanext-dgi-public,https://github.com/derilinx/ckanext-dgi-public,0,0,No releases,,3,0,0,FALSE
2026-08-02 0:00:00,derilinx/ckanext-dietstars,https://github.com/derilinx/ckanext-dietstars,2,0,No releases,,0,0,5,FALSE
2026-08-02 0:00:00,derilinx/ckanext-losd,https://github.com/derilinx/ckanext-losd,1,0,No releases,,1,0,3,FALSE
2026-08-02 0:00:00,devartis/ckanext-andinotemplate,https://github.com/devartis/ckanext-andinotemplate,5,0,No releases,,0,0,1,FALSE
2026-08-02 0:00:00,developmentseed/ckanext-authkey,https://github.com/developmentseed/ckanext-authkey,2,0,No releases,,0,0,2,FALSE
2026-08-02 0:00:00,developmentseed/ckanext-mvt,https://github.com/developmentseed/ckanext-mvt,3,2,v0.2.1,2016-12-22 0:00:00,4,2,2,FALSE
2026-08-02 0:00:00,domoritz/ckanext-krzn,https://github.com/domoritz/ckanext-krzn,2,0,No releases,,0,0,1,FALSE
2026-08-02 0:00:00,dpc-sdp/ckanext-datasetform,https://github.com/dpc-sdp/ckanext-datasetform,2,0,No releases,,0,0,10,FALSE
2026-08-02 0:00:00,dpc-sdp/ckanext-datavic-harvester,https://github.com/dpc-sdp/ckanext-datavic-harvester,5,0,No releases,,0,1,14,FALSE
2026-08-02 0:00:00,dpc-sdp/ckanext-datavic-iar-theme,https://github.com/dpc-sdp/ckanext-datavic-iar-theme,6,0,No releases,,0,0,14,FALSE
2026-08-02 0:00:00,dpc-sdp/ckanext-datavic-reporting,https://github.com/dpc-sdp/ckanext-datavic-reporting,1,0,No releases,,0,0,8,FALSE
2026-08-02 0:00:00,dpc-sdp/ckanext-datavicmain,https://github.com/dpc-sdp/ckanext-datavicmain,7,0,No releases,,0,0,17,FALSE
2026-08-02 0:00:00,dpc-sdp/ckanext_datavic_odp_schema,https://github.com/dpc-sdp/ckanext_datavic_odp_schema,5,0,No releases,,0,0,15,FALSE
2026-08-02 0:00:00,dpc-sdp/ckanext_datavic_odp_theme,https://github.com/dpc-sdp/ckanext_datavic_odp_theme,6,0,No releases,,1,0,16,FALSE
2026-08-02 0:00:00,dpp-dev/ckanext-latvian-theme,https://github.com/dpp-dev/ckanext-latvian-theme,2,0,No releases,,2,0,2,FALSE
2026-08-02 0:00:00,eHealthAfrica/ckanext-biskit,https://github.com/eHealthAfrica/ckanext-biskit,1,8,v1.0.7,2021-04-21 0:00:00,0,2,5,FALSE
2026-08-02 0:00:00,eccenca/ckanext-diachron,https://github.com/eccenca/ckanext-diachron,0,0,No releases,,0,0,1,FALSE
2026-08-02 0:00:00,ecolabdata/ckanext-dsfr,https://github.com/ecolabdata/ckanext-dsfr,1,0,No releases,,1,15,6,FALSE
2026-08-02 0:00:00,ecolabdata/ckanext-ecospheres,https://github.com/ecolabdata/ckanext-ecospheres,0,0,No releases,,3,23,3,FALSE
2026-08-02 0:00:00,edincubator/ckanext-edi_theme,https://github.com/edincubator/ckanext-edi_theme,0,0,No releases,,3,0,1,FALSE
2026-08-02 0:00:00,enterstudio/ckanext-datagovau,https://github.com/enterstudio/ckanext-datagovau,4,0,No releases,,0,0,8,FALSE
2026-08-02 0:00:00,ericariyanto/ckanext-pslandak,https://github.com/ericariyanto/ckanext-pslandak,0,0,No releases,,0,0,1,FALSE
2026-08-02 0:00:00,etalab/ckanext-fedmsg,https://github.com/etalab/ckanext-fedmsg,0,0,No releases,,4,1,0,FALSE
2026-08-02 0:00:00,etalab/ckanext-sentry,https://github.com/etalab/ckanext-sentry,12,0,No releases,,1,1,1,FALSE
2026-08-02 0:00:00,etalab/ckanext-youckan,https://github.com/etalab/ckanext-youckan,1,0,No releases,,0,1,1,FALSE
2026-08-02 0:00:00,etri-odp/ckanext-jena,https://github.com/etri-odp/ckanext-jena,2,0,No releases,,2,0,2,FALSE
2026-08-02 0:00:00,etri-odp/ckanext-resourceauthorizer,https://github.com/etri-odp/ckanext-resourceauthorizer,6,0,No releases,,10,1,2,FALSE
2026-08-02 0:00:00,f-osorio/ckanext-clamdscanner,https://github.com/f-osorio/ckanext-clamdscanner,0,0,No releases,,0,0,0,FALSE
2026-08-02 0:00:00,fabricads2012/ckanext-autorizacoes,https://github.com/fabricads2012/ckanext-autorizacoes,0,0,No releases,,0,0,0,FALSE
2026-08-02 0:00:00,fbellati/ckanext-branding,https://github.com/fbellati/ckanext-branding,1,0,No releases,,0,1,1,FALSE
2026-08-02 0:00:00,fernandobac03/ckanext-mdfromowl,https://github.com/fernandobac03/ckanext-mdfromowl,0,0,No releases,,0,0,2,FALSE
2026-08-02 0:00:00,fernandobac03/ckanext-recordviewer,https://github.com/fernandobac03/ckanext-recordviewer,0,0,No releases,,0,0,0,FALSE
2026-08-02 0:00:00,fernandobac03/ckanext-runtimeconfig,https://github.com/fernandobac03/ckanext-runtimeconfig,0,0,No releases,,0,0,1,FALSE
2026-08-02 0:00:00,fjelltopp/ckanext-dms,https://github.com/fjelltopp/ckanext-dms,0,0,No releases,,0,0,6,FALSE
2026-08-02 0:00:00,fjelltopp/ckanext-emailasusername,https://github.com/fjelltopp/ckanext-emailasusername,2,4,v1.2.1,2023-02-07 0:00:00,2,0,6,FALSE
2026-08-02 0:00:00,fjelltopp/ckanext-spectrum,https://github.com/fjelltopp/ckanext-spectrum,0,0,No releases,,0,0,3,FALSE
2026-08-02 0:00:00,fjelltopp/ckanext-unaids,https://github.com/fjelltopp/ckanext-unaids,3,0,No releases,,1,3,14,FALSE
2026-08-02 0:00:00,fjelltopp/ckanext-useraffiliation,https://github.com/fjelltopp/ckanext-useraffiliation,0,0,No releases,,0,0,2,FALSE
2026-08-02 0:00:00,fjelltopp/ckanext-validator,https://github.com/fjelltopp/ckanext-validator,0,0,No releases,,0,0,2,FALSE
2026-08-02 0:00:00,fjelltopp/ckanext-zarr,https://github.com/fjelltopp/ckanext-zarr,0,0,No releases,,0,0,2,FALSE
2026-08-02 0:00:00,fraunhoferfokus/ckanext-govdatade,https://github.com/fraunhoferfokus/ckanext-govdatade,6,0,No releases,,4,0,6,FALSE
2026-08-02 0:00:00,frictionlessdata/ckanext-datapackage,https://github.com/frictionlessdata/ckanext-datapackage,0,4,v0.2.4,2024-06-04 0:00:00,4,2,2,FALSE
2026-08-02 0:00:00,frictionlessdata/ckanext-datapackager,https://github.com/frictionlessdata/ckanext-datapackager,15,1,v1.1.0,2022-08-17 0:00:00,37,21,9,FALSE
2026-08-02 0:00:00,frictionlessdata/ckanext-wprdcpilot,https://github.com/frictionlessdata/ckanext-wprdcpilot,0,0,No releases,,0,0,2,FALSE
2026-08-02 0:00:00,fwoerister/ckanext-mongodatastore,https://github.com/fwoerister/ckanext-mongodatastore,0,4,v0.4,2020-10-13 0:00:00,2,0,1,FALSE
2026-08-02 0:00:00,fwoerister/ckanext-reclinecitationview,https://github.com/fwoerister/ckanext-reclinecitationview,0,0,No releases,,0,0,1,FALSE
2026-08-02 0:00:00,geoimpactag/ckanext-geoimpact,https://github.com/geoimpactag/ckanext-geoimpact,0,0,No releases,,0,0,5,FALSE
2026-08-02 0:00:00,georgepm/ckanext-sparql,https://github.com/georgepm/ckanext-sparql,7,0,No releases,,6,5,2,FALSE
2026-08-02 0:00:00,geosolutions-it/ckanext-azure-auth,https://github.com/geosolutions-it/ckanext-azure-auth,6,0,No releases,,5,3,6,FALSE
2026-08-02 0:00:00,geosolutions-it/ckanext-categorie,https://github.com/geosolutions-it/ckanext-categorie,0,0,No releases,,0,0,1,FALSE
2026-08-02 0:00:00,geosolutions-it/ckanext-dataverse,https://github.com/geosolutions-it/ckanext-dataverse,1,0,No releases,,0,2,2,FALSE
2026-08-02 0:00:00,geosolutions-it/ckanext-dcatapit,https://github.com/geosolutions-it/ckanext-dcatapit,19,0,No releases,,11,18,3,FALSE
2026-08-02 0:00:00,geosolutions-it/ckanext-extras,https://github.com/geosolutions-it/ckanext-extras,1,0,No releases,,0,0,1,FALSE
2026-08-02 0:00:00,geosolutions-it/ckanext-geonetwork,https://github.com/geosolutions-it/ckanext-geonetwork,13,0,No releases,,11,5,1,FALSE
2026-08-02 0:00:00,geosolutions-it/ckanext-geonode,https://github.com/geosolutions-it/ckanext-geonode,0,0,No releases,,4,6,2,FALSE
2026-08-02 0:00:00,geosolutions-it/ckanext-geosolutions,https://github.com/geosolutions-it/ckanext-geosolutions,0,0,No releases,,0,0,1,FALSE
2026-08-02 0:00:00,geosolutions-it/ckanext-geosolutions-ui,https://github.com/geosolutions-it/ckanext-geosolutions-ui,1,0,No releases,,0,1,2,FALSE
2026-08-02 0:00:00,geosolutions-it/ckanext-grace-period,https://github.com/geosolutions-it/ckanext-grace-period,1,0,No releases,,1,3,2,FALSE
2026-08-02 0:00:00,geosolutions-it/ckanext-grouplabel,https://github.com/geosolutions-it/ckanext-grouplabel,0,0,No releases,,0,0,1,FALSE
2026-08-02 0:00:00,geosolutions-it/ckanext-gsreport,https://github.com/geosolutions-it/ckanext-gsreport,1,0,No releases,,0,0,1,FALSE
2026-08-02 0:00:00,geosolutions-it/ckanext-multilang,https://github.com/geosolutions-it/ckanext-multilang,8,0,No releases,,2,8,4,FALSE
2026-08-02 0:00:00,geosolutions-it/ckanext-odn,https://github.com/geosolutions-it/ckanext-odn,1,0,No releases,,0,0,1,FALSE
2026-08-02 0:00:00,geosolutions-it/ckanext-shibboleth,https://github.com/geosolutions-it/ckanext-shibboleth,5,0,No releases,,0,1,1,FALSE
2026-08-02 0:00:00,geosolutions-it/ckanext-tableauview,https://github.com/geosolutions-it/ckanext-tableauview,3,0,No releases,,0,1,1,FALSE
2026-08-02 0:00:00,gfenoy/ckanext-wps,https://github.com/gfenoy/ckanext-wps,4,0,No releases,,1,1,1,FALSE
2026-08-02 0:00:00,gina-alaska/ckanext-glynx,https://github.com/gina-alaska/ckanext-glynx,0,0,No releases,,0,0,5,FALSE
2026-08-02 0:00:00,gislab-augsburg/ckanext-glab,https://github.com/gislab-augsburg/ckanext-glab,0,0,No releases,,0,0,1,FALSE
2026-08-02 0:00:00,gisman/ckanext-urlsearch,https://github.com/gisman/ckanext-urlsearch,0,0,No releases,,0,0,0,FALSE
2026-08-02 0:00:00,gov-il/datagovil-ckanext,https://github.com/gov-il/datagovil-ckanext,2,0,No releases,,0,0,1,FALSE
2026-08-02 0:00:00,govro/ckanext-inventory,https://github.com/govro/ckanext-inventory,4,0,No releases,,2,14,1,FALSE
2026-08-02 0:00:00,govro/ckanext-romania_theme,https://github.com/govro/ckanext-romania_theme,4,0,No releases,,1,3,4,FALSE
2026-08-02 0:00:00,gsi-cyberjapan/ckanext-basemaps,https://github.com/gsi-cyberjapan/ckanext-basemaps,4,0,No releases,,4,0,0,FALSE
2026-08-02 0:00:00,hakannson/ckanext-datacitation,https://github.com/hakannson/ckanext-datacitation,0,0,No releases,,0,0,1,FALSE
2026-08-02 0:00:00,hkmshb/ckanext-ehaportal,https://github.com/hkmshb/ckanext-ehaportal,0,0,No releases,,0,0,1,FALSE
2026-08-02 0:00:00,hkwi/ckanext-pen,https://github.com/hkwi/ckanext-pen,0,0,No releases,,0,0,2,FALSE
2026-08-02 0:00:00,hwaring/ckanext-licenses,https://github.com/hwaring/ckanext-licenses,1,0,No releases,,2,0,1,FALSE
2026-08-02 0:00:00,hwaring/ckanext-opendatabc,https://github.com/hwaring/ckanext-opendatabc,0,0,No releases,,0,0,0,FALSE
2026-08-02 0:00:00,ififrank-un/ckanext-databaseharvester,https://github.com/ififrank-un/ckanext-databaseharvester,0,0,No releases,,0,0,1,FALSE
2026-08-02 0:00:00,ilri/ckanext-dataportal,https://github.com/ilri/ckanext-dataportal,3,0,No releases,,0,0,1,FALSE
2026-08-02 0:00:00,ioos/ckanext-ioos-theme,https://github.com/ioos/ckanext-ioos-theme,14,8,1.6,2021-02-08 0:00:00,8,17,9,FALSE
2026-08-02 0:00:00,iotaorg/ckanext-iota,https://github.com/iotaorg/ckanext-iota,0,0,No releases,,1,0,1,FALSE
2026-08-02 0:00:00,jahow/ckanext-georchestra,https://github.com/jahow/ckanext-georchestra,0,0,No releases,,1,0,1,FALSE
2026-08-02 0:00:00,jakubklimek/ckanext-odczdataset,https://github.com/jakubklimek/ckanext-odczdataset,5,0,No releases,,0,1,2,FALSE
2026-08-02 0:00:00,jargonautical/ckanext-tdp,https://github.com/jargonautical/ckanext-tdp,0,0,No releases,,0,0,1,FALSE
2026-08-02 0:00:00,jasonmotylinski/ckanext-datatablesview,https://github.com/jasonmotylinski/ckanext-datatablesview,0,0,No releases,,0,0,0,FALSE
2026-08-02 0:00:00,jayenashar/ckanext-datansw,https://github.com/jayenashar/ckanext-datansw,0,0,No releases,,0,0,9,FALSE
2026-08-02 0:00:00,jesusredondo/ckanext-federgob,https://github.com/jesusredondo/ckanext-federgob,7,0,No releases,,1,3,2,FALSE
2026-08-02 0:00:00,jgsmith/ckanext-dhdata,https://github.com/jgsmith/ckanext-dhdata,0,0,No releases,,0,0,0,FALSE
2026-08-02 0:00:00,jiankaiwang/ckanext-cdccushomepage,https://github.com/jiankaiwang/ckanext-cdccushomepage,0,0,No releases,,0,0,1,FALSE
2026-08-02 0:00:00,jiankaiwang/ckanext-cdcmainlib,https://github.com/jiankaiwang/ckanext-cdcmainlib,0,0,No releases,,0,0,1,FALSE
2026-08-02 0:00:00,jiankaiwang/ckanext-download,https://github.com/jiankaiwang/ckanext-download,1,0,No releases,,0,0,1,FALSE
2026-08-02 0:00:00,jlouhio/ckanext-datahubsuomi,https://github.com/jlouhio/ckanext-datahubsuomi,0,0,No releases,,0,0,1,FALSE
2026-08-02 0:00:00,joetm/ckanext-feeds,https://github.com/joetm/ckanext-feeds,1,0,No releases,,0,0,1,FALSE
2026-08-02 0:00:00,joetm/ckanext-revisiontab,https://github.com/joetm/ckanext-revisiontab,2,0,No releases,,0,0,1,FALSE
2026-08-02 0:00:00,joetm/ckanext-uploadbutton,https://github.com/joetm/ckanext-uploadbutton,1,0,No releases,,0,0,0,FALSE
2026-08-02 0:00:00,joetsoi/ckanext-astro,https://github.com/joetsoi/ckanext-astro,2,0,No releases,,0,1,1,FALSE
2026-08-02 0:00:00,joetsoi/ckanext-jsondatastore,https://github.com/joetsoi/ckanext-jsondatastore,0,0,No releases,,0,0,1,FALSE
2026-08-02 0:00:00,jorabra/ckanext-simplesso,https://github.com/jorabra/ckanext-simplesso,1,0,No releases,,2,0,1,FALSE
2026-08-02 0:00:00,jpmccu/ckanext-arrayexpress,https://github.com/jpmccu/ckanext-arrayexpress,1,0,No releases,,2,0,1,FALSE
2026-08-02 0:00:00,jqnatividad/ckanext-datatablesplus,https://github.com/jqnatividad/ckanext-datatablesplus,0,0,No releases,,0,0,1,FALSE
2026-08-02 0:00:00,justicehub-in/ckanext-emailauth,https://github.com/justicehub-in/ckanext-emailauth,0,0,No releases,,0,4,2,FALSE
2026-08-02 0:00:00,justicehub-in/ckanext-moderation,https://github.com/justicehub-in/ckanext-moderation,0,0,No releases,,1,0,2,FALSE
2026-08-02 0:00:00,kangmoesss/ckanext-oauth2-py3,https://github.com/kangmoesss/ckanext-oauth2-py3,0,0,No releases,,2,0,1,FALSE
2026-08-02 0:00:00,kapucko/ckanext-dataset,https://github.com/kapucko/ckanext-dataset,1,0,No releases,,0,0,2,FALSE
2026-08-02 0:00:00,kapucko/ckanext-edem,https://github.com/kapucko/ckanext-edem,1,0,No releases,,0,0,1,FALSE
2026-08-02 0:00:00,kartoza/ckanext-dalrrd-emc-dcpr,https://github.com/kartoza/ckanext-dalrrd-emc-dcpr,5,2,v0.0.1-rc,2022-10-23 0:00:00,4,44,7,TRUE
2026-08-02 0:00:00,kata-csc/ckanext-kata,https://github.com/kata-csc/ckanext-kata,4,3,v4.3.1,2017-06-06 0:00:00,8,3,13,FALSE
2026-08-02 0:00:00,kata-csc/ckanext-rems,https://github.com/kata-csc/ckanext-rems,1,0,No releases,,2,0,5,FALSE
2026-08-02 0:00:00,kata-csc/ckanext-sitemap,https://github.com/kata-csc/ckanext-sitemap,11,0,No releases,,1,3,5,FALSE
2026-08-02 0:00:00,kata-csc/ckanext-statreports,https://github.com/kata-csc/ckanext-statreports,1,0,No releases,,0,0,2,FALSE
2026-08-02 0:00:00,katucker/ckanext-dapr,https://github.com/katucker/ckanext-dapr,0,0,No releases,,0,0,1,FALSE
2026-08-02 0:00:00,keitaroinc/ckanext-alisea,https://github.com/keitaroinc/ckanext-alisea,0,0,No releases,,0,1,4,FALSE
2026-08-02 0:00:00,keitaroinc/ckanext-approvalworkflow,https://github.com/keitaroinc/ckanext-approvalworkflow,2,0,No releases,,3,0,3,FALSE
2026-08-02 0:00:00,keitaroinc/ckanext-big-resources,https://github.com/keitaroinc/ckanext-big-resources,0,0,No releases,,0,0,1,FALSE
2026-08-02 0:00:00,keitaroinc/ckanext-bulkdownload,https://github.com/keitaroinc/ckanext-bulkdownload,0,0,No releases,,0,0,1,FALSE
2026-08-02 0:00:00,keitaroinc/ckanext-bulkupload,https://github.com/keitaroinc/ckanext-bulkupload,0,0,No releases,,0,0,1,FALSE
2026-08-02 0:00:00,keitaroinc/ckanext-calendar,https://github.com/keitaroinc/ckanext-calendar,0,0,No releases,,0,0,6,FALSE
2026-08-02 0:00:00,keitaroinc/ckanext-cas,https://github.com/keitaroinc/ckanext-cas,9,0,No releases,,4,1,4,FALSE
2026-08-02 0:00:00,keitaroinc/ckanext-cleanup,https://github.com/keitaroinc/ckanext-cleanup,0,0,No releases,,1,0,1,FALSE
2026-08-02 0:00:00,keitaroinc/ckanext-colorado,https://github.com/keitaroinc/ckanext-colorado,0,0,No releases,,0,0,4,FALSE
2026-08-02 0:00:00,keitaroinc/ckanext-dataextractor,https://github.com/keitaroinc/ckanext-dataextractor,1,0,No releases,,1,0,3,FALSE
2026-08-02 0:00:00,keitaroinc/ckanext-datagovmk,https://github.com/keitaroinc/ckanext-datagovmk,0,120,prod.v0.0.47,2021-05-04 0:00:00,4,3,16,FALSE
2026-08-02 0:00:00,keitaroinc/ckanext-dataguide,https://github.com/keitaroinc/ckanext-dataguide,0,0,No releases,,0,0,3,FALSE
2026-08-02 0:00:00,keitaroinc/ckanext-dataquality,https://github.com/keitaroinc/ckanext-dataquality,0,0,No releases,,0,0,3,FALSE
2026-08-02 0:00:00,keitaroinc/ckanext-datasetrelations,https://github.com/keitaroinc/ckanext-datasetrelations,0,0,No releases,,0,0,4,FALSE
2026-08-02 0:00:00,keitaroinc/ckanext-datasetreplication,https://github.com/keitaroinc/ckanext-datasetreplication,0,0,No releases,,0,0,3,FALSE
2026-08-02 0:00:00,keitaroinc/ckanext-eds,https://github.com/keitaroinc/ckanext-eds,0,0,No releases,,0,0,3,FALSE
2026-08-02 0:00:00,keitaroinc/ckanext-edsmetadata,https://github.com/keitaroinc/ckanext-edsmetadata,0,0,No releases,,0,0,2,FALSE
2026-08-02 0:00:00,keitaroinc/ckanext-edsnews,https://github.com/keitaroinc/ckanext-edsnews,0,0,No releases,,0,0,3,FALSE
2026-08-02 0:00:00,keitaroinc/ckanext-experience,https://github.com/keitaroinc/ckanext-experience,0,0,No releases,,0,0,2,FALSE
2026-08-02 0:00:00,keitaroinc/ckanext-kepa,https://github.com/keitaroinc/ckanext-kepa,0,0,No releases,,0,3,2,FALSE
2026-08-02 0:00:00,keitaroinc/ckanext-keycloak,https://github.com/keitaroinc/ckanext-keycloak,11,3,v2.1,2023-10-13 0:00:00,10,1,8,FALSE
2026-08-02 0:00:00,keitaroinc/ckanext-knowledgehub,https://github.com/keitaroinc/ckanext-knowledgehub,2,0,No releases,,9,7,17,FALSE
2026-08-02 0:00:00,keitaroinc/ckanext-lighthorse,https://github.com/keitaroinc/ckanext-lighthorse,0,0,No releases,,0,0,1,FALSE
2026-08-02 0:00:00,keitaroinc/ckanext-likes,https://github.com/keitaroinc/ckanext-likes,0,0,No releases,,0,2,3,FALSE
2026-08-02 0:00:00,keitaroinc/ckanext-mk_dcatap,https://github.com/keitaroinc/ckanext-mk_dcatap,0,0,No releases,,1,0,1,FALSE
2026-08-02 0:00:00,keitaroinc/ckanext-montreal-theme,https://github.com/keitaroinc/ckanext-montreal-theme,3,0,No releases,,0,1,11,FALSE
2026-08-02 0:00:00,keitaroinc/ckanext-noresource,https://github.com/keitaroinc/ckanext-noresource,0,0,No releases,,0,1,2,FALSE
2026-08-02 0:00:00,keitaroinc/ckanext-onicse-theme,https://github.com/keitaroinc/ckanext-onicse-theme,1,0,No releases,,1,0,4,FALSE
2026-08-02 0:00:00,keitaroinc/ckanext-organogram,https://github.com/keitaroinc/ckanext-organogram,0,2,v0.2,2018-06-29 0:00:00,0,0,1,FALSE
2026-08-02 0:00:00,keitaroinc/ckanext-password,https://github.com/keitaroinc/ckanext-password,1,0,No releases,,0,0,3,FALSE
2026-08-02 0:00:00,keitaroinc/ckanext-password-policy,https://github.com/keitaroinc/ckanext-password-policy,4,0,No releases,,3,0,3,FALSE
2026-08-02 0:00:00,keitaroinc/ckanext-purge,https://github.com/keitaroinc/ckanext-purge,0,0,No releases,,1,0,1,FALSE
2026-08-02 0:00:00,keitaroinc/ckanext-questionnaire,https://github.com/keitaroinc/ckanext-questionnaire,0,2,v1.1,2023-02-10 0:00:00,1,0,4,FALSE
2026-08-02 0:00:00,keitaroinc/ckanext-radius,https://github.com/keitaroinc/ckanext-radius,0,0,No releases,,0,0,3,FALSE
2026-08-02 0:00:00,keitaroinc/ckanext-resourcedictionary,https://github.com/keitaroinc/ckanext-resourcedictionary,5,1,v1.0.0,2021-04-15 0:00:00,7,1,1,FALSE
2026-08-02 0:00:00,keitaroinc/ckanext-saasportal,https://github.com/keitaroinc/ckanext-saasportal,0,0,No releases,,0,0,1,FALSE
2026-08-02 0:00:00,keitaroinc/ckanext-saml2auth,https://github.com/keitaroinc/ckanext-saml2auth,40,10,v1.3.0,2022-12-14 0:00:00,24,23,13,FALSE
2026-08-02 0:00:00,keitaroinc/ckanext-saudinodp,https://github.com/keitaroinc/ckanext-saudinodp,0,0,No releases,,0,0,2,FALSE
2026-08-02 0:00:00,keitaroinc/ckanext-sokigo,https://github.com/keitaroinc/ckanext-sokigo,1,0,No releases,,0,0,3,FALSE
2026-08-02 0:00:00,keitaroinc/ckanext-suggest,https://github.com/keitaroinc/ckanext-suggest,2,0,No releases,,1,0,1,FALSE
2026-08-02 0:00:00,keitaroinc/ckanext-systeminfo,https://github.com/keitaroinc/ckanext-systeminfo,0,0,No releases,,0,0,3,FALSE
2026-08-02 0:00:00,keitaroinc/ckanext-villageearth,https://github.com/keitaroinc/ckanext-villageearth,0,0,No releases,,0,0,2,FALSE
2026-08-02 0:00:00,keitaroinc/ckanext-visualize,https://github.com/keitaroinc/ckanext-visualize,11,1,v1.0.0,2021-04-15 0:00:00,20,4,8,FALSE
2026-08-02 0:00:00,keitaroinc/ckanext-xcaret,https://github.com/keitaroinc/ckanext-xcaret,0,0,No releases,,0,0,2,FALSE
2026-08-02 0:00:00,kkakui/ckanext-edc,https://github.com/kkakui/ckanext-edc,0,0,No releases,,0,0,1,FALSE
2026-08-02 0:00:00,kmbn/ckanext-operandum,https://github.com/kmbn/ckanext-operandum,0,0,No releases,,0,0,1,FALSE
2026-08-02 0:00:00,knaw-huc/ckanext-facet,https://github.com/knaw-huc/ckanext-facet,0,0,No releases,,0,0,1,FALSE
2026-08-02 0:00:00,kolesarj/ckanext-aafc,https://github.com/kolesarj/ckanext-aafc,3,0,No releases,,0,0,1,FALSE
2026-08-02 0:00:00,kolesarj/ckanext-aafcesas,https://github.com/kolesarj/ckanext-aafcesas,0,0,No releases,,0,0,1,FALSE
2026-08-02 0:00:00,ksmc/ckanext-activitiestracker,https://github.com/ksmc/ckanext-activitiestracker,0,0,No releases,,0,0,1,FALSE
2026-08-02 0:00:00,kumarvivek1752/ckanext-translate,https://github.com/kumarvivek1752/ckanext-translate,0,0,No releases,,0,0,1,FALSE
2026-08-02 0:00:00,kvichos/ckanext-graspos,https://github.com/kvichos/ckanext-graspos,0,0,No releases,,0,0,0,FALSE
2026-08-02 0:00:00,lepidaspa/ckanext-rernew,https://github.com/lepidaspa/ckanext-rernew,0,0,No releases,,0,0,1,FALSE
2026-08-02 0:00:00,lfalvarez/ckanext-arde,https://github.com/lfalvarez/ckanext-arde,0,0,No releases,,0,0,1,FALSE
2026-08-02 0:00:00,lightbase/ckanext-datadaemon,https://github.com/lightbase/ckanext-datadaemon,1,0,No releases,,3,0,1,FALSE
2026-08-02 0:00:00,liip/ckanext-ddi,https://github.com/liip/ckanext-ddi,13,1,v1.0.0,2015-07-08 0:00:00,13,3,4,FALSE
2026-08-02 0:00:00,liip/ckanext-subscribe,https://github.com/liip/ckanext-subscribe,4,3,1.3.0,2026-02-03 0:00:00,2,0,3,FALSE
2026-08-02 0:00:00,luca-martinelli-09/ckanext-cdstheme,https://github.com/luca-martinelli-09/ckanext-cdstheme,0,0,No releases,,1,0,1,FALSE
2026-08-02 0:00:00,lynxlab/ckanext-lait,https://github.com/lynxlab/ckanext-lait,0,5,v0.1.4,2020-09-09 0:00:00,0,0,2,FALSE
2026-08-02 0:00:00,mango7j/ckanext-odao,https://github.com/mango7j/ckanext-odao,1,0,No releases,,0,0,1,FALSE
2026-08-02 0:00:00,manuelpalacin/ckanext-datasetvalidation,https://github.com/manuelpalacin/ckanext-datasetvalidation,0,0,No releases,,1,0,1,FALSE
2026-08-02 0:00:00,markmo/ckanext-azurefilestore,https://github.com/markmo/ckanext-azurefilestore,0,0,No releases,,1,1,1,FALSE
2026-08-02 0:00:00,marsdd/ckanext-marsavin,https://github.com/marsdd/ckanext-marsavin,0,0,No releases,,0,0,1,FALSE
2026-08-02 0:00:00,maslij/ckanext-nbedit,https://github.com/maslij/ckanext-nbedit,0,0,No releases,,0,0,2,FALSE
2026-08-02 0:00:00,mat3rial-dev/ckanext-yycdatacollective,https://github.com/mat3rial-dev/ckanext-yycdatacollective,1,0,No releases,,0,2,1,FALSE
2026-08-02 0:00:00,mateuszneumann/ckanext-ceon,https://github.com/mateuszneumann/ckanext-ceon,3,0,No releases,,0,0,3,FALSE
2026-08-02 0:00:00,maulikkamdar/ckanext-feedback,https://github.com/maulikkamdar/ckanext-feedback,3,0,No releases,,2,1,1,FALSE
2026-08-02 0:00:00,mdkan/ckanext-admin,https://github.com/mdkan/ckanext-admin,0,0,No releases,,0,0,3,FALSE
2026-08-02 0:00:00,mdkan/ckanext-metadata,https://github.com/mdkan/ckanext-metadata,0,0,No releases,,0,0,0,FALSE
2026-08-02 0:00:00,memaldi/ckanext-git,https://github.com/memaldi/ckanext-git,0,0,No releases,,0,0,1,FALSE
2026-08-02 0:00:00,merkelct/ckanext-akanaharvester,https://github.com/merkelct/ckanext-akanaharvester,0,0,No releases,,0,0,2,FALSE
2026-08-02 0:00:00,merkelct/ckanext-frontpage,https://github.com/merkelct/ckanext-frontpage,0,0,No releases,,0,0,1,FALSE
2026-08-02 0:00:00,merkelct/ckanext-slack,https://github.com/merkelct/ckanext-slack,0,0,No releases,,0,0,2,FALSE
2026-08-02 0:00:00,metaodi/ckanext-graphql,https://github.com/metaodi/ckanext-graphql,0,0,No releases,,2,0,1,FALSE
2026-08-02 0:00:00,metropoleruhr/ckanext-rvr,https://github.com/metropoleruhr/ckanext-rvr,3,0,No releases,,0,0,2,FALSE
2026-08-02 0:00:00,microcomp/ckanext-applications,https://github.com/microcomp/ckanext-applications,0,0,No releases,,0,0,4,FALSE
2026-08-02 0:00:00,microcomp/ckanext-audit,https://github.com/microcomp/ckanext-audit,0,0,No releases,,0,0,1,FALSE
2026-08-02 0:00:00,microcomp/ckanext-notifications,https://github.com/microcomp/ckanext-notifications,0,0,No releases,,0,0,3,FALSE
2026-08-02 0:00:00,microcomp/ckanext-sla,https://github.com/microcomp/ckanext-sla,0,0,No releases,,0,0,3,FALSE
2026-08-02 0:00:00,microcomp/ckanext-sql,https://github.com/microcomp/ckanext-sql,0,0,No releases,,0,0,1,FALSE
2026-08-02 0:00:00,microcomp/ckanext-torrent,https://github.com/microcomp/ckanext-torrent,0,0,No releases,,3,0,2,FALSE
2026-08-02 0:00:00,milicp/ckanext-lire,https://github.com/milicp/ckanext-lire,10,1,ckanext-lire-v1.0,2015-06-06 0:00:00,7,6,1,FALSE
2026-08-02 0:00:00,milicp/ckanext-semre,https://github.com/milicp/ckanext-semre,2,1,ckanext-semre-v1.0,2015-06-05 0:00:00,2,1,1,FALSE
2026-08-02 0:00:00,milwaukeedata/ckanext-userprivs,https://github.com/milwaukeedata/ckanext-userprivs,0,0,No releases,,0,0,1,FALSE
2026-08-02 0:00:00,mjanez/ckanext-openapi,https://github.com/mjanez/ckanext-openapi,3,1,v1.0.0,2024-11-04 0:00:00,0,0,1,FALSE
2026-08-02 0:00:00,mmoyles87/ckanext-oauth2provider,https://github.com/mmoyles87/ckanext-oauth2provider,2,0,No releases,,1,0,1,FALSE
2026-08-02 0:00:00,mmoyles87/ckanext-twofactorauth,https://github.com/mmoyles87/ckanext-twofactorauth,0,0,No releases,,0,0,1,FALSE
2026-08-02 0:00:00,momarious/ckanext-momarious,https://github.com/momarious/ckanext-momarious,0,0,No releases,,0,0,0,FALSE
2026-08-02 0:00:00,mominimtiaz786/ckanext-example_theme,https://github.com/mominimtiaz786/ckanext-example_theme,2,0,No releases,,0,0,1,FALSE
2026-08-02 0:00:00,muccg/ckanext-chevrontheme,https://github.com/muccg/ckanext-chevrontheme,0,0,No releases,,0,0,0,FALSE
2026-08-02 0:00:00,muict-is/ckanext-reportview,https://github.com/muict-is/ckanext-reportview,0,0,No releases,,0,0,1,FALSE
2026-08-02 0:00:00,mutantsan/ckanext-relationships,https://github.com/mutantsan/ckanext-relationships,0,0,No releases,,0,0,1,FALSE
2026-08-02 0:00:00,mutantsan/ckanext-search-autocomplete,https://github.com/mutantsan/ckanext-search-autocomplete,5,0,No releases,,0,0,2,FALSE
2026-08-02 0:00:00,mutantsan/ckanext-zippreview,https://github.com/mutantsan/ckanext-zippreview,4,0,No releases,,0,0,0,FALSE
2026-08-02 0:00:00,national-data-platform/ckanext-ndpcatalogadditions,https://github.com/national-data-platform/ckanext-ndpcatalogadditions,0,2,v0.1.3,2025-07-07 0:00:00,0,0,1,FALSE
2026-08-02 0:00:00,neogeo-technologies/ckanext-idgotheme,https://github.com/neogeo-technologies/ckanext-idgotheme,6,24,1.16,2023-06-12 0:00:00,0,1,6,FALSE
2026-08-02 0:00:00,nerevu/ckanext-heroku,https://github.com/nerevu/ckanext-heroku,0,0,No releases,,0,0,1,FALSE
2026-08-02 0:00:00,ngds/ckanext-datastorecsw-bku03232018,https://github.com/ngds/ckanext-datastorecsw-bku03232018,4,0,No releases,,0,2,2,FALSE
2026-08-02 0:00:00,ngds/ckanext-geoserver,https://github.com/ngds/ckanext-geoserver,1,0,No releases,,1,1,1,FALSE
2026-08-02 0:00:00,ngds/ckanext-geoserver-bku03232018,https://github.com/ngds/ckanext-geoserver-bku03232018,6,0,No releases,,5,6,4,FALSE
2026-08-02 0:00:00,ngds/ckanext-mapsearch-bku03232018,https://github.com/ngds/ckanext-mapsearch-bku03232018,4,0,No releases,,1,3,4,FALSE
2026-08-02 0:00:00,ngds/ckanext-metadata-bku03232018,https://github.com/ngds/ckanext-metadata-bku03232018,5,0,No releases,,1,10,5,FALSE
2026-08-02 0:00:00,ngds/ckanext-ngds-bku03232018,https://github.com/ngds/ckanext-ngds-bku03232018,13,0,No releases,,5,69,17,FALSE
2026-08-02 0:00:00,ngds/ckanext-ogcpreview-bku03232018,https://github.com/ngds/ckanext-ogcpreview-bku03232018,3,0,No releases,,1,1,4,FALSE
2026-08-02 0:00:00,nhsengland/ckanext-adfs,https://github.com/nhsengland/ckanext-adfs,11,0,No releases,,7,2,3,FALSE
2026-08-02 0:00:00,nhsengland/ckanext-introjs,https://github.com/nhsengland/ckanext-introjs,5,0,No releases,,2,0,1,FALSE
2026-08-02 0:00:00,nhsengland/ckanext-nhsengland,https://github.com/nhsengland/ckanext-nhsengland,6,0,No releases,,3,6,5,FALSE
2026-08-02 0:00:00,nickwesson/ckanext-govuk,https://github.com/nickwesson/ckanext-govuk,0,0,No releases,,0,0,1,FALSE
2026-08-02 0:00:00,nispc/ckanext-data_recommendation,https://github.com/nispc/ckanext-data_recommendation,2,0,No releases,,0,0,1,FALSE
2026-08-02 0:00:00,nleond/ckanext-helix,https://github.com/nleond/ckanext-helix,0,0,No releases,,0,0,6,FALSE
2026-08-02 0:00:00,ogdch/ckanext-fso,https://github.com/ogdch/ckanext-fso,2,4,v1.0.3,2014-02-20 0:00:00,1,2,5,FALSE
2026-08-02 0:00:00,ogdch/ckanext-neat,https://github.com/ogdch/ckanext-neat,0,0,No releases,,0,0,0,FALSE
2026-08-02 0:00:00,ogdch/ckanext-ogdch,https://github.com/ogdch/ckanext-ogdch,2,3,v1.0.2,2014-02-20 0:00:00,4,0,4,FALSE
2026-08-02 0:00:00,ogdch/ckanext-snl,https://github.com/ogdch/ckanext-snl,0,7,v2.0.3,2014-09-24 0:00:00,0,2,4,FALSE
2026-08-02 0:00:00,ogdch/ckanext-swisstopo,https://github.com/ogdch/ckanext-swisstopo,0,4,v1.0.3,2014-02-20 0:00:00,1,0,4,FALSE
2026-08-02 0:00:00,ogdch/ckanext-transharvest,https://github.com/ogdch/ckanext-transharvest,0,2,v1.0.1,2014-02-20 0:00:00,1,1,3,FALSE
2026-08-02 0:00:00,ogdch/ckanext-zhgis,https://github.com/ogdch/ckanext-zhgis,2,5,v1.4,2015-07-16 0:00:00,0,0,4,FALSE
2026-08-02 0:00:00,ogdch/ckanext-zhstat,https://github.com/ogdch/ckanext-zhstat,0,2,v1.0.1,2014-02-20 0:00:00,0,0,5,FALSE
2026-08-02 0:00:00,okfde/ckanext-offenedaten,https://github.com/okfde/ckanext-offenedaten,3,0,No releases,,4,29,13,FALSE
2026-08-02 0:00:00,okfn/ckanext-activityinfo,https://github.com/okfn/ckanext-activityinfo,0,0,No releases,,0,5,1,FALSE
2026-08-02 0:00:00,okfn/ckanext-aerc,https://github.com/okfn/ckanext-aerc,0,0,No releases,,1,0,1,FALSE
2026-08-02 0:00:00,okfn/ckanext-aiglobal,https://github.com/okfn/ckanext-aiglobal,1,0,No releases,,1,0,1,FALSE
2026-08-02 0:00:00,okfn/ckanext-announcements,https://github.com/okfn/ckanext-announcements,0,3,0.1.4,2025-01-07 0:00:00,1,1,2,FALSE
2026-08-02 0:00:00,okfn/ckanext-apps,https://github.com/okfn/ckanext-apps,2,0,No releases,,4,0,6,FALSE
2026-08-02 0:00:00,okfn/ckanext-barnet,https://github.com/okfn/ckanext-barnet,1,0,No releases,,1,2,6,FALSE
2026-08-02 0:00:00,okfn/ckanext-cadastaroles,https://github.com/okfn/ckanext-cadastaroles,0,0,No releases,,0,1,1,FALSE
2026-08-02 0:00:00,okfn/ckanext-collaborators,https://github.com/okfn/ckanext-collaborators,2,0,No releases,,4,5,4,FALSE
2026-08-02 0:00:00,okfn/ckanext-colombia,https://github.com/okfn/ckanext-colombia,0,0,No releases,,1,0,2,FALSE
2026-08-02 0:00:00,okfn/ckanext-csw,https://github.com/okfn/ckanext-csw,0,0,No releases,,3,0,2,FALSE
2026-08-02 0:00:00,okfn/ckanext-datacatalogs,https://github.com/okfn/ckanext-datacatalogs,0,0,No releases,,6,0,2,FALSE
2026-08-02 0:00:00,okfn/ckanext-datahub,https://github.com/okfn/ckanext-datahub,5,0,No releases,,11,29,12,FALSE
2026-08-02 0:00:00,okfn/ckanext-datanl,https://github.com/okfn/ckanext-datanl,0,0,No releases,,0,0,2,FALSE
2026-08-02 0:00:00,okfn/ckanext-datano,https://github.com/okfn/ckanext-datano,0,0,No releases,,0,0,1,FALSE
2026-08-02 0:00:00,okfn/ckanext-deliverance,https://github.com/okfn/ckanext-deliverance,0,0,No releases,,0,0,1,FALSE
2026-08-02 0:00:00,okfn/ckanext-demo,https://github.com/okfn/ckanext-demo,1,0,No releases,,3,0,8,FALSE
2026-08-02 0:00:00,okfn/ckanext-demo-classic,https://github.com/okfn/ckanext-demo-classic,0,0,No releases,,1,0,1,FALSE
2026-08-02 0:00:00,okfn/ckanext-dgutheme,https://github.com/okfn/ckanext-dgutheme,0,0,No releases,,2,0,0,FALSE
2026-08-02 0:00:00,okfn/ckanext-drupal,https://github.com/okfn/ckanext-drupal,0,0,No releases,,3,0,1,FALSE
2026-08-02 0:00:00,okfn/ckanext-dsmtheme_example,https://github.com/okfn/ckanext-dsmtheme_example,0,0,No releases,,2,0,1,FALSE
2026-08-02 0:00:00,okfn/ckanext-ecportal,https://github.com/okfn/ckanext-ecportal,3,0,No releases,,5,0,9,FALSE
2026-08-02 0:00:00,okfn/ckanext-esdstandards,https://github.com/okfn/ckanext-esdstandards,1,0,No releases,,0,3,1,FALSE
2026-08-02 0:00:00,okfn/ckanext-example,https://github.com/okfn/ckanext-example,7,0,No releases,,9,3,6,FALSE
2026-08-02 0:00:00,okfn/ckanext-exception,https://github.com/okfn/ckanext-exception,0,0,No releases,,0,0,1,FALSE
2026-08-02 0:00:00,okfn/ckanext-express,https://github.com/okfn/ckanext-express,0,0,No releases,,0,0,2,FALSE
2026-08-02 0:00:00,okfn/ckanext-expressimages,https://github.com/okfn/ckanext-expressimages,0,0,No releases,,0,0,1,FALSE
2026-08-02 0:00:00,okfn/ckanext-facetcollapse,https://github.com/okfn/ckanext-facetcollapse,2,2,0.1.1,2023-06-27 0:00:00,2,3,4,FALSE
2026-08-02 0:00:00,okfn/ckanext-feedcontent,https://github.com/okfn/ckanext-feedcontent,1,0,No releases,,3,1,1,FALSE
2026-08-02 0:00:00,okfn/ckanext-fiwarelabs,https://github.com/okfn/ckanext-fiwarelabs,0,0,No releases,,0,0,2,FALSE
2026-08-02 0:00:00,okfn/ckanext-follower,https://github.com/okfn/ckanext-follower,0,0,No releases,,2,0,1,FALSE
2026-08-02 0:00:00,okfn/ckanext-ghana,https://github.com/okfn/ckanext-ghana,0,0,No releases,,3,0,3,FALSE
2026-08-02 0:00:00,okfn/ckanext-groupadmin,https://github.com/okfn/ckanext-groupadmin,1,0,No releases,,0,0,1,FALSE
2026-08-02 0:00:00,okfn/ckanext-hampshire,https://github.com/okfn/ckanext-hampshire,0,0,No releases,,1,0,2,FALSE
2026-08-02 0:00:00,okfn/ckanext-hidegroups,https://github.com/okfn/ckanext-hidegroups,5,0,No releases,,3,2,1,FALSE
2026-08-02 0:00:00,okfn/ckanext-hideorganizations,https://github.com/okfn/ckanext-hideorganizations,0,0,No releases,,1,0,1,FALSE
2026-08-02 0:00:00,okfn/ckanext-htsql,https://github.com/okfn/ckanext-htsql,1,0,No releases,,2,2,1,FALSE
2026-08-02 0:00:00,okfn/ckanext-iceland,https://github.com/okfn/ckanext-iceland,0,0,No releases,,2,0,2,FALSE
2026-08-02 0:00:00,okfn/ckanext-importlib,https://github.com/okfn/ckanext-importlib,3,0,No releases,,3,0,1,FALSE
2026-08-02 0:00:00,okfn/ckanext-inspire,https://github.com/okfn/ckanext-inspire,2,0,No releases,,6,2,4,FALSE
2026-08-02 0:00:00,okfn/ckanext-kenya,https://github.com/okfn/ckanext-kenya,0,0,No releases,,1,0,1,FALSE
2026-08-02 0:00:00,okfn/ckanext-kobo,https://github.com/okfn/ckanext-kobo,0,0,No releases,,0,0,1,FALSE
2026-08-02 0:00:00,okfn/ckanext-lacounts,https://github.com/okfn/ckanext-lacounts,5,93,0.0.1b5,2019-06-02 0:00:00,8,23,5,FALSE
2026-08-02 0:00:00,okfn/ckanext-lcrnz,https://github.com/okfn/ckanext-lcrnz,2,0,No releases,,0,1,5,FALSE
2026-08-02 0:00:00,okfn/ckanext-moderatededits,https://github.com/okfn/ckanext-moderatededits,1,0,No releases,,2,0,2,FALSE
2026-08-02 0:00:00,okfn/ckanext-mx,https://github.com/okfn/ckanext-mx,7,0,No releases,,6,0,3,FALSE
2026-08-02 0:00:00,okfn/ckanext-nrgi,https://github.com/okfn/ckanext-nrgi,0,0,No releases,,0,0,1,FALSE
2026-08-02 0:00:00,okfn/ckanext-nsw,https://github.com/okfn/ckanext-nsw,0,0,No releases,,1,0,5,FALSE
2026-08-02 0:00:00,okfn/ckanext-oauth,https://github.com/okfn/ckanext-oauth,1,0,No releases,,3,0,1,FALSE
2026-08-02 0:00:00,okfn/ckanext-pakistan,https://github.com/okfn/ckanext-pakistan,0,0,No releases,,1,1,6,FALSE
2026-08-02 0:00:00,okfn/ckanext-panama,https://github.com/okfn/ckanext-panama,1,0,No releases,,0,0,2,FALSE
2026-08-02 0:00:00,okfn/ckanext-pdeu,https://github.com/okfn/ckanext-pdeu,4,0,No releases,,9,8,8,FALSE
2026-08-02 0:00:00,okfn/ckanext-queue,https://github.com/okfn/ckanext-queue,1,0,No releases,,1,1,1,FALSE
2026-08-02 0:00:00,okfn/ckanext-rdf,https://github.com/okfn/ckanext-rdf,2,0,No releases,,6,2,3,FALSE
2026-08-02 0:00:00,okfn/ckanext-recline,https://github.com/okfn/ckanext-recline,0,0,No releases,,1,1,1,FALSE
2026-08-02 0:00:00,okfn/ckanext-resourcesfilter,https://github.com/okfn/ckanext-resourcesfilter,2,0,No releases,,3,1,2,FALSE
2026-08-02 0:00:00,okfn/ckanext-s3filestore,https://github.com/okfn/ckanext-s3filestore,37,0,No releases,,13,29,9,FALSE
2026-08-02 0:00:00,okfn/ckanext-sa,https://github.com/okfn/ckanext-sa,2,0,No releases,,1,0,8,FALSE
2026-08-02 0:00:00,okfn/ckanext-salford,https://github.com/okfn/ckanext-salford,1,0,No releases,,1,1,4,FALSE
2026-08-02 0:00:00,okfn/ckanext-sgdata,https://github.com/okfn/ckanext-sgdata,2,0,No releases,,1,2,4,FALSE
2026-08-02 0:00:00,okfn/ckanext-simple,https://github.com/okfn/ckanext-simple,0,0,No releases,,0,0,1,FALSE
2026-08-02 0:00:00,okfn/ckanext-singapore,https://github.com/okfn/ckanext-singapore,1,0,No releases,,1,0,1,FALSE
2026-08-02 0:00:00,okfn/ckanext-sitesearch,https://github.com/okfn/ckanext-sitesearch,4,0,No releases,,6,3,3,FALSE
2026-08-02 0:00:00,okfn/ckanext-socrata,https://github.com/okfn/ckanext-socrata,4,4,2.0.3a,2018-09-28 0:00:00,3,2,4,FALSE
2026-08-02 0:00:00,okfn/ckanext-standard,https://github.com/okfn/ckanext-standard,0,0,No releases,,0,1,3,FALSE
2026-08-02 0:00:00,okfn/ckanext-stats,https://github.com/okfn/ckanext-stats,0,0,No releases,,2,0,2,FALSE
2026-08-02 0:00:00,okfn/ckanext-storage,https://github.com/okfn/ckanext-storage,2,0,No releases,,3,0,4,FALSE
2026-08-02 0:00:00,okfn/ckanext-tsbsatellites,https://github.com/okfn/ckanext-tsbsatellites,3,0,No releases,,3,3,7,FALSE
2026-08-02 0:00:00,okfn/ckanext-usertesting,https://github.com/okfn/ckanext-usertesting,0,0,No releases,,0,0,1,FALSE
2026-08-02 0:00:00,okfn/ckanext-vegaview,https://github.com/okfn/ckanext-vegaview,2,0,No releases,,7,4,1,FALSE
2026-08-02 0:00:00,okfn/ckanext-wordpresser,https://github.com/okfn/ckanext-wordpresser,1,0,No releases,,12,1,4,FALSE
2026-08-02 0:00:00,ondics/ckanext-partialview,https://github.com/ondics/ckanext-partialview,1,2,1.0.1,2025-05-26 0:00:00,5,0,4,FALSE
2026-08-02 0:00:00,ondics/ckanext-similar-datasets,https://github.com/ondics/ckanext-similar-datasets,3,1,v1.0.0,2021-11-12 0:00:00,4,0,2,FALSE
2026-08-02 0:00:00,ongov/ckanext-ontario_theme,https://github.com/ongov/ckanext-ontario_theme,16,32,v3.0.21,2026-05-21 0:00:00,8,15,17,FALSE
2026-08-02 0:00:00,open-data-toronto/ckanext-datastore-profiler,https://github.com/open-data-toronto/ckanext-datastore-profiler,1,0,No releases,,2,4,6,FALSE
2026-08-02 0:00:00,open-data-toronto/ckanext-iotrans,https://github.com/open-data-toronto/ckanext-iotrans,1,6,v1.2.3,2023-03-24 0:00:00,0,1,3,FALSE
2026-08-02 0:00:00,open-data/ckanext-autodoc,https://github.com/open-data/ckanext-autodoc,1,0,No releases,,0,1,1,FALSE
2026-08-02 0:00:00,open-data/ckanext-az-keyvault,https://github.com/open-data/ckanext-az-keyvault,0,0,No releases,,0,0,1,FALSE
2026-08-02 0:00:00,open-data/ckanext-canada,https://github.com/open-data/ckanext-canada,37,0,No releases,,63,14,22,FALSE
2026-08-02 0:00:00,open-data/ckanext-citeproc,https://github.com/open-data/ckanext-citeproc,1,0,No releases,,0,0,1,FALSE
2026-08-02 0:00:00,open-data/ckanext-datastore-search,https://github.com/open-data/ckanext-datastore-search,1,0,No releases,,1,0,1,FALSE
2026-08-02 0:00:00,open-data/ckanext-fgp,https://github.com/open-data/ckanext-fgp,0,0,No releases,,0,0,1,FALSE
2026-08-02 0:00:00,open-data/ckanext-gcnotify,https://github.com/open-data/ckanext-gcnotify,0,0,No releases,,0,1,2,FALSE
2026-08-02 0:00:00,open-data/ckanext-history,https://github.com/open-data/ckanext-history,2,0,No releases,,1,0,1,FALSE
2026-08-02 0:00:00,open-data/ckanext-openapiview,https://github.com/open-data/ckanext-openapiview,1,0,No releases,,6,2,2,FALSE
2026-08-02 0:00:00,open-data/ckanext-power-bi,https://github.com/open-data/ckanext-power-bi,0,0,No releases,,0,0,1,FALSE
2026-08-02 0:00:00,open-data/ckanext-recombinant,https://github.com/open-data/ckanext-recombinant,7,0,No releases,,3,5,12,FALSE
2026-08-02 0:00:00,open-data/ckanext-repeating,https://github.com/open-data/ckanext-repeating,23,0,No releases,,3,0,3,FALSE
2026-08-02 0:00:00,open-data/ckanext-stcndm,https://github.com/open-data/ckanext-stcndm,3,1,0.44,2016-03-22 0:00:00,0,7,7,FALSE
2026-08-02 0:00:00,open-data/ckanext-virtual-library,https://github.com/open-data/ckanext-virtual-library,1,0,No releases,,0,0,3,FALSE
2026-08-02 0:00:00,open-data/ckanext-wet-boew,https://github.com/open-data/ckanext-wet-boew,10,0,No releases,,9,7,8,FALSE
2026-08-02 0:00:00,openclimatefix-archives/ckanext-openenergy,https://github.com/openclimatefix-archives/ckanext-openenergy,2,0,No releases,,3,14,1,FALSE
2026-08-02 0:00:00,opendata-swiss/ckanext-dcatapchharvest,https://github.com/opendata-swiss/ckanext-dcatapchharvest,1,6,1.0.6,2026-04-10 0:00:00,2,0,6,FALSE
2026-08-02 0:00:00,opendata-swiss/ckanext-switzerland,https://github.com/opendata-swiss/ckanext-switzerland,6,0,No releases,,9,7,9,FALSE
2026-08-02 0:00:00,opendata-swiss/ckanext-switzerland-ng,https://github.com/opendata-swiss/ckanext-switzerland-ng,5,5,1.0.5,2026-04-10 0:00:00,4,0,14,FALSE
2026-08-02 0:00:00,opendatamonitor/ckanext-genericapiharvest,https://github.com/opendatamonitor/ckanext-genericapiharvest,0,0,No releases,,0,0,2,FALSE
2026-08-02 0:00:00,opendatamonitor/ckanext-harmonisation,https://github.com/opendatamonitor/ckanext-harmonisation,1,0,No releases,,3,3,3,FALSE
2026-08-02 0:00:00,opendatatrentino/ckanext-datitrentinoit,https://github.com/opendatatrentino/ckanext-datitrentinoit,6,0,No releases,,1,0,2,FALSE
2026-08-02 0:00:00,opendatatrentino/ckanext-patcategories,https://github.com/opendatatrentino/ckanext-patcategories,0,0,No releases,,0,0,1,FALSE
2026-08-02 0:00:00,opendatatrentino/ckanext-patstatweb,https://github.com/opendatatrentino/ckanext-patstatweb,0,0,No releases,,3,0,3,FALSE
2026-08-02 0:00:00,opendatazurich/ckanext-stadtzh-harvest,https://github.com/opendatazurich/ckanext-stadtzh-harvest,0,8,v1.2.3,2026-02-18 0:00:00,2,2,7,FALSE
2026-08-02 0:00:00,opendatazurich/ckanext-stadtzh-theme,https://github.com/opendatazurich/ckanext-stadtzh-theme,1,14,v1.3.3,2026-02-25 0:00:00,4,1,9,FALSE
2026-08-02 0:00:00,opennorth/ckanext-whiterock,https://github.com/opennorth/ckanext-whiterock,1,0,No releases,,1,0,1,FALSE
2026-08-02 0:00:00,openresearchdata/ckanext-oaipmh,https://github.com/openresearchdata/ckanext-oaipmh,14,0,No releases,,4,4,5,FALSE
2026-08-02 0:00:00,openresearchdata/ckanext-openbis,https://github.com/openresearchdata/ckanext-openbis,1,0,No releases,,1,0,1,FALSE
2026-08-02 0:00:00,openresearchdata/ckanext-ord-hierarchy,https://github.com/openresearchdata/ckanext-ord-hierarchy,2,0,No releases,,4,2,4,FALSE
2026-08-02 0:00:00,openresearchdata/ckanext-salsah,https://github.com/openresearchdata/ckanext-salsah,0,0,No releases,,0,1,4,FALSE
2026-08-02 0:00:00,openspending/ckanext-budgets,https://github.com/openspending/ckanext-budgets,1,0,No releases,,2,1,0,FALSE
2026-08-02 0:00:00,ozwillo/ckanext-ozwillo-organization-api,https://github.com/ozwillo/ckanext-ozwillo-organization-api,2,0,No releases,,0,0,4,FALSE
2026-08-02 0:00:00,ozwillo/ckanext-ozwillo-pyoidc,https://github.com/ozwillo/ckanext-ozwillo-pyoidc,2,0,No releases,,0,0,5,FALSE
2026-08-02 0:00:00,ozwillo/ckanext-ozwillo-theme,https://github.com/ozwillo/ckanext-ozwillo-theme,4,0,No releases,,1,4,7,FALSE
2026-08-02 0:00:00,pabrojast/ckanext-colab,https://github.com/pabrojast/ckanext-colab,0,0,No releases,,0,0,1,FALSE
2026-08-02 0:00:00,parker22/ckanext-countpackageclicks,https://github.com/parker22/ckanext-countpackageclicks,0,0,No releases,,0,0,0,FALSE
2026-08-02 0:00:00,pdekraker-epa/ckanext-relationshipdisplay,https://github.com/pdekraker-epa/ckanext-relationshipdisplay,2,0,No releases,,0,0,1,FALSE
2026-08-02 0:00:00,pduchesne/ckanext-annotations,https://github.com/pduchesne/ckanext-annotations,0,0,No releases,,0,0,1,FALSE
2026-08-02 0:00:00,pduchesne/ckanext-digitalwallonia,https://github.com/pduchesne/ckanext-digitalwallonia,0,0,No releases,,0,0,1,FALSE
2026-08-02 0:00:00,pduchesne/ckanext-geoview,https://github.com/pduchesne/ckanext-geoview,97,0,No releases,,16,8,13,FALSE
2026-08-02 0:00:00,perecanet/ckanext-stomallorca_theme,https://github.com/perecanet/ckanext-stomallorca_theme,3,7,v0.0.8,2023-11-07 0:00:00,0,0,2,FALSE
2026-08-02 0:00:00,phlpat/ckanext-ssoauth,https://github.com/phlpat/ckanext-ssoauth,0,0,No releases,,0,0,2,FALSE
2026-08-02 0:00:00,qld-gov-au/ckanext-csrf-filter,https://github.com/qld-gov-au/ckanext-csrf-filter,6,15,2.0.1,2025-12-01 0:00:00,0,2,4,FALSE
2026-08-02 0:00:00,qld-gov-au/ckanext-data-qld,https://github.com/qld-gov-au/ckanext-data-qld,6,63,8.1.1,2026-07-29 0:00:00,2,5,21,FALSE
2026-08-02 0:00:00,qld-gov-au/ckanext-data-qld-theme,https://github.com/qld-gov-au/ckanext-data-qld-theme,4,11,4.0.1,2022-03-16 0:00:00,0,0,15,FALSE
2026-08-02 0:00:00,qld-gov-au/ckanext-harvester-data-qld-geoscience,https://github.com/qld-gov-au/ckanext-harvester-data-qld-geoscience,2,11,v0.2.0,2026-07-14 0:00:00,0,6,6,FALSE
2026-08-02 0:00:00,qld-gov-au/ckanext-odi-certificates,https://github.com/qld-gov-au/ckanext-odi-certificates,2,4,1.0.3,2023-03-08 0:00:00,0,3,5,FALSE
2026-08-02 0:00:00,qld-gov-au/ckanext-publications-qld-theme,https://github.com/qld-gov-au/ckanext-publications-qld-theme,1,34,2.0.0,2026-07-06 0:00:00,0,4,15,FALSE
2026-08-02 0:00:00,qld-gov-au/ckanext-qgov,https://github.com/qld-gov-au/ckanext-qgov,4,34,7.2.1,2026-05-08 0:00:00,4,1,10,FALSE
2026-08-02 0:00:00,qld-gov-au/ckanext-resource-type-validation,https://github.com/qld-gov-au/ckanext-resource-type-validation,2,14,1.0.13,2026-07-10 0:00:00,5,1,5,FALSE
2026-08-02 0:00:00,qld-gov-au/ckanext-resource-visibility,https://github.com/qld-gov-au/ckanext-resource-visibility,0,6,2.1.2,2025-02-06 0:00:00,0,0,5,FALSE
2026-08-02 0:00:00,qld-gov-au/ckanext-ssm-config,https://github.com/qld-gov-au/ckanext-ssm-config,2,4,0.1.1,2025-04-22 0:00:00,1,1,4,FALSE
2026-08-02 0:00:00,qld-gov-au/ckanext-validation-schema-generator,https://github.com/qld-gov-au/ckanext-validation-schema-generator,0,6,2.0.1,2025-09-26 0:00:00,0,10,4,FALSE
2026-08-02 0:00:00,redlink-gmbh/ckanext-redlink,https://github.com/redlink-gmbh/ckanext-redlink,3,0,No releases,,3,0,3,FALSE
2026-08-02 0:00:00,reedv/ckanext-publicrestrictiondatasets,https://github.com/reedv/ckanext-publicrestrictiondatasets,2,0,No releases,,3,4,1,FALSE
2026-08-02 0:00:00,reneenoble/ckanext-iframeview,https://github.com/reneenoble/ckanext-iframeview,0,0,No releases,,0,0,0,FALSE
2026-08-02 0:00:00,roberto667/ckanext-ckantheme,https://github.com/roberto667/ckanext-ckantheme,0,0,No releases,,0,0,1,FALSE
2026-08-02 0:00:00,rossjones/ckanext-dgutests,https://github.com/rossjones/ckanext-dgutests,0,0,No releases,,1,0,1,FALSE
2026-08-02 0:00:00,rossjones/ckanext-gdoc,https://github.com/rossjones/ckanext-gdoc,6,0,No releases,,3,0,2,FALSE
2026-08-02 0:00:00,rossjones/ckanext-liverpool,https://github.com/rossjones/ckanext-liverpool,0,0,No releases,,0,1,1,FALSE
2026-08-02 0:00:00,rossjones/ckanext-lua,https://github.com/rossjones/ckanext-lua,0,0,No releases,,0,0,1,FALSE
2026-08-02 0:00:00,rossjones/ckanext-pubsub,https://github.com/rossjones/ckanext-pubsub,1,0,No releases,,2,0,1,FALSE
2026-08-02 0:00:00,rossjones/ckanext-statsd,https://github.com/rossjones/ckanext-statsd,0,0,No releases,,2,0,1,FALSE
2026-08-02 0:00:00,rostock/ckanext-hro_dcatapde,https://github.com/rostock/ckanext-hro_dcatapde,1,19,3.0.1,2026-04-30 0:00:00,3,0,1,FALSE
2026-08-02 0:00:00,rostock/ckanext-hro_theme,https://github.com/rostock/ckanext-hro_theme,1,16,3.0.1,2026-04-30 0:00:00,3,0,1,FALSE
2026-08-02 0:00:00,routetopa/ckanext-openid,https://github.com/routetopa/ckanext-openid,1,0,No releases,,0,1,3,FALSE
2026-08-02 0:00:00,routetopa/ckanext-statsapi,https://github.com/routetopa/ckanext-statsapi,0,0,No releases,,0,0,1,FALSE
2026-08-02 0:00:00,sabinem/ckanext-usermanagement,https://github.com/sabinem/ckanext-usermanagement,0,0,No releases,,0,0,0,FALSE
2026-08-02 0:00:00,saikarthikp9/ckanext-customizer,https://github.com/saikarthikp9/ckanext-customizer,1,0,No releases,,1,0,1,FALSE
2026-08-02 0:00:00,salnhan/ckanext-additionalfacets,https://github.com/salnhan/ckanext-additionalfacets,0,0,No releases,,0,0,1,FALSE
2026-08-02 0:00:00,salnhan/ckanext-contactform,https://github.com/salnhan/ckanext-contactform,0,0,No releases,,0,0,1,FALSE
2026-08-02 0:00:00,salsadigitalauorg/ckanext-datastore-refresh,https://github.com/salsadigitalauorg/ckanext-datastore-refresh,5,0,No releases,,0,2,2,FALSE
2026-08-02 0:00:00,salsadigitalauorg/ckanext-fortify,https://github.com/salsadigitalauorg/ckanext-fortify,3,24,4.3.0,2026-05-06 0:00:00,0,1,4,FALSE
2026-08-02 0:00:00,salsadigitalauorg/ckanext-qdes,https://github.com/salsadigitalauorg/ckanext-qdes,0,26,4.2.0,2025-06-04 0:00:00,0,1,4,FALSE
2026-08-02 0:00:00,salsadigitalauorg/ckanext-restricted-access,https://github.com/salsadigitalauorg/ckanext-restricted-access,6,0,No releases,,0,1,2,FALSE
2026-08-02 0:00:00,salsadigitalauorg/ckanext-vocabulary-services,https://github.com/salsadigitalauorg/ckanext-vocabulary-services,2,25,4.2.0,2025-06-13 0:00:00,0,0,7,FALSE
2026-08-02 0:00:00,salzburgerland/ckanext-salzburgerland_tourismus_theme,https://github.com/salzburgerland/ckanext-salzburgerland_tourismus_theme,2,0,No releases,,1,0,1,FALSE
2026-08-02 0:00:00,samibaig/ckanext-twdht,https://github.com/samibaig/ckanext-twdht,0,0,No releases,,0,0,2,FALSE
2026-08-02 0:00:00,sciamlab/ckanext-datigovit,https://github.com/sciamlab/ckanext-datigovit,0,0,No releases,,0,3,3,FALSE
2026-08-02 0:00:00,sergitrilles/ckanext-oct,https://github.com/sergitrilles/ckanext-oct,0,0,No releases,,0,0,1,FALSE
2026-08-02 0:00:00,shemogumbe/ckanext-dataviewanalytics,https://github.com/shemogumbe/ckanext-dataviewanalytics,0,0,No releases,,3,2,1,FALSE
2026-08-02 0:00:00,shidax/ckanext_notification,https://github.com/shidax/ckanext_notification,2,0,No releases,,2,1,1,FALSE
2026-08-02 0:00:00,simeonackermann/ckanext-rdfstoreimporter,https://github.com/simeonackermann/ckanext-rdfstoreimporter,0,0,No releases,,0,0,1,FALSE
2026-08-02 0:00:00,sirmmo/ckanext-rer,https://github.com/sirmmo/ckanext-rer,0,0,No releases,,0,0,1,FALSE
2026-08-02 0:00:00,srkunze/ckanext-semantic,https://github.com/srkunze/ckanext-semantic,1,0,No releases,,4,3,0,FALSE
2026-08-02 0:00:00,stadt-karlsruhe/ckanext-citehelp,https://github.com/stadt-karlsruhe/ckanext-citehelp,0,0,No releases,,0,0,2,FALSE
2026-08-02 0:00:00,stadt-karlsruhe/ckanext-discovery,https://github.com/stadt-karlsruhe/ckanext-discovery,6,0,No releases,,10,2,1,FALSE
2026-08-02 0:00:00,stadt-karlsruhe/ckanext-extractor,https://github.com/stadt-karlsruhe/ckanext-extractor,15,0,No releases,,19,4,2,FALSE
2026-08-02 0:00:00,stadt-karlsruhe/ckanext-importer,https://github.com/stadt-karlsruhe/ckanext-importer,1,0,No releases,,0,0,2,FALSE
2026-08-02 0:00:00,starsinmypockets/ckanext-montreal,https://github.com/starsinmypockets/ckanext-montreal,0,0,No releases,,0,0,1,FALSE
2026-08-02 0:00:00,stream-project/ckanext-streamtheme,https://github.com/stream-project/ckanext-streamtheme,0,0,No releases,,0,0,2,FALSE
2026-08-02 0:00:00,supreshc-persistent/ckanext-cataloginventory,https://github.com/supreshc-persistent/ckanext-cataloginventory,0,0,No releases,,0,0,1,FALSE
2026-08-02 0:00:00,taijiang-tw/ckanext-dga-stats,https://github.com/taijiang-tw/ckanext-dga-stats,7,0,No releases,,0,0,2,FALSE
2026-08-02 0:00:00,tdt/ckanext-tdt,https://github.com/tdt/ckanext-tdt,2,3,0.2.1,2013-12-12 0:00:00,7,0,3,FALSE
2026-08-02 0:00:00,telefonicaid/ckanext-ngsiview,https://github.com/telefonicaid/ckanext-ngsiview,14,0,No releases,,1,9,1,FALSE
2026-08-02 0:00:00,thehyve/ckanext-configpermission,https://github.com/thehyve/ckanext-configpermission,1,0,No releases,,0,0,2,FALSE
2026-08-02 0:00:00,thejimmyg/ckanext-parkinsons,https://github.com/thejimmyg/ckanext-parkinsons,0,0,No releases,,0,0,1,FALSE
2026-08-02 0:00:00,thejuliekramer/ckanext-inventorytheme,https://github.com/thejuliekramer/ckanext-inventorytheme,0,0,No releases,,0,10,1,FALSE
2026-08-02 0:00:00,thenets/ckanext-dadosabertos,https://github.com/thenets/ckanext-dadosabertos,1,0,No releases,,2,0,2,FALSE
2026-08-02 0:00:00,thobley/ckanext-delwpdata,https://github.com/thobley/ckanext-delwpdata,0,0,No releases,,0,0,0,FALSE
2026-08-02 0:00:00,thobley/ckanext-extrafield,https://github.com/thobley/ckanext-extrafield,0,0,No releases,,0,0,0,FALSE
2026-08-02 0:00:00,tobinus/ckanext-dataontosearch,https://github.com/tobinus/ckanext-dataontosearch,0,2,0.0.6,2019-04-30 0:00:00,0,0,1,FALSE
2026-08-02 0:00:00,toll/ckanext-tolltheme,https://github.com/toll/ckanext-tolltheme,0,0,No releases,,0,1,3,TRUE
2026-08-02 0:00:00,transparencia-mg/ckanext-datapackage-creator,https://github.com/transparencia-mg/ckanext-datapackage-creator,2,0,No releases,,2,2,3,FALSE
2026-08-02 0:00:00,transparenzportalhamburg/ckanext-fulltext,https://github.com/transparenzportalhamburg/ckanext-fulltext,6,0,No releases,,8,3,3,FALSE
2026-08-02 0:00:00,trungtincse/ckanext-eximiddleware,https://github.com/trungtincse/ckanext-eximiddleware,0,0,No releases,,0,0,0,FALSE
2026-08-02 0:00:00,tum-gis/ckanext-grouphierarchy-sddi,https://github.com/tum-gis/ckanext-grouphierarchy-sddi,3,8,1.1.4,2024-04-17 0:00:00,1,2,6,FALSE
2026-08-02 0:00:00,tum-gis/ckanext-relation-sddi,https://github.com/tum-gis/ckanext-relation-sddi,4,8,1.1.2,2025-05-13 0:00:00,1,0,7,FALSE
2026-08-02 0:00:00,turbomanson/ckanext-nhdp,https://github.com/turbomanson/ckanext-nhdp,0,0,No releases,,1,0,1,FALSE
2026-08-02 0:00:00,ubdc-IT/ckanext-ubdcschema,https://github.com/ubdc-IT/ckanext-ubdcschema,0,0,No releases,,0,0,1,FALSE
2026-08-02 0:00:00,unckan/ckanext-datasetpreview,https://github.com/unckan/ckanext-datasetpreview,0,1,0.2.31,2020-08-29 0:00:00,0,2,1,FALSE
2026-08-02 0:00:00,unckan/ckanext-dbquery,https://github.com/unckan/ckanext-dbquery,0,1,0.1.0,2025-02-14 0:00:00,0,1,2,FALSE
2026-08-02 0:00:00,unckan/ckanext-push-errors,https://github.com/unckan/ckanext-push-errors,0,0,No releases,,4,4,2,FALSE
2026-08-02 0:00:00,unckan/ckanext-superset,https://github.com/unckan/ckanext-superset,1,0,No releases,,1,12,2,FALSE
2026-08-02 0:00:00,uq-eresearch/ckanext-midja,https://github.com/uq-eresearch/ckanext-midja,0,0,No releases,,0,0,2,FALSE
2026-08-02 0:00:00,urkonn/ckanext-slugs,https://github.com/urkonn/ckanext-slugs,0,0,No releases,,0,0,1,FALSE
2026-08-02 0:00:00,usgin/ckanext-nrrc,https://github.com/usgin/ckanext-nrrc,0,0,No releases,,0,5,3,FALSE
2026-08-02 0:00:00,valentin0h/ckanext-termtranslate,https://github.com/valentin0h/ckanext-termtranslate,0,0,No releases,,1,0,1,FALSE
2026-08-02 0:00:00,vaquer/ckanext-dkan,https://github.com/vaquer/ckanext-dkan,2,0,No releases,,0,0,1,FALSE
2026-08-02 0:00:00,vaquer/ckanext-mxopeness,https://github.com/vaquer/ckanext-mxopeness,1,0,No releases,,0,1,1,FALSE
2026-08-02 0:00:00,vaquer/ckanext-mxtheme,https://github.com/vaquer/ckanext-mxtheme,1,0,No releases,,1,1,1,FALSE
2026-08-02 0:00:00,victoryem/ckanext-pero,https://github.com/victoryem/ckanext-pero,0,0,No releases,,0,0,1,FALSE
2026-08-02 0:00:00,vrk-kpa/ckanext-apis,https://github.com/vrk-kpa/ckanext-apis,0,0,No releases,,0,0,9,FALSE
2026-08-02 0:00:00,vrk-kpa/ckanext-drupal8,https://github.com/vrk-kpa/ckanext-drupal8,1,0,No releases,,0,0,4,FALSE
2026-08-02 0:00:00,vrk-kpa/ckanext-fluentall,https://github.com/vrk-kpa/ckanext-fluentall,0,0,No releases,,0,0,1,FALSE
2026-08-02 0:00:00,vrk-kpa/ckanext-forcetranslation,https://github.com/vrk-kpa/ckanext-forcetranslation,0,0,No releases,,0,0,2,FALSE
2026-08-02 0:00:00,vrk-kpa/ckanext-markdown_editor,https://github.com/vrk-kpa/ckanext-markdown_editor,0,0,No releases,,1,0,1,FALSE
2026-08-02 0:00:00,vrk-kpa/ckanext-matomo,https://github.com/vrk-kpa/ckanext-matomo,5,0,No releases,,2,3,9,FALSE
2026-08-02 0:00:00,vrk-kpa/ckanext-organizationapproval,https://github.com/vrk-kpa/ckanext-organizationapproval,0,0,No releases,,1,1,3,FALSE
2026-08-02 0:00:00,vrk-kpa/ckanext-sixodp_showcasesubmit,https://github.com/vrk-kpa/ckanext-sixodp_showcasesubmit,0,0,No releases,,0,1,3,FALSE
2026-08-02 0:00:00,vrk-kpa/ckanext-statistics,https://github.com/vrk-kpa/ckanext-statistics,0,0,No releases,,0,0,3,FALSE
2026-08-02 0:00:00,vrk-kpa/ckanext-xroad_integration,https://github.com/vrk-kpa/ckanext-xroad_integration,2,0,No releases,,0,0,5,FALSE
2026-08-02 0:00:00,vrk-kpa/ckanext-ytp-comments,https://github.com/vrk-kpa/ckanext-ytp-comments,10,0,No releases,,2,8,2,FALSE
2026-08-02 0:00:00,vrk-kpa/ckanext-ytp-request,https://github.com/vrk-kpa/ckanext-ytp-request,5,0,No releases,,2,3,5,FALSE
2026-08-02 0:00:00,vulekamali/ckanext-satreasury,https://github.com/vulekamali/ckanext-satreasury,1,0,No releases,,2,9,4,FALSE
2026-08-02 0:00:00,wake-ua/ckanext-wakeua,https://github.com/wake-ua/ckanext-wakeua,0,0,No releases,,0,0,2,FALSE
2026-08-02 0:00:00,wardi/ckanext-fileedit,https://github.com/wardi/ckanext-fileedit,1,0,No releases,,2,1,1,FALSE
2026-08-02 0:00:00,wardi/ckanext-geocodejob,https://github.com/wardi/ckanext-geocodejob,3,0,No releases,,1,0,1,FALSE
2026-08-02 0:00:00,whiskyechobravo/ckanext-desq,https://github.com/whiskyechobravo/ckanext-desq,0,0,No releases,,0,0,1,FALSE
2026-08-02 0:00:00,yacme/ckanext-googleauth,https://github.com/yacme/ckanext-googleauth,3,1,1.0.0,2016-03-03 0:00:00,5,2,3,FALSE
2026-08-02 0:00:00,ylchan87/ckanext-landdbcustomize,https://github.com/ylchan87/ckanext-landdbcustomize,1,0,No releases,,0,0,1,FALSE
2026-08-02 0:00:00,zbw/ckanext-dara,https://github.com/zbw/ckanext-dara,2,0,No releases,,3,3,2,FALSE
2026-08-02 0:00:00,zbw/ckanext-edawax,https://github.com/zbw/ckanext-edawax,2,0,No releases,,1,0,3,FALSE
2026-08-02 0:00:00,zelima/ckanext-lincolnshire,https://github.com/zelima/ckanext-lincolnshire,1,0,No releases,,0,0,2,FALSE
2026-08-02 0:00:00,zemantic/ckanext-srilanka,https://github.com/zemantic/ckanext-srilanka,0,0,No releases,,0,3,1,FALSE
