tstamp,name,url,num_datasets,num_groups,num_organizations,ckan_version,extensions
2025-12-07,viseu-dao-lafoes-open-data-portal,http://128.199.41.97:5000,90,6,15,2.9.3,"[""stats"", ""text_view"", ""image_view"", ""recline_view"", ""datastore"", ""datapusher"", ""geojson_view"", ""shp_view"", ""resource_proxy""]"
2025-12-07,ambar-datastore,http://ambar.utpl.edu.ec,0,0,0,,
2025-12-07,torino-open-data,http://aperto.comune.torino.it,2060,23,8,2.8.1,"[""resource_proxy"", ""stats"", ""text_view"", ""image_view"", ""recline_view"", ""multilang"", ""multilang_harvester"", ""harvest"", ""ckan_harvester"", ""spatial_metadata"", ""spatial_query"", ""geonetwork_harvester"", ""dcat"", ""dcat_rdf_harvester"", ""dcat_json_harvester"", ""dcat_json_interface"", ""structured_data"", ""dcatapit_pkg"", ""dcatapit_org"", ""dcatapit_config"", ""dcatapit_harvester"", ""dcatapit_csw_harvester"", ""discovery"", ""search_suggestions"", ""tag_cloud"", ""similar_datasets"", ""apertocomunetorinoit""]"
2025-12-07,athens-geodata-labs,http://catalog.publicamundi.eu,0,0,0,,
2025-12-07,the-queen-sirikit-department-of-sericulture-data-catalog,http://catalog.qsds.go.th,206,4,37,2.10.7,"[""thai_gdc"", ""showcase"", ""stats"", ""opendstats"", ""activity"", ""image_view"", ""datatables_view"", ""text_view"", ""webpage_view"", ""resource_proxy"", ""geo_view"", ""geojson_view"", ""shp_view"", ""xloader"", ""datastore"", ""pdf_view"", ""dcat"", ""dcat_json_interface"", ""structured_data"", ""scheming_datasets"", ""hierarchy_display"", ""hierarchy_form""]"
2025-12-07,savenow-sddi-catalog,http://catalog.savenow.de,81,27,19,2.9.8,"[""image_view"", ""text_view"", ""recline_view"", ""datastore"", ""datapusher"", ""hierarchy_display"", ""hierarchy_form"", ""display_group"", ""relation"", ""spatial_metadata"", ""spatial_query"", ""datesearch"", ""repeating"", ""composite"", ""scheming_datasets"", ""resource_proxy"", ""geo_view"", ""geojson_view"", ""wmts_view"", ""shp_view"", ""dcat"", ""dcat_json_interface"", ""structured_data"", ""restricted"", ""envvars""]"
2025-12-07,naples-economics-data-archive,http://ckan.acs.beniculturali.it,56,3,3,2.4.1,"[""stats"", ""text_view"", ""image_view"", ""recline_view"", ""datastore"", ""datapusher"", ""pdf_view""]"
2025-12-07,ckancitydatapl,http://ckan.citydata.pl,7,7,6,2.10.1,"[""activity"", ""stats"", ""text_view"", ""image_view"", ""recline_view"", ""webpage_view"", ""recline_graph_view"", ""recline_map_view""]"
2025-12-07,ckancorilait,http://ckan.corila.it/,19,2,2,2.8.2,"[""stats"", ""text_view"", ""image_view"", ""recline_view"", ""datastore"", ""pdf_view"", ""resource_proxy"", ""geo_view"", ""webpage_view""]"
2025-12-07,accounting-system-department-of-water-resources,http://ckan.dwr.go.th,41,9,7,2.10.7,"[""thai_gdc"", ""showcase"", ""stats"", ""opendstats"", ""activity"", ""image_view"", ""datatables_view"", ""text_view"", ""webpage_view"", ""resource_proxy"", ""geo_view"", ""geojson_view"", ""shp_view"", ""xloader"", ""datastore"", ""pdf_view"", ""dcat"", ""dcat_json_interface"", ""structured_data"", ""scheming_datasets"", ""hierarchy_display"", ""hierarchy_form"", ""envvars""]"
2025-12-07,ckannationalhealthorth,http://ckan.nationalhealth.or.th,0,0,0,,
2025-12-07,ckanvecgoth,http://ckan.vec.go.th,9,7,14,2.10.7,"[""thai_gdc"", ""showcase"", ""stats"", ""opendstats"", ""activity"", ""image_view"", ""datatables_view"", ""text_view"", ""webpage_view"", ""resource_proxy"", ""geo_view"", ""geojson_view"", ""shp_view"", ""xloader"", ""datastore"", ""pdf_view"", ""dcat"", ""dcat_json_interface"", ""structured_data"", ""scheming_datasets"", ""hierarchy_display"", ""hierarchy_form""]"
2025-12-07,meloa-oceanographic-data,http://cloud150.ncg.ingrid.pt,0,0,0,,
2025-12-07,gia-lai-database,http://csdlcntmgialai.gov.vn,99,14,9,2.5.3,"[""stats"", ""text_view"", ""image_view"", ""recline_view"", ""datastore"", ""pdf_view"", ""officedocs_view"", ""datamx_theme"", ""datapusher"", ""hierarchy_display"", ""hierarchy_form"", ""ord_hierarchy"", ""pages""]"
2025-12-07,dadesobertesseuecat,http://dadesobertes.seu-e.cat,839,22,79,2.10.8,"[""datastore"", ""datapusher"", ""stats"", ""aoc_theme"", ""aoc_metadata"", ""aoc_views"", ""activity"", ""image_view"", ""text_view"", ""recline_view"", ""recline_grid_view"", ""recline_graph_view"", ""recline_map_view"", ""resource_proxy"", ""geo_view"", ""scheming_groups"", ""scheming_datasets"", ""scheming_organizations"", ""fluent"", ""dataexplorer_map_view"", ""envvars""]"
2025-12-07,culture-data-portal-portal-de-dados-da-cultura,http://dados.cultura.gov.br,62,4,9,2.4.0,"[""datastore"", ""stats"", ""text_view"", ""image_view"", ""recline_view"", ""temacultura""]"
2025-12-07,ifms-open-data-portal,http://dados.ifms.edu.br,27,27,1,2.6.2,"[""datapusher"", ""datastore"", ""stats"", ""text_view"", ""image_view"", ""recline_view""]"
2025-12-07,ifrs-open-data-portal,http://dados.ifrs.edu.br,7,5,1,2.6.2,"[""dadosabertos"", ""scheming_datasets"", ""repeating"", ""fluent"", ""composite"", ""datapusher"", ""datastore"", ""resource_proxy"", ""harvest"", ""ckan_harvester"", ""stats"", ""text_view"", ""image_view"", ""recline_view""]"
2025-12-07,natal-urban-mobility-data-portal,http://dados.natal.br,19,1,1,2.7.3,"[""pdf_view"", ""resource_proxy"", ""recline_view"", ""stats"", ""text_view"", ""image_view"", ""datastore"", ""datapusher"", ""geo_view"", ""pages"", ""harvest"", ""ckan_harvester""]"
2025-12-07,sao-paulo-open-data-portal,http://dados.prefeitura.sp.gov.br,0,0,0,,
2025-12-07,ufop-open-data,http://dados.ufop.br,61,8,1,2.6.3,"[""datapusher"", ""datastore"", ""stats"", ""text_view"", ""image_view"", ""recline_view"", ""pdf_view""]"
2025-12-07,ufpel-open-data,http://dados.ufpel.tche.br,0,0,0,,
2025-12-07,ufsj-open-data-portal,http://dados.ufsj.edu.br,12,11,1,2.5.2,"[""stats"", ""text_view"", ""image_view"", ""recline_view"", ""webpage_view"", ""recline_grid_view"", ""datastore"", ""datapusher"", ""example_theme"", ""noregistration""]"
2025-12-07,ufsm-open-data,http://dados.ufsm.br,17,6,1,2.7.2,"[""stats"", ""text_view"", ""image_view"", ""recline_view""]"
2025-12-07,unifei-open-data,http://dados.unifei.edu.br,34,6,1,2.8.0,"[""stats"", ""text_view"", ""image_view"", ""recline_view"", ""datastore"", ""datapusher"", ""unifei_theme""]"
2025-12-07,ufma-open-data-portal,http://dadosabertos.ufma.br,39,7,1,2.6.2,"[""stats"", ""text_view"", ""image_view"", ""recline_view"", ""datastore"", ""datapusher"", ""pdf_view""]"
2025-12-07,unilab-open-data-dados-abertos-unilab,http://dadosabertos.unilab.edu.br,0,0,0,,
2025-12-07,agriculture-littorale-data-catalog,http://data.agriculturelittorale.fr,2797,6,3,2.9.5,"[""stats"", ""text_view"", ""image_view"", ""recline_view"", ""spatial_metadata"", ""spatial_query"", ""taxonomy"", ""scheming_datasets"", ""resource_proxy"", ""geo_view"", ""alf_theme"", ""restricted"", ""composite""]"
2025-12-07,open-government-data-of-bangkok,http://data.bangkok.go.th,1248,0,115,2.9.9,"[""bkk_open_data"", ""discovery"", ""search_suggestions"", ""googleanalytics"", ""thai_gdc"", ""stats"", ""opendstats"", ""text_view"", ""image_view"", ""recline_view"", ""recline_graph_view"", ""recline_grid_view"", ""resource_proxy"", ""datastore"", ""xloader"", ""webpage_view"", ""pdf_view"", ""scheming_datasets"", ""scheming_groups"", ""hierarchy_display"", ""hierarchy_form"", ""hierarchy_group_form"", ""dcat"", ""dcat_json_interface"", ""structured_data""]"
2025-12-07,databeatonanet,http://data.beatona.net,0,0,0,,
2025-12-07,bolzano-opendata-portal,http://data.civis.bz.it,821,17,32,2.10.7,"[""stats"", ""resource_proxy"", ""pdf_view"", ""text_view"", ""image_view"", ""recline_view"", ""datatables_view"", ""provbz"", ""provbz_auth"", ""activity"", ""harvest"", ""ckan_harvester"", ""spatial_metadata"", ""spatial_query"", ""dcat"", ""dcat_json_interface"", ""structured_data"", ""multilang"", ""multilang_harvester"", ""multilang_resources"", ""dcatapit_pkg"", ""dcatapit_org"", ""dcatapit_config"", ""dcatapit_vocabulary"", ""dcatapit_harvester"", ""dcatapit_csw_harvester"", ""dcatapit_harvest_list"", ""geonetwork_harvester"", ""provbz_harvester"", ""categorie"", ""pages""]"
2025-12-07,connecticut-open-data-portal,http://data.ctdata.org,226,29,23,2.4.2,"[""stats"", ""text_preview"", ""recline_preview"", ""datastore"", ""datapusher"", ""ctdata_theme"", ""webhooks"", ""datarequests"", ""odata"", ""recline_view"", ""recline_grid_view"", ""recline_graph_view"", ""webpage_view""]"
2025-12-07,accounting-system-department-of-mineral-resources,http://data.dmr.go.th,132,8,13,2.10.7,"[""thai_gdc"", ""stats"", ""opendstats"", ""activity"", ""image_view"", ""datatables_view"", ""text_view"", ""webpage_view"", ""resource_proxy"", ""xloader"", ""datastore"", ""pdf_view"", ""dcat"", ""dcat_json_interface"", ""structured_data"", ""scheming_datasets"", ""hierarchy_display"", ""hierarchy_form""]"
2025-12-07,romania-open-data-portal,http://data.gov.ro,4894,14,177,2.8.3,"[""image_view"", ""text_view"", ""recline_view"", ""pdf_view"", ""recline_grid_view"", ""recline_graph_view"", ""recline_map_view"", ""webpage_view"", ""stats"", ""showcase"", ""datastore"", ""datapusher"", ""resource_proxy"", ""geo_view"", ""geojson_view"", ""qa"", ""archiver"", ""report"", ""tagless_report"", ""rating"", ""datarequests"", ""sparql_interface"", ""contact_us_plugin"", ""dcat"", ""dcat_json_interface"", ""structured_data"", ""datagovro_theme"", ""pages"", ""envvars"", ""googleanalytics""]"
2025-12-07,ibb,http://data.ibb.gov.tr,523,9,55,2.9.11,"[""multilang"", ""ibb_theme"", ""ibb_giris"", ""image_view"", ""text_view"", ""recline_view"", ""datastore"", ""envvars"", ""pdf_view"", ""geo_view"", ""xloader"", ""showcase"", ""datarequests""]"
2025-12-07,ieat-data-catalog,http://data.ieat.go.th,0,0,0,,
2025-12-07,international-institute-of-tropical-agriculture,http://data.iita.org,3450,5,2,2.7.11,"[""stats"", ""text_view"", ""image_view"", ""recline_view"", ""datastore"", ""datapusher"", ""iitatheming"", ""scheming_datasets"", ""pdf_view"", ""restricted"", ""composite"", ""googleanalytics"", ""ckanbase""]"
2025-12-07,integrated-ocean-observing-system-catalog,http://data.ioos.us,45909,0,22,2.10.5,"[""activity"", ""ckan_harvester"", ""csw_harvester"", ""dcat"", ""dcat_json_harvester"", ""dcat_json_interface"", ""dcat_rdf_harvester"", ""googleanalytics"", ""harvest"", ""ioos_theme"", ""ioos_waf"", ""spatial_metadata"", ""spatial_query"", ""structured_data"", ""waf_harvester""]"
2025-12-07,national-access-point,http://data.nap.gov.gr,57,0,8,2.6.6,"[""stats"", ""text_view"", ""image_view"", ""recline_view"", ""webpage_view"", ""geojson_view"", ""geo_view"", ""resource_proxy"", ""datastore"", ""datapusher"", ""report"", ""archiver"", ""privatedatasets"", ""contact"", ""pages"", ""harvest"", ""ckan_harvester"", ""dcat"", ""dcat_rdf_harvester"", ""dcat_json_harvester"", ""dcat_json_interface"", ""structured_data"", ""datarequests"", ""discovery"", ""search_suggestions"", ""tag_cloud""]"
2025-12-07,open-state-data-portal,http://data.openstate.eu,90,13,1,2.8.3,"[""stats"", ""text_view"", ""image_view"", ""recline_view"", ""datastore"", ""datapusher"", ""dcat"", ""dcat_json_interface"", ""structured_data""]"
2025-12-07,portal-of-open-data-from-the-ggm-ras,http://data.sgm.ru,49,2,1,2.7.2,"[""stats"", ""viewhelpers"", ""text_view"", ""image_view"", ""recline_view"", ""recline_grid_view"", ""datastore"", ""datapusher"", ""spatial_metadata"", ""spatial_query"", ""spatialUI"", ""pdf_view"", ""webpage_view"", ""piechart"", ""pages"", ""hierarchy_display"", ""hierarchy_form"", ""findfull"", ""exhibit"", ""list"", ""listdeposits"", ""listmono"", ""sgm_help"", ""sgm_monographic""]"
2025-12-07,plymouth-data-place,http://dataplay.org.uk,173,7,10,2.10.8,"[""activity"", ""text_view"", ""image_view"", ""pdf_view"", ""geo_view"", ""geojson_view"", ""datatables_view"", ""datastore"", ""xloader"", ""resource_proxy"", ""recline_view"", ""recline_grid_view"", ""recline_graph_view"", ""tdp"", ""pcc""]"
2025-12-07,dataportalsaeriorg,http://dataportal.saeri.org,981,19,96,2.8.2,"[""restricted"", ""saerischema"", ""saeritheme"", ""stats"", ""text_view"", ""image_view"", ""datastore"", ""datapusher"", ""recline_view"", ""recline_grid_view"", ""recline_map_view"", ""recline_graph_view"", ""pdf_view"", ""geo_view"", ""geojson_view"", ""wmts_view"", ""spatial_metadata"", ""spatial_query""]"
2025-12-07,opendata-matera-opendata-matera,http://dati.comune.matera.it,250,13,2,2.6.2,"[""resource_proxy"", ""geojson_view"", ""geo_view"", ""stats"", ""webpage_view"", ""text_view"", ""image_view"", ""recline_view"", ""dcat"", ""dcat_rdf_harvester"", ""dcat_json_harvester"", ""dcat_json_interface"", ""dcatapit_pkg"", ""dcatapit_org"", ""dcatapit_config""]"
2025-12-07,opendata-tuscany-region,http://dati.toscana.it,11565,20,86,2.9.9,"[""stats"", ""text_view"", ""image_view"", ""recline_view"", ""recline_grid_view"", ""recline_graph_view"", ""recline_map_view"", ""resource_proxy"", ""datastore"", ""datapusher"", ""datitoscana_theme"", ""harvest"", ""ckan_harvester"", ""dcat"", ""dcat_rdf_harvester"", ""dcat_json_harvester"", ""dcat_json_interface"", ""structured_data"", ""multilang"", ""dcatapit_pkg"", ""dcatapit_org"", ""dcatapit_config"", ""qa"", ""archiver"", ""report"", ""tagless_report"", ""datitoscana_reports"", ""toscana_harvest"", ""spod_harvester"", ""metarepo_harvester"", ""pages"", ""dcatapit_harvester"", ""dcatapit_ckan_harvester""]"
2025-12-07,datiustatmiurit,http://dati.ustat.miur.it,65,0,1,2.8.7,"[""stats"", ""text_view"", ""image_view"", ""recline_view"", ""datastore"", ""datapusher"", ""dcat"", ""harvest"", ""ckan_harvester"", ""multilang"", ""multilang_harvester"", ""dcatapit_pkg"", ""dcatapit_org"", ""dcatapit_config"", ""ustat""]"
2025-12-07,mexico-open-data-portal,http://datos.codeandomexico.org,9752,12,87,2.9.11,"[""datamx_theme"", ""stats"", ""text_view"", ""image_view"", ""recline_view"", ""datastore"", ""datapusher"", ""resource_proxy"", ""scheming_datasets"", ""pdf_view"", ""geojson_view"", ""geo_view""]"
2025-12-07,rosario-city-council-data-portal,http://datos.concejorosario.gov.ar,335,11,1,2.6.2,"[""stats"", ""text_view"", ""image_view"", ""recline_view"", ""datastore"", ""datapusher"", ""pdf_view"", ""webpage_view"", ""recline_graph_view"", ""pda"", ""pages"", ""piechart"", ""basicgrid"", ""resource_proxy"", ""wmts_view"", ""geo_view"", ""geojson_view""]"
2025-12-07,crespo-open-data,http://datos.crespo.gob.ar,64,8,24,2.7.6,"[""stats"", ""text_view"", ""image_view"", ""recline_view"", ""hierarchy_display"", ""hierarchy_form"", ""dcat"", ""structured_data"", ""gobar_theme"", ""datastore"", ""datapusher"", ""seriestiempoarexplorer"", ""googleanalytics""]"
2025-12-07,open-data-from-the-secretary-of-energy-datos-abiertos-de-la-secretaria-de-energia,http://datos.energia.gob.ar,178,20,21,2.7.4,"[""stats"", ""text_view"", ""image_view"", ""recline_view"", ""viewhelpers"", ""pdf_view"", ""linechart"", ""barchart"", ""piechart"", ""hierarchy_display"", ""hierarchy_form"", ""gobar_theme"", ""datastore"", ""datapusher"", ""odata"", ""googleanalytics"", ""seriestiempoarexplorer"", ""datajson_harvest"", ""datajson"", ""harvest"", ""ckan_harvester""]"
2025-12-07,chilean-open-data-portal,http://datos.gob.cl,2806,24,253,2.10.4,"[""image_view"", ""text_view"", ""recline_view"", ""recline_graph_view"", ""datastore"", ""gobcl-datos-theme"", ""resource_proxy"", ""geo_view"", ""geojson_view"", ""harvest"", ""ckan_harvester"", ""stats"", ""googleanalytics"", ""video_view"", ""audio_view"", ""webpage_view"", ""pdf_view"", ""xloader"", ""scheming_datasets"", ""scheming_groups"", ""scheming_organizations"", ""activity"", ""dcat"", ""dcat_json_interface"", ""dcat_rdf_harvester"", ""spatial_metadata"", ""spatial_query"", ""spatial_harvest_metadata_api"", ""csw_harvester"", ""waf_harvester"", ""doc_harvester"", ""envvars""]"
2025-12-07,open-data-caba-legislature,http://datos.legislatura.gob.ar,52,10,2,2.7.5,"[""stats"", ""text_view"", ""image_view"", ""recline_view"", ""hierarchy_display"", ""hierarchy_form"", ""dcat"", ""structured_data"", ""gobar_theme"", ""datastore"", ""datapusher"", ""seriestiempoarexplorer"", ""googleanalytics""]"
2025-12-07,energia-argentina-datos-abiertos,http://datos.minem.gob.ar,178,20,21,2.7.4,"[""stats"", ""text_view"", ""image_view"", ""recline_view"", ""viewhelpers"", ""pdf_view"", ""linechart"", ""barchart"", ""piechart"", ""hierarchy_display"", ""hierarchy_form"", ""gobar_theme"", ""datastore"", ""datapusher"", ""odata"", ""googleanalytics"", ""seriestiempoarexplorer"", ""datajson_harvest"", ""datajson"", ""harvest"", ""ckan_harvester""]"
2025-12-07,quilmes-government-data,http://datos.quilmes.gov.ar,57,12,12,2.7.6,"[""stats"", ""text_view"", ""image_view"", ""recline_view"", ""hierarchy_display"", ""hierarchy_form"", ""dcat"", ""structured_data"", ""gobar_theme"", ""datastore"", ""datapusher"", ""seriestiempoarexplorer"", ""googleanalytics""]"
2025-12-07,ministry-of-health-open-data,http://datos.salud.gob.ar,63,12,17,2.7.6,"[""stats"", ""text_view"", ""image_view"", ""recline_view"", ""hierarchy_display"", ""hierarchy_form"", ""dcat"", ""structured_data"", ""gobar_theme"", ""datastore"", ""datapusher"", ""seriestiempoarexplorer"", ""googleanalytics""]"
2025-12-07,datostechoorg,http://datos.techo.org,41,4,14,2.8.3,"[""stats"", ""text_view"", ""image_view"", ""recline_view"", ""datastore"", ""datapusher"", ""googleanalytics""]"
2025-12-07,datosyerbabuenagobar,http://datos.yerbabuena.gob.ar,0,0,0,,
2025-12-07,mendoza-deputies-open-data,http://datosabiertos.hcdmza.gob.ar,0,0,0,,
2025-12-07,datosabiertosmalagaeu,http://datosabiertos.malaga.eu,1295,22,9,2.8.4,"[""dcat"", ""noregistration"", ""datastore"", ""spatial_metadata"", ""spatial_query"", ""geojson_view"", ""stats"", ""recline_view"", ""resource_proxy"", ""contacto"", ""viewhelpers"", ""pdf_view"", ""linechart"", ""barchart"", ""piechart"", ""basicgrid"", ""recline_grid_view"", ""recline_graph_view"", ""recline_map_view"", ""dcat_rdf_harvester"", ""discovery"", ""similar_datasets"", ""tag_cloud"", ""federador"", ""sitemap"", ""malaga"", ""structured_data"", ""dcat_json_interface"", ""soporte""]"
2025-12-07,datosabiertosmercedesgobar,http://datosabiertos.mercedes.gob.ar,302,21,24,2.7.6,"[""stats"", ""text_view"", ""image_view"", ""recline_view"", ""hierarchy_display"", ""hierarchy_form"", ""dcat"", ""structured_data"", ""gobar_theme"", ""datastore"", ""datapusher"", ""seriestiempoarexplorer"", ""googleanalytics""]"
2025-12-07,open-data-of-the-university-observatory-of-the-city,http://datosabiertos.ufasta.edu.ar,24,7,1,2.7.6,"[""stats"", ""text_view"", ""image_view"", ""recline_view"", ""hierarchy_display"", ""hierarchy_form"", ""dcat"", ""structured_data"", ""gobar_theme"", ""datastore"", ""datapusher"", ""seriestiempoarexplorer"", ""googleanalytics""]"
2025-12-07,sesmim-knowledge-portal,http://edu.mrpam.gov.mn,0,0,0,,
2025-12-07,national-housing-authority-data-catalog,http://gdcatalog.nha.co.th,197,14,146,2.10.7,"[""thai_gdc"", ""showcase"", ""stats"", ""opendstats"", ""activity"", ""image_view"", ""datatables_view"", ""text_view"", ""webpage_view"", ""resource_proxy"", ""geo_view"", ""geojson_view"", ""shp_view"", ""xloader"", ""datastore"", ""pdf_view"", ""dcat"", ""dcat_json_interface"", ""structured_data"", ""scheming_datasets"", ""hierarchy_display"", ""hierarchy_form""]"
2025-12-07,geodata-gov-gr-geodata-gov-gr,http://geodata.gov.gr,0,0,0,,
2025-12-07,municipality-of-goya-open-data-portal,http://goy-cte-datos.paisdigital.modernizacion.gob.ar,83,0,62,2.7.5,"[""stats"", ""text_view"", ""image_view"", ""recline_view"", ""hierarchy_display"", ""hierarchy_form"", ""dcat"", ""structured_data"", ""gobar_theme"", ""datastore"", ""datapusher"", ""googleanalytics""]"
2025-12-07,hainan-data-portal,http://haidatas.cn,0,0,0,,
2025-12-07,linbuedatospaisdigitalmodernizaciongobar,http://lin-bue-datos.paisdigital.modernizacion.gob.ar,0,0,0,,
2025-12-07,lujan-open-data,http://luj-bue-datos.paisdigital.innovacion.gob.ar,173,12,14,2.7.6,"[""stats"", ""text_view"", ""image_view"", ""recline_view"", ""hierarchy_display"", ""hierarchy_form"", ""dcat"", ""structured_data"", ""gobar_theme"", ""datastore"", ""datapusher"", ""seriestiempoarexplorer"", ""googleanalytics""]"
2025-12-07,opendatanasuopendatastackjp,http://opendata-nasu.opendatastack.jp,488,25,71,2.5.1,"[""stats"", ""text_view"", ""image_view"", ""spatial_metadata"", ""spatial_query"", ""datastore"", ""datapusher"", ""resource_proxy"", ""pdf_view"", ""geo_view"", ""recline_grid_view"", ""recline_graph_view"", ""recline_map_view"", ""webpage_view"", ""geojson_view"", ""googleanalytics"", ""harvest"", ""ckan_harvester"", ""pages"", ""recline_view"", ""cloud_connector"", ""example_theme"", ""officedocs_view""]"
2025-12-07,csu-open-data-portal,http://opendata.calstate.edu,0,0,0,,
2025-12-07,higashihiroshima-city-open-data-catalog-site,http://opendata.city.higashihiroshima.lg.jp,0,0,0,,
2025-12-07,ibaraki-city-open-data-portal-site,http://opendata.city.ibaraki.osaka.jp,124,6,1,2.5.3,"[""stats"", ""text_view"", ""image_view"", ""recline_view"", ""datastore"", ""datapusher""]"
2025-12-07,ko-obrzeg-gis-open-data,http://opendata.gis.kolobrzeg.pl,71,14,5,2.10.4,"[""activity"", ""datastore""]"
2025-12-07,ipst-open-data,http://opendata.ipst.ac.th,21,2,1,2.10.7,"[""thai_gdc"", ""showcase"", ""stats"", ""opendstats"", ""activity"", ""image_view"", ""datatables_view"", ""text_view"", ""webpage_view"", ""resource_proxy"", ""geo_view"", ""geojson_view"", ""shp_view"", ""xloader"", ""datastore"", ""pdf_view"", ""dcat"", ""dcat_json_interface"", ""structured_data"", ""scheming_datasets"", ""hierarchy_display"", ""hierarchy_form""]"
2025-12-07,open-data-portal-of-the-ruhr-metropolis,http://opendata.ruhr,2761,30,26,2.10.4,"[""envvars"", ""activity"", ""resource_proxy"", ""datastore"", ""xloader"", ""image_view"", ""text_view"", ""recline_view"", ""spatial_metadata"", ""spatial_query"", ""harvest"", ""ckan_harvester"", ""dcat"", ""dcatde"", ""dcatde_rdf_harvester"", ""dcat_rdf_harvester"", ""dcat_json_harvester"", ""dcat_json_interface"", ""harvest_basket"", ""dkan_harvester"", ""structured_data"", ""geo_view"", ""geojson_view"", ""navigablemap"", ""choroplethmap"", ""pages"", ""pdf_view"", ""rvr"", ""rvr_spatial_query"", ""scheming_datasets"", ""scheming_organizations"", ""downloadall""]"
2025-12-07,open-data-ruhr,http://opendata.rvr.ruhr,2761,30,26,2.10.4,"[""envvars"", ""activity"", ""resource_proxy"", ""datastore"", ""xloader"", ""image_view"", ""text_view"", ""recline_view"", ""spatial_metadata"", ""spatial_query"", ""harvest"", ""ckan_harvester"", ""dcat"", ""dcatde"", ""dcatde_rdf_harvester"", ""dcat_rdf_harvester"", ""dcat_json_harvester"", ""dcat_json_interface"", ""harvest_basket"", ""dkan_harvester"", ""structured_data"", ""geo_view"", ""geojson_view"", ""navigablemap"", ""choroplethmap"", ""pages"", ""pdf_view"", ""rvr"", ""rvr_spatial_query"", ""scheming_datasets"", ""scheming_organizations"", ""downloadall""]"
2025-12-07,sidoarjo-regency-open-data,http://opendata.sidoarjokab.go.id,6634,17,64,2.11.3,"[""envvars"", ""activity"", ""image_view"", ""text_view"", ""datatables_view"", ""datastore"", ""xloader"", ""stats"", ""webpage_view"", ""resource_proxy""]"
2025-12-07,opendatasitcanes,http://opendata.sitcan.es,164,10,12,2.10.4,"[""stats"", ""image_view"", ""resource_proxy"", ""dcat"", ""dcat_rdf_harvester"", ""dcat_json_harvester"", ""dcat_json_interface""]"
2025-12-07,higashiura-town-open-data-catalog-site,http://opendata.town.aichi-higashiura.lg.jp,46,10,1,2.4.1,"[""stats"", ""text_view"", ""image_view"", ""recline_view"", ""datastore"", ""datapusher""]"
2025-12-07,opendatavubpcz,http://opendata.vubp.cz,0,0,0,,
2025-12-07,water-jpi-open-data,http://opendata.waterjpi.eu,86,7,302,2.8.3,"[""stats"", ""text_view"", ""image_view"", ""recline_view"", ""spatial_metadata"", ""spatial_query"", ""dcat"", ""campania_theme"", ""harvest"", ""ckan_harvester"", ""oaipmh""]"
2025-12-07,municipality-of-ezeiza-open-data-portal-buenos-aires,http://pe.181.209.63.227.nip.io,0,2,3,2.7.5,"[""stats"", ""text_view"", ""image_view"", ""recline_view"", ""hierarchy_display"", ""hierarchy_form"", ""dcat"", ""structured_data"", ""gobar_theme"", ""datastore"", ""datapusher"", ""googleanalytics""]"
2025-12-07,pergamino-open-data,http://per-bue-datos.paisdigital.modernizacion.gob.ar,132,16,44,2.7.6,"[""stats"", ""text_view"", ""image_view"", ""recline_view"", ""hierarchy_display"", ""hierarchy_form"", ""dcat"", ""structured_data"", ""gobar_theme"", ""datastore"", ""datapusher"", ""seriestiempoarexplorer"", ""googleanalytics""]"
2025-12-07,igg-knowledge-portal,http://portal.igg.ac.mn,0,0,0,,
2025-12-07,merit-mongolia-data-portal,http://portal.merit.mn,0,0,0,,
2025-12-07,probolinggo-regency-one-data,http://satudata.probolinggokab.go.id,724,0,25,2.9.8,"[""stats"", ""text_view"", ""image_view"", ""recline_view"", ""datastore"", ""datapusher"", ""probolinggo_theme""]"
2025-12-07,sbsopendataekitistategovng,http://sbsopendata.ekitistate.gov.ng,37,17,6,2.9.1,"[""stats"", ""text_view"", ""image_view"", ""recline_view"", ""ekiti_theme""]"
2025-12-07,central-valley-housing-data-repository,http://valleyhousingrepository.library.fresnostate.edu,34,3,6,2.8.3,"[""openafrica"", ""stats"", ""text_view"", ""image_view"", ""recline_view"", ""datastore"", ""datapusher"", ""resource_proxy"", ""geo_view"", ""pages"", ""harvest"", ""ckan_harvester""]"
2025-12-07,tunisia-culture-open-data,http://www.openculture.gov.tn,326,12,18,2.5.3,"[""resource_proxy"", ""stats"", ""text_view"", ""image_view"", ""recline_view"", ""recline_map_view"", ""webpage_view"", ""datastore"", ""datapusher"", ""disqus"", ""harvest"", ""ckan_harvester"", ""pages"", ""pdf_view"", ""dcat"", ""dcat_rdf_harvester"", ""dcat_json_harvester"", ""dcat_json_interface"", ""geojson_view"", ""spatial_metadata"", ""spatial_query"", ""linechart"", ""barchart"", ""piechart"", ""basicgrid"", ""navigablemap"", ""choroplethmap"", ""panamatheme"", ""contact"", ""archiver"", ""report"", ""qa"", ""gallery_view"", ""rating"", ""googleanalytics"", ""datarequests"", ""noregistration""]"
2025-12-07,izmir-metropolitan-municipality-open-data-portal,https://acikveri.bizizmir.com,260,10,35,2.8.5,"[""stats"", ""text_view"", ""image_view"", ""recline_view"", ""datastore"", ""datapusher"", ""pdf_view"", ""showcase"", ""datarequests"", ""webpage_view"", ""resource_proxy"", ""geo_view""]"
2025-12-07,konya-metropolitan-municipality-open-data-platform,https://acikveri.konya.bel.tr,241,10,20,2.9.5,"[""qgovext"", ""stats"", ""text_view"", ""image_view"", ""resource_proxy"", ""recline_view"", ""pdf_view"", ""officedocs_view"", ""datastore"", ""datapusher"", ""showcase"", ""datarequests"", ""multilingual_group"", ""geo_view"", ""tagless_report"", ""report""]"
2025-12-07,open-data-ni,https://admin.opendatani.gov.uk,1044,9,86,2.10.8,"[""stats"", ""resource_proxy"", ""image_view"", ""text_view"", ""dataexplorer_view"", ""dataexplorer_table_view"", ""dataexplorer_chart_view"", ""dataexplorer_map_view"", ""dataexplorer_web_view"", ""datastore"", ""datapusher"", ""activity"", ""harvest"", ""ckan_harvester"", ""pages"", ""opendatani"", ""scheming_datasets"", ""googleanalytics"", ""dcat_rdf_harvester"", ""nisra_jsondcat"", ""hierarchy_display"", ""hierarchy_form"", ""dcat"", ""showcase"", ""datarequests"", ""contact"", ""s3filestore"", ""envvars""]"
2025-12-07,aids-data-repository,https://adr.unaids.org,660,1,59,2.9.7,"[""unaids"", ""fork"", ""scheming_datasets"", ""blob_storage"", ""saml2auth"", ""emailasusername"", ""restricted"", ""authz_service"", ""stats"", ""text_view"", ""image_view"", ""unaids_recline_view"", ""recline_graph_view"", ""recline_map_view"", ""recline_grid_view"", ""resource_proxy"", ""geo_view"", ""pdf_view"", ""datastore"", ""datapusher"", ""geojson_view"", ""validation"", ""ytp_request"", ""pages"", ""dhis2harvester_plugin"", ""dhis2_pivot_tables_harvester"", ""harvest"", ""sentry"", ""versions"", ""auth""]"
2025-12-07,arctic-permafrost-geospatial-centre,https://apgc.awi.de,365,27,26,2.11.3,"[""activity"", ""datastore"", ""stats"", ""text_view"", ""image_view"", ""datatables_view"", ""audio_view"", ""video_view"", ""webpage_view"", ""resource_proxy"", ""geo_view"", ""geojson_view"", ""wmts_view"", ""shp_view"", ""spatial_metadata"", ""spatial_query"", ""pages"", ""scheming_datasets"", ""scheming_groups"", ""apgc_theme"", ""trackingfix"", ""tracking"", ""ifacets"", ""dcat"", ""structured_data"", ""xloader""]"
2025-12-07,food-security-portal-data,https://api.foodsecurityportal.org,0,0,0,2.9.7,"[""stats"", ""datastore"", ""datapusher"", ""recline_grid_view"", ""webpage_view"", ""scheming_datasets"", ""gdpr"", ""harvest"", ""fsp"", ""fsp_harvester"", ""fsp_price_harvester"", ""fsp_indicator_harvester"", ""fsp_returntrigger_harvester"", ""fsp_mediaanalysis_harvester"", ""fpm_harvester"", ""fsp_knowledge_base_harvester""]"
2025-12-07,alaska-arctic-geoecological-atlas-aaga,https://arcticatlas.geobotany.org,0,0,0,,
2025-12-07,finnish-transport-infrastructure-data,https://avoindata.fi/data,2475,14,755,2.10.9,"[""forcetranslation"", ""sentry"", ""ckan_harvester"", ""hri_harvester"", ""syke_harvester"", ""dcat"", ""structured_data"", ""dcat_rdf_harvester"", ""dcat_json_harvester"", ""dcat_json_interface"", ""csw_harvester"", ""drupal8"", ""ytp_organizations"", ""ytp_request"", ""apis"", ""ytp_theme"", ""harvest"", ""archiver"", ""report"", ""qa"", ""ytp_report"", ""ytp_drupal"", ""ytp_tasks"", ""ytp_dataset"", ""ytp_spatial"", ""spatial_metadata"", ""spatial_query"", ""ytp_user"", ""hierarchy_display"", ""datastore"", ""sixodp_showcase"", ""sixodp_showcasesubmit"", ""datapusher"", ""datatables_view"", ""text_view"", ""image_view"", ""pdf_view"", ""geo_view"", ""geojson_view"", ""sixodp_harvester"", ""reminder"", ""ytp_restrict_category_creation_and_updating"", ""ytp_ipermission_labels"", ""organizationapproval"", ""ytp_resourcestatus"", ""ytp_harvesterstatus"", ""opendata_group"", ""advancedsearch"", ""openapi_view"", ""statistics"", ""opendata_cli"", ""ytp_recommendation"", ""dcat_sparql"", ""activity"", ""sitesearch"", ""matomo"", ""matomo_dataset_report"", ""matomo_resource_report"", ""matomo_location_report"", ""matomo_search_terms_report"", ""cloudstorage"", ""stats"", ""scheming_datasets"", ""scheming_groups"", ""scheming_organizations"", ""fluent""]"
2025-12-07,pangaea-data-discovery-portal,https://b2find.eudat.eu,1371369,6,93,2.9.8,"[""stats"", ""text_view"", ""image_view"", ""recline_view"", ""b2find"", ""oaipmh""]"
2025-12-07,ballarat-open-data,https://ballaratopendata.org.au,480,9,3,2.9.5,"[""stats"", ""text_view"", ""image_view"", ""recline_view"", ""webpage_view"", ""resource_proxy"", ""geojson_view"", ""geo_view"", ""shp_view"", ""wmts_view"", ""spatial_metadata"", ""spatial_query"", ""datastore"", ""recline_grid_view"", ""recline_graph_view"", ""recline_map_view"", ""xloader"", ""harvest"", ""ckan_harvester"", ""waf_harvester"", ""csw_harvester"", ""doc_harvester"", ""magda_harvester"", ""opendatasoft_harvester"", ""proxy"", ""expose_purl"", ""cc_logo"", ""cerdi_metadata"", ""googleanalytics"", ""contact"", ""ballarat_opendata_theme""]"
2025-12-07,data-catalog-cooperative-auditing-department,https://cadckan.cad.go.th,0,0,0,,
2025-12-07,canadian-watershed-information-network-canadian-watershed-information-network,https://canwin-datahub.ad.umanitoba.ca,0,0,0,,
2025-12-07,kanazawa-city-open-data-portal,https://catalog-data.city.kanazawa.ishikawa.jp,331,10,7,2.9.4,"[""datastore"", ""datapusher"", ""stats"", ""googleanalytics"", ""text_view"", ""image_view"", ""recline_view"", ""recline_grid_view"", ""recline_map_view"", ""recline_graph_view"", ""notification"", ""oidc"", ""pdf_view""]"
2025-12-07,intaros-data-catalogue,https://catalog-intaros.nersc.no,188,10,38,2.11.2,"[""stats"", ""text_view"", ""image_view"", ""datatables_view"", ""pdf_view"", ""datastore"", ""resource_proxy"", ""pages"", ""harvest"", ""ckan_harvester"", ""spatial_metadata"", ""spatial_query"", ""intarosmeta"", ""seaice_theme"", ""googleanalytics""]"
2025-12-07,kobe-city-open-data-portal,https://catalog.city.kobe.lg.jp,143,9,359,2.9.5,"[""stats"", ""text_view"", ""image_view"", ""recline_view"", ""custom_theme"", ""datastore"", ""datapusher""]"
2025-12-07,catalogcityutsunomiyatochigijp,https://catalog.city.utsunomiya.tochigi.jp,292,14,18,2.9.5,"[""stats"", ""text_view"", ""image_view"", ""recline_view"", ""custom_theme"", ""datastore"", ""datapusher""]"
2025-12-07,city-data-platform,https://catalog.citydata.in.th,694,0,71,2.8.3,"[""stats"", ""text_view"", ""image_view"", ""recline_grid_view"", ""recline_view"", ""recline_map_view"", ""webpage_view"", ""navigablemap"", ""choroplethmap"", ""datastore"", ""datapusher"", ""resource_proxy"", ""geo_view"", ""pages"", ""harvest"", ""ckan_harvester"", ""scheming_datasets"", ""hierarchy_display"", ""hierarchy_form""]"
2025-12-07,catalogcustomsgoth,https://catalog.customs.go.th,22,2,1,2.9.5,"[""discovery"", ""stats"", ""text_view"", ""image_view"", ""recline_view"", ""resource_proxy"", ""xloader"", ""datastore"", ""webpage_view"", ""pdf_view"", ""dga_stats"", ""myorg"", ""noregistration"", ""thai_gdc"", ""scheming_datasets"", ""hierarchy_display"", ""hierarchy_form"", ""dcat"", ""dcat_json_interface"", ""structured_data""]"
2025-12-07,faa-data-catalog,https://catalog.data.faa.gov,6,0,1,2.10.1,"[""activity"", ""saml2auth"", ""faa_theme"", ""faaextrafields""]"
2025-12-07,data-gov,https://catalog.data.gov,0,7,132,2.11.2,"[""tracking"", ""image_view"", ""text_view"", ""ckan_harvester"", ""datajson_validator"", ""datajson_harvest"", ""geodatagov"", ""datagovtheme"", ""datagov_harvest"", ""z3950_harvester"", ""arcgis_harvester"", ""geodatagov_geoportal_harvester"", ""waf_harvester_collection"", ""geodatagov_csw_harvester"", ""geodatagov_doc_harvester"", ""geodatagov_waf_harvester"", ""spatial_metadata"", ""spatial_query"", ""spatial_harvest_metadata_api"", ""dcat"", ""dcat_json_interface"", ""structured_data"", ""datagovcatalog"", ""saml2auth"", ""envvars""]"
2025-12-07,chofu-city-open-data-catalog,https://catalog.data.metro.tokyo.lg.jp,9832,14,98,2.8.12,"[""stats"", ""text_view"", ""image_view"", ""recline_view"", ""pdf_view"", ""webpage_view"", ""resource_proxy"", ""googleanalytics"", ""tokyo_od_theme""]"
2025-12-07,dmh-data-catalog-dmh-data-catalog,https://catalog.dmh.go.th,289,2,47,2.10.7,"[""thai_gdc"", ""showcase"", ""stats"", ""opendstats"", ""activity"", ""image_view"", ""datatables_view"", ""text_view"", ""webpage_view"", ""resource_proxy"", ""geo_view"", ""geojson_view"", ""shp_view"", ""xloader"", ""datastore"", ""pdf_view"", ""dcat"", ""dcat_json_interface"", ""structured_data"", ""scheming_datasets"", ""hierarchy_display"", ""hierarchy_form""]"
2025-12-07,dpim-data-catalog,https://catalog.dpim.go.th,25,6,11,2.10.7,"[""thai_gdc"", ""showcase"", ""stats"", ""opendstats"", ""activity"", ""image_view"", ""datatables_view"", ""text_view"", ""webpage_view"", ""resource_proxy"", ""geo_view"", ""geojson_view"", ""shp_view"", ""xloader"", ""datastore"", ""pdf_view"", ""dcat"", ""dcat_json_interface"", ""structured_data"", ""scheming_datasets"", ""hierarchy_display"", ""hierarchy_form""]"
2025-12-07,dvrpc-data-portal,https://catalog.dvrpc.org,222,0,1,2.9.11,"[""stats"", ""datatables_view"", ""image_view"", ""datapusher"", ""resource_proxy"", ""dvrpc_theme"", ""datastore"", ""dvrpc_package"", ""dvrpc_chained_action"", ""scheming_datasets"", ""pdf_view"", ""geojson_view"", ""customuserprivileges"", ""showcase"", ""oauth2"", ""harvest"", ""ckan_harvester"", ""dcat"", ""dcat_rdf_harvester"", ""dcat_json_harvester"", ""dcat_json_interface"", ""structured_data""]"
2025-12-07,catalog-platform-of-the-digital-twin-munich,https://catalog.dzm.gis.lrg.tum.de,17,27,8,2.8.4,"[""stats"", ""text_view"", ""image_view"", ""recline_view"", ""hierarchy_display"", ""hierarchy_form"", ""scheming_datasets"", ""repeating"", ""composite"", ""display_group"", ""form_group"", ""spatial_metadata"", ""spatial_query"", ""resource_proxy"", ""geojson_view"", ""relation"", ""disqus"", ""temporalsearch"", ""userautoaddgroup"", ""restricted"", ""gdpr""]"
2025-12-07,alaska-epscor-central-portal,https://catalog.epscor.alaska.edu,830,47,48,2.8.6,"[""stats"", ""text_view"", ""image_view"", ""recline_view"", ""spatial_metadata"", ""spatial_query"", ""googleanalytics"", ""harvest"", ""ckan_harvester"", ""axiom_harvester"", ""epscor""]"
2025-12-07,open-data-dof-ckan-department-of-fisheries-data-catalog,https://catalog.fisheries.go.th,0,0,0,,
2025-12-07,catalog-platform-smart-cities-and-regions-bavaria,https://catalog.gis.lrg.tum.de,37,33,24,2.8.4,"[""stats"", ""text_view"", ""image_view"", ""recline_view"", ""scheming_datasets"", ""hierarchy_display"", ""hierarchy_form"", ""spatial_metadata"", ""spatial_query"", ""resource_proxy"", ""geojson_view"", ""repeating"", ""composite"", ""display_group"", ""form_group"", ""disqus"", ""temporalsearch"", ""userautoaddgroup"", ""restricted"", ""relation"", ""gdpr""]"
2025-12-07,accounting-system-office-of-the-permanent-secretary-ministry-of-finance,https://catalog.mof.go.th,48,6,2,2.10.7,"[""thai_gdc"", ""showcase"", ""stats"", ""opendstats"", ""activity"", ""image_view"", ""datatables_view"", ""text_view"", ""webpage_view"", ""resource_proxy"", ""geo_view"", ""geojson_view"", ""shp_view"", ""xloader"", ""datastore"", ""pdf_view"", ""dcat"", ""dcat_json_interface"", ""structured_data"", ""scheming_datasets"", ""hierarchy_display"", ""hierarchy_form""]"
2025-12-07,nso-data-catalog,https://catalog.nso.go.th,0,0,0,,
2025-12-07,onesqa-data-catalog,https://catalog.onesqa.or.th,11,4,4,2.10.7,"[""thai_gdc"", ""showcase"", ""stats"", ""opendstats"", ""activity"", ""image_view"", ""datatables_view"", ""text_view"", ""webpage_view"", ""resource_proxy"", ""geo_view"", ""geojson_view"", ""shp_view"", ""xloader"", ""datastore"", ""pdf_view"", ""dcat"", ""dcat_json_interface"", ""structured_data"", ""scheming_datasets"", ""hierarchy_display"", ""hierarchy_form""]"
2025-12-07,kanagawa-prefecture-open-data-catalog,https://catalog.opendata.pref.kanagawa.jp,753,19,15,2.10.7,"[""stats"", ""text_view"", ""image_view"", ""datatables_view"", ""datastore"", ""datapusher"", ""custom_theme"", ""userdatasets"", ""harvest"", ""ckan_harvester""]"
2025-12-07,catalogqsdsgoth,https://catalog.qsds.go.th,206,4,37,2.10.7,"[""thai_gdc"", ""showcase"", ""stats"", ""opendstats"", ""activity"", ""image_view"", ""datatables_view"", ""text_view"", ""webpage_view"", ""resource_proxy"", ""geo_view"", ""geojson_view"", ""shp_view"", ""xloader"", ""datastore"", ""pdf_view"", ""dcat"", ""dcat_json_interface"", ""structured_data"", ""scheming_datasets"", ""hierarchy_display"", ""hierarchy_form""]"
2025-12-07,measure-up-data-catalog,https://catalog.riits.net,12,0,5,2.8.3,"[""oauth2"", ""stats"", ""text_view"", ""image_view"", ""recline_view"", ""geodatagov"", ""datagovtheme"", ""harvest"", ""ckan_harvester"", ""spatial_metadata"", ""geodatagov_miscs"", ""privatedatasets"", ""report""]"
2025-12-07,accounting-system-of-the-office-of-the-state-enterprise-policy-committee,https://catalog.sepo.go.th,13,3,3,2.10.7,"[""thai_gdc"", ""showcase"", ""stats"", ""opendstats"", ""activity"", ""image_view"", ""datatables_view"", ""text_view"", ""webpage_view"", ""resource_proxy"", ""geo_view"", ""geojson_view"", ""shp_view"", ""xloader"", ""datastore"", ""pdf_view"", ""dcat"", ""dcat_json_interface"", ""structured_data"", ""scheming_datasets"", ""hierarchy_display"", ""hierarchy_form""]"
2025-12-07,sso-data-catalog,https://catalog.sso.go.th,63,5,6,2.10.7,"[""thai_gdc"", ""showcase"", ""stats"", ""opendstats"", ""activity"", ""image_view"", ""datatables_view"", ""text_view"", ""webpage_view"", ""resource_proxy"", ""geo_view"", ""geojson_view"", ""shp_view"", ""xloader"", ""datastore"", ""pdf_view"", ""dcat"", ""dcat_json_interface"", ""structured_data"", ""scheming_datasets"", ""hierarchy_display"", ""hierarchy_form"", ""envvars""]"
2025-12-07,travel-link-tourism-data-catalog-ckan,https://catalog.travellink.go.th,0,0,0,,
2025-12-07,pba-open-data,https://catalogo.datos.gba.gob.ar,103,12,24,2.7.6,"[""stats"", ""text_view"", ""image_view"", ""recline_view"", ""hierarchy_display"", ""hierarchy_form"", ""dcat"", ""structured_data"", ""gobar_theme"", ""datastore"", ""datapusher"", ""seriestiempoarexplorer"", ""googleanalytics"", ""andinotemplate""]"
2025-12-07,villanueva-de-la-serena-data-catalog,https://catalogo.villanuevadelaserena.es,72,22,5,2.5.1,"[""dataproxy"", ""dataproxy_view"", ""harvest"", ""ckan_harvester"", ""qa"", ""archiver"", ""report"", ""stats"", ""sparql"", ""text_view"", ""image_view"", ""recline_view"", ""datastore"", ""datapusher"", ""resource_proxy"", ""spatial_metadata"", ""spatial_query"", ""geo_view"", ""geojson_view"", ""wmts_view"", ""dcat"", ""dcat_rdf_harvester"", ""dcat_json_harvester"", ""dcat_json_interface"", ""csw_harvester"", ""disqus"", ""opendata_theme"", ""officedocs_view"", ""pdf_view"", ""solr_highlighting"", ""drupal7"", ""datesearch""]"
2025-12-07,uruguay-national-open-data-catalog,https://catalogodatos.gub.uy,2682,22,68,2.10.6,"[""resource_proxy"", ""datastore"", ""datapusher"", ""activity"", ""stats"", ""dcat"", ""harvest"", ""ckan_harvester"", ""dcat_rdf_harvester"", ""dcat_json_harvester"", ""dcat_json_interface"", ""qa"", ""googleanalytics"", ""text_view"", ""image_view"", ""recline_view"", ""recline_graph_view"", ""recline_grid_view"", ""recline_map_view"", ""webpage_view"", ""linechart"", ""barchart"", ""piechart"", ""geo_view"", ""pdf_view"", ""geojson_view"", ""showcase"", ""agesic"", ""report"", ""repo_info"", ""iduruguay""]"
2025-12-07,cioos-pacific-data-catalog,https://catalogue.cioos.ca,0,0,0,,
2025-12-07,cioos-atlantic-data-catalogue,https://catalogue.cioosatlantic.ca,271,0,25,2.9.11,"[""envvars"", ""stats"", ""text_view"", ""image_view"", ""recline_view"", ""datastore"", ""datapusher"", ""scheming_datasets"", ""scheming_organizations"", ""scheming_groups"", ""scheming_nerf_index"", ""fluent"", ""harvest"", ""ckan_harvester"", ""csw_harvester"", ""waf_harvester"", ""doc_harvester"", ""ckan_schema_harvester"", ""spatial_metadata"", ""spatial_query"", ""spatial_harvest_metadata_api"", ""cioos_harvest"", ""cioos_theme"", ""ckan_cioos_harvester"", ""dcat"", ""structured_data"", ""resource_proxy"", ""geo_view"", ""geojson_view"", ""wmts_view"", ""ckan_spatial_harvester"", ""datastream_harvester""]"
2025-12-07,cioos-pacific-ocean-data-catalogue,https://catalogue.cioospacific.ca,0,0,0,,
2025-12-07,bc-data-catalogue,https://catalogue.data.gov.bc.ca,5162,26,239,2.9.5,"[""envvars"", ""image_view"", ""text_view"", ""recline_view"", ""datastore"", ""datapusher"", ""edc_rss"", ""sso"", ""bcgov_schema"", ""scheming_datasets"", ""scheming_groups"", ""scheming_organizations"", ""edc_dataset""]"
2025-12-07,new-zealand-government-data,https://catalogue.data.govt.nz,27414,40,192,2.10.9,"[""security"", ""csrf_filter"", ""diaharvester"", ""diadcatjsonharvester"", ""diavalidation"", ""diaschema"", ""diacommands"", ""activity"", ""dia_theme"", ""linechart"", ""barchart"", ""piechart"", ""basicgrid"", ""dcat"", ""dcat_json_interface"", ""geo_view"", ""geojson_view"", ""wmts_view"", ""harvest"", ""ckan_harvester"", ""scheming_datasets"", ""spatial_metadata"", ""spatial_query"", ""datastore"", ""resource_proxy"", ""image_view"", ""recline_graph_view"", ""recline_grid_view"", ""recline_map_view"", ""recline_view"", ""text_view"", ""stats"", ""waf_harvester"", ""doc_harvester"", ""csw_harvester"", ""dianohomepage"", ""diauriminting"", ""datapusher"", ""google_tag_manager"", ""protected_resources"", ""structured_data"", ""oaipmh_harvester""]"
2025-12-07,wa-government-open-data,https://catalogue.data.wa.gov.au,2103,66,67,2.11.3,"[""datawagovau_theme"", ""wa_data_dictionary"", ""wa_res_archive"", ""cloudstorage"", ""activity"", ""search_tweaks"", ""search_tweaks_query_relevance"", ""search_tweaks_field_relevance"", ""search_tweaks_spellcheck"", ""search_tweaks_advanced_search"", ""composite_search"", ""default_composite_search"", ""search_autocomplete"", ""or_facet"", ""resource_indexer"", ""pdf_resource_indexer"", ""plain_resource_indexer"", ""spatial_metadata"", ""spatial_query"", ""geo_view"", ""geojson_view"", ""wmts_view"", ""dcat"", ""text_view"", ""image_view"", ""officedocs_view"", ""datatables_view"", ""pdf_view"", ""webpage_view"", ""resource_proxy"", ""datastore"", ""showcase"", ""googleanalytics"", ""xloader"", ""tracking"", ""scheming_datasets"", ""hierarchy_display"", ""hierarchy_form"", ""msal""]"
2025-12-07,cataloguedevcioosatlanticca,https://catalogue.dev.cioosatlantic.ca,255,1,21,2.9.11,"[""envvars"", ""stats"", ""text_view"", ""image_view"", ""recline_view"", ""datastore"", ""datapusher"", ""scheming_datasets"", ""scheming_organizations"", ""scheming_groups"", ""scheming_nerf_index"", ""fluent"", ""harvest"", ""ckan_harvester"", ""csw_harvester"", ""waf_harvester"", ""doc_harvester"", ""ckan_schema_harvester"", ""spatial_metadata"", ""spatial_query"", ""spatial_harvest_metadata_api"", ""cioos_harvest"", ""cioos_theme"", ""ckan_cioos_harvester"", ""dcat"", ""structured_data"", ""resource_proxy"", ""geo_view"", ""geojson_view"", ""wmts_view"", ""ckan_spatial_harvester"", ""datastream_harvester""]"
2025-12-07,hakai-data-catalogue,https://catalogue.hakai.org,247,0,1,2.9.11,"[""envvars"", ""stats"", ""text_view"", ""image_view"", ""recline_view"", ""datastore"", ""datapusher"", ""scheming_datasets"", ""scheming_organizations"", ""scheming_groups"", ""scheming_nerf_index"", ""fluent"", ""harvest"", ""ckan_harvester"", ""csw_harvester"", ""waf_harvester"", ""doc_harvester"", ""ckan_schema_harvester"", ""spatial_metadata"", ""spatial_query"", ""spatial_harvest_metadata_api"", ""cioos_harvest"", ""cioos_theme"", ""dcat"", ""structured_data"", ""resource_proxy"", ""geo_view"", ""geojson_view"", ""wmts_view"", ""ckan_spatial_harvester""]"
2025-12-07,fisheries-and-oceans-canada-data-catalog,https://catalogue.ogsl.ca,0,0,0,,
2025-12-07,ogsl-data-catalogue,https://catalogue.slgo.ca,0,0,0,,
2025-12-07,san-diego-county-data,https://civicdata.com,422,49,261,2.9.9,"[""text_view"", ""recline_view"", ""recline_grid_view"", ""recline_graph_view"", ""recline_map_view"", ""image_view"", ""resource_proxy"", ""stats"", ""datastore"", ""datapusher"", ""geojson_view"", ""spatial_metadata"", ""spatial_query"", ""custom_api"", ""custom_extension""]"
2025-12-07,d4science-catalogue,https://ckan-d4s.d4science.org,206028,68,44,2.6.7,"[""stats"", ""text_view"", ""image_view"", ""recline_view"", ""datastore"", ""datapusher"", ""harvest"", ""ckan_harvester"", ""spatial_metadata"", ""spatial_query"", ""csw_harvester"", ""waf_harvester"", ""doc_harvester"", ""geonetwork_harvester"", ""pdf_view"", ""privatedatasets"", ""hierarchy_display"", ""hierarchy_form"", ""googleanalytics"", ""rating"", ""d4science_theme"", ""dcat"", ""dcat_rdf_harvester"", ""dcat_json_harvester"", ""dcat_json_interface"", ""resource_proxy"", ""oaipmh""]"
2025-12-07,dataplattform-malmo-dataplattform-malmo,https://ckan-malmo.dataplatform.se,163,14,17,2.9.11+civity.7,"{""ckan"": {""version"": ""2.9.11+civity.7"", ""plugins"": [""datastore"", ""datatables_view"", ""image_view"", ""recline_view"", ""resource_proxy"", ""stats"", ""text_view""]}, ""ckanext-dcat"": {""version"": ""1.5.1+civity.2"", ""plugins"": [""dcat_rdf_harvester"", ""dcat_json_interface"", ""dcat""]}, ""ckanext-geoview"": {""version"": ""0.2.2"", ""plugins"": [""geo_view"", ""geojson_view"", ""wmts_view"", ""shp_view""]}, ""ckanext-harvest"": {""version"": ""1.5.6"", ""plugins"": [""harvest"", ""ckan_harvester""]}, ""ckanext-keycloaksynch"": {""version"": ""2.2.0"", ""plugins"": [""keycloaksynch""]}, ""ckanext-malmo"": {""version"": ""1.3.1"", ""plugins"": [""malmo""]}, ""ckanext-matomo"": {""version"": ""1.0.0"", ""plugins"": [""matomo""]}, ""ckanext-oauth2"": {""version"": ""1.2.0"", ""plugins"": [""oauth2""]}, ""ckanext-portal"": {""version"": ""0.0.2"", ""plugins"": [""portal""]}, ""ckanext-scheming"": {""version"": ""3.0.0+civity.4"", ""plugins"": [""scheming_datasets"", ""scheming_organizations""]}, ""ckanext-sweden"": {""version"": ""2.1.0"", ""plugins"": [""sweden""]}, ""ckanext-tracker"": {""version"": ""2.4.0"", ""plugins"": [""tracker"", ""tracker_geoserver"", ""tracker_ogr""]}, ""ckanext-civity"": {""version"": ""2.8.0"", ""plugins"": [""civity"", ""civity_harvest"", ""civity_dcat_json_harvester"", ""civity_csw_harvester"", ""civity_ua"", ""civity_spatial"", ""civity_metadataquality""]}}"
2025-12-07,adh-data-portal,https://ckan.africadatahub.org,0,0,0,,
2025-12-07,americaview-ckan,https://ckan.americaview.org,257,6,42,2.8.4,"[""stats"", ""webpage_view"", ""text_view"", ""image_view"", ""recline_view"", ""pages"", ""datasetthumbnail""]"
2025-12-07,cabi-data-repository,https://ckan.cabi.org/data,53,6,21,2.7.2,"[""stats"", ""text_view"", ""image_view"", ""recline_view"", ""cabitheme"", ""cabimetadata"", ""cabiodk"", ""doi""]"
2025-12-07,open-data-portal-of-the-city-of-mendoza,https://ckan.ciudaddemendoza.gob.ar,180,13,33,2.7.6,"[""stats"", ""text_view"", ""image_view"", ""recline_view"", ""hierarchy_display"", ""hierarchy_form"", ""dcat"", ""structured_data"", ""gcbaandinotheme"", ""gobar_theme"", ""datastore"", ""datapusher"", ""seriestiempoarexplorer"", ""googleanalytics""]"
2025-12-07,rotterdam-data-portal,https://ckan.dataplatform.nl,2476,18,60,2.9.11+civity.7,"{""ckan"": {""version"": ""2.9.11+civity.7"", ""plugins"": [""datastore"", ""datatables_view"", ""image_view"", ""recline_view"", ""resource_proxy"", ""stats"", ""text_view""]}, ""ckanext-dcat"": {""version"": ""1.5.1+civity.2"", ""plugins"": [""dcat_rdf_harvester"", ""dcat_json_interface"", ""dcat""]}, ""ckanext-geoview"": {""version"": ""0.2.2"", ""plugins"": [""geo_view"", ""geojson_view"", ""wmts_view"", ""shp_view""]}, ""ckanext-harvest"": {""version"": ""1.5.6"", ""plugins"": [""harvest"", ""ckan_harvester""]}, ""ckanext-keycloaksynch"": {""version"": ""2.2.0"", ""plugins"": [""keycloaksynch""]}, ""ckanext-oauth2"": {""version"": ""1.2.0"", ""plugins"": [""oauth2""]}, ""ckanext-portal"": {""version"": ""0.0.2"", ""plugins"": [""portal""]}, ""ckanext-scheming"": {""version"": ""3.0.0+civity.4"", ""plugins"": [""scheming_datasets"", ""scheming_organizations""]}, ""ckanext-tracker"": {""version"": ""2.4.0"", ""plugins"": [""tracker"", ""tracker_geonetwork"", ""tracker_geoserver"", ""tracker_ogr"", ""tracker_ckantockan_donl""]}, ""ckanext-civity"": {""version"": ""2.8.0"", ""plugins"": [""civity"", ""civity_harvest"", ""civity_dcat_json_harvester"", ""civity_csw_harvester"", ""civity_ua"", ""civity_spatial"", ""civity_metadataquality""]}}"
2025-12-07,gerontomics-aging-research-data,https://ckan.dev.aging-research.group,2,0,6,2.7.2,"[""sysbio_state"", ""sysbio_package"", ""sysbio_gerontomics"", ""sysbio_theme"", ""stats"", ""resource_proxy"", ""text_view"", ""image_view"", ""recline_view""]"
2025-12-07,lwua-dip-lab-data-portal,https://ckan.diplab.uplb.edu.ph,0,0,0,,
2025-12-07,dsi-thailand-data-catalog,https://ckan.dsi.go.th,7,3,4,2.10.7,"[""thai_gdc"", ""showcase"", ""stats"", ""opendstats"", ""activity"", ""image_view"", ""datatables_view"", ""text_view"", ""webpage_view"", ""resource_proxy"", ""geo_view"", ""geojson_view"", ""shp_view"", ""xloader"", ""datastore"", ""pdf_view"", ""dcat"", ""dcat_json_interface"", ""structured_data"", ""scheming_datasets"", ""hierarchy_display"", ""hierarchy_form""]"
2025-12-07,dubno-city-council-s-open-data-portal,https://ckan.dubno-adm.rv.ua,0,0,0,,
2025-12-07,ckanearlhamacuk,https://ckan.earlham.ac.uk,1942,7,2,2.8.2,"[""stats"", ""text_view"", ""image_view"", ""pdf_view"", ""recline_preview"", ""recline_view"", ""datastore"", ""datapusher"", ""repeating"", ""scheming_datasets"", ""composite""]"
2025-12-07,emac-exoplanet-data-repository,https://ckan.emac.gsfc.nasa.gov,0,0,0,,
2025-12-07,futr-hub-ckan-portal,https://ckan.futr-hub.de,4,27,15,2.9.9,"[""envvars"", ""custom_theme"", ""image_view"", ""text_view"", ""recline_view"", ""webpage_view"", ""datastore"", ""datapusher"", ""resource_proxy"", ""pages"", ""harvest"", ""ckan_harvester"", ""linechart"", ""barchart"", ""piechart"", ""basicgrid"", ""geo_view"", ""geojson_view"", ""wmts_view"", ""shp_view"", ""pdf_view"", ""dcat"", ""dcatde"", ""scheming_datasets"", ""oauth2""]"
2025-12-07,schleswig-holstein-govdata-portal,https://ckan.govdata.de,0,0,0,,
2025-12-07,ckangrassrootstools,https://ckan.grassroots.tools,539,3,8,2.8.2,"[""stats"", ""text_view"", ""image_view"", ""recline_view"", ""officedocs_view"", ""googleanalytics"", ""dcat"", ""dcat_rdf_harvester"", ""dcat_json_harvester"", ""dcat_json_interface"", ""structured_data"", ""oaipmh"", ""repeating"", ""scheming_datasets"", ""composite""]"
2025-12-07,him-data-portal,https://ckan.himdataportal.com,102,0,3,2.10.1,"[""s3filestore"", ""activity"", ""idp"", ""datapusher"", ""datastore"", ""scheming_datasets"", ""recline_view"", ""datatables_view"", ""expire_api_token""]"
2025-12-07,sapporo-city-data-portal,https://ckan.hoda.jp,446,12,84,2.8.9,"[""image_view"", ""text_view"", ""recline_view"", ""resource_proxy"", ""datastore"", ""harvest"", ""ckan_harvester""]"
2025-12-07,idp-india-s-extensive-public-datasets,https://ckan.indiadataportal.com,88,0,3,2.10.3,"[""s3filestore"", ""activity"", ""idp"", ""datapusher"", ""datastore"", ""scheming_datasets"", ""recline_view"", ""datatables_view"", ""webpage_view"", ""expire_api_token""]"
2025-12-07,digitalni-a-informacni-agentura-data,https://ckan.issi.gov.cz,16,0,5,2.9.7,"[""envvars"", ""image_view"", ""text_view"", ""recline_view"", ""datastore"", ""datapusher"", ""spatial_metadata"", ""spatial_query"", ""resource_proxy"", ""geo_view"", ""geojson_view"", ""wmts_view"", ""shp_view"", ""issi_theme""]"
2025-12-07,open-data-from-the-rio-de-janeiro-botanical-garden-research-institute,https://ckan.jbrj.gov.br,44,0,7,2.9.5,"[""resource_proxy"", ""datastore"", ""stats"", ""matomo""]"
2025-12-07,mots-thailand-data-portal,https://ckan.mots.go.th,34,2,1,2.10.7,"[""thai_gdc"", ""showcase"", ""stats"", ""opendstats"", ""activity"", ""image_view"", ""datatables_view"", ""text_view"", ""webpage_view"", ""resource_proxy"", ""geo_view"", ""geojson_view"", ""shp_view"", ""xloader"", ""datastore"", ""pdf_view"", ""dcat"", ""dcat_json_interface"", ""structured_data"", ""scheming_datasets"", ""hierarchy_display"", ""hierarchy_form""]"
2025-12-07,gdansk-open-data,https://ckan.multimediagdansk.pl,59,11,5,2.10.4,"[""activity"", ""datastore"", ""datapusher"", ""image_view"", ""recline_view"", ""text_view"", ""datatables_view""]"
2025-12-07,ckanodpjigjp,https://ckan.odp.jig.jp,706,14,49,2.9.11,"[""stats"", ""text_view"", ""image_view"", ""recline_view"", ""odp""]"
2025-12-07,data-sets-openig,https://ckan.openig.org,392,16,27,2.7.6,"[""cas"", ""composite"", ""datastore"", ""datapusher"", ""restricted"", ""pdf_view"", ""text_view"", ""image_view"", ""recline_view"", ""recline_graph_view"", ""recline_grid_view"", ""recline_map_view"", ""spatial_metadata"", ""spatial_query"", ""resource_proxy"", ""geo_view"", ""geojson_view"", ""wmts_view"", ""webpage_view"", ""scheming_datasets"", ""stats"", ""showcase"", ""idgotheme"", ""dcat"", ""dcat_json_interface"", ""structured_data""]"
2025-12-07,ckanpfsapporojp,https://ckan.pf-sapporo.jp,256,12,9,2.9.11,"[""stats"", ""text_view"", ""image_view"", ""webpage_view"", ""recline_view"", ""datastore"", ""datapusher"", ""googleanalytics"", ""bodik_theme""]"
2025-12-07,akita-prefecture-open-data,https://ckan.pref.akita.lg.jp,246,17,12,2.9.7,"[""stats"", ""text_view"", ""image_view"", ""recline_grid_view"", ""recline_graph_view"", ""recline_map_view"", ""webpage_view"", ""geojson_view"", ""datastore"", ""xloader"", ""publicrestrictiondatasets"", ""officedocs_view"", ""googleanalytics""]"
2025-12-07,agueda-open-data-portal,https://ckan.sig.cm-agueda.pt,0,0,0,,
2025-12-07,open-data-of-the-siges-project,https://ckan.siges.sv,38,10,1,2.9.0a,"[""stats"", ""text_view"", ""image_view"", ""recline_view"", ""datapusher""]"
2025-12-07,ckansigessv,https://ckan.siges.sv/,38,10,1,2.9.0a,"[""stats"", ""text_view"", ""image_view"", ""recline_view"", ""datapusher""]"
2025-12-07,staging-futr-hub-ckan-portal,https://ckan.staging.futr-hub.de,2,27,33,2.9.9,"[""envvars"", ""custom_theme"", ""image_view"", ""text_view"", ""recline_view"", ""webpage_view"", ""datastore"", ""datapusher"", ""resource_proxy"", ""pages"", ""harvest"", ""ckan_harvester"", ""linechart"", ""barchart"", ""piechart"", ""basicgrid"", ""geo_view"", ""geojson_view"", ""wmts_view"", ""shp_view"", ""pdf_view"", ""dcat"", ""dcatde"", ""scheming_datasets"", ""oauth2""]"
2025-12-07,danubius-ri-data-portal,https://ckan.teorie.ro,0,0,0,,
2025-12-07,tirana-open-data-portal,https://ckan.tirana.al,238,11,15,2.8.4,"[""stats"", ""text_view"", ""image_view"", ""recline_view"", ""recline_grid_view"", ""recline_graph_view"", ""recline_map_view"", ""webpage_view"", ""spatial_metadata"", ""spatial_query"", ""harvest"", ""ckan_harvester"", ""datastore"", ""datapusher"", ""resource_proxy"", ""geojson_view"", ""viewhelpers"", ""dashboard_preview"", ""linechart"", ""barchart"", ""piechart"", ""ags_fs_view"", ""ags_ms_view""]"
2025-12-07,vec-data-catalog,https://ckan.vec.go.th,9,7,14,2.10.7,"[""thai_gdc"", ""showcase"", ""stats"", ""opendstats"", ""activity"", ""image_view"", ""datatables_view"", ""text_view"", ""webpage_view"", ""resource_proxy"", ""geo_view"", ""geojson_view"", ""shp_view"", ""xloader"", ""datastore"", ""pdf_view"", ""dcat"", ""dcat_json_interface"", ""structured_data"", ""scheming_datasets"", ""hierarchy_display"", ""hierarchy_form""]"
2025-12-07,syke-metadata-service,https://ckan.ymparisto.fi,616,1,9,2.9.0a,"[""syke_theme"", ""datastore"", ""stats"", ""text_view"", ""image_view"", ""recline_view"", ""datapusher"", ""spatial_metadata"", ""spatial_query"", ""harvest"", ""ckan_harvester"", ""csw_harvester"", ""csw_syke_harvester"", ""csw_syke_research_harvester"", ""scheming_datasets"", ""resource_proxy"", ""geo_view"", ""pages""]"
2025-12-07,ckanymparistofi,https://ckan.ymparisto.fi/,616,1,9,2.9.0a,"[""syke_theme"", ""datastore"", ""stats"", ""text_view"", ""image_view"", ""recline_view"", ""datapusher"", ""spatial_metadata"", ""spatial_query"", ""harvest"", ""ckan_harvester"", ""csw_harvester"", ""csw_syke_harvester"", ""csw_syke_research_harvester"", ""scheming_datasets"", ""resource_proxy"", ""geo_view"", ""pages""]"
2025-12-07,maritime-data-portal,https://ckanmtp.ymparisto.fi,126,8,9,2.9.0a,"[""syke_theme"", ""stats"", ""text_view"", ""image_view"", ""recline_view"", ""datastore"", ""datapusher"", ""harvest"", ""ckan_harvester"", ""spatial_metadata"", ""spatial_query"", ""csw_harvester"", ""csw_syke_mtp"", ""resource_proxy"", ""geo_view""]"
2025-12-07,open-data-of-the-judicial-power-of-costa-rica,https://ckanpj.azurewebsites.net,22,0,1,2.10.0a,"[""datastore"", ""datapusher"", ""image_view"", ""recline_view"", ""webpage_view"", ""text_view""]"
2025-12-07,ncar-opensky-data-search,https://ckanprod-alma.ucar.edu,0,0,0,,
2025-12-07,corona-open-data,https://corona-open-data.ckan.de,88,7,29,2.11.0,"[""stats"", ""tabledesigner"", ""text_view"", ""image_view"", ""datatables_view"", ""datastore"", ""xloader"", ""custom_theme"", ""activity"", ""pages"", ""dcat"", ""dcatde"", ""harvest"", ""showcase"", ""pdf_view"", ""resource_proxy"", ""geo_view"", ""geojson_view"", ""matomo_dsgvo"", ""structured_data"", ""jupyter_ipynb_raw"", ""jupyter_ipynb"", ""jupyter_ipynb_executed"", ""metadata_manager"", ""envvars""]"
2025-12-07,dadesobertesgvaes,https://dadesobertes.gva.es,1158,22,3,2.8.2,"[""stats"", ""text_view"", ""image_view"", ""recline_view"", ""webpage_view"", ""datastore"", ""datapusher"", ""harvest"", ""ckan_harvester"", ""api_harvest"", ""csw_harvester"", ""spatial_metadata"", ""spatial_query"", ""spatial_harvest_metadata_api"", ""api_basic_functions"", ""gva_theme"", ""googleanalytics"", ""pdf_view"", ""multilingual_dataset"", ""multilingual_group"", ""multilingual_tag"", ""feedback"", ""geo_view"", ""geojson_view"", ""federacion"", ""scheming_datasets"", ""estadisticas"", ""qa"", ""archiver"", ""report"", ""dcat"", ""dcat_rdf_harvester""]"
2025-12-07,salou-open-data-portal,https://dadesobertes.salou.cat,0,0,0,,
2025-12-07,open-data-aoc-consortium,https://dadesobertes.seu-e.cat,839,22,79,2.10.8,"[""datastore"", ""datapusher"", ""stats"", ""aoc_theme"", ""aoc_metadata"", ""aoc_views"", ""activity"", ""image_view"", ""text_view"", ""recline_view"", ""recline_grid_view"", ""recline_graph_view"", ""recline_map_view"", ""resource_proxy"", ""geo_view"", ""scheming_groups"", ""scheming_datasets"", ""scheming_organizations"", ""fluent"", ""dataexplorer_map_view"", ""envvars""]"
2025-12-07,valls-open-data-portal,https://dadesobertes.valls.cat,26,22,4,2.8.3,"[""stats"", ""text_view"", ""image_view"", ""recline_view"", ""recline_grid_view"", ""recline_graph_view"", ""recline_map_view"", ""webpage_view"", ""datastore"", ""datapusher"", ""personalitza"", ""navigablemap"", ""choroplethmap"", ""spatial_metadata"", ""spatial_query"", ""resource_proxy"", ""geo_view"", ""geojson_view"", ""wmts_view"", ""shp_view"", ""googleanalytics""]"
2025-12-07,dadesobertesvallscat,https://dadesobertes.valls.cat/,26,22,4,2.8.3,"[""stats"", ""text_view"", ""image_view"", ""recline_view"", ""recline_grid_view"", ""recline_graph_view"", ""recline_map_view"", ""webpage_view"", ""datastore"", ""datapusher"", ""personalitza"", ""navigablemap"", ""choroplethmap"", ""spatial_metadata"", ""spatial_query"", ""resource_proxy"", ""geo_view"", ""geojson_view"", ""wmts_view"", ""shp_view"", ""googleanalytics""]"
2025-12-07,open-data-portal-of-the-ministry-of-agriculture-and-livestock,https://dados.agricultura.gov.br,0,0,0,,
2025-12-07,alagoas-in-data-and-information,https://dados.al.gov.br/catalogo,380,10,22,2.8.5,"[""stats"", ""text_view"", ""image_view"", ""recline_view"", ""datastore"", ""harvest"", ""ckan_harvester"", ""resource_proxy"", ""pdf_view"", ""geojson_view"", ""webpage_view"", ""recline_map_view"", ""datapusher"", ""privatedatasets"", ""geo_view""]"
2025-12-07,antt-open-data-portal,https://dados.antt.gov.br,99,8,1,2.8.3,"[""stats"", ""text_view"", ""image_view"", ""pdf_view"", ""datastore"", ""antt_theme"", ""googleanalytics""]"
2025-12-07,open-data-portal-of-the-state-of-bahia,https://dados.ba.gov.br,21,10,3,2.10.4,"[""activity""]"
2025-12-07,open-data-portal-cefet-rj,https://dados.cefet-rj.br,25,1,1,2.9.5,"[""image_view"", ""text_view"", ""recline_view"", ""datastore"", ""datapusher"", ""envvars""]"
2025-12-07,ciga-open-data-portal,https://dados.ciga.sc.gov.br,552,4,3,2.9.2,"[""stats"", ""text_view"", ""image_view"", ""recline_view""]"
2025-12-07,cvm-open-data-portal,https://dados.cvm.gov.br,53,18,1,2.11.0,"[""activity"", ""stats"", ""pages"", ""googleanalytics""]"
2025-12-07,espirito-santo-open-data-portal,https://dados.es.gov.br,403,30,44,2.8.3,"[""stats"", ""text_view"", ""image_view"", ""recline_view"", ""datastore"", ""datapusher"", ""es_theme"", ""oauth2""]"
2025-12-07,cigets-public-data,https://dados.face.ufg.br,67,0,8,2.10.1,"[""envvars"", ""image_view"", ""text_view"", ""recline_view"", ""datastore"", ""datapusher""]"
2025-12-07,brazilian-forest-service-data-portal,https://dados.florestal.gov.br,52,20,1,2.10.4,"[""envvars"", ""image_view"", ""text_view"", ""recline_view"", ""datastore"", ""datapusher""]"
2025-12-07,ibict-open-data,https://dados.ibict.br,48,14,1,2.6.2,"[""stats"", ""text_view"", ""image_view"", ""recline_view"", ""datastore"", ""datapusher"", ""resource_proxy""]"
2025-12-07,ifpb-open-data-portal,https://dados.ifpb.edu.br,14,8,1,2.8.2,"[""stats"", ""text_view"", ""image_view"", ""recline_view"", ""datastore"", ""datapusher""]"
2025-12-07,ifrn-open-data-portal,https://dados.ifrn.edu.br,13,8,1,2.6.0,"[""stats"", ""text_view"", ""image_view"", ""recline_view"", ""recline_grid_view"", ""datastore"", ""datapusher"", ""ldap""]"
2025-12-07,open-data-ifro-dados-abertos-ifro,https://dados.ifro.edu.br,23,11,1,2.6.0,"[""stats"", ""text_view"", ""image_view"", ""recline_view"", ""datastore"", ""recline_grid_view""]"
2025-12-07,dadosifrsedubr,https://dados.ifrs.edu.br,7,5,1,2.6.2,"[""dadosabertos"", ""scheming_datasets"", ""repeating"", ""fluent"", ""composite"", ""datapusher"", ""datastore"", ""resource_proxy"", ""harvest"", ""ckan_harvester"", ""stats"", ""text_view"", ""image_view"", ""recline_view""]"
2025-12-07,open-data-ifsertaope-dados-abertos-ifsertaope,https://dados.ifsertao-pe.edu.br,0,0,0,,
2025-12-07,ifsp-open-data-portal,https://dados.ifsp.edu.br,41,7,1,2.9.5,"[""oauth2"", ""stats"", ""text_view"", ""image_view"", ""recline_view""]"
2025-12-07,ifsuldeminas-open-data-portal,https://dados.ifsuldeminas.edu.br,27,11,1,2.8.0,"[""stats"", ""text_view"", ""image_view"", ""datastore"", ""datapusher"", ""recline_view"", ""recline_grid_view"", ""resource_proxy""]"
2025-12-07,portugal-justice-open-data,https://dados.justica.gov.pt,62,0,11,2.7.2,"[""stats"", ""text_view"", ""image_view"", ""recline_view"", ""datastore"", ""datapusher"", ""mjustica_theme""]"
2025-12-07,open-data-portal-of-the-state-of-minas-gerais,https://dados.mg.gov.br,67,7,12,2.9.5,"[""stats"", ""text_view"", ""image_view"", ""recline_view"", ""datastore"", ""datapusher"", ""recline_grid_view"", ""webpage_view"", ""recline_graph_view"", ""resource_proxy"", ""geo_view"", ""geojson_view"", ""shp_view"", ""googleanalytics""]"
2025-12-07,ministry-of-justice-and-public-security,https://dados.mj.gov.br,30,7,14,2.4.1,"[""stats"", ""text_view"", ""image_view"", ""recline_view"", ""dadosgovbr_theme"", ""dadosgovbr_newssection"", ""pages""]"
2025-12-07,mma-open-data-portal,https://dados.mma.gov.br,32,0,1,2.6.2,"[""stats"", ""text_view"", ""image_view"", ""recline_view""]"
2025-12-07,ons-open-data,https://dados.ons.org.br,77,6,2,2.9.11,"[""sso"", ""envvars"", ""image_view"", ""text_view"", ""recline_view"", ""datastore"", ""googleanalytics""]"
2025-12-07,pernambuco-open-data-portal,https://dados.pe.gov.br,39,3,3,2.8.4,"[""stats"", ""text_view"", ""image_view"", ""recline_view"", ""datastore"", ""datapusher""]"
2025-12-07,open-data-poa,https://dados.portoalegre.rs.gov.br,55,10,25,2.7.2,"[""stats"", ""text_view"", ""image_view"", ""recline_view"", ""webpage_view"", ""pdf_view"", ""recline_map_view"", ""resource_proxy"", ""datastore"", ""datapusher"", ""viewhelpers"", ""dashboard_preview"", ""linechart"", ""barchart"", ""piechart"", ""basicgrid"", ""navigablemap"", ""choroplethmap"", ""tema_datapoa"", ""geo_view"", ""geojson_view"", ""wmts_view""]"
2025-12-07,open-data-portal-of-the-city-of-sao-paulo-portal-de-dados-abertos-da-cidade-de-sao-paulo,https://dados.prefeitura.sp.gov.br,358,15,80,2.7.7,"[""stats"", ""text_view"", ""image_view"", ""resource_proxy"", ""pdf_view"", ""webpage_view"", ""recline_grid_view"", ""recline_graph_view"", ""recline_map_view"", ""recline_view"", ""prodam_tema_exemplo"", ""datastore"", ""datapusher""]"
2025-12-07,rio-grande-do-sul-data-portal,https://dados.rs.gov.br,0,0,0,,
2025-12-07,ministry-of-infrastructure,https://dados.transportes.gov.br,108,13,3,2.10.4,"[""stats"", ""text_view"", ""image_view"", ""activity""]"
2025-12-07,ufba-open-data-portal,https://dados.ufba.br,14,10,1,2.7.5,"[""stats"", ""text_view"", ""image_view"", ""datastore"", ""datapreview"", ""recline_view""]"
2025-12-07,dadosufcbr,https://dados.ufc.br,121,4,14,2.10.1,"[""stats"", ""text_view"", ""image_view"", ""activity""]"
2025-12-07,ufca-open-data-portal,https://dados.ufca.edu.br,12,1,1,,"[""stats"", ""text_view"", ""image_view"", ""activity""]"
2025-12-07,ufcspa-open-data,https://dados.ufcspa.edu.br,33,12,1,2.6.0,"[""stats"", ""text_view"", ""image_view"", ""recline_view"", ""recline_grid_view"", ""datastore"", ""datapusher"", ""resource_proxy""]"
2025-12-07,dadosufesbr,https://dados.ufes.br,5,0,1,2.10.3,"[""envvars"", ""image_view"", ""text_view"", ""recline_view"", ""datastore"", ""datapusher""]"
2025-12-07,uff-open-data-portal,https://dados.uff.br,23,5,1,2.7.2,"[""stats"", ""text_view"", ""image_view"", ""recline_view"", ""uff_theme"", ""datastore"", ""datapusher"", ""pdf_view""]"
2025-12-07,uffs-open-data,https://dados.uffs.edu.br,24,8,1,2.9.7,"[""stats"", ""text_view"", ""image_view"", ""recline_view"", ""datastore"", ""datapusher"", ""example_theme"", ""ldap""]"
2025-12-07,ufg-open-data,https://dados.ufg.br,33,7,1,2.9.0a,"[""stats"", ""text_view"", ""image_view"", ""recline_view"", ""ldap"", ""ufg_theme"", ""datastore""]"
2025-12-07,federal-university-of-juiz-de-fora-data-portal,https://dados.ufjf.br,22,7,1,2.10.7,"[""activity"", ""datastore"", ""xloader""]"
2025-12-07,ufla-open-data-portal,https://dados.ufla.br,24,8,9,2.9.0,"[""stats"", ""text_view"", ""image_view"", ""recline_view"", ""datastore"", ""datapusher"", ""ldap"", ""googleanalytics""]"
2025-12-07,ufmg-dados-abertos,https://dados.ufmg.br,20,0,1,2.9.2,"[""stats"", ""text_view"", ""image_view"", ""recline_view"", ""datastore"", ""datapusher""]"
2025-12-07,ufpe-open-data-portal,https://dados.ufpe.br,17,10,1,2.9.5,"[""stats"", ""text_view"", ""image_view"", ""recline_view"", ""datastore"", ""datapusher"", ""recline_grid_view"", ""googleanalytics"", ""ldap"", ""ufpe_theme"", ""pages""]"
2025-12-07,open-data-ufpi,https://dados.ufpi.br,29,12,4,2.6.4,"[""stats"", ""text_view"", ""image_view"", ""recline_view"", ""datapusher"", ""datastore"", ""dadosgovbrschema"", ""dadosgovbr"", ""pdf_view"", ""recline_grid_view"", ""recline_graph_view""]"
2025-12-07,ufrb-open-data,https://dados.ufrb.edu.br,0,0,0,,
2025-12-07,open-data-ufrgs,https://dados.ufrgs.br,0,0,0,,
2025-12-07,ufrn-open-data,https://dados.ufrn.br,89,12,1,2.5.2,"[""stats"", ""text_view"", ""image_view"", ""recline_view"", ""datastore"", ""datapusher"", ""recline_grid_view"", ""recline_map_view"", ""recline_graph_view"", ""webpage_view"", ""resource_proxy""]"
2025-12-07,ufs-open-data-portal,https://dados.ufs.br,30,6,1,2.10.0a,"[""stats"", ""image_view"", ""text_view"", ""recline_view"", ""pdf_view"", ""datastore"", ""datapusher"", ""envvars"", ""resource_proxy""]"
2025-12-07,open-data-ufscar,https://dados.ufscar.br,9,5,1,2.9.4,"[""envvars"", ""image_view"", ""text_view"", ""recline_view"", ""datastore"", ""datapusher""]"
2025-12-07,ufv-open-data-portal,https://dados.ufv.br,50,6,1,2.8.1,"[""stats"", ""text_view"", ""image_view"", ""recline_view"", ""datastore"", ""datapusher"", ""webpage_view""]"
2025-12-07,dadosunifesspaedubr,https://dados.unifesspa.edu.br,0,0,0,,
2025-12-07,univasf-open-data-portal,https://dados.univasf.edu.br,67,12,1,2.10.4,"[""envvars"", ""stats"", ""text_view"", ""image_view"", ""recline_view"", ""recline_grid_view"", ""datastore"", ""datapusher"", ""resource_proxy""]"
2025-12-07,open-data-portal-of-the-central-bank-of-brazil,https://dadosabertos.bcb.gov.br,4101,6,51,2.10.4,"[""image_view"", ""text_view"", ""recline_view"", ""datastore"", ""ldap"", ""pages"", ""bcbdadosabertos"", ""scheming_datasets"", ""activity"", ""envvars""]"
2025-12-07,bndes-open-data-portal,https://dadosabertos.bndes.gov.br,46,25,1,2.11.1,"[""image_view"", ""pdf_view"", ""text_view"", ""datatables_view"", ""datastore"", ""stats"", ""tracking"", ""envvars""]"
2025-12-07,capes-open-data,https://dadosabertos.capes.gov.br,78,29,4,2.9.5,"[""stats"", ""text_view"", ""image_view"", ""recline_view"", ""datastore"", ""resource_proxy"", ""datapusher"", ""webpage_view"", ""pdf_view"", ""capes_template""]"
2025-12-07,ibama-ibama,https://dadosabertos.ibama.gov.br,70,1,1,2.10.4,"[""stats"", ""text_view"", ""image_view"", ""recline_view""]"
2025-12-07,ifal-open-data-portal,https://dadosabertos.ifal.edu.br,48,9,1,2.8.7,"[""stats"", ""text_view"", ""image_view"", ""recline_view"", ""datastore"", ""datapusher"", ""resource_proxy""]"
2025-12-07,dadosabertosifcedubr,https://dadosabertos.ifc.edu.br,51,5,1,2.8.0,"[""stats"", ""text_view"", ""image_view"", ""recline_view"", ""recline_grid_view"", ""recline_graph_view"", ""recline_map_view""]"
2025-12-07,ifmg-open-data,https://dadosabertos.ifmg.edu.br,22,0,1,2.10.5,"[""activity"", ""datastore"", ""stats"", ""text_view"", ""image_view"", ""datatables_view"", ""webpage_view""]"
2025-12-07,iftm-open-data-portal,https://dadosabertos.iftm.edu.br,56,5,1,2.11.2,"[""activity"", ""datastore"", ""datapusher_plus"", ""image_view"", ""datatables_view"", ""pdf_view"", ""text_view""]"
2025-12-07,dadosabertosinssgovbr,https://dadosabertos.inss.gov.br,35,2,1,2.10.0a,"[""stats"", ""text_view"", ""image_view"", ""recline_view""]"
2025-12-07,open-data-poa-dados-abertos-poa,https://dadosabertos.poa.br,55,10,25,2.7.2,"[""stats"", ""text_view"", ""image_view"", ""recline_view"", ""webpage_view"", ""pdf_view"", ""recline_map_view"", ""resource_proxy"", ""datastore"", ""datapusher"", ""viewhelpers"", ""dashboard_preview"", ""linechart"", ""barchart"", ""piechart"", ""basicgrid"", ""navigablemap"", ""choroplethmap"", ""tema_datapoa"", ""geo_view"", ""geojson_view"", ""wmts_view""]"
2025-12-07,porto-open-data-portal,https://dadosabertos.porto.digital,109,0,6,2.9.5,"[""envvars"", ""image_view"", ""text_view"", ""recline_view"", ""datastore"", ""datapusher""]"
2025-12-07,tse-open-data-portal,https://dadosabertos.tse.jus.br,164,11,7,2.9.3,"[""stats"", ""text_view"", ""image_view"", ""datastore"", ""pages"", ""googleanalytics"", ""tribunalsuperioreleitoral""]"
2025-12-07,open-data-ufam,https://dadosabertos.ufam.edu.br,82,15,1,2.9.5,"[""stats"", ""text_view"", ""image_view"", ""recline_view"", ""datastore"", ""datapusher""]"
2025-12-07,ufersa-open-data,https://dadosabertos.ufersa.edu.br,0,0,0,,
2025-12-07,ufgd-open-data,https://dadosabertos.ufgd.edu.br,0,0,0,,
2025-12-07,dadosabertosufmabr,https://dadosabertos.ufma.br,39,7,1,2.6.2,"[""stats"", ""text_view"", ""image_view"", ""recline_view"", ""datastore"", ""datapusher"", ""pdf_view""]"
2025-12-07,ufms-open-data-portal,https://dadosabertos.ufms.br,36,7,1,2.9.5,"[""stats"", ""text_view"", ""image_view"", ""recline_view"", ""ldap"", ""datastore"", ""datapusher""]"
2025-12-07,open-data-ufpb,https://dadosabertos.ufpb.br,17,3,1,2.9.5,"[""stats"", ""text_view"", ""image_view"", ""recline_view""]"
2025-12-07,unifesp-open-data,https://dadosabertos.unifesp.br,0,0,0,,
2025-12-07,kolomyia-city-open-data-portal,https://dani.kolrada.gov.ua,0,0,0,,
2025-12-07,unesco-operandum-data-catalog,https://data-catalogue.operandum-project.eu,2248,25,24,2.8.6,"[""envvars"", ""image_view"", ""text_view"", ""recline_view"", ""recline_grid_view"", ""recline_observation_view"", ""datastore"", ""xloader"", ""operandum"", ""scheming_datasets"", ""resource_proxy"", ""geo_view"", ""geojson_view"", ""wmts_view"", ""pdf_view"", ""spatial_metadata"", ""spatial_query""]"
2025-12-07,gstar-data-sharing-portal,https://data-portal.hpc.swin.edu.au,0,0,0,,
2025-12-07,norwegian-customs-data,https://data-test.toll.no,26,0,1,2.10.3,"""envvars image_view text_view recline_view datastore datapusher"""
2025-12-07,west-aceh-open-data,https://data.acehbaratkab.go.id,492,22,56,2.7.4,"[""stats"", ""text_view"", ""image_view"", ""recline_view"", ""datastore"", ""datapusher"", ""apihelper"", ""kotakab_aceh_sentral""]"
2025-12-07,aceh-jaya-open-data,https://data.acehjayakab.go.id,195,13,39,2.7.4,"[""stats"", ""text_view"", ""image_view"", ""recline_view"", ""datastore"", ""datapusher"", ""apihelper"", ""kotakab_aceh""]"
2025-12-07,south-aceh-open-data,https://data.acehselatankab.go.id,0,0,0,,
2025-12-07,bira-iasb-data-repository,https://data.aeronomie.be,130,5,1,2.11.3,"[""resource_proxy"", ""datatables_view"", ""text_view"", ""image_view"", ""stats"", ""pdf_view"", ""markdown_view"", ""biraiasb_global"", ""harvest"", ""ckan_harvester"", ""spatial_metadata"", ""spatial_query"", ""dcat"", ""dcat_json_interface"", ""structured_data"", ""doi"", ""saml2auth"", ""scheming_groups"", ""scheming_datasets"", ""sitemap"", ""matomo"", ""openapi""]"
2025-12-07,amerigeoss-community-platform-datahub,https://data.amerigeoss.org,644298,80,76,2.11.3,"[""activity"", ""harvest"", ""ckan_harvester"", ""scheming_datasets"", ""pdf_view"", ""resource_proxy"", ""geo_view"", ""geojson_view"", ""wmts_view"", ""shp_view"", ""spatial_metadata"", ""csw_harvester"", ""waf_harvester"", ""doc_harvester"", ""spatial_query"", ""text_view"", ""image_view"", ""webpage_view"", ""datastore"", ""stats"", ""fgdc_theme"", ""dcat"", ""dcat_rdf_harvester"", ""structured_data"", ""dcat_json_harvester"", ""dcat_json_interface"", ""datapusher_plus"", ""datatables_view"", ""video_view"", ""audio_view""]"
2025-12-07,hand-in-hand-platform-fao-catalog,https://data.apps.fao.org/catalog,10371,51,183,2.8.6,"[""resource_proxy"", ""stats"", ""googleanalytics"", ""gcIAP"", ""publisher"", ""fao_theme"", ""scheming_dcat"", ""jsonschema"", ""jsonschema_iso"", ""jsonschema_dashboard"", ""jsonschema_dataset"", ""terriajs"", ""jsonschema_dashboard_view"", ""text_view"", ""image_view"", ""spatial_metadata"", ""spatial_query"", ""geo_view"", ""wmts_view"", ""shp_view"", ""dcat"", ""dcat_rdf_harvester"", ""dcat_json_harvester"", ""dcat_json_interface"", ""structured_data"", ""scheming_datasets"", ""scheming_organizations"", ""harvest"", ""ckan_harvester"", ""csw_harvester"", ""jsonschema_bucket_indexer"", ""jsonschema_event_publisher"", ""terriajs_bucket_indexer""]"
2025-12-07,open-data-and-information-portal,https://data.asc-csa.gc.ca,156,0,2,2.9.9,"[""stats"", ""text_view"", ""image_view"", ""recline_view"", ""datastore"", ""datapusher"", ""resource_proxy"", ""csa"", ""scheming_datasets"", ""fluent""]"
2025-12-07,aurin-data-catalogue,https://data.aurin.org.au,4820,4,88,2.11.3,"[""envvars"", ""activity"", ""image_view"", ""text_view"", ""geo_view"", ""spatial_metadata"", ""wmts_view"", ""shp_view"", ""aurintheme"", ""harvest"", ""ckan_harvester"", ""spatial_query"", ""geojson_view"", ""resource_proxy""]"
2025-12-07,avinor-data-catalog-ckan,https://data.avinor.no,5,0,1,2.10.1,"[""envvars"", ""image_view"", ""text_view"", ""recline_view"", ""azure_auth"", ""avinor_template""]"
2025-12-07,one-data-balikpapan-satu-data-balikpapan,https://data.balikpapan.go.id,537,11,39,2.8.3,"[""stats"", ""text_view"", ""image_view"", ""officedocs_view"", ""recline_view"", ""webpage_view"", ""datastore"", ""spatial_metadata"", ""spatial_query"", ""harvest"", ""ckan_harvester"", ""csw_harvester"", ""waf_harvester"", ""doc_harvester"", ""resource_proxy"", ""geo_view"", ""geojson_view"", ""wmts_view"", ""shp_view"", ""datapusher"", ""ags_fs_view"", ""ags_ms_view"", ""pdf_view"", ""pages"", ""onedataportal"", ""issues"", ""privatedatasets"", ""scheming_datasets"", ""repeating"", ""composite"", ""validation"", ""navigablemap"", ""choroplethmap"", ""linechart"", ""barchart"", ""piechart"", ""basicgrid""]"
2025-12-07,databangkokgoth,https://data.bangkok.go.th,1248,0,115,2.9.9,"[""bkk_open_data"", ""discovery"", ""search_suggestions"", ""googleanalytics"", ""thai_gdc"", ""stats"", ""opendstats"", ""text_view"", ""image_view"", ""recline_view"", ""recline_graph_view"", ""recline_grid_view"", ""resource_proxy"", ""datastore"", ""xloader"", ""webpage_view"", ""pdf_view"", ""scheming_datasets"", ""scheming_groups"", ""hierarchy_display"", ""hierarchy_form"", ""hierarchy_group_form"", ""dcat"", ""dcat_json_interface"", ""structured_data""]"
2025-12-07,north-bengkulu-one-data,https://data.bengkuluutarakab.go.id,0,0,0,,
2025-12-07,digitwin-databank,https://data.beta.geodan.nl,145,76,29,2.10.4,"[""envvars"", ""text_view"", ""image_view"", ""datatables_view"", ""datastore"", ""datapusher"", ""cesium_view"", ""geodan_theme"", ""resource_proxy"", ""geo_view"", ""wmts_view"", ""geojson_view"", ""shp_view"", ""hierarchy_display"", ""hierarchy_group_form""]"
2025-12-07,belgian-biodiversity-data-portal,https://data.biodiversity.be,549,4,26,2.9.2,"[""stats"", ""text_view"", ""image_view"", ""recline_view"", ""bbpf_theme"", ""gbif_fields""]"
2025-12-07,new-zealand-s-biological-heritage-data-repository,https://data.bioheritage.nz,104,4,5,2.7.6,"[""stats"", ""text_view"", ""image_view"", ""recline_view"", ""recline_grid_view"", ""recline_map_view"", ""recline_graph_view"", ""datastore"", ""resource_proxy"", ""datapusher"", ""webpage_view"", ""nzbh"", ""repeating"", ""harvest"", ""ckan_harvester"", ""dcat"", ""dcat_rdf_harvester"", ""dcat_json_harvester"", ""dcat_json_interface"", ""structured_data"", ""geo_view"", ""geojson_view"", ""wmts_view"", ""officedocs_view"", ""spatial_metadata"", ""spatial_query"", ""pdf_view"", ""googleanalytics""]"
2025-12-07,city-of-birmingham,https://data.birminghamal.gov,0,0,0,,
2025-12-07,fukuoka-prefecture-open-data-catalog,https://data.bodik.jp,16739,21,375,,"[""googleanalytics"", ""activity"", ""stats"", ""image_view"", ""video_view"", ""text_view"", ""recline_view"", ""recline_grid_view"", ""recline_graph_view"", ""recline_map_view"", ""webpage_view"", ""pdf_view"", ""geo_view"", ""officedocs_view"", ""datastore"", ""datapusher"", ""harvest"", ""ckan_harvester"", ""resource_proxy"", ""geojson_view"", ""shp_view"", ""bodik_theme"", ""feedback""]"
2025-12-07,boston-open-data,https://data.boston.gov,0,0,0,,
2025-12-07,managing-research-data-staff-university-of-bristol,https://data.bris.ac.uk,0,0,0,,
2025-12-07,university-of-bristol-data-repository,https://data.bris.ac.uk/data,74166,6,6,2.7.5,"[""stats"", ""text_view"", ""image_view"", ""recline_view"", ""databris_ui""]"
2025-12-07,buenos-aires-data,https://data.buenosaires.gob.ar,443,8,37,2.11.0,"[""stats"", ""activity"", ""datastore"", ""hierarchy_display"", ""hierarchy_form"", ""gobar_theme""]"
2025-12-07,california-open-data,https://data.ca.gov,0,0,0,,
2025-12-07,capitol-data-portal,https://data.capitol.texas.gov,907,4,1,2.8.2,"[""stats"", ""text_view"", ""image_view"", ""recline_view""]"
2025-12-07,columbia-basin-water-hub,https://data.cbwaterhub.ca,441,12,54,2.10.8,"[""activity"", ""waterhub"", ""hierarchy_display"", ""scheming_datasets"", ""scheming_organizations"", ""stats"", ""text_view"", ""image_view"", ""cbwh_recline_view"", ""cbwh_recline_graph_view"", ""webpage_view"", ""pdf_view"", ""charts_view"", ""charts_builder_view"", ""datastore"", ""xloader"", ""geo_view"", ""geojson_view"", ""mapsearch"", ""officedocs_view"", ""check_link"", ""ingest"", ""pages"", ""flakes"", ""wh_doi"", ""editable_config""]"
2025-12-07,dataccrpcorg,https://data.ccrpc.org,350,8,3,2.11.2,"[""stats"", ""text_view"", ""image_view"", ""datatables_view"", ""resource_proxy"", ""geojson_view"", ""webpage_view"", ""spatial_metadata"", ""spatial_query"", ""harvest"", ""ckan_harvester"", ""dcat"", ""dcat_rdf_harvester"", ""dcat_json_harvester"", ""dcat_json_interface"", ""structured_data"", ""datajson"", ""googleanalytics"", ""rpctheme"", ""pages""]"
2025-12-07,taiwan-cdc-open-data-portal-taiwan-cdc-open-data-portal,https://data.cdc.gov.tw,315,14,21,2.9.2,"[""cdctondc"", ""pages"", ""cdcregistration"", ""cdcmainlib"", ""cdcframe"", ""cdccushomepage2"", ""basicgrid"", ""linechart"", ""barchart"", ""piechart"", ""datapusher"", ""datastore"", ""scheming_datasets"", ""scheming_groups"", ""scheming_organizations"", ""stats"", ""text_view"", ""image_view"", ""recline_grid_view"", ""recline_graph_view"", ""recline_map_view"", ""recline_view"", ""resource_proxy"", ""geo_view"", ""webpage_view"", ""download""]"
2025-12-07,california-health-and-human-services-open-data-portal,https://data.chhs.ca.gov,0,0,0,,
2025-12-07,newark-open-data,https://data.ci.newark.nj.us,0,0,0,,
2025-12-07,open-data-catalog-site,https://data.city.fukuyama.hiroshima.jp,62,10,15,2.9.1,"[""envvars"", ""image_view"", ""text_view"", ""recline_view"", ""datastore"", ""datapusher""]"
2025-12-07,yokohama-city-open-data-portal,https://data.city.yokohama.lg.jp,640,12,47,2.9.11,"[""text_view"", ""image_view"", ""recline_view"", ""pdf_view"", ""datastore"", ""datapusher"", ""custom_theme""]"
2025-12-07,city-of-denton-open-data,https://data.cityofdenton.com,0,0,0,,
2025-12-07,open-data-portal-south-tyrol-open-data-portal-south-tyrol,https://data.civis.bz.it,821,17,32,2.10.7,"[""stats"", ""resource_proxy"", ""pdf_view"", ""text_view"", ""image_view"", ""recline_view"", ""datatables_view"", ""provbz"", ""provbz_auth"", ""activity"", ""harvest"", ""ckan_harvester"", ""spatial_metadata"", ""spatial_query"", ""dcat"", ""dcat_json_interface"", ""structured_data"", ""multilang"", ""multilang_harvester"", ""multilang_resources"", ""dcatapit_pkg"", ""dcatapit_org"", ""dcatapit_config"", ""dcatapit_vocabulary"", ""dcatapit_harvester"", ""dcatapit_csw_harvester"", ""dcatapit_harvest_list"", ""geonetwork_harvester"", ""provbz_harvester"", ""categorie"", ""pages""]"
2025-12-07,california-natural-resources-agency-open-data,https://data.cnra.ca.gov,0,0,0,,
2025-12-07,the-home-of-open-data-in-cork,https://data.corkcity.ie,22,3,5,2.9.13,"[""dlxschema"", ""sqlalchemythread"", ""uwsgistats"", ""stats"", ""text_view"", ""image_view"", ""officedocs_view"", ""pdf_view"", ""dcat"", ""dcat_json_interface"", ""superset"", ""psbthemealt"", ""schema_field_groups"", ""scheming_datasets"", ""spatial_metadata"", ""spatial_query"", ""harvest"", ""ckan_harvester"", ""csw_harvester"", ""waf_harvester"", ""doc_harvester"", ""datatables_view"", ""datastore"", ""datapusher"", ""dietstars"", ""geo_view"", ""geojson_view"", ""resource_proxy"", ""twitterwidget"", ""fluent"", ""esri_arcgis_harvester"", ""security""]"
2025-12-07,datactbeus,https://data.ctb.eus,0,0,0,,
2025-12-07,citizen-data-portal,https://data.data4citizen.jp,389,21,85,2.10.4,"[""envvars"", ""image_view"", ""text_view"", ""recline_view"", ""recline_grid_view"", ""recline_graph_view"", ""recline_map_view"", ""datatables_view"", ""datastore"", ""datapusher"", ""activity""]"
2025-12-07,dathere-data-catalog,https://data.dathere.com/,0,0,0,,
2025-12-07,deli-serdang-one-data,https://data.deliserdangkab.go.id,0,0,0,,
2025-12-07,demak-regency-open-data,https://data.demakkab.go.id,27611,10,79,2.8.2,"[""stats"", ""text_view"", ""image_view"", ""recline_view"", ""datastore""]"
2025-12-07,depositar-deposit-discover-reuse,https://data.depositar.io,0,0,0,,
2025-12-07,data-accounting-department-of-science-service,https://data.dss.go.th,15,6,12,2.10.7,"[""thai_gdc"", ""showcase"", ""stats"", ""opendstats"", ""activity"", ""image_view"", ""datatables_view"", ""text_view"", ""webpage_view"", ""resource_proxy"", ""geo_view"", ""geojson_view"", ""shp_view"", ""xloader"", ""datastore"", ""pdf_view"", ""dcat"", ""dcat_json_interface"", ""structured_data"", ""scheming_datasets"", ""hierarchy_display"", ""hierarchy_form""]"
2025-12-07,ecosis-spectral-library,https://data.ecosis.org,217,10,53,2.10.1,"[""stats"", ""ecosis"", ""text_view"", ""image_view""]"
2025-12-07,department-of-education-open-data-platform,https://data.ed.gov,0,0,0,,
2025-12-07,fid-move-research-data-repository,https://data.fid-move.de,0,0,0,,
2025-12-07,gayo-lues-open-data,https://data.gayolueskab.go.id,230,12,45,2.7.4,"[""stats"", ""text_view"", ""image_view"", ""recline_view"", ""datastore"", ""datapusher"", ""apihelper"", ""kotakab_aceh""]"
2025-12-07,gender-data-lab,https://data.genderdatalab.org,12,0,7,2.9.9,"[""envvars"", ""stats"", ""text_view"", ""image_view"", ""recline_view"", ""recline_grid_view"", ""recline_graph_view"", ""datastore"", ""xloader"", ""geo_view"", ""genderdatalab_theme""]"
2025-12-07,india-girl-education-data,https://data.girleducation.in,277,0,3,2.9.3,"[""stats"", ""text_view"", ""image_view"", ""recline_view"", ""datastore""]"
2025-12-07,open-government-data-of-thailand,https://data.go.th,0,0,0,,
2025-12-07,australian-government-data,https://data.gov.au,98662,26,1106,2.11.4,"[""security"", ""datagovau"", ""dga_resource"", ""toolbelt_safe_upload"", ""scheming_datasets"", ""scheming_organizations"", ""googleanalytics"", ""hierarchy_display"", ""agls"", ""spatial_metadata"", ""spatial_query"", ""dcat"", ""structured_data"", ""xloader"", ""datastore"", ""activity"", ""resource_proxy"", ""admin_panel"", ""drupal_api"", ""officedocs_view"", ""pdf_view"", ""zip_view"", ""text_view"", ""webpage_view"", ""image_view"", ""datatables_view"", ""pygments_view"", ""stats"", ""flakes"", ""charts_view"", ""harvest_basket"", ""harvest"", ""dga_ckan_harvester"", ""basket_dcat_json_harvester"", ""basket_csw_harvester"", ""basket_csiro_harvester"", ""gbrmpa_arcgis_harvester"", ""transmute"", ""check_link"", ""collection"", ""composite_search"", ""default_composite_search"", ""search_tweaks_advanced_search"", ""search_tweaks"", ""search_tweaks_spellcheck"", ""search_tweaks_field_relevance"", ""search_tweaks_query_relevance"", ""resource_indexer"", ""plain_resource_indexer"", ""pdf_resource_indexer"", ""search_autocomplete"", ""mailcraft"", ""iso19115"", ""metaexport"", ""dga_update_facets""]"
2025-12-07,ireland-open-data-portal,https://data.gov.ie,21767,1,173,2.9.13,"[""superset"", ""geo_view"", ""shp_view"", ""geojson_view"", ""wmts_view"", ""pdf_view"", ""officedocs_view"", ""pages"", ""text_view"", ""image_view"", ""recline_graph_view"", ""recline_map_view"", ""webpage_view"", ""dcat"", ""dcat_json_interface"", ""datastore"", ""datapusher"", ""dietstars"", ""resource_proxy"", ""datatables_view"", ""harvest"", ""spatial_metadata"", ""spatial_query"", ""ckan_harvester"", ""dgi_ckan_harvester"", ""dcat_rdf_harvester"", ""dublinked_ckan_harvester"", ""esri_arcgis_harvester"", ""gemini_csw_harvester"", ""dgi_gemini_harvester"", ""isde_harvester"", ""hplg_dcat_json_harvester"", ""hplg_dcat_json_geospatial_harvester"", ""showcase"", ""jsonstat_view"", ""datarequests"", ""sqlalchemythread"", ""uwsgistats"", ""datastore_cleanup"", ""fluent"", ""dgithree"", ""impactstories"", ""likes"", ""ytp_comments"", ""dx_stats"", ""haleandhearty"", ""broken_links"", ""twitterwidget"", ""featured"", ""stats"", ""discourse-sso"", ""dlxschema"", ""schema_field_groups"", ""scheming_organizations"", ""scheming_datasets""]"
2025-12-07,open-data-kyrgyzstan,https://data.gov.kg,1337,0,51,2.11.0,"[""activity"", ""datastore"", ""datapusher"", ""maintheme""]"
2025-12-07,latvian-open-data-portal,https://data.gov.lv,1430,14,107,2.11.3,"[""dashboard"", ""activity"", ""scheming_datasets"", ""datapusher"", ""datastore"", ""csvuploadvalid"", ""dcat"", ""datatables_view"", ""image_view"", ""text_view"", ""harvest"", ""ckan_harvester"", ""dcat_rdf_harvester"", ""csw_harvester"", ""customstats"", ""datapusher_job_list"", ""datapusher_resubmit"", ""auth_eparaksts"", ""csvmetadata"", ""latvian_theme_v2""]"
2025-12-07,data-gov-ro-data-gov-ro,https://data.gov.ro,4894,14,177,2.8.3,"[""image_view"", ""text_view"", ""recline_view"", ""pdf_view"", ""recline_grid_view"", ""recline_graph_view"", ""recline_map_view"", ""webpage_view"", ""stats"", ""showcase"", ""datastore"", ""datapusher"", ""resource_proxy"", ""geo_view"", ""geojson_view"", ""qa"", ""archiver"", ""report"", ""tagless_report"", ""rating"", ""datarequests"", ""sparql_interface"", ""contact_us_plugin"", ""dcat"", ""dcat_json_interface"", ""structured_data"", ""datagovro_theme"", ""pages"", ""envvars"", ""googleanalytics""]"
2025-12-07,government-of-the-republic-of-trinidad-and-tobago-open-data-platform,https://data.gov.tt,0,0,0,,
2025-12-07,datagovua,https://data.gov.ua,39566,12,11661,2.7.2,"[""discourse-sso"", ""issues"", ""sparql_interface"", ""stats"", ""text_view"", ""image_view"", ""recline_map_view"", ""recline_grid_view"", ""datastore"", ""datapusher"", ""multilingual_group"", ""multilingual_tag"", ""forum"", ""pages"", ""apps"", ""prettymail"", ""qa"", ""archiver"", ""report"", ""harvest"", ""ckan_harvester"", ""dcat"", ""dcat_rdf_harvester"", ""dcat_json_harvester"", ""dcat_json_interface"", ""dgua"", ""dgua_hash_validation""]"
2025-12-07,mauritius-opendata-portal,https://data.govmu.org,800,12,1,2.11.4,"[""image_view"", ""text_view"", ""datatables_view"", ""datastore"", ""datapusher"", ""envvars""]"
2025-12-07,h-mat-materials-data-hub,https://data.h-mat.org,31,0,87,2.9.9,"[""stats"", ""text_view"", ""image_view"", ""recline_view"", ""officedocs_view"", ""pdf_view"", ""hierarchy"", ""hmat_theme"", ""lightmat_theme"", ""oauth2"", ""s3filestore"", ""googleanalytics""]"
2025-12-07,hospital-quality-accreditation-institute,https://data.ha.or.th,0,0,0,,
2025-12-07,to-get-down-satudata,https://data.halmaherautarakab.go.id,166,27,31,2.9.11,"[""stats"", ""text_view"", ""image_view"", ""recline_view"", ""recline_grid_view"", ""recline_graph_view"", ""datatables_view"", ""datastore""]"
2025-12-07,nasa-harvest-portal,https://data.harvestportal.org,84,4,14,2.11.3,"[""envvars"", ""text_view"", ""image_view"", ""datatables_view"", ""datastore"", ""s3filestore"", ""xloader"", ""stats"", ""resource_proxy"", ""harvestportal"", ""oidc_pkce""]"
2025-12-07,hong-kong-public-policy-database,https://data.hkppdb.org,1202,6,7,2.9.3,"[""stats"", ""text_view"", ""image_view"", ""recline_view"", ""datapusher"", ""datastore"", ""multilingual_dataset"", ""multilingual_group"", ""multilingual_tag"", ""landdbcustomize"", ""oauth2"", ""recline_map_view""]"
2025-12-07,city-of-houston-open-data,https://data.houstontx.gov,0,0,0,,
2025-12-07,geosphere-austria-data-hub,https://data.hub.geosphere.at,93,20,4,2.11.3,"[""image_view"", ""text_view"", ""datatables_view"", ""datastore"", ""envvars""]"
2025-12-07,datahubzamgacat,https://data.hub.zamg.ac.at,93,20,4,2.11.3,"[""image_view"", ""text_view"", ""datatables_view"", ""datastore"", ""envvars""]"
2025-12-07,humanitarian-data-exchange-find-use-crisis-data-hdx,https://data.humdata.org,39328,254,392,2.11.3,"[""hdx_smtp_assumerole"", ""hdx_dataviz"", ""dcat"", ""dcat_json_interface"", ""structured_data"", ""expire_api_token"", ""hdx_hxl_preview"", ""hdx_office_preview"", ""ytp_request"", ""hdx_pages"", ""hdx_choropleth_map_view"", ""hdx_geopreview_view"", ""hdx_chart_views"", ""hdx_service_checker"", ""hdx_analytics"", ""hdx_search"", ""sitemap"", ""hdx_org_group"", ""hdx_group"", ""hdx_package"", ""hdx_user_extra"", ""hdx_mail_validate"", ""hdx_users"", ""hdx_theme"", ""security"", ""requestdata"", ""s3filestore"", ""showcase"", ""stats"", ""resource_proxy"", ""text_view"", ""datastore"", ""activity"", ""datapusher_plus""]"
2025-12-07,dataibbgovtr,https://data.ibb.gov.tr,523,9,55,2.9.11,"[""multilang"", ""ibb_theme"", ""ibb_giris"", ""image_view"", ""text_view"", ""recline_view"", ""datastore"", ""envvars"", ""pdf_view"", ""geo_view"", ""xloader"", ""showcase"", ""datarequests""]"
2025-12-07,iita-iita,https://data.iita.org,3450,5,2,2.7.11,"[""stats"", ""text_view"", ""image_view"", ""recline_view"", ""datastore"", ""datapusher"", ""iitatheming"", ""scheming_datasets"", ""pdf_view"", ""restricted"", ""composite"", ""googleanalytics"", ""ckanbase""]"
2025-12-07,istaka-inhil-one-independent-data,https://data.inhilkab.go.id,793,16,54,2.9.5,"[""stats"", ""text_view"", ""image_view"", ""datastore"", ""xloader"", ""recline_view"", ""recline_graph_view"", ""resource_proxy"", ""pdf_view"", ""visualize"", ""metadata"", ""datatables_view"", ""inhil_theme"", ""pages""]"
2025-12-07,dataioosus,https://data.ioos.us,45909,0,22,2.10.5,"[""activity"", ""ckan_harvester"", ""csw_harvester"", ""dcat"", ""dcat_json_harvester"", ""dcat_json_interface"", ""dcat_rdf_harvester"", ""googleanalytics"", ""harvest"", ""ioos_theme"", ""ioos_waf"", ""spatial_metadata"", ""spatial_query"", ""structured_data"", ""waf_harvester""]"
2025-12-07,kalamazoo-open-data,https://data.kalamazoocity.org,0,0,0,,
2025-12-07,kaltara-one-data,https://data.kaltaraprov.go.id,0,0,0,,
2025-12-07,one-data-east-kalimantan,https://data.kaltimprov.go.id,10339,44,60,,"[""activity"", ""datatables_view"", ""datastore"", ""xloader"", ""harvest"", ""ckan_harvester"", ""tracking"", ""dcat"", ""dcat_json_harvester""]"
2025-12-07,kampar-one-data,https://data.kamparkab.go.id,210,9,32,2.9.5,"[""stats"", ""text_view"", ""image_view"", ""recline_view""]"
2025-12-07,kaohsiung-city-government-data-openness,https://data.kcg.gov.tw,0,0,0,,
2025-12-07,kildare-county-council-data,https://data.kildarecoco.ie,80,0,1,2.9.13,"[""dlxschema"", ""sqlalchemythread"", ""uwsgistats"", ""stats"", ""text_view"", ""image_view"", ""officedocs_view"", ""pdf_view"", ""dcat"", ""dcat_json_interface"", ""psbthemealt"", ""schema_field_groups"", ""scheming_datasets"", ""spatial_metadata"", ""spatial_query"", ""harvest"", ""ckan_harvester"", ""csw_harvester"", ""waf_harvester"", ""doc_harvester"", ""datatables_view"", ""datastore"", ""datapusher"", ""dietstars"", ""geo_view"", ""geojson_view"", ""resource_proxy"", ""twitterwidget"", ""fluent"", ""esri_arcgis_harvester"", ""cookieconsent"", ""pending_datasets""]"
2025-12-07,datakutaitimurkabgoid,https://data.kutaitimurkab.go.id,0,0,0,,
2025-12-07,lamongan-data-portal,https://data.lamongankab.go.id,0,0,0,,
2025-12-07,educational-data-provision-system,https://data.mdsc.hokudai.ac.jp,27,10,2,2.10.3,"[""activity"", ""stats"", ""recline_view"", ""recline_grid_view"", ""recline_graph_view"", ""recline_map_view"", ""text_view"", ""image_view"", ""webpage_view"", ""datastore""]"
2025-12-07,mhsi-open-data,https://data.mhesi.go.th,42,16,16,2.10.7,"[""thai_gdc"", ""showcase"", ""stats"", ""opendstats"", ""activity"", ""image_view"", ""datatables_view"", ""text_view"", ""webpage_view"", ""resource_proxy"", ""geo_view"", ""geojson_view"", ""shp_view"", ""xloader"", ""datastore"", ""pdf_view"", ""dcat"", ""dcat_json_interface"", ""structured_data"", ""scheming_datasets"", ""hierarchy_display"", ""hierarchy_form""]"
2025-12-07,city-of-milwaukee-open-data-portal,https://data.milwaukee.gov,0,0,0,,
2025-12-07,ethiopian-national-agri-data-hub,https://data.moa.gov.et,1922,23,10,2.9.5,"[""datarequests"", ""audio_view"", ""video_view"", ""stats"", ""datatables_view"", ""webpage_view"", ""text_view"", ""image_view"", ""recline_view"", ""recline_map_view"", ""datastore"", ""xloader"", ""hierarchy_display"", ""hierarchy_form"", ""hierarchy_group_form"", ""harvest"", ""ckan_harvester"", ""resource_proxy"", ""geo_view"", ""geojson_view"", ""wmts_view"", ""shp_view"", ""navigablemap"", ""choroplethmap"", ""linechart"", ""barchart"", ""piechart"", ""spatial_metadata"", ""spatial_query"", ""viewhelpers"", ""dashboard_preview"", ""csw_harvester"", ""waf_harvester"", ""doc_harvester"", ""geonode_harvester"", ""dcat"", ""dcat_rdf_harvester"", ""dcat_json_harvester"", ""dcat_json_interface"", ""spatial_harvest_metadata_api"", ""structured_data"", ""qa"", ""archiver"", ""report"", ""pages"", ""contact"", ""showcase"", ""scheming_datasets"", ""scheming_groups"", ""scheming_organizations"", ""composite"", ""restricted"", ""datesearch"", ""dia_theme"", ""visualize"", ""pdf_view"", ""tif_imageview"", ""officedocs_view"", ""oaipmh_harvester""]"
2025-12-07,nantou-county-government-open-data-platform,https://data.nantou.gov.tw,430,15,22,2.2,"[""stats"", ""text_preview"", ""recline_preview"", ""datastore"", ""tagcloud"", ""chthome"", ""chtconfig"", ""ntstats"", ""datapusher"", ""pages"", ""pdf_preview"", ""package_comment"", ""package_control"", ""cht_tgos_preview""]"
2025-12-07,national-astronomical-research-institute,https://data.narit.or.th,0,0,0,,
2025-12-07,nasa-open-data-portal,https://data.nasa.gov,27055,0,1,2.11.4,"[""image_view"", ""text_view"", ""datatables_view"", ""datastore"", ""datapusher"", ""envvars"", ""video_view"", ""audio_view"", ""webpage_view"", ""activity"", ""tracking"", ""harvest"", ""ckan_harvester"", ""datajson"", ""datajson_harvest"", ""s3filestore"", ""launchpadlogin"", ""nasatheme""]"
2025-12-07,native-lands-data-portal,https://data.nativeland.info,29,7,1,2.8.3,"[""stats"", ""text_view"", ""image_view"", ""recline_view"", ""odata"", ""datastore"", ""datapusher"", ""harvest"", ""ckan_harvester"", ""googleanalytics"", ""disqus"", ""villageearth""]"
2025-12-07,nbcomso-data-catalog,https://data.nbco.gov.ie,2,2,1,2.9.14,"[""dlxschema"", ""sqlalchemythread"", ""uwsgistats"", ""stats"", ""text_view"", ""image_view"", ""officedocs_view"", ""pdf_view"", ""dcat"", ""dcat_json_interface"", ""psbthemealt"", ""schema_field_groups"", ""scheming_datasets"", ""spatial_metadata"", ""spatial_query"", ""harvest"", ""ckan_harvester"", ""csw_harvester"", ""waf_harvester"", ""doc_harvester"", ""datatables_view"", ""datastore"", ""datapusher"", ""dietstars"", ""geo_view"", ""geojson_view"", ""resource_proxy"", ""twitterwidget"", ""fluent"", ""esri_arcgis_harvester"", ""cookieconsent"", ""security"", ""openapi_view""]"
2025-12-07,natural-history-museum-data-portal,https://data.nhm.ac.uk,285,0,2,2.9.9.3,"[""nhm"", ""pdf_view"", ""graph"", ""text_preview"", ""recline_grid"", ""video"", ""gallery"", ""gallery_image"", ""gallery_iiif"", ""list"", ""sketchfab"", ""versioned_tiledmap"", ""gbif"", ""userdatasets"", ""status"", ""contact"", ""doi"", ""query_dois"", ""iiif"", ""stats"", ""statistics"", ""ldap"", ""dcat"", ""versioned_datastore"", ""attribution"", ""webview""]"
2025-12-07,international-year-of-the-salmon-data,https://data.npafc.org,87,0,1,2.9.7,"[""stats"", ""text_view"", ""image_view"", ""recline_view"", ""datastore"", ""datapusher"", ""scheming_datasets"", ""scheming_organizations"", ""scheming_groups"", ""scheming_nerf_index"", ""fluent"", ""harvest"", ""ckan_harvester"", ""csw_harvester"", ""waf_harvester"", ""doc_harvester"", ""geonetwork_harvester"", ""ckan_schema_harvester"", ""ckan_spatial_harvester"", ""spatial_metadata"", ""spatial_query"", ""spatial_harvest_metadata_api"", ""cioos_theme"", ""cioos_harvest"", ""ckan_cioos_harvester"", ""dcat"", ""structured_data"", ""resource_proxy"", ""geo_view"", ""geojson_view"", ""wmts_view""]"
2025-12-07,national-statistics-office,https://data.nsonepal.gov.np,33,0,12,2.9.5,"[""stats"", ""text_view"", ""image_view"", ""datatables_view"", ""recline_view"", ""datastore"", ""datapusher"", ""contact_us_plugin"", ""gridtemplate"", ""linechart"", ""barchart"", ""piechart"", ""basicgrid"", ""excelview"", ""pdf_view"", ""resource_proxy"", ""extractor""]"
2025-12-07,northern-territory-government-open-data-portal,https://data.nt.gov.au,1055,12,22,2.11.4,"[""stats"", ""tracking"", ""fortify"", ""ntg_theme"", ""datant"", ""activity"", ""invalid_uris"", ""scheming_datasets"", ""googleanalytics"", ""saml2auth""]"
2025-12-07,national-university-of-mongolia-open-data,https://data.num.edu.mn,38,9,7,2.8.1,"[""stats"", ""text_view"", ""image_view"", ""recline_view"", ""num_theme"", ""showcase""]"
2025-12-07,oklahoma-s-open-data,https://data.ok.gov,0,0,0,,
2025-12-07,ontario-data-catalogue-ontario-data-catalogue,https://data.ontario.ca,2932,1,30,2.9.7,"[""ontario_theme_external"", ""ontario_theme"", ""validation"", ""scheming_datasets"", ""scheming_organizations"", ""scheming_groups"", ""fluent"", ""datastore"", ""stats"", ""text_view"", ""image_view"", ""recline_view"", ""xloader"", ""msal""]"
2025-12-07,bbmp-open-data-portal,https://data.opencity.in,939,8,73,2.11.4,"[""activity"", ""resource_proxy"", ""datastore"", ""xloader"", ""datatables_view"", ""pdf_view"", ""image_view"", ""text_view"", ""video_view"", ""geo_view"", ""opencity"", ""googleanalytics""]"
2025-12-07,open-development-mekong-data,https://data.opendevelopmentmekong.net,13013,10,45,2.9.9,"[""sqlalchemythread"", ""uwsgistats"", ""stats"", ""pdf_view"", ""geojson_view"", ""geo_view"", ""image_view"", ""text_view"", ""webpage_view"", ""recline_map_view"", ""harvest"", ""ckan_harvester"", ""datastore"", ""datapusher"", ""resource_proxy"", ""issues"", ""schema_field_groups"", ""scheming_datasets"", ""vectorconverter"", ""odm_dataset_ext"", ""odm_dataset_resource"", ""odm_agreement"", ""odm_library"", ""odm_laws"", ""odm_profiles"", ""odm_notifications"", ""dcat"", ""cesium_viewer"", ""fluent"", ""spatial_metadata"", ""spatial_query"", ""googleanalytics"", ""odm_nav"", ""url_shorten"", ""backgrounder"", ""analytics"", ""video""]"
2025-12-07,dataopenstateeu,https://data.openstate.eu,90,13,1,2.8.3,"[""stats"", ""text_view"", ""image_view"", ""recline_view"", ""datastore"", ""datapusher"", ""dcat"", ""dcat_json_interface"", ""structured_data""]"
2025-12-07,nationaal-georegister-data-catalog,https://data.overheid.nl/data,20294,0,31,2.8.12,"[""donl-auth"", ""donl-ui"", ""donl-schema"", ""donl-rdf"", ""donl-taxonomies""]"
2025-12-07,pasaman-barat-data-portal,https://data.pasamanbaratkab.go.id,0,0,0,,
2025-12-07,pekalongan-city-data-portal,https://data.pekalongankota.go.id,1865,19,85,2.7.2,"[""stats"", ""text_view"", ""image_view"", ""recline_view"", ""datastore"", ""harvest"", ""ckan_harvester""]"
2025-12-07,pesisir-selatan-data-portal,https://data.pesisirselatankab.go.id,35,0,10,2.10.3,"[""activity"", ""stats"", ""text_view"", ""image_view"", ""recline_view"", ""datastore"", ""xloader"", ""resource_proxy""]"
2025-12-07,pidie-jaya-open-data,https://data.pidiejayakab.go.id,199,12,49,2.7.4,"[""stats"", ""text_view"", ""image_view"", ""recline_view"", ""datastore"", ""datapusher"", ""apihelper"", ""kotakab_aceh"", ""sitemap""]"
2025-12-07,pidie-regency-open-data,https://data.pidiekab.go.id,575,39,59,2.7.4,"[""stats"", ""text_view"", ""image_view"", ""recline_view"", ""datastore"", ""datapusher"", ""apihelper"", ""kotakab_aceh""]"
2025-12-07,idblab-ckan-service,https://data.pknu.ac.kr,20,0,9,2.11.0,"[""image_view"", ""text_view"", ""datatables_view"", ""datastore"", ""datapusher"", ""envvars""]"
2025-12-07,pompano-beach-open-data,https://data.pompanobeachfl.gov,0,0,0,,
2025-12-07,purbalingga-one-data,https://data.purbalinggakab.go.id,0,0,0,,
2025-12-07,renfe-open-data-portal,https://data.renfe.com,67,7,1,2.8.2,"[""stats"", ""text_view"", ""image_view"", ""recline_view"", ""webpage_view"", ""datapusher"", ""datastore"", ""renfe"", ""feedback"", ""federagobes"", ""estadisticas"", ""qa"", ""archiver"", ""report""]"
2025-12-07,datarsudtulungagunggoid,https://data.rsud.tulungagung.go.id,138,0,2,2.9.9,"[""envvars"", ""image_view"", ""text_view"", ""recline_view"", ""datastore"", ""datapusher""]"
2025-12-07,south-australia-government-data,https://data.sa.gov.au/data,0,0,0,,
2025-12-07,open-data-san-antonio,https://data.sanantonio.gov,0,0,0,,
2025-12-07,san-jose-ca-open-data-portal,https://data.sanjoseca.gov,0,0,0,,
2025-12-07,santa-monica-open-data,https://data.santamonica.gov,82,0,14,2.9.5,"[""envvars"", ""image_view"", ""text_view"", ""webpage_view"", ""pdf_view"", ""datastore"", ""datapusher"", ""resource_proxy"", ""auth"", ""s3filestore"", ""dataexplorer_table_view"", ""googleanalytics"", ""santamonica"", ""odata"", ""expire_api_token"", ""recline_map_view""]"
2025-12-07,u-s-small-business-administration-open-data,https://data.sba.gov,36,0,11,2.9.2,"[""stats"", ""text_view"", ""image_view"", ""recline_view"", ""datastore"", ""datapusher""]"
2025-12-07,datasefaradcomtr,https://data.sefarad.com.tr,0,0,0,,
2025-12-07,skeena-salmon-data-catalogue,https://data.skeenasalmon.info,1413,33,199,2.11.4,"[""skt_theme"", ""image_view"", ""text_view"", ""datatables_view"", ""datastore"", ""envvars"", ""xloader"", ""pdf_view"", ""resource_proxy"", ""geo_view"", ""shp_view""]"
2025-12-07,dublin-s-open-data-portal,https://data.smartdublin.ie,867,1,17,2.9.13,"[""dlxschema"", ""sqlalchemythread"", ""uwsgistats"", ""dx_stats"", ""stats"", ""text_view"", ""image_view"", ""recline_view"", ""dcat"", ""dcat_json_interface"", ""schema_field_groups"", ""scheming_datasets"", ""spatial_metadata"", ""spatial_query"", ""harvest"", ""ckan_harvester"", ""csw_harvester"", ""waf_harvester"", ""doc_harvester"", ""datastore"", ""datapusher"", ""featured"", ""datatables_view"", ""resource_proxy"", ""officedocs_view"", ""pdf_view"", ""derilinxdcatprofile"", ""routetopa"", ""vectorconverter"", ""backgrounder"", ""cesium_viewer"", ""dublinked"", ""datasetpage"", ""datasetviz"", ""dietstars"", ""geo_view"", ""geojson_view"", ""flooding_api"", ""datastore_cleanup"", ""arcgis_harvester"", ""esri_arcgis_harvester"", ""healthcheck"", ""cookieconsent"", ""openapi_view""]"
2025-12-07,spatial-hub-scotland,https://data.spatialhub.scot,469,4,110,2.10.3,"[""stats"", ""text_view"", ""image_view"", ""recline_view"", ""googleanalytics"", ""ord_hierarchy"", ""wfs_checker"", ""sh_theme"", ""teams_upload_hook"", ""dcat"", ""dcat_json_interface"", ""structured_data"", ""geoserver_webservice""]"
2025-12-07,open-data-zurich-city-of-zurich,https://data.stadt-zuerich.ch,1108,19,1,2.11.4,"[""stats"", ""harvest"", ""ckan_harvester"", ""stadtzh_harvester"", ""stadtzhtheme"", ""showcase"", ""dcat"", ""datastore"", ""text_view"", ""image_view"", ""xloader"", ""structured_data"", ""stadtzh_losdharvest"", ""datatables_view"", ""ogdch_cmd"", ""s3filestore"", ""envvars""]"
2025-12-07,miyazaki-prefecture-statistics-data-catalog,https://data.stat.pref.miyazaki.lg.jp,511,16,25,2.11.3,"[""stats"", ""text_view"", ""image_view"", ""miyazaki_stat_theme""]"
2025-12-07,subak-climate-data-cooperative,https://data.subak.org,0,0,0,,
2025-12-07,sugar-land-s-open-data-portal,https://data.sugarlandtx.gov,0,0,0,,
2025-12-07,sukoharjo-district-opendata,https://data.sukoharjokab.go.id,2876,12,55,2.11.2,"[""activity""]"
2025-12-07,ubc-sustainability-data-portal,https://data.sustain.ubc.ca,14,2,1,2.10.7,"[""stats"", ""text_view"", ""image_view"", ""recline_grid_view"", ""recline_graph_view"", ""recline_view"", ""activity"", ""datastore"", ""datapusher"", ""ubc_theme""]"
2025-12-07,tainan-city-government-data-open-platform,https://data.tainan.gov.tw,0,0,0,,
2025-12-07,tanjung-jabung-barat-regency-one-data,https://data.tanjabbarkab.go.id,453,16,53,2.10.4,"[""dcor_theme""]"
2025-12-07,center-of-excellence-in-biological-sciences,https://data.tcels.or.th,11,1,1,2.10.7,"[""thai_gdc"", ""showcase"", ""stats"", ""opendstats"", ""activity"", ""image_view"", ""datatables_view"", ""text_view"", ""webpage_view"", ""resource_proxy"", ""geo_view"", ""geojson_view"", ""shp_view"", ""xloader"", ""datastore"", ""pdf_view"", ""dcat"", ""dcat_json_interface"", ""structured_data"", ""scheming_datasets"", ""hierarchy_display"", ""hierarchy_form""]"
2025-12-07,open-data-tegal-regency,https://data.tegalkab.go.id,0,0,0,,
2025-12-07,health-promotion-foundation,https://data.thaihealth.or.th,71,0,26,2.10.7,"[""thai_gdc"", ""showcase"", ""stats"", ""opendstats"", ""activity"", ""image_view"", ""datatables_view"", ""text_view"", ""webpage_view"", ""resource_proxy"", ""geo_view"", ""geojson_view"", ""shp_view"", ""xloader"", ""datastore"", ""pdf_view"", ""dcat"", ""dcat_json_interface"", ""structured_data"", ""scheming_datasets"", ""hierarchy_display"", ""hierarchy_form"", ""envvars""]"
2025-12-07,otemachi-marunouchi-yurakucho-data-library,https://data.tokyo-omy-w.jp,23,3,5,2.10.0a,"[""stats"", ""text_view"", ""image_view"", ""recline_view"", ""addcolumn_rangetype"", ""datastore"", ""datapusher"", ""resource_proxy"", ""limit_dataset_permission_labels_for_apdev""]"
2025-12-07,datatollno,https://data.toll.no,26,0,1,2.10.3,"""envvars image_view text_view recline_view datastore datapusher"""
2025-12-07,office-of-the-general-treasurer-data-portal,https://data.treasury.ri.gov,447,6,6,,"[""activity""]"
2025-12-07,trinidad-and-tobago-open-data,https://data.tt,0,0,0,,
2025-12-07,ncar-ucar-data-catalog,https://data.ucar.edu,22981,6,13,2.11.3,"[""activity"", ""dsetsearch"", ""harvest"", ""waf_harvester"", ""spatial_harvest_metadata_api"", ""spatial_metadata"", ""spatial_query"", ""repo_info"", ""extentsearch"", ""datesearch"", ""sitemap"", ""googleanalytics""]"
2025-12-07,research-data-repository-of-luh,https://data.uni-hannover.de,403,2,100,2.11.4,"[""tracking"", ""activity"", ""envvars"", ""datatables_view"", ""image_view"", ""text_view"", ""pdf_view"", ""resource_proxy"", ""sitemap"", ""datastore"", ""datapusher"", ""hierarchy_display"", ""hierarchy_form"", ""dcat"", ""dcat_json_interface"", ""structured_data"", ""luhcustomization"", ""luhtheme"", ""doi""]"
2025-12-07,virginia-open-data-portal,https://data.virginia.gov,0,0,0,,
2025-12-07,water-pathogens-data-portal,https://data.waterpathogens.org,47,6,4,2.8.3,"[""stats"", ""text_view"", ""image_view"", ""recline_view"", ""k2p_theme"", ""datapusher"", ""datastore"", ""visualize"", ""viewhelpers"", ""spatial_metadata"", ""spatial_query""]"
2025-12-07,fukuyama-city-open-data-catalog,https://data.win-h.jp,42,10,11,2.9.1,"[""envvars"", ""image_view"", ""text_view"", ""recline_view"", ""datastore"", ""datapusher""]"
2025-12-07,winnipeg-metropolitan-region-data,https://data.winnipegmetroregion.ca,33,1,2,2.11.0,"[""image_view"", ""text_view"", ""datatables_view"", ""datastore"", ""envvars"", ""datapusher"", ""stats"", ""webpage_view""]"
2025-12-07,western-pennsylvania-regional-data,https://data.wprdc.org,358,16,29,2.11.3,"[""datajson"", ""datastore"", ""dataspatial"", ""tracking"", ""stats"", ""wprdctheme"", ""scheming_datasets"", ""dcat"", ""dcat_json_interface"", ""structured_data"", ""datapusher_plus"", ""officedocs_view"", ""pdf_view"", ""geo_view"", ""text_view"", ""webpage_view"", ""image_view"", ""datatables_view"", ""envvars""]"
2025-12-07,wu-vienna-open-data-portal,https://data.wu.ac.at/portal,170,2,3,2.8.3,"[""stats"", ""text_view"", ""image_view"", ""recline_view"", ""datawu-theme"", ""datastore"", ""datapusher""]"
2025-12-07,city-of-york-open-data,https://data.yorkopendata.org,1352,32,3,2.11.3,"[""envvars"", ""image_view"", ""text_view"", ""pdf_view"", ""dataexplorer_view"", ""dataexplorer_table_view"", ""dataexplorer_chart_view"", ""dataexplorer_map_view"", ""datastore"", ""xloader"", ""yodauthentication"", ""yodresourcemeta"", ""scheming_datasets"", ""theme"", ""s3filestore"", ""activity"", ""stats"", ""spatial_metadata"", ""resource_proxy"", ""geo_view"", ""geojson_view""]"
2025-12-07,open-data-portal-of-the-city-of-zagreb,https://data.zagreb.hr,204,13,1,2.10.3,"[""hrtheme"", ""activity"", ""stats"", ""text_view"", ""image_view"", ""recline_view"", ""datastore"", ""resource_proxy"", ""recline_map_view"", ""recline_graph_view"", ""recline_grid_view"", ""webpage_view"", ""harvest"", ""ckan_harvester"", ""geo_view"", ""dcat"", ""dcat_json_interface"", ""dcat_json_harvester"", ""dcat_rdf_harvester"", ""pdf_view"", ""scheming_datasets"", ""scheming_organizations"", ""googleanalytics"", ""xloader""]"
2025-12-07,data2cerdieduau,https://data2.cerdi.edu.au,913,6,4,2.9.5,"[""stats"", ""text_view"", ""image_view"", ""recline_view"", ""webpage_view"", ""resource_proxy"", ""geojson_view"", ""geo_view"", ""spatial_metadata"", ""spatial_query"", ""pages"", ""cc_logo"", ""expose_purl"", ""dcat"", ""dcat_json_interface"", ""structured_data"", ""datastore"", ""recline_grid_view"", ""recline_graph_view"", ""recline_map_view"", ""cerdi_theme""]"
2025-12-07,dit-data-catalog,https://datacatalog.dit.go.th,5,1,1,2.9.9,"[""discovery"", ""search_suggestions"", ""thai_gdc"", ""stats"", ""image_view"", ""text_view"", ""recline_view"", ""resource_proxy"", ""webpage_view"", ""datastore"", ""xloader"", ""pdf_view"", ""dga_stats"", ""scheming_datasets"", ""hierarchy_display"", ""hierarchy_form"", ""dcat"", ""dcat_json_interface"", ""structured_data""]"
2025-12-07,nbtc-open-data-catalog,https://datacatalog.nbtc.go.th,0,0,0,,
2025-12-07,agency-data-catalog,https://datacatalog.onde.go.th,53,6,15,2.10.7,"[""thai_gdc"", ""showcase"", ""stats"", ""opendstats"", ""activity"", ""image_view"", ""datatables_view"", ""text_view"", ""webpage_view"", ""resource_proxy"", ""geo_view"", ""geojson_view"", ""shp_view"", ""xloader"", ""datastore"", ""pdf_view"", ""dcat"", ""dcat_json_interface"", ""structured_data"", ""scheming_datasets"", ""hierarchy_display"", ""hierarchy_form""]"
2025-12-07,emilia-romagna-territory-data-catalog,https://datacatalog.regione.emilia-romagna.it/catalogCTA,818,68,9,2.5.2,"[""datastore"", ""resource_proxy"", ""stats"", ""text_view"", ""image_view"", ""recline_view"", ""recline_grid_view"", ""harvest"", ""ckan_harvester"", ""dcat"", ""dcat_rdf_harvester"", ""dcat_json_harvester"", ""dcat_json_interface"", ""dashboard"", ""spatial_metadata"", ""spatial_query"", ""shp_view"", ""webpage_view"", ""black_list"", ""iam"", ""dcatapit_org"", ""dcatapit_pkg"", ""dcatapit_config"", ""dcatapit_harvester"", ""metadaticustom"", ""piwik"", ""datapusher"", ""geo_view""]"
2025-12-07,tusla-data-catalogue,https://datacatalog.tusla.ie,1492,190,6,2.9.13,"[""sqlalchemythread"", ""uwsgistats"", ""stats"", ""text_view"", ""image_view"", ""recline_view"", ""dcat"", ""dcat_json_interface"", ""schema_field_groups"", ""scheming_datasets"", ""spatial_metadata"", ""spatial_query"", ""harvest"", ""ckan_harvester"", ""csw_harvester"", ""waf_harvester"", ""doc_harvester"", ""tusla"", ""datastore"", ""datapusher"", ""datatables_view"", ""resource_proxy"", ""officedocs_view"", ""pdf_view"", ""pending_datasets""]"
2025-12-07,psb-data-catalogue-psb-data-catalogue,https://datacatalogue.gov.ie,1454,1,84,2.9.13,"[""requestid"", ""sqlalchemythread"", ""uwsgistats"", ""stats"", ""spatial_metadata"", ""spatial_query"", ""dcat"", ""dcat_json_interface"", ""schema_field_groups"", ""scheming_datasets"", ""scheming_organizations"", ""pending_datasets"", ""pages"", ""s3filestore"", ""googleanalytics"", ""rollback"", ""psbtheme"", ""psbpermissions"", ""security""]"
2025-12-07,mot-data-catalog,https://datagov.mot.go.th,527,8,40,2.9.9,"[""discovery"", ""search_suggestions"", ""mot"", ""thai_gdc"", ""stats"", ""text_view"", ""image_view"", ""recline_view"", ""datastore"", ""xloader"", ""recline_grid_view"", ""recline_graph_view"", ""recline_map_view"", ""pdf_view"", ""pages"", ""dga_stats"", ""scheming_datasets"", ""hierarchy_display"", ""hierarchy_form"", ""structured_data"", ""harvest"", ""ckan_harvester""]"
2025-12-07,ce-data-hub,https://datahub.digicirc.eu,281,23,3,2.9.2,"[""stats"", ""text_view"", ""image_view"", ""recline_view"", ""recline_grid_view"", ""recline_map_view"", ""datastore"", ""spatial_metadata"", ""spatial_query""]"
2025-12-07,openscience-eu-datahub,https://datahub.openscience.eu,18,0,2,2.10.1,"[""envvars"", ""image_view"", ""text_view"", ""recline_view"", ""datastore"", ""datapusher""]"
2025-12-07,mexico-open-data,https://datamx.io,9752,12,87,2.9.11,"[""datamx_theme"", ""stats"", ""text_view"", ""image_view"", ""recline_view"", ""datastore"", ""datapusher"", ""resource_proxy"", ""scheming_datasets"", ""pdf_view"", ""geojson_view"", ""geo_view""]"
2025-12-07,knmi-data-platform,https://dataplatform.knmi.nl,426,7,6,2.10.8,"[""text_view"", ""image_view"", ""kdpcustomization"", ""activity""]"
2025-12-07,interact-data-portal,https://dataportal.eu-interact.org,1952,0,26,2.8.4,"[""envvars"", ""image_view"", ""text_view"", ""recline_view"", ""datastore"", ""datapusher"", ""interact_theme"", ""harvest"", ""interact_stations_harvester"", ""organization_harvester"", ""xml_list_of_jsonld_harvester"", ""scheming_organizations"", ""scheming_datasets"", ""scheming_groups"", ""spatial_metadata"", ""spatial_query"", ""doc_harvester"", ""repeating"", ""ckan_harvester"", ""composite"", ""dcat"", ""dcat_rdf_harvester"", ""dcat_json_interface"", ""dcat_json_harvester"", ""pangea_harvester"", ""gem_harvester"", ""svartberget_harvester"", ""stations"", ""sites_harvester"", ""jsonld_harvester"", ""geonetwork_harvester"", ""collaborators"", ""oaipmh"", ""sitemap"", ""luke_harvester""]"
2025-12-07,igf-pan-repository,https://dataportal.igf.edu.pl,111,34,8,2.12.0a0,"[""stats"", ""text_view"", ""image_view"", ""datastore"", ""datapusher"", ""resource_proxy"", ""blindfunc"", ""spatial_metadata"", ""spatial_query"", ""composite"", ""scheming_datasets"", ""scheming_groups"", ""scheming_organizations"", ""repeating"", ""geo_view"", ""geojson_view"", ""wmts_view"", ""shp_view"", ""restricted"", ""resource_counter"", ""email_reminder""]"
2025-12-07,opdc-data-portal,https://dataportal.opdc.go.th,55,6,13,2.9.9,"[""change_error"", ""sort_option"", ""pdfapidocs"", ""ytp_comments"", ""dataset_icon_image"", ""favorite"", ""discovery"", ""search_suggestions"", ""googleanalytics"", ""dashboard_collection"", ""showcase"", ""opdc_index"", ""opdc_theme"", ""thai_gdc"", ""stats"", ""image_view"", ""text_view"", ""recline_view"", ""resource_proxy"", ""webpage_view"", ""datastore"", ""xloader"", ""dga_stats"", ""scheming_datasets"", ""pdf_view"", ""hierarchy_display"", ""hierarchy_form"", ""dcat"", ""dcat_json_interface"", ""structured_data"", ""feedback"", ""cookieconsent"", ""searchhistory"", ""pages""]"
2025-12-07,senckenberg-data-catalog,https://dataportal.senckenberg.de,327,1,62,2.9.11,"[""image_view"", ""text_view"", ""recline_view"", ""datastore"", ""datapusher"", ""sbg"", ""dcat"", ""structured_data"", ""restricted"", ""envvars"", ""ldap""]"
2025-12-07,sze-data-repository,https://datarepo.mathso.sze.hu,39,0,5,2.8.6,"[""resource_proxy"", ""stats"", ""text_view"", ""image_view"", ""recline_view"", ""spatialUI"", ""spatial_metadata"", ""spatial_query"", ""downloadall"", ""datastore""]"
2025-12-07,shizuoka-city-open-data-catalog-site,https://dataset.city.shizuoka.jp,0,0,0,,
2025-12-07,moldova-open-data-portal,https://dataset.gov.md,1274,17,71,2.10.4,"[""stats"", ""activity"", ""pages"", ""envvars"", ""image_view"", ""text_view"", ""datastore"", ""datatables_view"", ""xloader"", ""saml2auth"", ""dategovmd_theme""]"
2025-12-07,argentine-science-and-technology-data,https://datasets.datos.mincyt.gob.ar,6,7,9,2.7.5,"[""stats"", ""text_view"", ""image_view"", ""recline_view"", ""hierarchy_display"", ""hierarchy_form"", ""dcat"", ""structured_data"", ""gobar_theme"", ""datastore"", ""datapusher"", ""seriestiempoarexplorer"", ""googleanalytics""]"
2025-12-07,nsw-seed-data-portal,https://datasets.seed.nsw.gov.au,0,0,0,,
2025-12-07,home-page-wri-odp,https://datasets.wri.org,0,0,0,,
2025-12-07,manaaki-whenua-landcare-research-datastore,https://datastore.landcareresearch.co.nz,540,12,26,2.10.4,"[""mwlr_tracking"", ""mwlr_datastore"", ""activity"", ""datapusher_plus"", ""datastore"", ""geo_view"", ""geojson_view"", ""image_view"", ""pdf_view"", ""ldap"", ""recline_view"", ""scheming_datasets"", ""shp_view"", ""spatial_metadata"", ""spatial_query"", ""text_view"", ""datatables_view"", ""stats"", ""envvars""]"
2025-12-07,npra-s-data-portal-statens-vegvesen,https://dataut.vegvesen.no,77,5,1,2.11.3,"[""stats"", ""text_view"", ""image_view"", ""datatables_view"", ""dcat"", ""dcat_json_interface"", ""structured_data"", ""scheming_datasets"", ""scheming_organizations"", ""scheming_nerf_index"", ""nora"", ""datastore"", ""xloader"", ""fluent"", ""saml"", ""activity"", ""permissions"", ""permissions_manager"", ""s3filestore"", ""envvars""]"
2025-12-07,data-portal-of-the-rhine-neckar-metropolitan-region,https://daten.digitale-mrn.de,360,1,1,2.9.11,"[""image_view"", ""text_view"", ""datastore"", ""recline_view"", ""datapusher"", ""matomo"", ""ckan_harvester"", ""structured_data"", ""envvars""]"
2025-12-07,greenpeace-data-portal-environmental-data,https://daten.greenpeace.de,28,6,1,2.10.9,"[""greenpeace"", ""dcat"", ""dcat_json_interface"", ""structured_data"", ""image_view"", ""text_view"", ""webpage_view"", ""pdf_view"", ""geo_view"", ""doi"", ""datapusher"", ""datastore"", ""resource_proxy"", ""pages"", ""dataexplorer_view"", ""dataexplorer_table_view"", ""dataexplorer_chart_view"", ""dataexplorer_map_view"", ""dataexplorer_web_view"", ""scheming_datasets"", ""activity"", ""s3filestore"", ""envvars""]"
2025-12-07,arpac-campania-open-data,https://dati.arpacampania.it,38,39,1,2.9.7,"[""stats"", ""text_view"", ""image_view"", ""recline_view"", ""datastore"", ""harvest"", ""ckan_harvester"", ""spatial_metadata"", ""spatial_query"", ""dcat"", ""dcat_rdf_harvester"", ""dcat_json_harvester"", ""dcat_json_interface"", ""structured_data"", ""dcatapit_pkg"", ""dcatapit_org"", ""dcatapit_config"", ""dcatapit_subcatalog_facets"", ""dcatapit_theme_group_mapper"", ""dcatapit_ckan_harvester"", ""dcatapit_harvest_list"", ""dcatapit_harvester"", ""dcatapit_csw_harvester""]"
2025-12-07,arpae-emilia-romagna-data,https://dati.arpae.it,250,37,1,2.10.8,"[""dcat"", ""dcat_json_interface"", ""dcat_rdf_harvester"", ""image_view"", ""text_view"", ""recline_view"", ""datastore"", ""datapusher"", ""envvars"", ""datatables_view"", ""noregistration""]"
2025-12-07,opendata-genova-smart,https://dati.comune.genova.it,171,13,13,2.6.8,"[""stats"", ""text_view"", ""image_view"", ""recline_view"", ""spatial_metadata"", ""spatial_query"", ""harvest"", ""ckan_harvester"", ""multilang"", ""multilang_harvester"", ""dcat"", ""dcat_rdf_harvester"", ""dcat_json_harvester"", ""dcat_json_interface"", ""dcatapit_pkg"", ""dcatapit_org"", ""dcatapit_config"", ""dcatapit_harvester"", ""dcatapit_ckan_harvester"", ""dcatapit_csw_harvester"", ""dcatapit_harvest_list"", ""dcatapit_subcatalog_facets"", ""dcatapit_theme_group_mapper""]"
2025-12-07,roma-capitale-open-data,https://dati.comune.roma.it/catalog,363,11,10,2.9.5,"[""datastore"", ""stats"", ""text_view"", ""image_view"", ""datapusher"", ""resource_proxy"", ""recline_view"", ""harvest"", ""ckan_harvester"", ""spatial_metadata"", ""spatial_query"", ""dcat"", ""dcat_rdf_harvester"", ""dcat_json_harvester"", ""dcat_json_interface"", ""structured_data"", ""multilang"", ""multilang_harvester"", ""dcatapit_pkg"", ""dcatapit_org"", ""dcatapit_config"", ""dcatapit_csw_harvester"", ""simplesso"", ""roma_theme""]"
2025-12-07,consip-open-data-portal,https://dati.consip.it,17,19,1,2.9.5,"[""stats"", ""image_view"", ""text_view"", ""recline_view"", ""recline_grid_view"", ""recline_graph_view"", ""datastore"", ""xloader"", ""harvest"", ""ckan_harvester"", ""pdf_view"", ""webpage_view"", ""resource_proxy"", ""geo_view"", ""geojson_view"", ""wmts_view"", ""shp_view"", ""dcat"", ""dcat_rdf_harvester"", ""dcat_json_harvester"", ""dcat_json_interface"", ""structured_data"", ""spatial_metadata"", ""spatial_query"", ""multilang"", ""multilang_harvester"", ""dcatapit_pkg"", ""dcatapit_org"", ""dcatapit_config"", ""dcatapit_subcatalog_facets"", ""dcatapit_theme_group_mapper"", ""dcatapit_ckan_harvester"", ""dcatapit_harvest_list"", ""dcatapit_harvester"", ""dcatapit_csw_harvester"", ""rating"", ""matomo"", ""ytp_comments"", ""custom_theme""]"
2025-12-07,emilia-romagna-open-data,https://dati.emilia-romagna.it,2792,14,58,2.8.9,"[""datastore"", ""stats"", ""text_view"", ""image_view"", ""recline_view"", ""multilang"", ""harvest"", ""eurovoc"", ""ckan_harvester"", ""dcat"", ""dcat_json_harvester"", ""dcat_json_interface"", ""dcat_rdf_harvester"", ""dcatapit_pkg"", ""dcatapit_org"", ""dcatapit_config"", ""dcatapit_harvester"", ""dcatapit_theme_group_mapper"", ""structured_data"", ""resource_proxy"", ""widgets"", ""opendatarer""]"
2025-12-07,open-data-lazio-open-data-lazio,https://dati.lazio.it,402,12,15,2.9.11,"[""stats"", ""resource_proxy"", ""image_view"", ""text_view"", ""recline_view"", ""pdf_view"", ""webpage_view"", ""geo_view"", ""geojson_view"", ""multilingual_dataset"", ""multilingual_group"", ""datatables_view"", ""datastore"", ""datapusher"", ""harvest"", ""ckan_harvester"", ""dcat"", ""dcat_rdf_harvester"", ""structured_data"", ""spatial_metadata"", ""multilang"", ""multilang_harvester"", ""dcatapit_pkg"", ""dcatapit_org"", ""dcatapit_config"", ""dcatapit_harvest_list"", ""dcatapit_harvester"", ""dcatapit_csw_harvester"", ""dcatapit_vocabulary"", ""opendata_theme"", ""envvars""]"
2025-12-07,open-data-ministry-of-infrastructure-and-transport,https://dati.mit.gov.it/catalog,70,0,13,2.9.4,"[""envvars"", ""image_view"", ""text_view"", ""recline_view"", ""datastore"", ""xloader"", ""stats"", ""dcat"", ""dcat_rdf_harvester"", ""dcat_json_harvester"", ""dcat_json_interface"", ""structured_data"", ""spatial_metadata"", ""spatial_query"", ""mit""]"
2025-12-07,datitoscanait,https://dati.toscana.it,11565,20,86,2.9.9,"[""stats"", ""text_view"", ""image_view"", ""recline_view"", ""recline_grid_view"", ""recline_graph_view"", ""recline_map_view"", ""resource_proxy"", ""datastore"", ""datapusher"", ""datitoscana_theme"", ""harvest"", ""ckan_harvester"", ""dcat"", ""dcat_rdf_harvester"", ""dcat_json_harvester"", ""dcat_json_interface"", ""structured_data"", ""multilang"", ""dcatapit_pkg"", ""dcatapit_org"", ""dcatapit_config"", ""qa"", ""archiver"", ""report"", ""tagless_report"", ""datitoscana_reports"", ""toscana_harvest"", ""spod_harvester"", ""metarepo_harvester"", ""pages"", ""dcatapit_harvester"", ""dcatapit_ckan_harvester""]"
2025-12-07,opendata-beta-university-of-bologna,https://dati.unibo.it,34,0,5,2.6.9,"[""stats"", ""text_view"", ""image_view"", ""recline_view"", ""pdf_view"", ""datastore"", ""datapusher"", ""rich_dataset"", ""rich_resource"", ""scheming_datasets"", ""scheming_organizations"", ""scheming_groups"", ""fluent"", ""dcat"", ""pages"", ""officedocs_view""]"
2025-12-07,open-data-of-higher-education,https://dati.ustat.miur.it,65,0,1,2.8.7,"[""stats"", ""text_view"", ""image_view"", ""recline_view"", ""datastore"", ""datapusher"", ""dcat"", ""harvest"", ""ckan_harvester"", ""multilang"", ""multilang_harvester"", ""dcatapit_pkg"", ""dcatapit_org"", ""dcatapit_config"", ""ustat""]"
2025-12-07,matanza-riachuelo-basin-authority,https://datos.acumar.gob.ar,24,3,54,2.7.6,"[""stats"", ""text_view"", ""image_view"", ""recline_view"", ""hierarchy_display"", ""hierarchy_form"", ""dcat"", ""structured_data"", ""gobar_theme"", ""datastore"", ""datapusher"", ""googleanalytics""]"
2025-12-07,datosacumargovar,https://datos.acumar.gov.ar,24,3,54,2.7.6,"[""stats"", ""text_view"", ""image_view"", ""recline_view"", ""hierarchy_display"", ""hierarchy_form"", ""dcat"", ""structured_data"", ""gobar_theme"", ""datastore"", ""datapusher"", ""googleanalytics""]"
2025-12-07,alcobendas-data-portal,https://datos.alcobendas.org,0,0,0,,
2025-12-07,arsat-open-data-portal,https://datos.arsat.com.ar,13,4,14,2.7.6,"[""stats"", ""text_view"", ""image_view"", ""recline_view"", ""hierarchy_display"", ""hierarchy_form"", ""dcat"", ""structured_data"", ""gobar_theme"", ""datastore"", ""datapusher"", ""seriestiempoarexplorer"", ""googleanalytics""]"
2025-12-07,bahia-blanca-data-portal,https://datos.bahia.gob.ar,221,19,14,2.7.6,"[""stats"", ""text_view"", ""image_view"", ""recline_view"", ""hierarchy_display"", ""hierarchy_form"", ""dcat"", ""structured_data"", ""gobar_theme"", ""datastore"", ""datapusher"", ""seriestiempoarexplorer"", ""googleanalytics""]"
2025-12-07,corrientes-city-open-data-portal,https://datos.ciudaddecorrientes.gov.ar,70,8,37,2.7.5,"[""stats"", ""text_view"", ""image_view"", ""recline_view"", ""hierarchy_display"", ""hierarchy_form"", ""dcat"", ""structured_data"", ""gobar_theme"", ""datastore"", ""datapusher"", ""seriestiempoarexplorer"", ""googleanalytics""]"
2025-12-07,datosciudaddemendozagobar,https://datos.ciudaddemendoza.gob.ar,180,13,33,2.7.6,"[""stats"", ""text_view"", ""image_view"", ""recline_view"", ""hierarchy_display"", ""hierarchy_form"", ""dcat"", ""structured_data"", ""gcbaandinotheme"", ""gobar_theme"", ""datastore"", ""datapusher"", ""seriestiempoarexplorer"", ""googleanalytics""]"
2025-12-07,datosciudaddemendozagovar,https://datos.ciudaddemendoza.gov.ar,180,13,33,2.7.6,"[""stats"", ""text_view"", ""image_view"", ""recline_view"", ""hierarchy_display"", ""hierarchy_form"", ""dcat"", ""structured_data"", ""gcbaandinotheme"", ""gobar_theme"", ""datastore"", ""datapusher"", ""seriestiempoarexplorer"", ""googleanalytics""]"
2025-12-07,comunidad-de-madrid-data-catalog,https://datos.comunidad.madrid/catalogo,3666,22,2,2.9.0,"[""stats"", ""text_view"", ""image_view"", ""recline_view"", ""datastore"", ""dcat"", ""structured_data"", ""recline_map_view"", ""recline_graph_view"", ""webpage_view"", ""linechart"", ""barchart"", ""piechart"", ""basicgrid"", ""cmad"", ""resource_proxy"", ""geojson_view"", ""datapusher"", ""ldap""]"
2025-12-07,guanajuato-state-congress-open-data,https://datos.congresogto.gob.mx,34,6,1,2.9.0a,"[""stats"", ""text_view"", ""image_view"", ""recline_view"", ""pages"", ""googleanalytics"", ""datastore"", ""datapusher""]"
2025-12-07,supreme-court-open-data,https://datos.csjn.gov.ar,281,6,1,2.5.2,"[""datastore"", ""stats"", ""text_view"", ""image_view"", ""recline_view"", ""csjn_theme""]"
2025-12-07,pba-statistics-open-data,https://datos.estadistica.ec.gba.gov.ar,205,11,12,2.7.6,"[""stats"", ""text_view"", ""image_view"", ""recline_view"", ""hierarchy_display"", ""hierarchy_form"", ""dcat"", ""structured_data"", ""gobar_theme"", ""datastore"", ""datapusher"", ""seriestiempoarexplorer"", ""googleanalytics""]"
2025-12-07,argentina-open-data,https://datos.gob.ar,1211,13,44,2.7.6,"[""stats"", ""text_view"", ""image_view"", ""recline_view"", ""hierarchy_display"", ""hierarchy_form"", ""dcat"", ""structured_data"", ""gobar_theme"", ""seriestiempoarexplorer"", ""googleanalytics""]"
2025-12-07,datosgobcl,https://datos.gob.cl,2806,24,253,2.10.4,"[""image_view"", ""text_view"", ""recline_view"", ""recline_graph_view"", ""datastore"", ""gobcl-datos-theme"", ""resource_proxy"", ""geo_view"", ""geojson_view"", ""harvest"", ""ckan_harvester"", ""stats"", ""googleanalytics"", ""video_view"", ""audio_view"", ""webpage_view"", ""pdf_view"", ""xloader"", ""scheming_datasets"", ""scheming_groups"", ""scheming_organizations"", ""activity"", ""dcat"", ""dcat_json_interface"", ""dcat_rdf_harvester"", ""spatial_metadata"", ""spatial_query"", ""spatial_harvest_metadata_api"", ""csw_harvester"", ""waf_harvester"", ""doc_harvester"", ""envvars""]"
2025-12-07,dr-open-data-portal-portal-de-datos-abiertos-de-la-rd,https://datos.gob.do,1016,13,264,2.11.3,"[""activity"", ""datosgobdo_theme""]"
2025-12-07,icane-open-data-portal-portal-open-data-icane,https://datos.icane.es,256,14,1,2.11.3,"[""image_view"", ""text_view"", ""datatables_view"", ""datastore"", ""datapusher"", ""envvars"", ""dcat"", ""federgob""]"
2025-12-07,jesus-maria-data,https://datos.jesusmaria.gov.ar,34,8,21,2.7.6,"[""stats"", ""text_view"", ""image_view"", ""recline_view"", ""hierarchy_display"", ""hierarchy_form"", ""dcat"", ""structured_data"", ""gobar_theme"", ""datastore"", ""datapusher"", ""seriestiempoarexplorer"", ""googleanalytics""]"
2025-12-07,argentina-justice-data-portal,https://datos.jus.gob.ar,63,10,34,2.5.2,"[""datastore"", ""datapusher"", ""stats"", ""text_view"", ""image_view"", ""recline_grid_view"", ""hierarchy_display"", ""hierarchy_form"", ""pages"", ""reorder"", ""jusbar_theme"", ""tableau_view""]"
2025-12-07,data-portal-of-the-parliament-of-the-canary-islands,https://datos.parcan.es,4355,22,1,2.8.2,"[""stats"", ""text_view"", ""image_view"", ""recline_grid_view"", ""recline_graph_view"", ""recline_map_view"", ""datastore"", ""dcat"", ""dcat_rdf_harvester"", ""harvest"", ""ckan_harvester"", ""scheming_datasets"", ""fluent"", ""federador"", ""parcan"", ""datapusher""]"
2025-12-07,santa-fe-open-data,https://datos.santafe.gob.ar,0,0,0,,
2025-12-07,slp-health-data-portal,https://datos.slp.gob.mx,405,0,83,2.11.2,"[""activity"", ""emailasusername""]"
2025-12-07,open-data-from-the-secretariat-of-transport,https://datos.transporte.gob.ar,48,7,35,2.7.6,"[""stats"", ""text_view"", ""image_view"", ""recline_view"", ""hierarchy_display"", ""hierarchy_form"", ""dcat"", ""structured_data"", ""gobar_theme"", ""datastore"", ""datapusher"", ""seriestiempoarexplorer"", ""googleanalytics""]"
2025-12-07,buenos-aires-justice-data,https://datos.tsjbaires.gov.ar,0,0,0,,
2025-12-07,usina-tandil-data,https://datos.usinatandil.com.ar,8,2,1,2.10.4,"[""stats"", ""text_view"", ""image_view"", ""recline_grid_view"", ""recline_graph_view"", ""recline_map_view"", ""webpage_view"", ""datastore"", ""datapusher"", ""envvars"", ""datatables_view""]"
2025-12-07,veracruz-ayuntamiento-data,https://datos.veracruzmunicipio.gob.mx,368,0,15,2.10.4,"[""activity""]"
2025-12-07,open-data-municipality-of-comodoro-rivadavia,https://datos.vivamoscomodoro.gob.ar,0,0,0,,
2025-12-07,open-tourism-data-datos-abiertos-de-turismo,https://datos.yvera.gob.ar,16,7,3,2.7.6,"[""stats"", ""text_view"", ""image_view"", ""recline_view"", ""hierarchy_display"", ""hierarchy_form"", ""dcat"", ""structured_data"", ""gobar_theme"", ""datastore"", ""datapusher"", ""seriestiempoarexplorer"", ""googleanalytics""]"
2025-12-07,datosyveraturar,https://datos.yvera.tur.ar,16,7,3,2.7.6,"[""stats"", ""text_view"", ""image_view"", ""recline_view"", ""hierarchy_display"", ""hierarchy_form"", ""dcat"", ""structured_data"", ""gobar_theme"", ""datastore"", ""datapusher"", ""seriestiempoarexplorer"", ""googleanalytics""]"
2025-12-07,arganda-del-rey-town-hall-open-data-portal,https://datosabiertos.ayto-arganda.es,1028,22,1,2.8.7,"[""datastore"", ""datapusher"", ""stats"", ""text_view"", ""image_view"", ""recline_view"", ""recline_map_view"", ""recline_graph_view"", ""webpage_view"", ""resource_proxy"", ""pdf_view"", ""shp_view"", ""geo_view"", ""navigablemap"", ""choroplethmap"", ""linechart"", ""barchart"", ""piechart"", ""viewhelpers"", ""dashboard_preview"", ""basicgrid"", ""geojson_view"", ""pages"", ""showcase"", ""argandadelrey"", ""surrey"", ""surreyfacet"", ""odata"", ""dcat"", ""structured_data"", ""federadorNTI"", ""contact""]"
2025-12-07,badajoz-provincial-council-development-open-data,https://datosabiertos.dip-badajoz.es,107,13,4,2.7.2,"[""dcat"", ""dcat_rdf_harvester"", ""harvest"", ""ckan_harvester"", ""resource_proxy"", ""dietstars"", ""datarequests"", ""recline_grid_view"", ""pages"", ""discovery"", ""tag_cloud"", ""feedback"", ""guilfordnc-theme"", ""geojsonview"", ""stats"", ""text_view"", ""image_view"", ""datastore"", ""datapusher"", ""recline_graph_view"", ""linechart"", ""barchart"", ""piechart"", ""basicgrid"", ""pdf_view"", ""recline_view"", ""googleanalytics""]"
2025-12-07,open-data-portal-of-the-cabildo-de-el-hierro,https://datosabiertos.elhierro.es,13,22,10,2.8.2,"[""oauth2"", ""ceh_comment"", ""qa"", ""datastore"", ""stats"", ""scds_theme"", ""highlighting"", ""social"", ""text_view"", ""image_view"", ""recline_view"", ""recline_grid_view"", ""recline_graph_view"", ""recline_map_view"", ""webpage_view"", ""pdf_view"", ""resource_proxy"", ""dcat"", ""harvest"", ""ckan_harvester"", ""dcat_rdf_harvester"", ""dcat_json_harvester"", ""dcat_json_interface"", ""structured_data"", ""datapusher"", ""datesearch"", ""sparql_interface"", ""discovery"", ""tag_cloud"", ""navigablemap"", ""choroplethmap"", ""geo_view"", ""geojson_view"", ""wmts_view"", ""shp_view"", ""googleanalytics""]"
2025-12-07,panama-open-data,https://datosabiertos.gob.pa,5258,18,113,2.9.7,"[""envvars"", ""image_view"", ""text_view"", ""recline_view"", ""datastore"", ""datapusher"", ""stats"", ""disqus"", ""pages""]"
2025-12-07,info-cdmx-open-data,https://datosabiertos.infocdmx.org.mx,66,3,1,2.10.4,"[""activity"", ""text_view"", ""image_view"", ""recline_view"", ""datastore"", ""xloader""]"
2025-12-07,open-data-faculty-of-engineering,https://datosabiertos.ingenieria.usac.edu.gt,3,2,1,2.9.5,"[""envvars"", ""image_view"", ""text_view"", ""recline_view"", ""datastore"", ""datapusher""]"
2025-12-07,datosabiertos-lapaz-bo,https://datosabiertos.lapaz.bo,27,12,1,2.9.5,"[""stats"", ""text_view"", ""image_view"", ""recline_view"", ""pages"", ""datastore"", ""datapusher"", ""visualize"", ""lapaz""]"
2025-12-07,las-torres-de-cotillas-data,https://datosabiertos.lastorresdecotillas.es,5,94,9,2.10.1,"[""activity"", ""hierarchy_display"", ""hierarchy_form"", ""hierarchy_group_form"", ""torres_cotillas_theme""]"
2025-12-07,malaga-open-data-portal,https://datosabiertos.malaga.eu,1295,22,9,2.8.4,"[""dcat"", ""noregistration"", ""datastore"", ""spatial_metadata"", ""spatial_query"", ""geojson_view"", ""stats"", ""recline_view"", ""resource_proxy"", ""contacto"", ""viewhelpers"", ""pdf_view"", ""linechart"", ""barchart"", ""piechart"", ""basicgrid"", ""recline_grid_view"", ""recline_graph_view"", ""recline_map_view"", ""dcat_rdf_harvester"", ""discovery"", ""similar_datasets"", ""tag_cloud"", ""federador"", ""sitemap"", ""malaga"", ""structured_data"", ""dcat_json_interface"", ""soporte""]"
2025-12-07,mendoza-open-data,https://datosabiertos.mendoza.gov.ar,204,14,32,2.7.6,"[""stats"", ""text_view"", ""image_view"", ""recline_view"", ""hierarchy_display"", ""hierarchy_form"", ""dcat"", ""structured_data"", ""gobar_theme"", ""datastore"", ""datapusher"", ""seriestiempoarexplorer"", ""googleanalytics""]"
2025-12-07,mercedes-open-data,https://datosabiertos.mercedes.gob.ar,302,21,24,2.7.6,"[""stats"", ""text_view"", ""image_view"", ""recline_view"", ""hierarchy_display"", ""hierarchy_form"", ""dcat"", ""structured_data"", ""gobar_theme"", ""datastore"", ""datapusher"", ""seriestiempoarexplorer"", ""googleanalytics""]"
2025-12-07,puertollano-open-data,https://datosabiertos.puertollano.es,10,14,1,2.9.2,"[""stats"", ""text_view"", ""image_view"", ""recline_view""]"
2025-12-07,open-data-in-the-region-of-murcia,https://datosabiertos.regiondemurcia.es,980,22,14,2.10.1,"[""datastore"", ""regiondemurcia""]"
2025-12-07,rivas-rivas,https://datosabiertos.rivasciudad.es,7,13,1,,"[""stats"", ""text_view"", ""image_view"", ""recline_view"", ""datastore"", ""resource_proxy"", ""recline_graph_view"", ""recline_grid_view"", ""recline_map_view"", ""webpage_view"", ""scheming_datasets"", ""harvest"", ""ckan_harvester"", ""structured_data"", ""spatial_metadata"", ""spatial_query"", ""geo_view"", ""multilingual_dataset"", ""multilingual_group"", ""multilingual_tag"", ""csw_harvester"", ""scheming_groups"", ""scheming_organizations"", ""rivas"", ""xloader"", ""linechart"", ""barchart"", ""piechart"", ""dashboard_preview""]"
2025-12-07,san-juan-open-data,https://datosabiertos.sanjuan.gob.ar,79,1,7,2.7.2,"[""stats"", ""text_view"", ""image_view"", ""recline_view"", ""datastore"", ""datapusher""]"
2025-12-07,open-data-of-the-provincial-council-of-salamanca,https://datosabiertossalamanca.es,51,17,2,2.8.2,"[""pages"", ""viewhelpers"", ""dashboard_preview"", ""datastore"", ""xloader"", ""image_view"", ""pdf_view"", ""recline_view"", ""recline_grid_view"", ""recline_graph_view"", ""recline_map_view"", ""text_view"", ""webpage_view"", ""datapreview"", ""geojson_view"", ""geo_view"", ""wmts_view"", ""resource_proxy"", ""stats"", ""noregistration""]"
2025-12-07,prtr-retc,https://datosretc.mma.gob.cl,16,6,1,,"[""pages"", ""activity"", ""datastore""]"
2025-12-07,deformability-cytometry-open-repository,https://dcor.mpl.mpg.de,2769,10,32,2.11.3,"[""stats"", ""text_view"", ""image_view"", ""dcor_depot"", ""dcor_schemas"", ""dc_serve"", ""dc_view"", ""dc_log_view"", ""dcor_theme""]"
2025-12-07,quescren-data-portal,https://desq.quescren.ca,159,0,4,2.9.11,"[""stats"", ""text_view"", ""image_view"", ""recline_view"", ""desq"", ""hidegroups"", ""scheming_datasets"", ""scheming_organizations"", ""fluent"", ""scheming_nerf_index""]"
2025-12-07,detroit-open-data-portal,https://detroitdata.org,1590,0,91,2.10.4,"[""envvars"", ""resource_proxy"", ""image_view"", ""text_view"", ""recline_view"", ""geo_view"", ""shp_view"", ""datatables_view"", ""datastore"", ""datapusher"", ""harvest"", ""ckan_harvester"", ""dcat"", ""dcat_rdf_harvester"", ""dcat_json_harvester"", ""dcat_json_interface"", ""structured_data"", ""detroit_data"", ""showcase"", ""pages"", ""scheming_groups"", ""activity""]"
2025-12-07,gulf-of-maine-research-institute,https://dev.ckan.res.gmri.io,0,0,0,,
2025-12-07,victorian-government-data,https://discover.data.vic.gov.au,5944,16,77,,
2025-12-07,the-document-management-system,https://dms.hiv.health.gov.mw,193,8,2,2.11.0,"[""dms"", ""dataset_subscriptions"", ""activity"", ""short_urls"", ""scheming_datasets"", ""stats"", ""text_view"", ""image_view"", ""pdf_view"", ""geo_view"", ""webpage_view"", ""officedocs_view"", ""blob_storage"", ""authz_service"", ""pages""]"
2025-12-07,docsentsoeeu,https://docs.entsoe.eu,0,0,0,,
2025-12-07,donneescmmqcca,https://donnees.cmm.qc.ca,1,1,141,2.8.2,"[""stats"", ""text_view"", ""image_view"", ""recline_view"", ""recline_grid_view"", ""recline_graph_view"", ""recline_map_view"", ""datastore"", ""webpage_view"", ""pdf_view"", ""officedocs_view""]"
2025-12-07,open-data-website-of-the-city-of-montreal,https://donnees.montreal.ca,422,12,7,2.9.9,"[""envvars"", ""stats"", ""text_view"", ""image_view"", ""datastore"", ""cloudstorage"", ""xloader"", ""resource_proxy"", ""webpage_view"", ""spatial_metadata"", ""spatial_query"", ""structured_data"", ""disqus"", ""montreal_theme"", ""harvest"", ""ckan_harvester"", ""dcat"", ""dcat_rdf_harvester"", ""dcat_json_harvester"", ""dcat_json_interface"", ""scheming_datasets"", ""pages"", ""showcase"", ""password_policy"", ""dataexplorer""]"
2025-12-07,open-data-of-the-city-of-montreal,https://donnees.ville.montreal.qc.ca,422,12,7,2.9.9,"[""envvars"", ""stats"", ""text_view"", ""image_view"", ""datastore"", ""cloudstorage"", ""xloader"", ""resource_proxy"", ""webpage_view"", ""spatial_metadata"", ""spatial_query"", ""structured_data"", ""disqus"", ""montreal_theme"", ""harvest"", ""ckan_harvester"", ""dcat"", ""dcat_rdf_harvester"", ""dcat_json_harvester"", ""dcat_json_interface"", ""scheming_datasets"", ""pages"", ""showcase"", ""password_policy"", ""dataexplorer""]"
2025-12-07,quebec-data-open-data-from-quebec,https://donneesquebec.ca,1625,12,138,2.11.3,"[""dqc_theme"", ""dqc_stats"", ""dqc_hierarchy"", ""hierarchy_display"", ""dqc_scheming"", ""scheming_datasets"", ""scheming_organizations"", ""dqc_showcase"", ""showcase"", ""dcat"", ""activity"", ""structured_data"", ""resource_proxy"", ""geo_view"", ""geojson_view"", ""wmts_view"", ""shp_view"", ""xloader"", ""datastore"", ""webpage_view"", ""datatables_view"", ""stats"", ""text_view"", ""image_view"", ""dqc_googleanalytics"", ""tracking""]"
2025-12-07,quebec-open-data,https://donneesquebec.ca/recherche/fr,1625,12,138,2.11.3,"[""dqc_theme"", ""dqc_stats"", ""dqc_hierarchy"", ""hierarchy_display"", ""dqc_scheming"", ""scheming_datasets"", ""scheming_organizations"", ""dqc_showcase"", ""showcase"", ""dcat"", ""activity"", ""structured_data"", ""resource_proxy"", ""geo_view"", ""geojson_view"", ""wmts_view"", ""shp_view"", ""xloader"", ""datastore"", ""webpage_view"", ""datatables_view"", ""stats"", ""text_view"", ""image_view"", ""dqc_googleanalytics"", ""tracking""]"
2025-12-07,ecai-ckan-portal,https://ecaidata.org,1209,8,10,2.7.12,"[""dcat"", ""structured_data"", ""datastore"", ""datapusher"", ""resource_proxy"", ""stats"", ""image_view"", ""text_view"", ""recline_view"", ""pdf_view"", ""webpage_view"", ""ckanext_ECAI"", ""spatial_metadata"", ""spatial_query"", ""shp_view"", ""geo_view"", ""wmts_view"", ""timesearch""]"
2025-12-07,edge-open-data-portal,https://edge.durban,24,6,2,2.7.2,"[""stats"", ""text_view"", ""image_view"", ""recline_view"", ""datastore"", ""datapusher"", ""c3charts"", ""resource_proxy"", ""geojson_view"", ""geo_view"", ""viewhelpers"", ""dashboard_preview"", ""linechart"", ""barchart"", ""piechart"", ""basicgrid"", ""pdf_view"", ""spatial_metadata"", ""spatial_query"", ""navigablemap"", ""choroplethmap"", ""webpage_view"", ""example_theme""]"
2025-12-07,the-durban-edge-open-data-portal,https://edge.durban/,24,6,2,2.7.2,"[""stats"", ""text_view"", ""image_view"", ""recline_view"", ""datastore"", ""datapusher"", ""c3charts"", ""resource_proxy"", ""geojson_view"", ""geo_view"", ""viewhelpers"", ""dashboard_preview"", ""linechart"", ""barchart"", ""piechart"", ""basicgrid"", ""pdf_view"", ""spatial_metadata"", ""spatial_query"", ""navigablemap"", ""choroplethmap"", ""webpage_view"", ""example_theme""]"
2025-12-07,edxnetldoegov,https://edx.netl.doe.gov,18031,1,12,3.0.0,"[""stats"", ""image_view"", ""spatial_metadata"", ""spatial_query"", ""text_view"", ""audio_view"", ""video_view""]"
2025-12-07,aging-research-group-data,https://embed.aging-research.group,76,1,1,2.7.2,"[""sysbio_state"", ""sysbio_package"", ""sysbio_gerontomics"", ""sysbio_theme"", ""stats"", ""resource_proxy"", ""text_view"", ""image_view"", ""recline_view""]"
2025-12-07,energydata-info,https://energydata.info,1183,6,0,2.9.13,"[""sqlalchemythread"", ""uwsgistats"", ""pdf_view"", ""officedocs_view"", ""stats"", ""text_view"", ""image_view"", ""recline_view"", ""recline_graph_view"", ""recline_map_view"", ""webpage_view"", ""dcat"", ""dcat_json_interface"", ""derilinxdcatprofile"", ""datastore"", ""datapusher"", ""resource_proxy"", ""datatables_view"", ""spatial_metadata"", ""spatial_query"", ""superset"", ""vectorconverter"", ""offgrid_theme"", ""data_transform"", ""data_transform_superset"", ""extrafields"", ""mvt"", ""mvt_view"", ""datastore_cleanup"", ""archive_dataset"", ""s3resources"", ""backgrounder"", ""cooking"", ""harvest"", ""ddh_harvester"", ""pending_datasets"", ""s3filestore"", ""broken_links"", ""security""]"
2025-12-07,thailand-agriculture-data-portal,https://farmerone.in.th,21,7,7,2.9.5,"[""stats"", ""text_view"", ""image_view"", ""recline_view"", ""resource_proxy"", ""datastore"", ""xloader"", ""geo_view"", ""geojson_view"", ""webpage_view"", ""shp_view"", ""wmts_view"", ""pdf_view"", ""dga_stats"", ""farmerone"", ""thai_gdc"", ""openapi_view"", ""scheming_datasets"", ""hierarchy_display"", ""hierarchy_form"", ""dcat"", ""dcat_json_interface"", ""structured_data""]"
2025-12-07,nsw-flood-data-portal,https://flooddata.ses.nsw.gov.au,7598,0,176,2.10.8,"[""nswflood"", ""nswflood_resources"", ""googleanalytics"", ""spatial_metadata"", ""spatial_query"", ""dcat"", ""scheming_datasets"", ""scheming_organizations"", ""hierarchy_display"", ""accessrequests"", ""cloudstorage"", ""syndicate"", ""flakes"", ""flakes_scheming"", ""activity"", ""core_fix""]"
2025-12-07,reykjavik-open-data,https://gagnagatt.reykjavik.is,586,11,9,2.9.4,"[""envvars"", ""image_view"", ""text_view"", ""recline_view"", ""datastore"", ""datapusher""]"
2025-12-07,gdcatalogcodiorth,https://gdcatalog.codi.or.th,0,0,0,,
2025-12-07,government-data-catalog,https://gdcatalog.go.th,19979,5,200,2.9.2,"[""thaigdcsso"", ""discovery"", ""search_suggestions"", ""gdc_portal"", ""stats"", ""text_view"", ""image_view"", ""recline_view"", ""resource_proxy"", ""datastore"", ""xloader"", ""geo_view"", ""geojson_view"", ""webpage_view"", ""shp_view"", ""wmts_view"", ""cesium_viewer"", ""pdf_view"", ""dcat"", ""dcat_json_interface"", ""structured_data"", ""dga_stats"", ""thai_gdc"", ""noregistration"", ""scheming_datasets"", ""scheming_groups"", ""hierarchy_display"", ""hierarchy_form"", ""googleanalytics""]"
2025-12-07,gdcatalognhacoth,https://gdcatalog.nha.co.th,197,14,146,2.10.7,"[""thai_gdc"", ""showcase"", ""stats"", ""opendstats"", ""activity"", ""image_view"", ""datatables_view"", ""text_view"", ""webpage_view"", ""resource_proxy"", ""geo_view"", ""geojson_view"", ""shp_view"", ""xloader"", ""datastore"", ""pdf_view"", ""dcat"", ""dcat_json_interface"", ""structured_data"", ""scheming_datasets"", ""hierarchy_display"", ""hierarchy_form""]"
2025-12-07,world-bank-gender-data-portal,https://genderopendata.org,0,0,0,2.10.6,"[""stats"", ""text_view"", ""image_view"", ""recline_view"", ""recline_grid_view"", ""gdoc_view"", ""resource_proxy"", ""s3filestore"", ""showcase"", ""datapusher"", ""datastore"", ""officedocs_view"", ""pdf_view"", ""dcat"", ""dcat_json_interface"", ""structured_data"", ""sentry"", ""pages"", ""envvars"", ""genderopendata"", ""harvest"", ""ckan_harvester""]"
2025-12-07,global-development-data-portal,https://geo4.dev,129,0,0,2.8.3,"[""stats"", ""text_view"", ""image_view"", ""recline_view"", ""geo4dev""]"
2025-12-07,dutch-base-registries-data-catalog,https://geocatalogus.nl,16,0,2,2.8.3,"[""envvars"", ""image_view"", ""text_view"", ""recline_view"", ""datastore"", ""datapusher""]"
2025-12-07,geodatasandvikense,https://geodata.sandviken.se,15,0,1,2.8.5,"[""envvars"", ""saml2"", ""shp_view"", ""image_view"", ""text_view"", ""recline_view"", ""datastore"", ""datapusher"", ""resource_proxy"", ""geo_view"", ""harvest"", ""ckan_harvester"", ""spatial_metadata"", ""spatial_query"", ""spatial_harvest_metadata_api"", ""csw_harvester"", ""waf_harvester"", ""doc_harvester"", ""dcat"", ""dcat_rdf_harvester"", ""dcat_json_harvester"", ""dcat_json_interface"", ""structured_data"", ""sokigo""]"
2025-12-07,geographic-information-system-of-western-macedonia,https://geodm.gr,694,8,2,2.2,"[""stats"", ""text_preview"", ""recline_preview"", ""datastore"", ""resource_proxy"", ""datapusher"", ""spatial_metadata"", ""spatial_query"", ""wms_preview"", ""geojson_preview"", ""ankoiauth"", ""anko""]"
2025-12-07,gsq-open-data-portal,https://geoscience.data.qld.gov.au,187751,1,1,2.10.8,"[""stats"", ""text_view"", ""image_view"", ""spatial_metadata"", ""spatial_query"", ""gsq_theme"", ""gsq_shared"", ""scheming_datasets"", ""scheming_organizations"", ""resource_proxy"", ""zip_view"", ""pdf_view"", ""or_facet"", ""create_typed_package"", ""resource_indexer"", ""cloudstorage"", ""fpx"", ""googleanalytics"", ""datastore"", ""xloader"", ""syndicate"", ""activity"", ""drupal_idp"", ""drupal_api""]"
2025-12-07,gifu-prefecture-open-data-catalog-site,https://gifu-opendata.pref.gifu.lg.jp,1751,24,65,2.8.5,"[""bodik_theme"", ""stats"", ""pdf_view"", ""text_view"", ""image_view"", ""webpage_view"", ""recline_view"", ""recline_map_view"", ""linechart"", ""barchart"", ""piechart"", ""basicgrid"", ""datastore"", ""datapusher"", ""viewhelpers"", ""dashboard_preview"", ""harvest"", ""ckan_harvester"", ""dcat"", ""dcat_rdf_harvester"", ""dcat_json_harvester"", ""dcat_json_interface"", ""structured_data"", ""googleanalytics""]"
2025-12-07,eu-data-portal,https://gimi9.com,2754226,5,85,2.11.2,"[""dcat"", ""dcat_json_interface"", ""embeddings""]"
2025-12-07,marine-spatial-data-hub,https://gis-hub.ca,0,16,0,,
2025-12-07,minnesota-geospatial-commons,https://gisdata.mn.gov,1070,18,48,2.8.4,"[""stats"", ""text_view"", ""image_view"", ""recline_view"", ""spatial_metadata"", ""spatial_query"", ""geo_view"", ""resource_proxy"", ""harvest"", ""ckan_harvester"", ""dcat"", ""dcat_rdf_harvester"", ""dcat_json_harvester"", ""dcat_json_interface"", ""structured_data"", ""geodatamn""]"
2025-12-07,thai-agricultural-open-data,https://govtech.in.th,378,11,6,2.9.5,"[""stats"", ""text_view"", ""image_view"", ""recline_view"", ""resource_proxy"", ""datastore"", ""xloader"", ""geo_view"", ""geojson_view"", ""shp_view"", ""wmts_view"", ""webpage_view"", ""pdf_view"", ""dga_stats"", ""thagri"", ""thai_gdc"", ""openapi_view"", ""scheming_datasets"", ""hierarchy_display"", ""hierarchy_form"", ""dcat"", ""dcat_json_interface"", ""structured_data""]"
2025-12-07,grandestmoissonnagedata4citizencom,https://grandest-moissonnage.data4citizen.com,7996,0,113,2.8.7,"[""stats"", ""text_view"", ""image_view"", ""recline_view"", ""datastore"", ""datapusher"", ""harvest"", ""ckan_harvester"", ""csw_harvester"", ""spatial_metadata"", ""spatial_query"", ""ge_csw_harvester"", ""dcat"", ""dcat_rdf_harvester"", ""dcat_json_harvester"", ""dcat_json_interface"", ""structured_data""]"
2025-12-07,haifa-data-portal,https://haifa.datacity.org.il,80,12,11,2.8.12,"[""stats"", ""text_view"", ""image_view"", ""recline_view"", ""datastore"", ""xloader"", ""resource_proxy"", ""s3filestore"", ""geojson_view"", ""datacity"", ""scheming_datasets"", ""scheming_groups"", ""pages""]"
2025-12-07,central-statistics-office-data,https://haleandhearty.staging.derilinx.com,0,0,0,,
2025-12-07,hellenic-research-data-repository,https://hardmin.heal-link.gr,26,9,255,2.8.1,"[""datastore"", ""datapusher"", ""resource_proxy"", ""restricted"", ""helix_theme"", ""helix_dataset"", ""helix_package"", ""harvest"", ""ckan_harvester"", ""oaipmh_harvester"", ""spatial_metadata"", ""spatial_query"", ""stats"", ""text_view"", ""image_view"", ""recline_view"", ""recline_grid_view"", ""recline_graph_view"", ""recline_map_view"", ""geo_view"", ""wmts_view"", ""geojson_view"", ""viewhelpers"", ""scheming_organizations"", ""scheming_groups"", ""userautoadd"", ""userdatasets"", ""hierarchy_display"", ""oauth2"", ""orcid"", ""googleanalytics""]"
2025-12-07,tumi-data-portal,https://hub.tumidata.org,1026,19,2,2.10.1,"[""image_view"", ""text_view"", ""recline_view"", ""datastore"", ""xloader"", ""activity"", ""tumi_theme"", ""pages"", ""showcase"", ""dcat"", ""dcat_json_interface"", ""structured_data"", ""pdf_view"", ""geo_view"", ""resource_proxy"", ""matomo_dsgvo"", ""spatial_metadata"", ""spatial_query"", ""fluent"", ""scheming_datasets"", ""harvest"", ""ckan_harvester"", ""stats"", ""metadata_manager"", ""envvars""]"
2025-12-07,russian-open-data-hub,https://hubofdata.ru,8224,86,35,2.11.4,"[""activity"", ""stats"", ""text_view"", ""image_view""]"
2025-12-07,world-bank-trust-funds-iati-data,https://iatiregistry.org,13237,1846,1846,,
2025-12-07,indicadores-pr-indicadores-pr,https://indicadores.pr,54,0,16,2.7.0,"[""stats"", ""text_view"", ""image_view"", ""recline_view"", ""datastore"", ""datapusher"", ""harvest"", ""ckan_harvester"", ""odata""]"
2025-12-07,ipaportal-ipaportale,https://indicepa.gov.it,0,0,0,,
2025-12-07,u-s-federal-government-data-inventory,https://inventory.data.gov,0,0,0,2.11.2,"[""datagov_inventory"", ""datastore"", ""xloader"", ""s3filestore"", ""dcat_usmetadata"", ""usmetadata"", ""datajson"", ""saml2auth"", ""envvars""]"
2025-12-07,jerusalem-open-data-portal,https://jerusalem.datacity.org.il,114,12,2,2.8.12,"[""stats"", ""text_view"", ""image_view"", ""recline_view"", ""datastore"", ""xloader"", ""resource_proxy"", ""s3filestore"", ""geojson_view"", ""datacity"", ""scheming_datasets"", ""scheming_groups"", ""pages""]"
2025-12-07,zbw-journal-data-archive,https://journaldata.zbw.eu,1909,0,12,2.9.6,"[""envvars"", ""stats"", ""sitemap"", ""text_view"", ""recline_view"", ""recline_grid_view"", ""pdf_view"", ""image_view"", ""journal-dashboard"", ""datacite"", ""edawax"", ""datastore"", ""xloader""]"
2025-12-07,justicehubin,https://justicehub.in,196,24,12,2.8.2,"[""stats"", ""text_view"", ""image_view"", ""recline_view"", ""dcat"", ""structured_data"", ""pages"", ""datapusher"", ""datastore"", ""justicehub_theme"", ""googleanalytics"", ""issues"", ""validation"", ""scheming_datasets"", ""scheming_organizations"", ""scheming_groups"", ""composite"", ""discourse-sso"", ""table_view"", ""dataviz_view"", ""emailauth"", ""moderation"", ""pdf_view"", ""sitemap"", ""contact"", ""recline_grid_view""]"
2025-12-07,activity-catalog-of-the-round-table-gis-association,https://katalog.rundertischgis.de,88,20,90,2.8.4,"[""stats"", ""text_view"", ""image_view"", ""recline_view"", ""scheming_datasets"", ""hierarchy_display"", ""hierarchy_form"", ""spatial_metadata"", ""spatial_query"", ""resource_proxy"", ""geojson_view"", ""repeating"", ""composite"", ""display_group"", ""form_group"", ""relation"", ""disqus"", ""temporalsearch"", ""userautoaddgroup"", ""restricted""]"
2025-12-07,open-information-kfar-saba,https://kfar-saba.datacity.org.il,33,10,3,2.8.12,"[""stats"", ""text_view"", ""image_view"", ""recline_view"", ""datastore"", ""xloader"", ""resource_proxy"", ""s3filestore"", ""geojson_view"", ""datacity"", ""scheming_datasets"", ""scheming_groups"", ""pages""]"
2025-12-07,national-public-data-portal,https://kozadatportal.hu,2290,13,21,2.9.7,"[""hutemplate"", ""pages"", ""dcat"", ""dcat_json_interface"", ""structured_data"", ""scheming_datasets"", ""multilingual_group"", ""multilingual_tag"", ""scheming_groups"", ""scheming_organizations"", ""rating"", ""showcase""]"
2025-12-07,ldd-ckan-ldd-ckan,https://lddcatalog.ldd.go.th,22,6,10,2.10.7,"[""thai_gdc"", ""showcase"", ""stats"", ""opendstats"", ""activity"", ""image_view"", ""datatables_view"", ""text_view"", ""webpage_view"", ""resource_proxy"", ""geo_view"", ""geojson_view"", ""shp_view"", ""xloader"", ""datastore"", ""pdf_view"", ""dcat"", ""dcat_json_interface"", ""structured_data"", ""scheming_datasets"", ""hierarchy_display"", ""hierarchy_form""]"
2025-12-07,attica-wetlands-wetland-repository,https://library.atticawetlands.eu,0,0,0,,
2025-12-07,suomi-fi-service-interconnection-catalog,https://liityntakatalogi.suomi.fi,1349,0,556,2.11.4,"[""apply_permissions_for_service"", ""apicatalog"", ""sitesearch"", ""scheming_datasets"", ""scheming_organizations"", ""fluent"", ""openapi_view"", ""apicatalog_pages"", ""pages"", ""apicatalog_admin_dashboard"", ""apicatalog_harvesterstatus"", ""harvest"", ""xroad_harvester"", ""text_view"", ""wsdl_view"", ""validate_links"", ""xroad_integration"", ""sentry"", ""forcetranslation"", ""markdown_editor"", ""activity""]"
2025-12-07,lincolnshire-open-data,https://lincolnshire.ckan.io,0,0,0,,
2025-12-07,open-information-portal-ma-ale-adumim,https://maale-adummim.datacity.org.il,32,12,2,2.8.12,"[""stats"", ""text_view"", ""image_view"", ""recline_view"", ""datastore"", ""xloader"", ""resource_proxy"", ""s3filestore"", ""geojson_view"", ""datacity"", ""scheming_datasets"", ""scheming_groups"", ""pages""]"
2025-12-07,mapaction-data-portal,https://maps.mapaction.org,4433,0,0,2.7.12,"[""envvars"", ""stats"", ""text_view"", ""image_view"", ""pdf_view"", ""recline_view"", ""webpage_view"", ""mapactiontheme"", ""mapactionimporter"", ""mapactionevent"", ""locationgroup"", ""mapactiongeorss"", ""userautoadd"", ""datasetversions"", ""datasetthumbnail"", ""syndicate"", ""googleauth"", ""googleanalytics"", ""mapactionschemas"", ""scheming_datasets"", ""repeating""]"
2025-12-07,clariah-labs-dataset-registry,https://mediasuitedata.clariah.nl,94,7,62,2.8.2,"[""datastore""]"
2025-12-07,mobidata-bw-data-portal,https://mobidata-bw.de,143,8,20,2.11.3,"[""mobidatabw_theme"", ""stats"", ""text_view"", ""image_view"", ""datatables_view"", ""geo_view"", ""geojson_view"", ""wmts_view"", ""shp_view"", ""datastore"", ""xloader"", ""pdf_view"", ""resource_proxy"", ""harvest"", ""ckan_harvester"", ""spatial_metadata"", ""spatial_query"", ""dcat"", ""dcatde"", ""dcat_rdf_harvester"", ""dcat_json_harvester"", ""dcat_json_interface"", ""structured_data"", ""activity"", ""pages"", ""comments"", ""metadata_manager"", ""tracking"", ""envvars""]"
2025-12-07,nabc-data-catalog-nabc-data-catalog,https://nabc-catalog.oae.go.th,598,14,85,2.10.7,"[""harvest"", ""ckan_harvester"", ""bt_theme"", ""thai_gdc"", ""showcase"", ""stats"", ""opendstats"", ""activity"", ""image_view"", ""datatables_view"", ""text_view"", ""webpage_view"", ""resource_proxy"", ""geo_view"", ""geojson_view"", ""shp_view"", ""xloader"", ""datastore"", ""pdf_view"", ""dcat"", ""dcat_json_interface"", ""structured_data"", ""scheming_datasets"", ""hierarchy_display"", ""hierarchy_form""]"
2025-12-07,usgs-3dep-data-catalog,https://nationaldataplatform.org/catalog,4863,2,51,2.10.1,"[""envvars"", ""image_view"", ""text_view"", ""recline_view"", ""datastore"", ""datapusher"", ""harvest"", ""ckan_harvester"", ""dcat_json_harvester"", ""dcat_rdf_harvester"", ""ndp"", ""keycloak"", ""resource_proxy"", ""geo_view"", ""webpage_view""]"
2025-12-07,netanya-open-information-portal-home-page,https://netanya.datacity.org.il,28,12,2,2.8.12,"[""stats"", ""text_view"", ""image_view"", ""recline_view"", ""datastore"", ""xloader"", ""resource_proxy"", ""s3filestore"", ""geojson_view"", ""datacity"", ""scheming_datasets"", ""scheming_groups"", ""pages""]"
2025-12-07,ngodataru,https://ngodata.ru,153,14,56,2.11.4,"[""activity"", ""stats"", ""text_view"", ""image_view""]"
2025-12-07,niagara-open-data,https://niagaraopendata.ca,0,0,0,,
2025-12-07,nagoya-disaster-prevention-open-data-catalog,https://nui-ngy-bosai.jp,24,1,1,2.9.8,"[""stats"", ""datastore"", ""text_view"", ""image_view"", ""recline_view""]"
2025-12-07,oasishubco,https://oasishub.co,1034,32,0,2.5.6,"[""stats"", ""text_view"", ""image_view"", ""recline_view"", ""resource_proxy"", ""geojson_view"", ""geo_view"", ""s3filestore"", ""oasis"", ""ytp_comments"", ""harvest"", ""ckan_harvester"", ""scheming_datasets"", ""oasis_packages""]"
2025-12-07,ocims-csir-co-za,https://ocims.csir.co.za,2384,0,2,2.10.7,"[""activity"", ""harvest"", ""ckan_harvester"", ""googleanalytics"", ""spatial_metadata"", ""spatial_query"", ""dcat"", ""sitemap"", ""structured_data"", ""dcat_rdf_harvester"", ""dcat_json_harvester"", ""spatialUI"", ""resource_proxy"", ""geo_view"", ""ags_fs_view"", ""ags_ms_view"", ""csw_harvester"", ""waf_harvester"", ""doc_harvester""]"
2025-12-07,information-to-the-people-data-portal,https://odata.org.il,8013,4665,49,2.8.1,"[""stats"", ""text_view"", ""image_view"", ""recline_view"", ""odata_org_il"", ""file_uploader_ui"", ""datapackage_pipelines"", ""upload_via_email"", ""datastore"", ""xloader""]"
2025-12-07,salou-city-council-transperency-portal,https://offenedaten.aachen.de,215,13,15,2.10.1,"[""envvars"", ""stats"", ""image_view"", ""text_view"", ""recline_view"", ""custom_theme"", ""activity"", ""pages"", ""showcase"", ""matomo_dsgvo""]"
2025-12-07,moers-open-data-portal,https://offenesdatenportal.de,1137,14,14,2.11.0,"[""stats"", ""datastore"", ""xloader"", ""resource_proxy"", ""showcase"", ""text_view"", ""image_view"", ""datatables_view"", ""geo_view"", ""geojson_view"", ""shp_view"", ""pdf_view"", ""dcat"", ""dcatde"", ""krzn""]"
2025-12-07,toyama-city-open-data,https://opdt.city.toyama.lg.jp,126,13,1,2.10.1,"[""activity"", ""pages"", ""datatables_view"", ""image_view"", ""text_view"", ""video_view"", ""audio_view"", ""webpage_view"", ""pdf_view"", ""recline_view""]"
2025-12-07,ble-open-data-portal,https://open-data.ble.de,33,2,3,2.9.5,"[""datastore"", ""stats"", ""text_view"", ""image_view"", ""recline_view"", ""recline_graph_view"", ""recline_grid_view"", ""recline_map_view"", ""datapusher"", ""dcat"", ""dcatde""]"
2025-12-07,open-government-program,https://open.alberta.ca,32733,0,370,2.10.6,"[""ldap"", ""resource_proxy"", ""stats"", ""activity"", ""datastore"", ""related_items"", ""scheming_datasets"", ""ab_scheming"", ""geo_view"", ""open_alberta"", ""datesearch"", ""rss-feedswidget"", ""open_alberta_uploader"", ""new_resource_order"", ""image_view"", ""datatables_view"", ""geojson_view"", ""text_view"", ""webpage_view""]"
2025-12-07,city-of-jackson-open-data,https://open.jacksonms.gov,0,0,0,,
2025-12-07,open-nrw-the-open-government-portal-in-nrw,https://open.nrw,10848,13,29,2.10.8,"[""stats"", ""text_view"", ""image_view"", ""recline_view"", ""harvest"", ""ckan_harvester"", ""dcat"", ""dcat_rdf_harvester"", ""dcat_json_harvester"", ""dcat_json_interface"", ""structured_data"", ""scheming_datasets"", ""scheming_groups"", ""scheming_organizations"", ""spatial_metadata"", ""spatial_query"", ""dcatde"", ""dcatde_rdf_harvester"", ""opennrw-ldb-harvester-dcat"", ""opennrw-aachen-harvester-dcat"", ""opennrw-dormagen-harvester-dcat"", ""opennrw-offenesdatenportal-harvester-dcat"", ""opennrw-meerbusch-harvester-dcat"", ""opennrw-gelsenkirchen-harvester-dcat"", ""opennrw-ignrw-harvester-dcat"", ""opennrw-redesign-nrwmetadata-harvester-dcat"", ""opennrw-fassaden-harvester-dcat"", ""opennrw-neuss-harvester-dcat"", ""opennrw-dortmund-harvester-dcat"", ""opennrw-rvr-harvester-dcat"", ""opennrw-portal-zipharvester"", ""dortmund-arcgis-harvester-dcat"", ""opennrw-oepnv-harvester-dcat"", ""nrw-rdf-harvester"", ""nrw-rdf-wuppertal-harvester"", ""nrw-rdf-koeln-harvester"", ""nrw-rdf-bonn-harvester"", ""nrw-rdf-rheinerftrur-harvester"", ""nrw-rdf-gelsenkirchen-harvester"", ""nrw-rdf-duesseldorf-harvester"", ""nrw-rdf-bielefeld-harvester"", ""nrw-rdf-duisburg-harvester"", ""nrw-rdf-muenster-harvester"", ""nrw-rdf-essen-harvester"", ""nrw-rdf-paderborn-harvester"", ""nrw-rdf-neuss-harvester"", ""nrw-rdf-rvr-harvester"", ""nrw-rdf-ldb-harvester"", ""nrw-rdf-umwelt-zip-harvester"", ""nrw-rdf-dortmund-harvester"", ""nrw-rdf-kreis-borken-harvester"", ""nrw-rdf-geoportal-harvester"", ""nrw-rdf-soest-harvester"", ""nrw-rdf-olpe-harvester"", ""nrw-rdf-mdm-harvester""]"
2025-12-07,city-of-regina-open-data,https://open.regina.ca,0,0,0,,
2025-12-07,openafrica-data-portal,https://openafrica.net,0,0,0,,
2025-12-07,open-budgets-india,https://openbudgetsindia.org,0,0,0,,
2025-12-07,open-data-stavanger-region,https://opencom.no,358,10,14,2.11.1,"[""image_view"", ""text_view"", ""datatables_view"", ""datastore"", ""datapusher"", ""geojson_view"", ""webpage_view"", ""stats"", ""tracking"", ""resource_proxy"", ""envvars""]"
2025-12-07,barcelona-open-data,https://opendata-ajuntament.barcelona.cat/data,552,0,25,2.6.9,"[""stats"", ""text_view"", ""image_view"", ""recline_view"", ""datastore"", ""datapusher"", ""pdf_view"", ""resource_proxy"", ""webpage_view"", ""geo_view"", ""geojson_view"", ""officedocs_view"", ""scheming_datasets"", ""scheming_groups"", ""scheming_organizations"", ""fluent"", ""hierarchy_display"", ""odatabcn"", ""qa"", ""archiver"", ""report"", ""federagobes"", ""editfields""]"
2025-12-07,rostock-open-data-portal,https://opendata-hro.de,279,14,6,2.9.5,"[""datastore"", ""datatables_view"", ""dcat"", ""dcat_json_interface"", ""geojson_view"", ""harvest"", ""hro_dcatapde"", ""hro_theme"", ""resource_proxy"", ""spatial_metadata"", ""spatial_query"", ""stats""]"
2025-12-07,opendata-nasu-nasu-regional-settlement-self-reliance-area-open-data-catalog,https://opendata-nasu.opendatastack.jp,488,25,71,2.5.1,"[""stats"", ""text_view"", ""image_view"", ""spatial_metadata"", ""spatial_query"", ""datastore"", ""datapusher"", ""resource_proxy"", ""pdf_view"", ""geo_view"", ""recline_grid_view"", ""recline_graph_view"", ""recline_map_view"", ""webpage_view"", ""geojson_view"", ""googleanalytics"", ""harvest"", ""ckan_harvester"", ""pages"", ""recline_view"", ""cloud_connector"", ""example_theme"", ""officedocs_view""]"
2025-12-07,dafm-open-data,https://opendata.agriculture.gov.ie,58,0,77,2.9.13,"[""dlxschema"", ""sqlalchemythread"", ""uwsgistats"", ""stats"", ""text_view"", ""image_view"", ""officedocs_view"", ""pdf_view"", ""dcat"", ""dcat_json_interface"", ""psbthemealt"", ""schema_field_groups"", ""scheming_datasets"", ""scheming_groups"", ""spatial_metadata"", ""spatial_query"", ""harvest"", ""ckan_harvester"", ""csw_harvester"", ""waf_harvester"", ""doc_harvester"", ""datatables_view"", ""datastore"", ""datapusher"", ""dietstars"", ""geo_view"", ""geojson_view"", ""resource_proxy"", ""twitterwidget"", ""fluent"", ""esri_arcgis_harvester"", ""cookieconsent"", ""s3filestore"", ""security"", ""jsonstat_view"", ""vectorconverter"", ""mvt_view""]"
2025-12-07,alcoi-open-data-open-data-portal-of-alcoy,https://opendata.alcoi.org/data,32,13,1,2.7.4,"[""stats"", ""theme"", ""dcat"", ""schema"", ""datapusher"", ""resource_proxy"", ""geojson_view"", ""geo_view"", ""datastore"", ""image_view"", ""text_view"", ""recline_view"", ""webpage_view"", ""recline_grid_view"", ""recline_map_view"", ""sampleplot""]"
2025-12-07,angus-council-open-data-angus-council-open-data,https://opendata.angus.gov.uk,34,0,5,2.10.8,"[""activity"", ""datastore"", ""xloader"", ""resource_proxy"", ""geo_view"", ""geojson_view"", ""datatables_view"", ""pdf_view"", ""text_view"", ""image_view""]"
2025-12-07,aragon-open-data,https://opendata.aragon.es,2879,22,48,2.10.4,"[""envvars"", ""image_view"", ""text_view"", ""recline_view"", ""recline_map_view"", ""resource_proxy"", ""geo_view"", ""datastore"", ""xloader"", ""rating"", ""datasets_catalog_rdf"", ""harvest"", ""ckan_harvester"", ""iaest_rdf_harvester"", ""oaipmh_unizar"", ""aod_schema_dataset"", ""aod_schema_group"", ""aod_schema_organization""]"
2025-12-07,alcala-de-henares-open-data-portal,https://opendata.ayto-alcaladehenares.es,42,12,1,2.9.2,"[""stats"", ""text_view"", ""image_view"", ""recline_view""]"
2025-12-07,istanbul-b40-open-data-portal,https://opendata.b40cities.org,645,9,20,2.9.5,"[""ibb_theme"", ""multilang"", ""showcase"", ""stats"", ""datarequests"", ""datastore"", ""text_view"", ""image_view"", ""recline_view"", ""xloader"", ""geo_view"", ""odata"", ""datasetthumbnail"", ""contact"", ""disqus"", ""geojson_view"", ""pdf_view""]"
2025-12-07,central-bank-of-brazil-open-data-portal,https://opendata.bcb.gov.br,2860,2,48,2.10.4,"[""image_view"", ""text_view"", ""recline_view"", ""datastore"", ""ldap"", ""pages"", ""bcbdadosabertos"", ""scheming_datasets"", ""activity"", ""envvars""]"
2025-12-07,central-bank-of-ireland-s-open-data-portal,https://opendata.centralbank.ie,38,0,0,2.9.13,"[""dlxschema"", ""sqlalchemythread"", ""uwsgistats"", ""stats"", ""text_view"", ""image_view"", ""officedocs_view"", ""pdf_view"", ""dcat"", ""dcat_json_interface"", ""psbthemealt"", ""schema_field_groups"", ""scheming_datasets"", ""scheming_organizations"", ""spatial_metadata"", ""spatial_query"", ""harvest"", ""ckan_harvester"", ""csw_harvester"", ""waf_harvester"", ""doc_harvester"", ""datatables_view"", ""datastore"", ""datapusher"", ""geo_view"", ""geojson_view"", ""twitterwidget"", ""fluent"", ""esri_arcgis_harvester"", ""cookieconsent"", ""security"", ""s3filestore"", ""healthcheck""]"
2025-12-07,halandri-open-data,https://opendata.chalandri.gr,12,12,3,2.10.1,"[""activity"", ""text_view"", ""image_view"", ""recline_view"", ""resource_proxy"", ""datastore"", ""pdf_view"", ""geo_view"", ""geojson_view"", ""wmts_view"", ""shp_view"", ""spatial_metadata"", ""spatial_query""]"
2025-12-07,open-data-portal-of-lviv-portal-vidkritikh-danikh-lvova,https://opendata.city-adm.lviv.ua,0,0,0,,
2025-12-07,chiba-city-open-data-catalog-site,https://opendata.city.chiba.jp,2318,10,588,2.9.8,"[""stats"", ""text_view"", ""image_view"", ""recline_view"", ""datastore"", ""pages"", ""googleanalytics"", ""theme_chiba_city"", ""datapusher"", ""officedocs_view""]"
2025-12-07,kitamoto-city-open-data-portal-site-kitamoto-open-data,https://opendata.city.kitamoto.saitama.jp,0,0,0,,
2025-12-07,machida-city-open-data-catalog-site,https://opendata.city.machida.tokyo.jp,140,15,1,2.9.11,"[""datastore"", ""stats""]"
2025-12-07,mooka-city-open-data-catalog-site,https://opendata.city.moka.lg.jp,0,0,0,,
2025-12-07,nisshin-city-open-data-catalog-site,https://opendata.city.nisshin.lg.jp,330,12,1,2.8.1,"[""stats"", ""text_view"", ""image_view""]"
2025-12-07,sagamihara-city-open-data-catalog-site,https://opendata.city.sagamihara.kanagawa.jp,95,11,26,2.9.3,"[""stats"", ""text_view"", ""image_view"", ""recline_view""]"
2025-12-07,open-data-pakistan,https://opendata.com.pk,1483,0,22,2.8.3,"[""stats"", ""text_view"", ""image_view"", ""recline_view"", ""datastore"", ""datapusher"", ""resource_proxy"", ""geo_view"", ""pages"", ""harvest"", ""ckan_harvester"", ""example_theme"", ""CustomFields"", ""showcase"", ""contact"", ""recline_grid_view"", ""recline_graph_view"", ""recline_map_view"", ""webpage_view""]"
2025-12-07,portale-open-data-comune-di-messina,https://opendata.comune.messina.it,103,13,6,2.6.8,"[""stats"", ""text_view"", ""image_view"", ""recline_view"", ""spatial_metadata"", ""spatial_query"", ""harvest"", ""ckan_harvester"", ""multilang"", ""multilang_harvester"", ""dcat"", ""dcat_rdf_harvester"", ""dcat_json_harvester"", ""dcat_json_interface"", ""dcatapit_pkg"", ""dcatapit_org"", ""dcatapit_config"", ""dcatapit_harvester"", ""dcatapit_ckan_harvester"", ""dcatapit_csw_harvester"", ""dcatapit_harvest_list"", ""dcatapit_subcatalog_facets"", ""dcatapit_theme_group_mapper"", ""resource_proxy"", ""geo_view"", ""datastore"", ""datapusher"", ""pdf_view"", ""showcase""]"
2025-12-07,opendata-municipality-of-reggio-emilia,https://opendata.comune.re.it,236,13,5,2.6.8,"[""stats"", ""text_view"", ""image_view"", ""recline_view"", ""geo_view"", ""datastore"", ""datapusher"", ""pages"", ""resource_proxy"", ""spatial_metadata"", ""spatial_query"", ""harvest"", ""ckan_harvester"", ""multilang"", ""multilang_harvester"", ""dcat"", ""dcat_rdf_harvester"", ""dcat_json_harvester"", ""dcat_json_interface"", ""dcatapit_pkg"", ""dcatapit_org"", ""dcatapit_config"", ""dcatapit_harvester"", ""dcatapit_ckan_harvester"", ""dcatapit_csw_harvester"", ""dcatapit_harvest_list"", ""dcatapit_subcatalog_facets"", ""dcatapit_theme_group_mapper"", ""opendata_theme""]"
2025-12-07,opendata-rimini,https://opendata.comune.rimini.it,72,9,1,2.8.1,"[""stats"", ""resource_proxy"", ""text_view"", ""image_view"", ""webpage_view"", ""recline_view"", ""recline_grid_view"", ""recline_graph_view"", ""recline_map_view"", ""pdf_view"", ""datastore"", ""harvest"", ""ckan_harvester"", ""dcat"", ""dcat_rdf_harvester"", ""dcat_json_harvester"", ""dcat_json_interface"", ""structured_data"", ""spatial_metadata"", ""spatial_query"", ""multilang"", ""multilang_harvester"", ""dcatapit_pkg"", ""dcatapit_org"", ""dcatapit_config"", ""dcatapit_theme_group_mapper"", ""dcatapit_ckan_harvester"", ""dcatapit_harvest_list"", ""dcatapit_harvester"", ""dcatapit_csw_harvester"", ""riminiconfig"", ""geo_view"", ""geojson_view"", ""wmts_view"", ""datapusher"", ""googleanalytics""]"
2025-12-07,open-data-wroclaw,https://opendata.cui.wroclaw.pl,67,12,25,2.6.3,"[""stats"", ""googleanalytics"", ""text_view"", ""image_view"", ""recline_view"", ""datastore"", ""datapusher"", ""dcat"", ""harvest"", ""dcat_rdf_harvester"", ""dcat_json_harvester"", ""dcat_json_interface"", ""report"", ""tagless_report"", ""qa"", ""archiver"", ""pages"", ""datarequests"", ""mailer"", ""roleauth"", ""loginhistory"", ""restrictedapi"", ""pdf_view"", ""recline_grid_view"", ""recline_graph_view"", ""recline_map_view"", ""navigablemap"", ""choroplethmap"", ""resource_proxy"", ""geo_view"", ""geojson_view"", ""urldownloadharvester"", ""fileharvester"", ""restharvester"", ""soapharvester"", ""baseharvester"", ""cui"", ""cui_dataset"", ""cui_group"", ""history""]"
2025-12-07,accounting-system-dairy-promotion-organization-of-thailand,https://opendata.dpo.go.th,1,4,3,2.10.7,"[""thai_gdc"", ""showcase"", ""stats"", ""opendstats"", ""activity"", ""image_view"", ""datatables_view"", ""text_view"", ""webpage_view"", ""resource_proxy"", ""geo_view"", ""geojson_view"", ""shp_view"", ""xloader"", ""datastore"", ""pdf_view"", ""dcat"", ""dcat_json_interface"", ""structured_data"", ""scheming_datasets"", ""hierarchy_display"", ""hierarchy_form""]"
2025-12-07,opendata-dsd-go-th-opendata-dsd-go-th,https://opendata.dsd.go.th,13,4,1,2.10.7,"[""thai_gdc"", ""showcase"", ""stats"", ""opendstats"", ""activity"", ""image_view"", ""datatables_view"", ""text_view"", ""webpage_view"", ""resource_proxy"", ""geo_view"", ""geojson_view"", ""shp_view"", ""xloader"", ""datastore"", ""pdf_view"", ""dcat"", ""dcat_json_interface"", ""structured_data"", ""scheming_datasets"", ""hierarchy_display"", ""hierarchy_form""]"
2025-12-07,etda-data-catalog,https://opendata.etda.or.th,63,5,17,2.10.7,"[""thai_gdc"", ""showcase"", ""stats"", ""opendstats"", ""activity"", ""image_view"", ""datatables_view"", ""text_view"", ""webpage_view"", ""resource_proxy"", ""geo_view"", ""geojson_view"", ""shp_view"", ""xloader"", ""datastore"", ""pdf_view"", ""dcat"", ""dcat_json_interface"", ""structured_data"", ""scheming_datasets"", ""hierarchy_display"", ""hierarchy_form""]"
2025-12-07,opendata-euroinfosicilia-opendata-euroinfosicilia,https://opendata.euroinfosicilia.it,92,13,1,2.10.3,"[""envvars"", ""image_view"", ""text_view"", ""recline_view"", ""datastore"", ""datapusher""]"
2025-12-07,gera-open-data-portal,https://opendata.gera.de,13,6,2,2.10.3,"""envvars image_view text_view image_view recline_grid_view recline_map_view recline_graph_view recline_view geo_view stats datastore datapusher"""
2025-12-07,government-of-jersey-open-data,https://opendata.gov.je,117,11,17,2.8.12,"[""stats"", ""text_view"", ""image_view"", ""recline_view"", ""datastore"", ""opendataje"", ""xloader""]"
2025-12-07,northwest-territories-open-data,https://opendata.gov.nt.ca,341,15,12,2.9.8,"[""envvars"", ""stats"", ""text_view"", ""image_view"", ""recline_view"", ""xloader"", ""datastore"", ""recline_graph_view"", ""recline_grid_view"", ""recline_map_view"", ""scheming_datasets"", ""scheming_organizations"", ""scheming_groups"", ""harvest"", ""ckan_harvester"", ""spatial_metadata"", ""spatial_query"", ""waf_harvester"", ""csw_harvester"", ""doc_harvester"", ""dcat"", ""dcat_rdf_harvester"", ""dcat_json_harvester"", ""gnwt"", ""resource_proxy"", ""ldap""]"
2025-12-07,the-public-knowledge-workshop-data-portal,https://opendata.hasadna.org.il,13,9,6,2.8.12,"[""stats"", ""text_view"", ""image_view"", ""recline_view"", ""datastore"", ""xloader"", ""resource_proxy"", ""s3filestore"", ""geojson_view"", ""datacity"", ""scheming_datasets"", ""scheming_groups"", ""pages""]"
2025-12-07,hawaii-open-data,https://opendata.hawaii.gov,0,0,0,,
2025-12-07,dhlgh-open-data,https://opendata.housing.gov.ie,610,0,2,2.9.13,"[""sqlalchemythread"", ""uwsgistats"", ""stats"", ""text_view"", ""image_view"", ""recline_view"", ""officedocs_view"", ""pdf_view"", ""dcat"", ""dcat_json_interface"", ""psbthemealt"", ""schema_field_groups"", ""scheming_datasets"", ""spatial_metadata"", ""spatial_query"", ""harvest"", ""ckan_harvester"", ""csw_harvester"", ""waf_harvester"", ""doc_harvester"", ""datatables_view"", ""datastore"", ""datapusher"", ""dlxschema"", ""dietstars"", ""geo_view"", ""geojson_view"", ""resource_proxy"", ""twitterwidget"", ""fluent"", ""esri_arcgis_harvester"", ""cookieconsent""]"
2025-12-07,hungarian-open-data-catalog,https://opendata.hu,71,13,8,2,"[""stats"", ""json_preview"", ""recline_preview"", ""pdf_preview"", ""recline_preview"", ""datastore"", ""resource_proxy""]"
2025-12-07,sitcabgc-reusable-spatial-data,https://opendata.idegrancanaria.es,12,6,19,2.10.5,"[""datapusher""]"
2025-12-07,opendataipstacth,https://opendata.ipst.ac.th,21,2,1,2.10.7,"[""thai_gdc"", ""showcase"", ""stats"", ""opendstats"", ""activity"", ""image_view"", ""datatables_view"", ""text_view"", ""webpage_view"", ""resource_proxy"", ""geo_view"", ""geojson_view"", ""shp_view"", ""xloader"", ""datastore"", ""pdf_view"", ""dcat"", ""dcat_json_interface"", ""structured_data"", ""scheming_datasets"", ""hierarchy_display"", ""hierarchy_form""]"
2025-12-07,open-data-jena,https://opendata.jena.de,70,10,1,2.8.7,"[""stats"", ""text_view"", ""image_view"", ""recline_view"", ""jena_theme""]"
2025-12-07,open-data-platform-kaaw,https://opendata.kaaw.de,14,0,25,2.11.2,"[""activity"", ""datastore"", ""xloader"", ""datatables_view"", ""image_view"", ""pages""]"
2025-12-07,kebumen-regency-open-data,https://opendata.kebumenkab.go.id,0,0,0,,
2025-12-07,open-data-portal-of-the-city-of-leipzig,https://opendata.leipzig.de,378,13,37,2.10.1,"[""odp_le_theme"", ""odp_le_harvester"", ""showcase"", ""resource_proxy"", ""datastore"", ""stats"", ""pages"", ""dcat"", ""dcatde"", ""dcat_json_interface"", ""structured_data"", ""harvest"", ""ckan_harvester"", ""scheming_datasets"", ""scheming_groups"", ""scheming_organizations"", ""spatial_metadata"", ""spatial_query"", ""datapusher"", ""text_view"", ""image_view"", ""webpage_view"", ""geo_view"", ""geojson_view"", ""wmts_view"", ""shp_view"", ""video_view"", ""audio_view"", ""dataexplorer_view"", ""dataexplorer_chart_view"", ""dataexplorer_map_view"", ""dataexplorer_table_view""]"
2025-12-07,luke-open-data-portal,https://opendata.luke.fi,125,1,1,2.9.7,"[""stats"", ""text_view"", ""image_view"", ""recline_view"", ""harvest"", ""metax_harvester"", ""luke_theme""]"
2025-12-07,opendatammdecincz,https://opendata.mmdecin.cz,39,1,2,2.8.2,"[""datastore"", ""datapusher"", ""stats"", ""text_view"", ""image_view"", ""recline_view"", ""resource_proxy"", ""geo_view"", ""showcase"", ""envvars"", ""officedocs_view"", ""dataset_odczdataset""]"
2025-12-07,open-data-portal-munich,https://opendata.muenchen.de,337,13,31,2.9.9,"[""image_view"", ""text_view"", ""recline_view"", ""recline_map_view"", ""recline_graph_view"", ""recline_grid_view"", ""webpage_view"", ""datastore"", ""xloader"", ""ogdmunich"", ""pages"", ""showcase"", ""resource_proxy"", ""geo_view"", ""geojson_view"", ""wmts_view"", ""shp_view"", ""harvest"", ""ckan_harvester"", ""csw_harvester"", ""dcat"", ""dcatde"", ""dcat_rdf_harvester"", ""dcat_json_harvester"", ""dcat_json_interface"", ""structured_data"", ""spatial_metadata"", ""spatial_query"", ""scheming_datasets"", ""keycloak"", ""clamav"", ""envvars""]"
2025-12-07,ministry-of-foreign-and-european-affairs-of-the-slovak-republic,https://opendata.mzv.sk,0,0,0,,
2025-12-07,open-data-portal-for-emenscr,https://opendata.nesdc.go.th,1665,24,355,2.8.5,"[""stats"", ""resource_proxy"", ""text_view"", ""image_view"", ""recline_view"", ""geo_view"", ""geojson_view"", ""viewhelpers"", ""webpage_view"", ""shp_view"", ""openapi_view"", ""pdf_view"", ""datastore"", ""datapusher"", ""feedback"", ""pages"", ""dcat"", ""dcat_json_interface"", ""structured_data"", ""harvest"", ""ckan_harvester"", ""hierarchy_display"", ""hierarchy_form"", ""uploadbutton"", ""dundee"", ""scheming_datasets"", ""issues"", ""validation""]"
2025-12-07,nhsbsa-open-data-portal,https://opendata.nhsbsa.net,2402,0,9,2.11.4,"[""pages"", ""issues"", ""activity"", ""nhs"", ""image_view"", ""text_view"", ""datatables_view"", ""datastore"", ""bigquery"", ""scheming_datasets"", ""scheming_groups"", ""scheming_organizations"", ""dataexplorer"", ""dcat"", ""aircan_connector"", ""authz_service"", ""oauth2"", ""security"", ""datapub"", ""blob_storage"", ""envvars""]"
2025-12-07,open-data-of-the-national-innovation-agency,https://opendata.nia.or.th,24,1,1,2.10.7,"[""thai_gdc"", ""showcase"", ""stats"", ""opendstats"", ""activity"", ""image_view"", ""datatables_view"", ""text_view"", ""webpage_view"", ""resource_proxy"", ""geo_view"", ""geojson_view"", ""shp_view"", ""xloader"", ""datastore"", ""pdf_view"", ""dcat"", ""dcat_json_interface"", ""structured_data"", ""scheming_datasets"", ""hierarchy_display"", ""hierarchy_form""]"
2025-12-07,national-research-council-of-thailand,https://opendata.nrct.go.th,262,0,10,2.9.11,"[""text_view"", ""image_view"", ""recline_view"", ""datastore"", ""pages"", ""scheming_datasets"", ""scheming_groups"", ""datapusher"", ""hierarchy_display"", ""hierarchy_form"", ""pdf_view"", ""downloadall"", ""resource_proxy"", ""geojson_view"", ""shp_view"", ""noregistration"", ""cat_theme""]"
2025-12-07,office-of-the-basic-education-commission-ckan,https://opendata.obec.go.th,71,5,3,2.10.8,"[""thai_gdc"", ""showcase"", ""stats"", ""opendstats"", ""activity"", ""image_view"", ""datatables_view"", ""text_view"", ""webpage_view"", ""resource_proxy"", ""geo_view"", ""geojson_view"", ""shp_view"", ""xloader"", ""datastore"", ""pdf_view"", ""dcat"", ""dcat_json_interface"", ""structured_data"", ""scheming_datasets"", ""hierarchy_display"", ""hierarchy_form""]"
2025-12-07,pandeglang-open-data,https://opendata.pandeglangkab.go.id,1539,5,65,2.9.7,"[""stats"", ""text_view"", ""image_view"", ""recline_view""]"
2025-12-07,penghu-county-government-data-open-platform,https://opendata.penghu.gov.tw,505,18,37,2.4.1,"[""stats"", ""text_view"", ""image_view"", ""datastore"", ""datapusher"", ""pages"", ""swaggerplugin"", ""getnewsfunctions""]"
2025-12-07,open-data-real-laboratory-pfaff,https://opendata.pfaff-reallabor.de,0,0,0,,
2025-12-07,barcelona-port-open-data-portal,https://opendata.portdebarcelona.cat,77,7,2,2.8.2,"[""stats"", ""text_view"", ""image_view"", ""recline_view"", ""recline_graph_view"", ""datastore"", ""datapusher"", ""multilingual_dataset"", ""multilingual_group"", ""multilingual_tag"", ""c3charts""]"
2025-12-07,open-data-portal-porto,https://opendata.porto.digital,109,0,6,2.9.5,"[""envvars"", ""image_view"", ""text_view"", ""recline_view"", ""datastore"", ""datapusher""]"
2025-12-07,toyama-prefecture-open-data-portal-site,https://opendata.pref.toyama.jp,425,10,4,2.9.8,"[""stats"", ""text_view"", ""image_view"", ""recline_view""]"
2025-12-07,opendataquangngaigovvn,https://opendata.quangngai.gov.vn,143,15,29,2.9.5,"[""pages"", ""stats"", ""text_view"", ""image_view"", ""recline_view"", ""datastore"", ""xloader"", ""recline_map_view"", ""recline_graph_view"", ""recline_grid_view""]"
2025-12-07,opendataruhr,https://opendata.ruhr,0,0,0,,
2025-12-07,schleswig-holstein-open-data,https://opendata.schleswig-holstein.de,30921,13,126,2.10.9,"[""ckan_harvester"", ""dcat"", ""dcatde"", ""dcat_json_harvester"", ""dcat_json_interface"", ""dcat_rdf_harvester"", ""dcatde_rdf_harvester"", ""harvest"", ""image_view"", ""kiel_harvester"", ""odsh"", ""odsh_autocomplete"", ""odsh_dcat_harvest"", ""odsh_collections"", ""qa"", ""archiver"", ""recline_view"", ""report"", ""spatial_metadata"", ""spatial_query"", ""statistikamtnord_harvester"", ""stats"", ""structured_data"", ""text_view"", ""sitemap""]"
2025-12-07,sitcan-open-data,https://opendata.sitcan.es,164,10,12,2.10.4,"[""stats"", ""image_view"", ""resource_proxy"", ""dcat"", ""dcat_rdf_harvester"", ""dcat_json_harvester"", ""dcat_json_interface""]"
2025-12-07,san-joaquin-county-open-data,https://opendata.sjgov.org,0,0,0,,
2025-12-07,slavutsk-city-council-open-data-portal,https://opendata.slavuta-mvk.gov.ua,0,0,0,,
2025-12-07,opendatasobraniemk,https://opendata.sobranie.mk,29,6,2,2.9.5,"[""stats"", ""text_view"", ""image_view"", ""recline_view"", ""dcat"", ""recline_grid_view"", ""disqus"", ""sobranie"", ""datarequests"", ""harvest"", ""ckan_harvester"", ""datastore"", ""datapusher"", ""datatables_view"", ""googleanalytics""]"
2025-12-07,open-data-solok-selatan,https://opendata.solselkab.go.id,0,0,0,,
2025-12-07,swiss-open-data-portal,https://opendata.swiss,0,0,0,,
2025-12-07,city-of-tampa-fl-open-data,https://opendata.tampa.gov,0,0,0,,
2025-12-07,tgo-carbon-credit-data-catalog,https://opendata.tgo.or.th,0,0,0,,
2025-12-07,open-data-portal-of-thanh-hoa-province,https://opendata.thanhhoa.gov.vn,137,16,185,2.9.5,"[""stats"", ""text_view"", ""image_view"", ""recline_view"", ""datastore"", ""resource_proxy"", ""management"", ""crawler"", ""rating"", ""postdata"", ""news"", ""notifies"", ""sso"", ""dashboard"", ""access_rights"", ""theme"", ""xloader"", ""openapi_view"", ""pdf_view"", ""officedocs_view"", ""geo_view"", ""geojson_view"", ""wmts_view"", ""shp_view""]"
2025-12-07,thai-industrial-standards-institute,https://opendata.tisi.go.th,10,4,12,2.10.7,"[""thai_gdc"", ""showcase"", ""stats"", ""opendstats"", ""activity"", ""image_view"", ""datatables_view"", ""text_view"", ""webpage_view"", ""resource_proxy"", ""geo_view"", ""geojson_view"", ""shp_view"", ""xloader"", ""datastore"", ""pdf_view"", ""dcat"", ""dcat_json_interface"", ""structured_data"", ""scheming_datasets"", ""hierarchy_display"", ""hierarchy_form""]"
2025-12-07,transport-open-data-home-page-transport-open-data,https://opendata.transport.nsw.gov.au,229,0,0,2.11.3,"[""activity"", ""image_view"", ""text_view"", ""datatables_view"", ""datastore"", ""datapusher"", ""pdf_view"", ""resource_proxy"", ""geojson_view"", ""webpage_view"", ""googleanalytics"", ""tfnsw_theme"", ""tfnsw_customauth"", ""tfnsw_discourse"", ""tfnsw_openapiview"", ""tfnsw_s3browse"", ""tfnsw_subscriptions"", ""tfnsw_metrics"", ""tfnsw_userreg"", ""tfnsw_arcgisview"", ""tfnsw_adjustableiframeview"", ""tfnsw_powerbiview""]"
2025-12-07,university-of-granada-open-data,https://opendata.ugr.es,61,11,3,2.9.5,"[""stats"", ""text_view"", ""webpage_view"", ""image_view"", ""pdf_view"", ""recline_view"", ""datastore"", ""datapusher"", ""resource_proxy"", ""dcat"", ""dcat_rdf_harvester"", ""dcat_json_harvester"", ""dcat_json_interface"", ""structured_data"", ""harvest"", ""ckan_harvester""]"
2025-12-07,opendataunexes,https://opendata.unex.es,152,0,0,2.9.3,"[""stats"", ""text_view"", ""image_view"", ""recline_view"", ""datastore"", ""oduex""]"
2025-12-07,university-of-bari,https://opendata.uniba.it,107,17,1,2.10.3,"[""envvars"", ""datatables_view"", ""image_view"", ""text_view"", ""recline_view"", ""datastore"", ""datapusher"", ""harvest"", ""ckan_harvester"", ""dcat"", ""dcat_rdf_harvester"", ""dcat_json_harvester"", ""dcat_json_interface"", ""structured_data"", ""dcatapit_pkg"", ""dcatapit_org"", ""dcatapit_config"", ""dcatapit_theme_group_mapper""]"
2025-12-07,nuremberg-public-transport-open-data,https://opendata.vag.de,13,1,1,2.10.4,"[""stats"", ""text_view"", ""image_view"", ""recline_view"", ""datastore"", ""envvars"", ""pages"", ""vag"", ""googleanalytics"", ""datapusher""]"
2025-12-07,valencia-open-data,https://opendata.vlci.valencia.es,192,22,15,,"[""nti_metadata"", ""stats"", ""text_view"", ""image_view"", ""recline_view"", ""datastore"", ""resource_proxy"", ""recline_graph_view"", ""recline_grid_view"", ""recline_map_view"", ""webpage_view"", ""scheming_datasets"", ""harvest"", ""ckan_harvester"", ""dcat"", ""dcat_rdf_harvester"", ""dcat_json_harvester"", ""dcat_json_interface"", ""structured_data"", ""spatial_metadata"", ""spatial_query"", ""geo_view"", ""multilingual_dataset"", ""multilingual_group"", ""multilingual_tag"", ""csw_harvester"", ""scheming_groups"", ""scheming_organizations"", ""fluent"", ""qa"", ""archiver"", ""report"", ""valencia"", ""xloader""]"
2025-12-07,vnpt-it-economic-management-board-open-data,https://opendata.vnptit.vn,18,10,14,2.10.4,"[""ssogoogle"", ""ssoidp"", ""guide"", ""vnpt_theme"", ""permission_group"", ""activity"", ""datastore"", ""xloader"", ""image_view"", ""pdf_view"", ""officedocs_view"", ""recline_view"", ""datatables_view"", ""seo"", ""seo_group"", ""seo_org"", ""pages"", ""managedatasets"", ""users"", ""harvest"", ""ckan_harvester"", ""comments"", ""api"", ""rating"", ""smtp"", ""contact_us"", ""report"", ""config_language"", ""manage_ip_addresses"", ""logs"", ""error_page_conf"", ""import_font"", ""gis"", ""search_suggestions"", ""geo_view"", ""geojson_view"", ""wmts_view"", ""shp_view"", ""resource_proxy"", ""datarequests"", ""iresourcecontroller"", ""iuploader_custom"", ""igroupform_custom"", ""iorganizationform_custom"", ""sync_resource"", ""ocr"", ""customers"", ""swaggerui"", ""downloadall"", ""tracking"", ""statics_all""]"
2025-12-07,winchester-va-open-data,https://opendata.winchesterva.gov,0,0,0,,
2025-12-07,open-data-nepal,https://opendatanepal.com,0,0,0,,
2025-12-07,open-data-of-the-city-of-prijedor-otvoreni-podaci-grada-prijedor,https://opendataprijedor.ba,190,17,19,2.9.5,"[""stats"", ""text_view"", ""image_view"", ""recline_view"", ""datastore"", ""datapusher"", ""pages"", ""resource_proxy"", ""geo_view"", ""pdf_view"", ""webpage_view""]"
2025-12-07,brazilian-health-data-portal,https://opendatasus.saude.gov.br,70,14,1,2.10.3,"[""envvars"", ""image_view"", ""text_view"", ""recline_view"", ""datastore"", ""datapusher""]"
2025-12-07,gdynia-open-data,https://otwartedane.gdynia.pl,267,23,20,2.6.1,"[""stats"", ""text_view"", ""image_view"", ""recline_view"", ""datastore"", ""gdynia"", ""multilingual_group"", ""datapusher""]"
2025-12-07,abraxas-pandora-data-repository,https://pandoradata.earth,77,1,65,,"[""scheming_datasets"", ""mpcdf"", ""translation"", ""pages"", ""pandora_theme"", ""security""]"
2025-12-07,department-of-alternative-energy-development-and-efficiency-data-catalog,https://pei.dede.go.th,265,10,20,2.10.7,"[""thai_gdc"", ""stats"", ""opendstats"", ""activity"", ""image_view"", ""datatables_view"", ""text_view"", ""webpage_view"", ""resource_proxy"", ""xloader"", ""datastore"", ""pdf_view"", ""dcat"", ""dcat_json_interface"", ""structured_data"", ""scheming_datasets"", ""hierarchy_display"", ""hierarchy_form""]"
2025-12-07,city-of-phoenix-open-data,https://phoenixopendata.com,0,0,0,,
2025-12-07,data-place-plymouth,https://plymouth.thedata.place,173,7,10,2.10.8,"[""activity"", ""text_view"", ""image_view"", ""pdf_view"", ""geo_view"", ""geojson_view"", ""datatables_view"", ""datastore"", ""xloader"", ""resource_proxy"", ""recline_view"", ""recline_grid_view"", ""recline_graph_view"", ""tdp"", ""pcc""]"
2025-12-07,opsi-open-data-slovenia,https://podatki.gov.si,8681,4,5804,2.2b,"[""datarequests"", ""comments"", ""archiver"", ""dgu_publisher_form"", ""dgu_publishers"", ""dgu_auth_api"", ""dgu_form"", ""dgu_theme"", ""cswserver"", ""harvest"", ""opsi_csw_harvester"", ""gemini_csw_harvester"", ""opsi_pcaxis_harvester"", ""oaipmh"", ""ddi_harvester"", ""gemini_doc_harvester"", ""gemini_waf_harvester"", ""spatial_harvest_metadata_api"", ""spatial_query"", ""qa"", ""synchronous_search"", ""dgu_search"", ""dgu_dataset_form"", ""spatial_metadata"", ""dgu_api"", ""datapreview"", ""dgu_inventory"", ""hierarchy_display"", ""report"", ""dgu_report"", ""dgu_drupal_auth"", ""inventory_harvester"", ""ckan_harvester"", ""dcat_rdf_harvester"", ""dkan_harvester"", ""dcat_json_harvester"", ""taxonomy"", ""social"", ""datastore"", ""datapusher"", ""recline_preview"", ""resource_proxy"", ""geojson_view"", ""rq"", ""downloadall""]"
2025-12-07,portalcrfmint,https://portal.crfm.int,161,8,15,2.8.3,"[""stats"", ""text_view"", ""image_view"", ""recline_view"", ""recline_map_view"", ""datastore"", ""datapusher"", ""pdf_view"", ""officedocs_view"", ""geo_view"", ""pages"", ""datasetthumbnail"", ""sitemap"", ""climatesmart_theme"", ""scheming_datasets""]"
2025-12-07,open-data-dk,https://portal.opendata.dk,0,0,0,,
2025-12-07,ufs-organizational-processes-data,https://processosorganizacionais.ufs.br,508,11,1,2.10.0a,"[""stats"", ""envvars"", ""image_view"", ""text_view"", ""recline_view"", ""pdf_view"", ""datastore"", ""datapusher"", ""resource_proxy""]"
2025-12-07,rdm-inesctec-pt,https://rdm.inesctec.pt,162,4,1,2.10.3,"[""activity"", ""datastore""]"
2025-12-07,participatory-lab-climate-data,https://repository.participatorylab.org,196,23,6,2.7.9,"[""stats"", ""text_view"", ""image_view"", ""recline_view"", ""resource_proxy"", ""datastore"", ""datapusher"", ""multilingual_dataset"", ""multilingual_group"", ""multilingual_tag"", ""spatial_metadata"", ""spatial_query"", ""geo_view"", ""geojson_view"", ""wmts_view"", ""pdf_view""]"
2025-12-07,nfwf-coastal-resilience-open-data-platform,https://resiliencedata.nfwf.org,0,0,0,,
2025-12-07,rishon-lezion-open-data,https://rishonlezion.datacity.org.il,8,12,2,2.8.12,"[""stats"", ""text_view"", ""image_view"", ""recline_view"", ""datastore"", ""xloader"", ""resource_proxy"", ""s3filestore"", ""geojson_view"", ""datacity"", ""scheming_datasets"", ""scheming_groups"", ""pages""]"
2025-12-07,dharmasraya-regency-data-portal,https://satudata.dharmasrayakab.go.id,45,8,48,2.9.11,"[""envvars"", ""stats"", ""image_view"", ""text_view"", ""recline_view"", ""scheming_datasets"", ""resourceauthorizer"", ""resource_proxy"", ""geo_view"", ""harvest"", ""ckan_harvester"", ""csw_harvester"", ""spatial_metadata"", ""spatial_query"", ""resourcedictionary"", ""datastore"", ""datapusher"", ""pages"", ""showcase"", ""pdf_view"", ""officedocs_view"", ""geojson_view"", ""shp_view"", ""wmts_view"", ""datatables_view"", ""dcat"", ""dcat_rdf_harvester"", ""dcat_json_harvester"", ""dcat_json_interface"", ""structured_data"", ""oaipmh_harvester""]"
2025-12-07,padang-city-government-one-data,https://satudata.padang.go.id,412,0,52,2.9.9,"[""stats"", ""text_view"", ""image_view"", ""recline_view"", ""datastore"", ""datapusher"", ""recline_grid_view"", ""recline_graph_view""]"
2025-12-07,mojokerto-regency-palapa-one-data,https://satudatapalapa.mojokertokab.go.id,1513,17,59,2.9.5,"[""datapusher"", ""stats"", ""text_view"", ""image_view"", ""recline_view"", ""recline_grid_view"", ""recline_graph_view"", ""recline_map_view"", ""pdf_view""]"
2025-12-07,scidmnchcorgtw,https://scidm.nchc.org.tw,0,0,0,,
2025-12-07,sddi-catalog-bavaria,https://sddi-katalog.bayern,0,0,0,,
2025-12-07,canada-open-data,https://search.open.canada.ca/opendata/,0,0,0,,
2025-12-07,provincial-statistical-system,https://sep.tucuman.gob.ar,229,31,113,2.7.5,"[""stats"", ""text_view"", ""image_view"", ""recline_view"", ""hierarchy_display"", ""hierarchy_form"", ""dcat"", ""structured_data"", ""gobar_theme"", ""datastore"", ""datapusher"", ""seriestiempoarexplorer"", ""googleanalytics""]"
2025-12-07,one-data-portal-sisada-pematangsiantar-city,https://sisada.pematangsiantar.go.id,365,15,35,2.9.7,"[""stats"", ""text_view"", ""image_view"", ""webpage_view"", ""recline_view"", ""recline_grid_view"", ""recline_graph_view""]"
2025-12-07,heraklion-smart-city-open-data,https://smartcity.heraklion.gr/opendata,61,6,1,2.8.0a,"[""stats"", ""text_view"", ""image_view"", ""recline_view"", ""smartcity_theme""]"
2025-12-07,sprogteknologi-dk,https://sprogressource.digst.govcloud.dk,0,0,0,,
2025-12-07,eu-language-technology-data,https://sprogteknologi.dk,209,0,42,2.11.3,"[""text_view"", ""image_view"", ""harvest"", ""ckan_harvester"", ""dcat_ap_dk"", ""dcat"", ""dcat_rdf_harvester"", ""dcat_json_harvester"", ""dcat_json_interface"", ""structured_data"", ""envvars"", ""tracking"", ""sprogtek_scheming"", ""pages"", ""scheming_datasets"", ""fluent"", ""sitemap""]"
2025-12-07,uk-data-service-ckan,https://statistics.ukdataservice.ac.uk,901,0,4,2.11.2,"[""stats"", ""text_view"", ""image_view"", ""resource_proxy"", ""xloader"", ""pages"", ""harvest"", ""ckan_harvester"", ""geo_view"", ""datatables_view"", ""customised_fields_from_tag_vocabulary"", ""ukdstheme"", ""dataset_geo_display"", ""dcat"", ""dcat_rdf_harvester"", ""dcat_json_harvester"", ""dcat_json_interface"", ""structured_data"", ""ukds_custom_dcat_profiles"", ""cookie_banner"", ""matomo_js"", ""envvars""]"
2025-12-07,sectoral-statistical-data,https://statistik.ponorogo.go.id,3114,0,68,2.9.6,"[""datastore"", ""image_view"", ""webpage_view"", ""text_view"", ""recline_grid_view"", ""recline_view"", ""recline_graph_view""]"
2025-12-07,transparency-portal-hamburg,https://suche.transparenz.hamburg.de,234292,14,6,2.10.8,"[""resource_proxy"", ""dcat"", ""dcat_rdf_harvester"", ""dcat_json_harvester"", ""dcat_json_interface"", ""dcatde"", ""stats"", ""text_view"", ""recline_view"", ""harvest"", ""distributed_harvest"", ""ckan_harvester"", ""spatial_metadata"", ""spatial_query"", ""spatial_harvest_metadata_api"", ""hmdktoinforeg_harvester"", ""zs_parladb_harvester"", ""allris_CCEGOV_harvester"", ""allris_bezirk__harvester"", ""oktagon_harvester"", ""bacom_harvester_new"", ""workflow_harvester"", ""imis_harvester"", ""statistik_nord_harvester"", ""inforeg_metadata_api"", ""hmbtg_template"", ""hmbtg_helper"", ""hmbtg_search"", ""no_groups"", ""inforeg_solr_search"", ""solr_highlighting"", ""hmbtgdashboard"", ""fast_search_solr_highlighting"", ""file_proxy"", ""log_proxy"", ""request_logger"", ""hmbtg_geo"", ""hmbtg_feed""]"
2025-12-07,trafikverket-traffic-data,https://trafficdata.se,49,0,12,2.10.7,"[""stats"", ""text_view"", ""image_view"", ""recline_view"", ""spapresets"", ""scheming_datasets"", ""spatheming"", ""pages"", ""dcat"", ""spadcatprofile"", ""honeypot"", ""requestorg""]"
2025-12-07,transparency-portal-of-alhaurin-de-la-torre,https://transparencia.alhaurindelatorre.es,0,0,0,,
2025-12-07,open-data-of-the-national-gas-regulatory-entity,https://transparencia.enargas.gob.ar,3,1,1,2.7.4,"[""datajson_harvest"", ""datajson"", ""harvest"", ""ckan_harvester"", ""stats"", ""text_view"", ""image_view"", ""recline_view"", ""hierarchy_display"", ""hierarchy_form"", ""gobar_theme"", ""datastore"", ""datapusher"", ""googleanalytics""]"
2025-12-07,city-of-karlsruhe,https://transparenz.karlsruhe.de,164,13,4,2.11.3,"[""ka"", ""stats"", ""image_view"", ""text_view"", ""webpage_view"", ""datatables_view"", ""datastore"", ""xloader"", ""activity"", ""geojson_view"", ""pdf_view"", ""resource_proxy"", ""pages"", ""dcat"", ""dcatde"", ""harvest"", ""extractor"", ""showcase"", ""citehelp"", ""similar_datasets"", ""solr_query_config"", ""ka_weather_harvester"", ""ka_geo_harvester"", ""ka_afsta_harvester"", ""ka_poi_harvester"", ""ckan_harvester"", ""matomo_dsgvo"", ""structured_data"", ""envvars""]"
2025-12-07,infrabel-transport-data-portal,https://transportdata.be,189,0,102,2.11.3,"[""image_view"", ""text_view"", ""datatables_view"", ""datastore"", ""activity"", ""ytp_request"", ""hidegroups"", ""mailchimp"", ""benap"", ""pages"", ""scheming_datasets"", ""scheming_organizations"", ""fluent"", ""dcat"", ""dcat_be_napits"", ""envvars""]"
2025-12-07,bourgogne-franche-comte-open-data,https://trouver.ternum-bfc.fr,1835,14,67,2.7.6,"[""restricted"", ""pdf_view"", ""text_view"", ""image_view"", ""recline_view"", ""recline_graph_view"", ""recline_grid_view"", ""recline_map_view"", ""spatial_metadata"", ""spatial_query"", ""datastore"", ""datapusher"", ""resource_proxy"", ""geo_view"", ""geojson_view"", ""wmts_view"", ""webpage_view"", ""scheming_datasets"", ""composite"", ""stats"", ""cas"", ""showcase"", ""idgotheme"", ""dcat"", ""dcat_json_interface"", ""structured_data""]"
2025-12-07,upv-data-transparency-portal,https://upvtransparent.upv.es,97,3,0,2.6.3,"[""stats"", ""text_view"", ""image_view"", ""multilingual_dataset"", ""multilingual_group"", ""multilingual_tag"", ""resource_proxy"", ""viewhelpers"", ""dashboard_preview"", ""dcat"", ""dcat_json_interface"", ""upv_theme"", ""datastore"", ""datapusher"", ""recline_view"", ""recline_grid_view"", ""recline_graph_view"", ""webpage_view""]"
2025-12-07,tuzla-municipality-open-data-portal,https://veri.tuzla.bel.tr,97,10,28,2.9.5,
2025-12-07,wbwaterdata-world-bank-group-waterdata,https://wbwaterdata.org,2680,3,72,2.9.13,"[""sqlalchemythread"", ""stats"", ""text_view"", ""image_view"", ""recline_view"", ""recline_graph_view"", ""recline_map_view"", ""officedocs_view"", ""pdf_view"", ""dcat"", ""dcat_json_interface"", ""scheming_datasets"", ""spatial_metadata"", ""spatial_query"", ""harvest"", ""ckan_harvester"", ""csw_harvester"", ""waf_harvester"", ""doc_harvester"", ""datatables_view"", ""datastore"", ""datapusher"", ""dietstars"", ""waterdata"", ""waterdatapages"", ""resource_proxy"", ""geo_view"", ""geojson_view"", ""textboxview"", ""pages"", ""healthcheck"", ""security""]"
2025-12-07,wifire-commons-data-catalog,https://wifire-data.sdsc.edu,3707,0,32,2.8.7,"[""stats"", ""text_view"", ""image_view"", ""recline_view"", ""datastore"", ""hidegroups"", ""spatial_metadata"", ""spatial_query"", ""resource_proxy"", ""harvest"", ""ckan_harvester"", ""csw_harvester"", ""dcat_json_harvester"", ""dcat_rdf_harvester"", ""geo_view"", ""geojson_view"", ""wifire"", ""stac_harvester"", ""dcat"", ""structured_data"", ""sitemap"", ""webpage_view""]"
2025-12-07,morocco-open-data-portal,https://www.data.gov.ma/data,657,23,47,2.9.11,"[""duo"", ""duo_dataset"", ""duo_organization"", ""duo_group"", ""stats"", ""text_preview"", ""recline_preview"", ""datastore"", ""multilingual_group"", ""multilingual_tag"", ""pdf_view"", ""officedocs_view"", ""comments"", ""showcase"", ""egov"", ""validation"", ""scheming_datasets"", ""scheming_groups"", ""scheming_organizations""]"
2025-12-07,open-data-portal-queensland-government-open-data-portal-queensland-government,https://www.data.qld.gov.au,188627,0,0,,"[""stats"", ""resource_proxy"", ""text_view"", ""webpage_view"", ""image_view"", ""audio_view"", ""video_view"", ""datatables_view"", ""datastore"", ""data_qld"", ""data_qld_google_analytics"", ""dcat"", ""structured_data"", ""validation"", ""resource_type_validation"", ""validation_schema_generator"", ""qgovext"", ""report"", ""datarequests"", ""ytp_comments"", ""csrf_filter"", ""scheming_datasets"", ""qa"", ""archiver"", ""harvest"", ""ckan_harvester"", ""resource_visibility"", ""ssm_config"", ""xloader"", ""s3filestore"", ""oidc_pkce"", ""activity""]"
2025-12-07,lwf-envidat-data-portal,https://www.envidat.ch,798,30,86,2.11.3,"[""passwordless_api"", ""expire_api_token"", ""hierarchy_display"", ""envidat_theme"", ""spatial_metadata"", ""spatial_query"", ""scheming_datasets"", ""scheming_organizations"", ""composite"", ""restricted"", ""blind_review"", ""cloudstorage"", ""envvars""]"
2025-12-07,girona-open-data,https://www.girona.cat/opendata,53,8,13,2.0.1,"[""stats"", ""json_preview"", ""recline_preview"", ""datastore"", ""spatial_metadata"", ""spatial_query"", ""datapreview""]"
2025-12-07,offenesdatenportal-de,https://www.offenesdatenportal.de,1137,14,14,2.11.0,"[""stats"", ""datastore"", ""xloader"", ""resource_proxy"", ""showcase"", ""text_view"", ""image_view"", ""datatables_view"", ""geo_view"", ""geojson_view"", ""shp_view"", ""pdf_view"", ""dcat"", ""dcatde"", ""krzn""]"
2025-12-07,opendatanhsscot,https://www.opendata.nhs.scot,103,23,4,2.8.4,"[""stats"", ""text_view"", ""image_view"", ""recline_view"", ""datastore"", ""datapusher"", ""resource_proxy"", ""nhs_theme"", ""schedule_field"", ""reorder"", ""pages""]"
2025-12-07,wwwopentourismnet,https://www.opentourism.net,17,7,6,2.9.11,"[""stats"", ""text_view"", ""image_view"", ""recline_view""]"
2025-12-07,nrgi-resourcedata-portal,https://www.resourcedata.org,12973,0,5,2.7.11,"[""nrgi"", ""scheming_datasets"", ""stats"", ""text_view"", ""image_view"", ""datatables_view"", ""recline_graph_view"", ""recline_map_view"", ""recline_view"", ""webpage_view"", ""datastore"", ""datapusher"", ""dietstars"", ""spatial_metadata"", ""spatial_query"", ""officedocs_view"", ""dcat"", ""structured_data"", ""dcat_json_interface"", ""pages"", ""pdf_view"", ""geo_view"", ""geojson_view"", ""wmts_view"", ""resource_proxy"", ""s3filestore"", ""googleanalytics"", ""sqlalchemythread""]"
2025-12-07,santa-cruz-de-tenerife-open-data,https://www.santacruzdetenerife.es/opendata,109,22,0,2.7.2,"[""stats"", ""datastore"", ""resource_proxy"", ""geojson_view"", ""recline_view"", ""pdf_view"", ""text_view"", ""viewhelpers"", ""dashboard_preview"", ""linechart"", ""barchart"", ""piechart"", ""basicgrid"", ""navigablemap"", ""choroplethmap"", ""geo_view"", ""sparql_interface"", ""harvest"", ""ckan_harvester"", ""dcat"", ""dcat_rdf_harvester"", ""federador"", ""showcase"", ""multilingual_group"", ""multilingual_dataset""]"
2025-12-07,west-virginia-checkbook,https://www.wvcheckbook.gov,0,0,0,,
2025-12-07,grupo-xcaret-sustainability-data,https://xtoria.grupoxcaret.com,49,15,12,2.9.9,"[""envvars"", ""image_view"", ""text_view"", ""recline_view"", ""datastore"", ""datapusher"", ""contact"", ""bulkupload"", ""xcaret"", ""saml2auth"", ""pages"", ""scheming_datasets"", ""pdf_view"", ""zip_view""]"
