tstamp,name,url,num_datasets,num_groups,num_organizations,ckan_version,extensions
2026-04-19,viseu-dao-lafoes-open-data-portal,http://128.199.41.97:5000,90,6,15,2.9.3,"[""stats"", ""text_view"", ""image_view"", ""recline_view"", ""datastore"", ""datapusher"", ""geojson_view"", ""shp_view"", ""resource_proxy""]"
2026-04-19,ambar-datastore,http://ambar.utpl.edu.ec,0,0,0,,
2026-04-19,torino-open-data,http://aperto.comune.torino.it,0,0,0,,
2026-04-19,athens-geodata-labs,http://catalog.publicamundi.eu,0,0,0,,
2026-04-19,the-queen-sirikit-department-of-sericulture-data-catalog,http://catalog.qsds.go.th,206,4,37,2.10.7,"[""thai_gdc"", ""showcase"", ""stats"", ""opendstats"", ""activity"", ""image_view"", ""datatables_view"", ""text_view"", ""webpage_view"", ""resource_proxy"", ""geo_view"", ""geojson_view"", ""shp_view"", ""xloader"", ""datastore"", ""pdf_view"", ""dcat"", ""dcat_json_interface"", ""structured_data"", ""scheming_datasets"", ""hierarchy_display"", ""hierarchy_form""]"
2026-04-19,savenow-sddi-catalog,http://catalog.savenow.de,81,27,19,,"[""envvars"", ""image_view"", ""text_view"", ""webpage_view"", ""datastore"", ""tracking"", ""activity"", ""security"", ""hierarchy_display"", ""hierarchy_form"", ""relation"", ""spatial_metadata"", ""spatial_query"", ""datesearch"", ""scheme_sddi"", ""theme_sddi"", ""scheming_datasets"", ""geo_view"", ""geojson_view"", ""wmts_view"", ""shp_view"", ""heroslideradmin"", ""dcat"", ""dcat_json_interface"", ""clamav""]"
2026-04-19,naples-economics-data-archive,http://ckan.acs.beniculturali.it,56,3,3,2.4.1,"[""stats"", ""text_view"", ""image_view"", ""recline_view"", ""datastore"", ""datapusher"", ""pdf_view""]"
2026-04-19,ckancitydatapl,http://ckan.citydata.pl,7,7,6,2.10.1,"[""activity"", ""stats"", ""text_view"", ""image_view"", ""recline_view"", ""webpage_view"", ""recline_graph_view"", ""recline_map_view""]"
2026-04-19,ckancorilait,http://ckan.corila.it/,19,2,2,2.8.2,"[""stats"", ""text_view"", ""image_view"", ""recline_view"", ""datastore"", ""pdf_view"", ""resource_proxy"", ""geo_view"", ""webpage_view""]"
2026-04-19,accounting-system-department-of-water-resources,http://ckan.dwr.go.th,48,10,8,2.10.7,"[""thai_gdc"", ""showcase"", ""stats"", ""opendstats"", ""activity"", ""image_view"", ""datatables_view"", ""text_view"", ""webpage_view"", ""resource_proxy"", ""geo_view"", ""geojson_view"", ""shp_view"", ""xloader"", ""datastore"", ""pdf_view"", ""dcat"", ""dcat_json_interface"", ""structured_data"", ""scheming_datasets"", ""hierarchy_display"", ""hierarchy_form"", ""envvars""]"
2026-04-19,ckannationalhealthorth,http://ckan.nationalhealth.or.th,0,21,15,2.9.9,"[""envvars"", ""stats"", ""image_view"", ""text_view"", ""recline_view"", ""resource_proxy"", ""webpage_view"", ""datastore"", ""xloader"", ""thai_gdc"", ""scheming_datasets"", ""pdf_view"", ""hierarchy_display"", ""hierarchy_form"", ""dcat"", ""dcat_json_interface"", ""structured_data""]"
2026-04-19,ckanvecgoth,http://ckan.vec.go.th,12,7,14,2.10.7,"[""thai_gdc"", ""showcase"", ""stats"", ""opendstats"", ""activity"", ""image_view"", ""datatables_view"", ""text_view"", ""webpage_view"", ""resource_proxy"", ""geo_view"", ""geojson_view"", ""shp_view"", ""xloader"", ""datastore"", ""pdf_view"", ""dcat"", ""dcat_json_interface"", ""structured_data"", ""scheming_datasets"", ""hierarchy_display"", ""hierarchy_form""]"
2026-04-19,meloa-oceanographic-data,http://cloud150.ncg.ingrid.pt,0,0,0,,
2026-04-19,gia-lai-database,http://csdlcntmgialai.gov.vn,99,14,9,2.5.3,"[""stats"", ""text_view"", ""image_view"", ""recline_view"", ""datastore"", ""pdf_view"", ""officedocs_view"", ""datamx_theme"", ""datapusher"", ""hierarchy_display"", ""hierarchy_form"", ""ord_hierarchy"", ""pages""]"
2026-04-19,dadesobertesseuecat,http://dadesobertes.seu-e.cat,894,22,81,2.10.8,"[""datastore"", ""datapusher"", ""stats"", ""aoc_theme"", ""aoc_metadata"", ""aoc_views"", ""activity"", ""image_view"", ""text_view"", ""recline_view"", ""recline_grid_view"", ""recline_graph_view"", ""recline_map_view"", ""resource_proxy"", ""geo_view"", ""scheming_groups"", ""scheming_datasets"", ""scheming_organizations"", ""fluent"", ""dataexplorer_map_view"", ""envvars""]"
2026-04-19,culture-data-portal-portal-de-dados-da-cultura,http://dados.cultura.gov.br,62,4,9,2.4.0,"[""datastore"", ""stats"", ""text_view"", ""image_view"", ""recline_view"", ""temacultura""]"
2026-04-19,ifms-open-data-portal,http://dados.ifms.edu.br,27,27,1,2.6.2,"[""datapusher"", ""datastore"", ""stats"", ""text_view"", ""image_view"", ""recline_view""]"
2026-04-19,ifrs-open-data-portal,http://dados.ifrs.edu.br,0,0,0,,
2026-04-19,natal-urban-mobility-data-portal,http://dados.natal.br,0,1,1,2.7.3,"[""pdf_view"", ""resource_proxy"", ""recline_view"", ""stats"", ""text_view"", ""image_view"", ""datastore"", ""datapusher"", ""geo_view"", ""pages"", ""harvest"", ""ckan_harvester""]"
2026-04-19,sao-paulo-open-data-portal,http://dados.prefeitura.sp.gov.br,367,16,81,2.7.7,"[""stats"", ""text_view"", ""image_view"", ""resource_proxy"", ""pdf_view"", ""webpage_view"", ""recline_grid_view"", ""recline_graph_view"", ""recline_map_view"", ""recline_view"", ""prodam_tema_exemplo"", ""datastore"", ""datapusher""]"
2026-04-19,ufop-open-data,http://dados.ufop.br,70,8,1,2.11.4,"[""ldap"", ""activity"", ""datastore"", ""datapusher"", ""datatables_view"", ""image_view""]"
2026-04-19,ufpel-open-data,http://dados.ufpel.tche.br,0,0,0,,
2026-04-19,ufsj-open-data-portal,http://dados.ufsj.edu.br,12,11,1,2.5.2,"[""stats"", ""text_view"", ""image_view"", ""recline_view"", ""webpage_view"", ""recline_grid_view"", ""datastore"", ""datapusher"", ""example_theme"", ""noregistration""]"
2026-04-19,ufsm-open-data,http://dados.ufsm.br,17,6,1,2.7.2,"[""stats"", ""text_view"", ""image_view"", ""recline_view""]"
2026-04-19,unifei-open-data,http://dados.unifei.edu.br,34,6,1,2.8.0,"[""stats"", ""text_view"", ""image_view"", ""recline_view"", ""datastore"", ""datapusher"", ""unifei_theme""]"
2026-04-19,ufma-open-data-portal,http://dadosabertos.ufma.br,0,0,0,,
2026-04-19,unilab-open-data-dados-abertos-unilab,http://dadosabertos.unilab.edu.br,54,8,1,2.6.2,"[""stats"", ""text_view"", ""image_view"", ""recline_view"", ""datastore"", ""datapusher"", ""resource_proxy"", ""pdf_view""]"
2026-04-19,agriculture-littorale-data-catalog,http://data.agriculturelittorale.fr,2797,6,3,2.9.5,"[""stats"", ""text_view"", ""image_view"", ""recline_view"", ""spatial_metadata"", ""spatial_query"", ""taxonomy"", ""scheming_datasets"", ""resource_proxy"", ""geo_view"", ""alf_theme"", ""restricted"", ""composite""]"
2026-04-19,open-government-data-of-bangkok,http://data.bangkok.go.th,1413,0,118,2.9.9,"[""bkk_open_data"", ""discovery"", ""search_suggestions"", ""googleanalytics"", ""thai_gdc"", ""stats"", ""opendstats"", ""text_view"", ""image_view"", ""recline_view"", ""recline_graph_view"", ""recline_grid_view"", ""resource_proxy"", ""datastore"", ""xloader"", ""webpage_view"", ""pdf_view"", ""scheming_datasets"", ""scheming_groups"", ""scheming_organizations"", ""hierarchy_display"", ""hierarchy_form"", ""hierarchy_group_form"", ""dcat"", ""dcat_json_interface"", ""structured_data""]"
2026-04-19,databeatonanet,http://data.beatona.net,0,0,0,,
2026-04-19,bolzano-opendata-portal,http://data.civis.bz.it,953,17,32,2.10.7,"[""stats"", ""resource_proxy"", ""pdf_view"", ""text_view"", ""image_view"", ""recline_view"", ""datatables_view"", ""provbz"", ""azure_auth"", ""activity"", ""harvest"", ""ckan_harvester"", ""spatial_metadata"", ""spatial_query"", ""dcat"", ""dcat_json_interface"", ""structured_data"", ""multilang"", ""multilang_harvester"", ""multilang_resources"", ""dcatapit_pkg"", ""dcatapit_org"", ""dcatapit_config"", ""dcatapit_vocabulary"", ""dcatapit_harvester"", ""dcatapit_csw_harvester"", ""dcatapit_harvest_list"", ""geonetwork_harvester"", ""provbz_harvester"", ""categorie"", ""pages""]"
2026-04-19,connecticut-open-data-portal,http://data.ctdata.org,226,29,23,2.4.2,"[""stats"", ""text_preview"", ""recline_preview"", ""datastore"", ""datapusher"", ""ctdata_theme"", ""webhooks"", ""datarequests"", ""odata"", ""recline_view"", ""recline_grid_view"", ""recline_graph_view"", ""webpage_view""]"
2026-04-19,accounting-system-department-of-mineral-resources,http://data.dmr.go.th,0,0,0,,
2026-04-19,romania-open-data-portal,http://data.gov.ro,0,0,0,,
2026-04-19,ibb,http://data.ibb.gov.tr,542,9,57,2.9.11,"[""multilang"", ""ibb_theme"", ""ibb_giris"", ""image_view"", ""text_view"", ""recline_view"", ""datastore"", ""envvars"", ""pdf_view"", ""geo_view"", ""xloader"", ""showcase"", ""datarequests""]"
2026-04-19,ieat-data-catalog,http://data.ieat.go.th,0,0,0,,
2026-04-19,international-institute-of-tropical-agriculture,http://data.iita.org,3480,5,2,2.7.11,"[""stats"", ""text_view"", ""image_view"", ""recline_view"", ""datastore"", ""datapusher"", ""iitatheming"", ""scheming_datasets"", ""pdf_view"", ""restricted"", ""composite"", ""googleanalytics"", ""ckanbase""]"
2026-04-19,integrated-ocean-observing-system-catalog,http://data.ioos.us,71973,0,22,2.10.5,"[""activity"", ""ckan_harvester"", ""csw_harvester"", ""dcat"", ""dcat_rdf_harvester"", ""googleanalytics"", ""harvest"", ""ioos_theme"", ""ioos_waf"", ""spatial_metadata"", ""spatial_query"", ""structured_data"", ""waf_harvester""]"
2026-04-19,national-access-point,http://data.nap.gov.gr,0,0,0,,
2026-04-19,open-state-data-portal,http://data.openstate.eu,90,13,1,2.8.3,"[""stats"", ""text_view"", ""image_view"", ""recline_view"", ""datastore"", ""datapusher"", ""dcat"", ""dcat_json_interface"", ""structured_data""]"
2026-04-19,portal-of-open-data-from-the-ggm-ras,http://data.sgm.ru,50,2,1,2.7.2,"[""stats"", ""viewhelpers"", ""text_view"", ""image_view"", ""recline_view"", ""recline_grid_view"", ""datastore"", ""datapusher"", ""spatial_metadata"", ""spatial_query"", ""spatialUI"", ""pdf_view"", ""webpage_view"", ""piechart"", ""pages"", ""hierarchy_display"", ""hierarchy_form"", ""findfull"", ""exhibit"", ""list"", ""listdeposits"", ""listmono"", ""sgm_help"", ""sgm_monographic""]"
2026-04-19,plymouth-data-place,http://dataplay.org.uk,174,7,10,2.10.8,"[""activity"", ""text_view"", ""image_view"", ""pdf_view"", ""geo_view"", ""geojson_view"", ""datatables_view"", ""datastore"", ""xloader"", ""resource_proxy"", ""recline_view"", ""recline_grid_view"", ""recline_graph_view"", ""tdp"", ""pcc""]"
2026-04-19,dataportalsaeriorg,http://dataportal.saeri.org,985,19,97,2.8.2,"[""restricted"", ""saerischema"", ""saeritheme"", ""stats"", ""text_view"", ""image_view"", ""datastore"", ""datapusher"", ""recline_view"", ""recline_grid_view"", ""recline_map_view"", ""recline_graph_view"", ""pdf_view"", ""geo_view"", ""geojson_view"", ""wmts_view"", ""spatial_metadata"", ""spatial_query""]"
2026-04-19,opendata-matera-opendata-matera,http://dati.comune.matera.it,250,13,2,2.6.2,"[""resource_proxy"", ""geojson_view"", ""geo_view"", ""stats"", ""webpage_view"", ""text_view"", ""image_view"", ""recline_view"", ""dcat"", ""dcat_rdf_harvester"", ""dcat_json_harvester"", ""dcat_json_interface"", ""dcatapit_pkg"", ""dcatapit_org"", ""dcatapit_config""]"
2026-04-19,opendata-tuscany-region,http://dati.toscana.it,12328,20,100,2.10.4,"[""datastore"", ""harvest"", ""ckan_harvester"", ""spatial_metadata"", ""spatial_query"", ""csw_harvester"", ""dcat"", ""dcat_rdf_harvester"", ""toscana_harvest"", ""spod_harvester"", ""metarepo_harvester"", ""dcat_json_harvester"", ""dcat_json_interface"", ""dcatapit_pkg"", ""dcatapit_org"", ""dcatapit_config"", ""dcatapit_theme_group_mapper"", ""dcatapit_ckan_harvester"", ""structured_data"", ""multilang"", ""datitoscana_reports"", ""resource_proxy"", ""pdf_view"", ""geo_view"", ""shp_view"", ""wmts_view"", ""text_view"", ""image_view"", ""dataexplorer_view"", ""officedocs_view"", ""opendata_theme"", ""xloader"", ""qa"", ""report"", ""pages"", ""stats"", ""contact"", ""envvars""]"
2026-04-19,datiustatmiurit,http://dati.ustat.miur.it,0,0,0,,
2026-04-19,mexico-open-data-portal,http://datos.codeandomexico.org,9761,12,87,2.9.11,"[""datamx_theme"", ""stats"", ""text_view"", ""image_view"", ""recline_view"", ""datastore"", ""datapusher"", ""resource_proxy"", ""scheming_datasets"", ""pdf_view"", ""geojson_view"", ""geo_view""]"
2026-04-19,rosario-city-council-data-portal,http://datos.concejorosario.gov.ar,340,11,1,2.6.2,"[""stats"", ""text_view"", ""image_view"", ""recline_view"", ""datastore"", ""datapusher"", ""pdf_view"", ""webpage_view"", ""recline_graph_view"", ""pda"", ""pages"", ""piechart"", ""basicgrid"", ""resource_proxy"", ""wmts_view"", ""geo_view"", ""geojson_view""]"
2026-04-19,crespo-open-data,http://datos.crespo.gob.ar,0,0,0,,
2026-04-19,open-data-from-the-secretary-of-energy-datos-abiertos-de-la-secretaria-de-energia,http://datos.energia.gob.ar,178,20,21,2.7.4,"[""stats"", ""text_view"", ""image_view"", ""recline_view"", ""viewhelpers"", ""pdf_view"", ""linechart"", ""barchart"", ""piechart"", ""hierarchy_display"", ""hierarchy_form"", ""gobar_theme"", ""datastore"", ""datapusher"", ""odata"", ""googleanalytics"", ""seriestiempoarexplorer"", ""datajson_harvest"", ""datajson"", ""harvest"", ""ckan_harvester""]"
2026-04-19,chilean-open-data-portal,http://datos.gob.cl,2930,24,261,2.10.4,"[""image_view"", ""text_view"", ""recline_view"", ""recline_graph_view"", ""datastore"", ""gobcl-datos-theme"", ""resource_proxy"", ""geo_view"", ""geojson_view"", ""harvest"", ""ckan_harvester"", ""stats"", ""googleanalytics"", ""video_view"", ""audio_view"", ""webpage_view"", ""pdf_view"", ""xloader"", ""scheming_datasets"", ""scheming_groups"", ""scheming_organizations"", ""activity"", ""dcat"", ""dcat_json_interface"", ""dcat_rdf_harvester"", ""spatial_metadata"", ""spatial_query"", ""spatial_harvest_metadata_api"", ""csw_harvester"", ""waf_harvester"", ""doc_harvester"", ""envvars""]"
2026-04-19,open-data-caba-legislature,http://datos.legislatura.gob.ar,52,10,2,2.7.5,"[""stats"", ""text_view"", ""image_view"", ""recline_view"", ""hierarchy_display"", ""hierarchy_form"", ""dcat"", ""structured_data"", ""gobar_theme"", ""datastore"", ""datapusher"", ""seriestiempoarexplorer"", ""googleanalytics""]"
2026-04-19,energia-argentina-datos-abiertos,http://datos.minem.gob.ar,178,20,21,2.7.4,"[""stats"", ""text_view"", ""image_view"", ""recline_view"", ""viewhelpers"", ""pdf_view"", ""linechart"", ""barchart"", ""piechart"", ""hierarchy_display"", ""hierarchy_form"", ""gobar_theme"", ""datastore"", ""datapusher"", ""odata"", ""googleanalytics"", ""seriestiempoarexplorer"", ""datajson_harvest"", ""datajson"", ""harvest"", ""ckan_harvester""]"
2026-04-19,quilmes-government-data,http://datos.quilmes.gov.ar,57,12,12,2.7.6,"[""stats"", ""text_view"", ""image_view"", ""recline_view"", ""hierarchy_display"", ""hierarchy_form"", ""dcat"", ""structured_data"", ""gobar_theme"", ""datastore"", ""datapusher"", ""seriestiempoarexplorer"", ""googleanalytics""]"
2026-04-19,ministry-of-health-open-data,http://datos.salud.gob.ar,0,0,0,,
2026-04-19,datostechoorg,http://datos.techo.org,0,0,0,,
2026-04-19,datosyerbabuenagobar,http://datos.yerbabuena.gob.ar,0,0,0,,
2026-04-19,mendoza-deputies-open-data,http://datosabiertos.hcdmza.gob.ar,0,0,0,,
2026-04-19,datosabiertosmalagaeu,http://datosabiertos.malaga.eu,1313,22,9,2.8.4,"[""dcat"", ""noregistration"", ""datastore"", ""spatial_metadata"", ""spatial_query"", ""geojson_view"", ""stats"", ""recline_view"", ""resource_proxy"", ""contacto"", ""viewhelpers"", ""pdf_view"", ""linechart"", ""barchart"", ""piechart"", ""basicgrid"", ""recline_grid_view"", ""recline_graph_view"", ""recline_map_view"", ""dcat_rdf_harvester"", ""discovery"", ""similar_datasets"", ""tag_cloud"", ""federador"", ""sitemap"", ""malaga"", ""structured_data"", ""dcat_json_interface"", ""soporte""]"
2026-04-19,datosabiertosmercedesgobar,http://datosabiertos.mercedes.gob.ar,312,21,24,2.7.6,"[""stats"", ""text_view"", ""image_view"", ""recline_view"", ""hierarchy_display"", ""hierarchy_form"", ""dcat"", ""structured_data"", ""gobar_theme"", ""datastore"", ""datapusher"", ""seriestiempoarexplorer"", ""googleanalytics""]"
2026-04-19,open-data-of-the-university-observatory-of-the-city,http://datosabiertos.ufasta.edu.ar,0,0,0,,
2026-04-19,sesmim-knowledge-portal,http://edu.mrpam.gov.mn,301,5,9,2.8.1,"[""stats"", ""text_view"", ""image_view"", ""recline_view"", ""recline_grid_view"", ""recline_graph_view"", ""pdf_view"", ""resource_proxy"", ""sesmim""]"
2026-04-19,codi-data-catalog,http://gdcatalog.codi.or.th,21,3,25,2.9.5,"[""discovery"", ""search_suggestions"", ""thai_gdc"", ""stats"", ""image_view"", ""text_view"", ""recline_view"", ""resource_proxy"", ""webpage_view"", ""datastore"", ""xloader"", ""pdf_view"", ""dga_stats"", ""noregistration"", ""scheming_datasets"", ""hierarchy_display"", ""hierarchy_form"", ""dcat"", ""dcat_json_interface"", ""structured_data""]"
2026-04-19,national-housing-authority-data-catalog,http://gdcatalog.nha.co.th,209,16,154,2.10.7,"[""thai_gdc"", ""showcase"", ""stats"", ""opendstats"", ""activity"", ""image_view"", ""datatables_view"", ""text_view"", ""webpage_view"", ""resource_proxy"", ""geo_view"", ""geojson_view"", ""shp_view"", ""xloader"", ""datastore"", ""pdf_view"", ""dcat"", ""dcat_json_interface"", ""structured_data"", ""scheming_datasets"", ""hierarchy_display"", ""hierarchy_form""]"
2026-04-19,greece-geodata-portal,http://geodata.gov.gr,0,0,0,,
2026-04-19,municipality-of-goya-open-data-portal,http://goy-cte-datos.paisdigital.modernizacion.gob.ar,83,0,62,2.7.5,"[""stats"", ""text_view"", ""image_view"", ""recline_view"", ""hierarchy_display"", ""hierarchy_form"", ""dcat"", ""structured_data"", ""gobar_theme"", ""datastore"", ""datapusher"", ""googleanalytics""]"
2026-04-19,hainan-data-portal,http://haidatas.cn,0,0,0,,
2026-04-19,linbuedatospaisdigitalmodernizaciongobar,http://lin-bue-datos.paisdigital.modernizacion.gob.ar,0,0,0,,
2026-04-19,lujan-open-data,http://luj-bue-datos.paisdigital.innovacion.gob.ar,180,12,14,2.7.6,"[""stats"", ""text_view"", ""image_view"", ""recline_view"", ""hierarchy_display"", ""hierarchy_form"", ""dcat"", ""structured_data"", ""gobar_theme"", ""datastore"", ""datapusher"", ""seriestiempoarexplorer"", ""googleanalytics""]"
2026-04-19,opendatanasuopendatastackjp,http://opendata-nasu.opendatastack.jp,488,25,71,2.5.1,"[""stats"", ""text_view"", ""image_view"", ""spatial_metadata"", ""spatial_query"", ""datastore"", ""datapusher"", ""resource_proxy"", ""pdf_view"", ""geo_view"", ""recline_grid_view"", ""recline_graph_view"", ""recline_map_view"", ""webpage_view"", ""geojson_view"", ""googleanalytics"", ""harvest"", ""ckan_harvester"", ""pages"", ""recline_view"", ""cloud_connector"", ""example_theme"", ""officedocs_view""]"
2026-04-19,csu-open-data-portal,http://opendata.calstate.edu,0,0,0,,
2026-04-19,higashihiroshima-city-open-data-catalog-site,http://opendata.city.higashihiroshima.lg.jp,0,0,0,,
2026-04-19,ibaraki-city-open-data-portal-site,http://opendata.city.ibaraki.osaka.jp,129,6,1,2.5.3,"[""stats"", ""text_view"", ""image_view"", ""recline_view"", ""datastore"", ""datapusher""]"
2026-04-19,ko-obrzeg-gis-open-data,http://opendata.gis.kolobrzeg.pl,71,14,5,2.10.4,"[""activity"", ""datastore""]"
2026-04-19,ipst-open-data,http://opendata.ipst.ac.th,21,2,2,2.10.7,"[""thai_gdc"", ""showcase"", ""stats"", ""opendstats"", ""activity"", ""image_view"", ""datatables_view"", ""text_view"", ""webpage_view"", ""resource_proxy"", ""geo_view"", ""geojson_view"", ""shp_view"", ""xloader"", ""datastore"", ""pdf_view"", ""dcat"", ""dcat_json_interface"", ""structured_data"", ""scheming_datasets"", ""hierarchy_display"", ""hierarchy_form""]"
2026-04-19,open-data-portal-of-the-ruhr-metropolis,http://opendata.ruhr,2959,31,26,2.10.5,"[""envvars"", ""resource_proxy"", ""datastore"", ""xloader"", ""image_view"", ""text_view"", ""datatables_view"", ""spatial_metadata"", ""spatial_query"", ""harvest"", ""ckan_harvester"", ""dcat"", ""dcatde"", ""dcat_rdf_harvester"", ""dcatde_rdf_harvester"", ""dcat_json_harvester"", ""dcat_json_interface"", ""structured_data"", ""geo_view"", ""geojson_view"", ""navigablemap"", ""choroplethmap"", ""pages"", ""pdf_view"", ""rvr"", ""scheming_datasets"", ""scheming_organizations""]"
2026-04-19,open-data-ruhr,http://opendata.rvr.ruhr,2959,31,26,2.10.5,"[""envvars"", ""resource_proxy"", ""datastore"", ""xloader"", ""image_view"", ""text_view"", ""datatables_view"", ""spatial_metadata"", ""spatial_query"", ""harvest"", ""ckan_harvester"", ""dcat"", ""dcatde"", ""dcat_rdf_harvester"", ""dcatde_rdf_harvester"", ""dcat_json_harvester"", ""dcat_json_interface"", ""structured_data"", ""geo_view"", ""geojson_view"", ""navigablemap"", ""choroplethmap"", ""pages"", ""pdf_view"", ""rvr"", ""scheming_datasets"", ""scheming_organizations""]"
2026-04-19,sidoarjo-regency-open-data,http://opendata.sidoarjokab.go.id,6639,17,65,2.11.3,"[""envvars"", ""activity"", ""image_view"", ""text_view"", ""datatables_view"", ""datastore"", ""xloader"", ""stats"", ""webpage_view"", ""resource_proxy""]"
2026-04-19,opendatasitcanes,http://opendata.sitcan.es,165,10,12,2.10.4,"[""stats"", ""image_view"", ""resource_proxy"", ""dcat"", ""dcat_rdf_harvester"", ""dcat_json_harvester"", ""dcat_json_interface""]"
2026-04-19,higashiura-town-open-data-catalog-site,http://opendata.town.aichi-higashiura.lg.jp,47,10,1,2.4.1,"[""stats"", ""text_view"", ""image_view"", ""recline_view"", ""datastore"", ""datapusher""]"
2026-04-19,opendatavubpcz,http://opendata.vubp.cz,45,11,9,2.8.3,"[""stats"", ""text_view"", ""image_view"", ""recline_view"", ""datastore"", ""showcase"", ""recline_grid_view"", ""recline_graph_view"", ""recline_map_view"", ""webpage_view"", ""pdf_view"", ""pages"", ""navigablemap"", ""choroplethmap"", ""resource_proxy"", ""geo_view"", ""geojson_view"", ""wmts_view"", ""shp_view"", ""tableau_view"", ""vubp"", ""odata""]"
2026-04-19,water-jpi-open-data,http://opendata.waterjpi.eu,0,0,0,,
2026-04-19,municipality-of-ezeiza-open-data-portal-buenos-aires,http://pe.181.209.63.227.nip.io,0,0,0,,
2026-04-19,pergamino-open-data,http://per-bue-datos.paisdigital.modernizacion.gob.ar,0,0,0,,
2026-04-19,igg-knowledge-portal,http://portal.igg.ac.mn,1043,8,11,2.8.1,"[""stats"", ""text_view"", ""image_view"", ""recline_view"", ""recline_grid_view"", ""recline_graph_view"", ""pdf_view"", ""resource_proxy"", ""theme""]"
2026-04-19,merit-mongolia-data-portal,http://portal.merit.mn,201,3,13,2.8.1,"[""stats"", ""text_view"", ""image_view"", ""recline_view"", ""recline_grid_view"", ""recline_graph_view"", ""pdf_view"", ""resource_proxy"", ""merit""]"
2026-04-19,probolinggo-regency-one-data,http://satudata.probolinggokab.go.id,731,0,25,2.9.8,"[""stats"", ""text_view"", ""image_view"", ""recline_view"", ""datastore"", ""datapusher"", ""probolinggo_theme""]"
2026-04-19,sbsopendataekitistategovng,http://sbsopendata.ekitistate.gov.ng,37,17,6,2.9.1,"[""stats"", ""text_view"", ""image_view"", ""recline_view"", ""ekiti_theme""]"
2026-04-19,central-valley-housing-data-repository,http://valleyhousingrepository.library.fresnostate.edu,34,3,6,2.8.3,"[""openafrica"", ""stats"", ""text_view"", ""image_view"", ""recline_view"", ""datastore"", ""datapusher"", ""resource_proxy"", ""geo_view"", ""pages"", ""harvest"", ""ckan_harvester""]"
2026-04-19,tunisia-culture-open-data,http://www.openculture.gov.tn,0,0,0,,
2026-04-19,izmir-metropolitan-municipality-open-data-portal,https://acikveri.bizizmir.com,249,10,35,2.8.5,"[""stats"", ""text_view"", ""image_view"", ""recline_view"", ""datastore"", ""datapusher"", ""pdf_view"", ""showcase"", ""datarequests"", ""webpage_view"", ""resource_proxy"", ""geo_view""]"
2026-04-19,konya-metropolitan-municipality-open-data-platform,https://acikveri.konya.bel.tr,0,0,0,,
2026-04-19,open-data-ni,https://admin.opendatani.gov.uk,1055,9,86,2.10.9,"[""stats"", ""resource_proxy"", ""image_view"", ""text_view"", ""dataexplorer_view"", ""dataexplorer_table_view"", ""dataexplorer_chart_view"", ""dataexplorer_map_view"", ""dataexplorer_web_view"", ""datastore"", ""datapusher"", ""activity"", ""harvest"", ""ckan_harvester"", ""pages"", ""opendatani"", ""scheming_datasets"", ""googleanalytics"", ""dcat_rdf_harvester"", ""nisra_jsondcat"", ""hierarchy_display"", ""hierarchy_form"", ""dcat"", ""showcase"", ""datarequests"", ""contact"", ""s3filestore"", ""envvars""]"
2026-04-19,aids-data-repository,https://adr.unaids.org,600,1,60,2.9.7,"[""unaids"", ""fork"", ""scheming_datasets"", ""blob_storage"", ""saml2auth"", ""emailasusername"", ""restricted"", ""authz_service"", ""stats"", ""text_view"", ""image_view"", ""unaids_recline_view"", ""recline_graph_view"", ""recline_map_view"", ""recline_grid_view"", ""resource_proxy"", ""geo_view"", ""pdf_view"", ""datastore"", ""datapusher"", ""geojson_view"", ""validation"", ""ytp_request"", ""pages"", ""dhis2harvester_plugin"", ""dhis2_pivot_tables_harvester"", ""harvest"", ""sentry"", ""versions"", ""auth""]"
2026-04-19,arctic-permafrost-geospatial-centre,https://apgc.awi.de,480,27,26,2.11.4,"[""activity"", ""datastore"", ""stats"", ""text_view"", ""image_view"", ""datatables_view"", ""audio_view"", ""video_view"", ""webpage_view"", ""resource_proxy"", ""geo_view"", ""geojson_view"", ""wmts_view"", ""shp_view"", ""spatial_metadata"", ""spatial_query"", ""scheming_datasets"", ""scheming_groups"", ""apgc_theme"", ""ifacets"", ""xloader"", ""dcat"", ""structured_data""]"
2026-04-19,food-security-portal-data,https://api.foodsecurityportal.org,0,0,0,2.9.7,"[""stats"", ""datastore"", ""datapusher"", ""recline_grid_view"", ""webpage_view"", ""scheming_datasets"", ""gdpr"", ""harvest"", ""fsp"", ""fsp_harvester"", ""fsp_price_harvester"", ""fsp_indicator_harvester"", ""fsp_returntrigger_harvester"", ""fsp_mediaanalysis_harvester"", ""fpm_harvester"", ""fsp_knowledge_base_harvester""]"
2026-04-19,archive-sigma2-no,https://archive.sigma2.no/,0,0,0,,
2026-04-19,alaska-arctic-geoecological-atlas-aaga,https://arcticatlas.geobotany.org,0,0,0,,
2026-04-19,finnish-transport-infrastructure-data,https://avoindata.fi/data,2508,14,755,2.11.4,"[""forcetranslation"", ""sentry"", ""ckan_harvester"", ""hri_harvester"", ""syke_harvester"", ""dcat"", ""structured_data"", ""dcat_rdf_harvester"", ""dcat_json_harvester"", ""dcat_json_interface"", ""csw_harvester"", ""drupal8"", ""ytp_organizations"", ""ytp_request"", ""apis"", ""ytp_theme"", ""harvest"", ""archiver"", ""report"", ""qa"", ""ytp_report"", ""ytp_drupal"", ""ytp_tasks"", ""ytp_dataset"", ""ytp_spatial"", ""spatial_metadata"", ""spatial_query"", ""ytp_user"", ""hierarchy_display"", ""datastore"", ""sixodp_showcase"", ""sixodp_showcasesubmit"", ""datapusher"", ""datatables_view"", ""text_view"", ""image_view"", ""pdf_view"", ""geo_view"", ""geojson_view"", ""sixodp_harvester"", ""ytp_restrict_category_creation_and_updating"", ""ytp_ipermission_labels"", ""organizationapproval"", ""ytp_resourcestatus"", ""ytp_harvesterstatus"", ""opendata_group"", ""advancedsearch"", ""openapi_view"", ""statistics"", ""opendata_cli"", ""dcat_sparql"", ""activity"", ""sitesearch"", ""matomo"", ""matomo_dataset_report"", ""matomo_resource_report"", ""matomo_location_report"", ""matomo_search_terms_report"", ""cloudstorage"", ""stats"", ""scheming_datasets"", ""scheming_groups"", ""scheming_organizations"", ""fluent""]"
2026-04-19,pangaea-data-discovery-portal,https://b2find.eudat.eu,1459201,6,93,2.9.8,"[""stats"", ""text_view"", ""image_view"", ""recline_view"", ""b2find"", ""oaipmh""]"
2026-04-19,ballarat-open-data,https://ballaratopendata.org.au,476,9,3,2.9.5,"[""stats"", ""text_view"", ""image_view"", ""recline_view"", ""webpage_view"", ""resource_proxy"", ""geojson_view"", ""geo_view"", ""shp_view"", ""wmts_view"", ""spatial_metadata"", ""spatial_query"", ""datastore"", ""recline_grid_view"", ""recline_graph_view"", ""recline_map_view"", ""xloader"", ""harvest"", ""ckan_harvester"", ""waf_harvester"", ""csw_harvester"", ""doc_harvester"", ""magda_harvester"", ""opendatasoft_harvester"", ""proxy"", ""expose_purl"", ""cc_logo"", ""cerdi_metadata"", ""googleanalytics"", ""contact"", ""ballarat_opendata_theme""]"
2026-04-19,uae-open-data,https://bayanat.ae,0,0,0,,
2026-04-19,data-catalog-cooperative-auditing-department,https://cadckan.cad.go.th,0,0,0,,
2026-04-19,canadian-watershed-information-network-canadian-watershed-information-network,https://canwin-datahub.ad.umanitoba.ca,0,0,0,,
2026-04-19,kanazawa-city-open-data-portal,https://catalog-data.city.kanazawa.ishikawa.jp,318,10,7,2.9.4,"[""datastore"", ""datapusher"", ""stats"", ""googleanalytics"", ""text_view"", ""image_view"", ""recline_view"", ""recline_grid_view"", ""recline_map_view"", ""recline_graph_view"", ""notification"", ""oidc"", ""pdf_view""]"
2026-04-19,intaros-data-catalogue,https://catalog-intaros.nersc.no,190,10,38,2.11.2,"[""stats"", ""text_view"", ""image_view"", ""datatables_view"", ""pdf_view"", ""datastore"", ""resource_proxy"", ""pages"", ""harvest"", ""ckan_harvester"", ""spatial_metadata"", ""spatial_query"", ""intarosmeta"", ""seaice_theme"", ""googleanalytics""]"
2026-04-19,kobe-city-open-data-portal,https://catalog.city.kobe.lg.jp,133,9,370,2.9.5,"[""stats"", ""text_view"", ""image_view"", ""recline_view"", ""custom_theme"", ""datastore"", ""datapusher""]"
2026-04-19,catalogcityutsunomiyatochigijp,https://catalog.city.utsunomiya.tochigi.jp,295,14,18,2.9.5,"[""stats"", ""text_view"", ""image_view"", ""recline_view"", ""custom_theme"", ""datastore"", ""datapusher""]"
2026-04-19,city-data-platform,https://catalog.citydata.in.th,741,0,71,2.8.3,"[""stats"", ""text_view"", ""image_view"", ""recline_grid_view"", ""recline_view"", ""recline_map_view"", ""webpage_view"", ""navigablemap"", ""choroplethmap"", ""datastore"", ""datapusher"", ""resource_proxy"", ""geo_view"", ""pages"", ""harvest"", ""ckan_harvester"", ""scheming_datasets"", ""hierarchy_display"", ""hierarchy_form""]"
2026-04-19,catalogcustomsgoth,https://catalog.customs.go.th,0,0,0,,
2026-04-19,faa-data-catalog,https://catalog.data.faa.gov,6,0,1,2.11.4,"[""activity"", ""saml2auth"", ""faa_theme"", ""faaextrafields""]"
2026-04-19,u-s-government-open-data,https://catalog.data.gov,0,0,0,,
2026-04-19,chofu-city-open-data-catalog,https://catalog.data.metro.tokyo.lg.jp,10075,16,98,2.11.4,"[""stats"", ""text_view"", ""image_view"", ""datatables_view"", ""datastore"", ""datapusher"", ""custom_theme"", ""event_log"", ""csv_imexporter""]"
2026-04-19,dmh-data-catalog-dmh-data-catalog,https://catalog.dmh.go.th,291,2,47,2.10.7,"[""thai_gdc"", ""showcase"", ""stats"", ""opendstats"", ""activity"", ""image_view"", ""datatables_view"", ""text_view"", ""webpage_view"", ""resource_proxy"", ""geo_view"", ""geojson_view"", ""shp_view"", ""xloader"", ""datastore"", ""pdf_view"", ""dcat"", ""dcat_json_interface"", ""structured_data"", ""scheming_datasets"", ""hierarchy_display"", ""hierarchy_form""]"
2026-04-19,dpim-data-catalog,https://catalog.dpim.go.th,26,7,12,2.10.7,"[""thai_gdc"", ""showcase"", ""stats"", ""opendstats"", ""activity"", ""image_view"", ""datatables_view"", ""text_view"", ""webpage_view"", ""resource_proxy"", ""geo_view"", ""geojson_view"", ""shp_view"", ""xloader"", ""datastore"", ""pdf_view"", ""dcat"", ""dcat_json_interface"", ""structured_data"", ""scheming_datasets"", ""hierarchy_display"", ""hierarchy_form""]"
2026-04-19,dvrpc-data-portal,https://catalog.dvrpc.org,214,0,1,2.9.11,"[""stats"", ""datatables_view"", ""image_view"", ""datapusher"", ""resource_proxy"", ""dvrpc_theme"", ""datastore"", ""dvrpc_package"", ""dvrpc_chained_action"", ""scheming_datasets"", ""pdf_view"", ""geojson_view"", ""customuserprivileges"", ""showcase"", ""oauth2"", ""harvest"", ""ckan_harvester"", ""dcat"", ""dcat_rdf_harvester"", ""dcat_json_harvester"", ""dcat_json_interface"", ""structured_data""]"
2026-04-19,catalog-platform-of-the-digital-twin-munich,https://catalog.dzm.gis.lrg.tum.de,17,27,8,2.8.4,"[""stats"", ""text_view"", ""image_view"", ""recline_view"", ""hierarchy_display"", ""hierarchy_form"", ""scheming_datasets"", ""repeating"", ""composite"", ""display_group"", ""form_group"", ""spatial_metadata"", ""spatial_query"", ""resource_proxy"", ""geojson_view"", ""relation"", ""disqus"", ""temporalsearch"", ""userautoaddgroup"", ""restricted"", ""gdpr""]"
2026-04-19,alaska-epscor-central-portal,https://catalog.epscor.alaska.edu,829,47,48,2.8.6,"[""stats"", ""text_view"", ""image_view"", ""recline_view"", ""spatial_metadata"", ""spatial_query"", ""googleanalytics"", ""harvest"", ""ckan_harvester"", ""axiom_harvester"", ""epscor""]"
2026-04-19,open-data-dof-ckan-department-of-fisheries-data-catalog,https://catalog.fisheries.go.th,0,0,0,,
2026-04-19,catalog-platform-smart-cities-and-regions-bavaria,https://catalog.gis.lrg.tum.de,37,33,24,2.8.4,"[""stats"", ""text_view"", ""image_view"", ""recline_view"", ""scheming_datasets"", ""hierarchy_display"", ""hierarchy_form"", ""spatial_metadata"", ""spatial_query"", ""resource_proxy"", ""geojson_view"", ""repeating"", ""composite"", ""display_group"", ""form_group"", ""disqus"", ""temporalsearch"", ""userautoaddgroup"", ""restricted"", ""relation"", ""gdpr""]"
2026-04-19,accounting-system-office-of-the-permanent-secretary-ministry-of-finance,https://catalog.mof.go.th,46,6,2,2.10.7,"[""thai_gdc"", ""showcase"", ""stats"", ""opendstats"", ""activity"", ""image_view"", ""datatables_view"", ""text_view"", ""webpage_view"", ""resource_proxy"", ""geo_view"", ""geojson_view"", ""shp_view"", ""xloader"", ""datastore"", ""pdf_view"", ""dcat"", ""dcat_json_interface"", ""structured_data"", ""scheming_datasets"", ""hierarchy_display"", ""hierarchy_form""]"
2026-04-19,new-mexico-water-data,https://catalog.newmexicowaterdata.org/,363,9,66,2.11.3,"[""envvars"", ""stats"", ""text_view"", ""image_view"", ""officedocs_view"", ""resource_proxy"", ""activity"", ""datapusher_plus"", ""datastore"", ""pages"", ""s3filestore"", ""geo_view"", ""gztr"", ""nmwd_schema"", ""nmwd_theme"", ""dathere_custom_css"", ""dathere_custom_homepage"", ""dathere_custom_header"", ""dathere_custom_footer"", ""dathere_custom_showcase"", ""harvest"", ""ckan_harvester"", ""dcat"", ""dcat_rdf_harvester"", ""dcat_json_harvester"", ""dcat_json_interface"", ""scheming_datasets"", ""structured_data"", ""datatables_view"", ""pdf_view"", ""webpage_view"", ""datajson"", ""check_link"", ""googleanalytics""]"
2026-04-19,nso-data-catalog,https://catalog.nso.go.th,0,0,0,,
2026-04-19,onesqa-data-catalog,https://catalog.onesqa.or.th,0,0,0,,
2026-04-19,kanagawa-prefecture-open-data-catalog,https://catalog.opendata.pref.kanagawa.jp,792,19,15,2.10.7,"[""stats"", ""text_view"", ""image_view"", ""datatables_view"", ""datastore"", ""datapusher"", ""custom_theme"", ""userdatasets"", ""harvest"", ""ckan_harvester""]"
2026-04-19,catalogqsdsgoth,https://catalog.qsds.go.th,206,4,37,2.10.7,"[""thai_gdc"", ""showcase"", ""stats"", ""opendstats"", ""activity"", ""image_view"", ""datatables_view"", ""text_view"", ""webpage_view"", ""resource_proxy"", ""geo_view"", ""geojson_view"", ""shp_view"", ""xloader"", ""datastore"", ""pdf_view"", ""dcat"", ""dcat_json_interface"", ""structured_data"", ""scheming_datasets"", ""hierarchy_display"", ""hierarchy_form""]"
2026-04-19,measure-up-data-catalog,https://catalog.riits.net,17,0,5,2.8.3,"[""oauth2"", ""stats"", ""text_view"", ""image_view"", ""recline_view"", ""geodatagov"", ""datagovtheme"", ""harvest"", ""ckan_harvester"", ""spatial_metadata"", ""geodatagov_miscs"", ""privatedatasets"", ""report""]"
2026-04-19,accounting-system-of-the-office-of-the-state-enterprise-policy-committee,https://catalog.sepo.go.th,13,3,3,2.10.7,"[""thai_gdc"", ""showcase"", ""stats"", ""opendstats"", ""activity"", ""image_view"", ""datatables_view"", ""text_view"", ""webpage_view"", ""resource_proxy"", ""geo_view"", ""geojson_view"", ""shp_view"", ""xloader"", ""datastore"", ""pdf_view"", ""dcat"", ""dcat_json_interface"", ""structured_data"", ""scheming_datasets"", ""hierarchy_display"", ""hierarchy_form""]"
2026-04-19,sso-data-catalog,https://catalog.sso.go.th,66,5,8,2.10.7,"[""thai_gdc"", ""showcase"", ""stats"", ""opendstats"", ""activity"", ""image_view"", ""datatables_view"", ""text_view"", ""webpage_view"", ""resource_proxy"", ""geo_view"", ""geojson_view"", ""shp_view"", ""xloader"", ""datastore"", ""pdf_view"", ""dcat"", ""dcat_json_interface"", ""structured_data"", ""scheming_datasets"", ""hierarchy_display"", ""hierarchy_form"", ""envvars""]"
2026-04-19,travel-link-tourism-data-catalog-ckan,https://catalog.travellink.go.th,0,0,0,,
2026-04-19,pba-open-data,https://catalogo.datos.gba.gob.ar,103,12,24,2.7.6,"[""stats"", ""text_view"", ""image_view"", ""recline_view"", ""hierarchy_display"", ""hierarchy_form"", ""dcat"", ""structured_data"", ""gobar_theme"", ""datastore"", ""datapusher"", ""seriestiempoarexplorer"", ""googleanalytics"", ""andinotemplate""]"
2026-04-19,villanueva-de-la-serena-data-catalog,https://catalogo.villanuevadelaserena.es,47,22,5,2.5.1,"[""dataproxy"", ""dataproxy_view"", ""harvest"", ""ckan_harvester"", ""qa"", ""archiver"", ""report"", ""stats"", ""sparql"", ""text_view"", ""image_view"", ""recline_view"", ""datastore"", ""datapusher"", ""resource_proxy"", ""spatial_metadata"", ""spatial_query"", ""geo_view"", ""geojson_view"", ""wmts_view"", ""dcat"", ""dcat_rdf_harvester"", ""dcat_json_harvester"", ""dcat_json_interface"", ""csw_harvester"", ""disqus"", ""opendata_theme"", ""officedocs_view"", ""pdf_view"", ""solr_highlighting"", ""drupal7"", ""datesearch""]"
2026-04-19,uruguay-national-open-data-catalog,https://catalogodatos.gub.uy,2673,22,72,2.10.6,"[""resource_proxy"", ""datastore"", ""xloader"", ""activity"", ""stats"", ""dcat"", ""harvest"", ""ckan_harvester"", ""dcat_rdf_harvester"", ""dcat_json_harvester"", ""dcat_json_interface"", ""qa"", ""googleanalytics"", ""text_view"", ""image_view"", ""recline_view"", ""recline_graph_view"", ""recline_grid_view"", ""recline_map_view"", ""webpage_view"", ""linechart"", ""barchart"", ""piechart"", ""geo_view"", ""pdf_view"", ""geojson_view"", ""showcase"", ""agesic"", ""report"", ""repo_info"", ""iduruguay""]"
2026-04-19,cioos-pacific-data-catalog,https://catalogue.cioos.ca,3320,0,5,2.9.11,"[""image_view"", ""text_view"", ""recline_view"", ""datastore"", ""envvars""]"
2026-04-19,cioos-atlantic-data-catalogue,https://catalogue.cioosatlantic.ca,260,0,25,2.9.11,"[""envvars"", ""stats"", ""text_view"", ""image_view"", ""recline_view"", ""datastore"", ""datapusher"", ""scheming_datasets"", ""scheming_organizations"", ""scheming_groups"", ""scheming_nerf_index"", ""fluent"", ""harvest"", ""ckan_harvester"", ""csw_harvester"", ""waf_harvester"", ""doc_harvester"", ""ckan_schema_harvester"", ""spatial_metadata"", ""spatial_query"", ""spatial_harvest_metadata_api"", ""cioos_harvest"", ""cioos_theme"", ""ckan_cioos_harvester"", ""dcat"", ""structured_data"", ""resource_proxy"", ""geo_view"", ""geojson_view"", ""wmts_view"", ""ckan_spatial_harvester"", ""datastream_harvester""]"
2026-04-19,cioos-pacific-ocean-data-catalogue,https://catalogue.cioospacific.ca,1878,0,13,2.9.11,"[""envvars"", ""stats"", ""text_view"", ""image_view"", ""recline_view"", ""datastore"", ""datapusher"", ""scheming_datasets"", ""scheming_organizations"", ""scheming_groups"", ""scheming_nerf_index"", ""fluent"", ""harvest"", ""ckan_harvester"", ""csw_harvester"", ""waf_harvester"", ""doc_harvester"", ""ckan_schema_harvester"", ""ckan_spatial_harvester"", ""spatial_metadata"", ""spatial_query"", ""spatial_harvest_metadata_api"", ""cioos_theme"", ""cioos_harvest"", ""ckan_cioos_harvester"", ""dcat"", ""structured_data"", ""resource_proxy"", ""geo_view"", ""geojson_view"", ""wmts_view"", ""datastream_harvester""]"
2026-04-19,bc-data-catalogue,https://catalogue.data.gov.bc.ca,3341,26,241,2.9.5,"[""envvars"", ""image_view"", ""text_view"", ""recline_view"", ""datastore"", ""datapusher"", ""edc_rss"", ""sso"", ""bcgov_schema"", ""scheming_datasets"", ""scheming_groups"", ""scheming_organizations"", ""edc_dataset""]"
2026-04-19,new-zealand-government-data,https://catalogue.data.govt.nz,0,0,0,,
2026-04-19,wa-government-open-data,https://catalogue.data.wa.gov.au,2906,66,67,2.11.4,"[""datawagovau_theme"", ""wa_data_dictionary"", ""wa_res_archive"", ""cloudstorage"", ""activity"", ""search_tweaks"", ""search_tweaks_query_relevance"", ""search_tweaks_field_relevance"", ""search_tweaks_spellcheck"", ""search_tweaks_advanced_search"", ""composite_search"", ""default_composite_search"", ""search_autocomplete"", ""or_facet"", ""resource_indexer"", ""pdf_resource_indexer"", ""plain_resource_indexer"", ""spatial_metadata"", ""spatial_query"", ""geo_view"", ""geojson_view"", ""wmts_view"", ""dcat"", ""text_view"", ""image_view"", ""officedocs_view"", ""datatables_view"", ""pdf_view"", ""webpage_view"", ""resource_proxy"", ""datastore"", ""showcase"", ""googleanalytics"", ""xloader"", ""tracking"", ""scheming_datasets"", ""hierarchy_display"", ""hierarchy_form"", ""msal"", ""login_throttle"", ""core_fix""]"
2026-04-19,cataloguedevcioosatlanticca,https://catalogue.dev.cioosatlantic.ca,247,1,22,2.9.11,"[""envvars"", ""stats"", ""text_view"", ""image_view"", ""recline_view"", ""datastore"", ""datapusher"", ""scheming_datasets"", ""scheming_organizations"", ""scheming_groups"", ""scheming_nerf_index"", ""fluent"", ""harvest"", ""ckan_harvester"", ""csw_harvester"", ""waf_harvester"", ""doc_harvester"", ""ckan_schema_harvester"", ""spatial_metadata"", ""spatial_query"", ""spatial_harvest_metadata_api"", ""cioos_harvest"", ""cioos_theme"", ""ckan_cioos_harvester"", ""dcat"", ""structured_data"", ""resource_proxy"", ""geo_view"", ""geojson_view"", ""wmts_view"", ""ckan_spatial_harvester"", ""datastream_harvester""]"
2026-04-19,hakai-data-catalogue,https://catalogue.hakai.org,259,0,1,2.9.11,"[""envvars"", ""stats"", ""text_view"", ""image_view"", ""recline_view"", ""datastore"", ""datapusher"", ""scheming_datasets"", ""scheming_organizations"", ""scheming_groups"", ""scheming_nerf_index"", ""fluent"", ""harvest"", ""ckan_harvester"", ""csw_harvester"", ""waf_harvester"", ""doc_harvester"", ""ckan_schema_harvester"", ""spatial_metadata"", ""spatial_query"", ""spatial_harvest_metadata_api"", ""cioos_harvest"", ""cioos_theme"", ""dcat"", ""structured_data"", ""resource_proxy"", ""geo_view"", ""geojson_view"", ""wmts_view"", ""ckan_spatial_harvester""]"
2026-04-19,catalogue-nextgeoss-eu,https://catalogue.nextgeoss.eu,0,0,0,,
2026-04-19,fisheries-and-oceans-canada-data-catalog,https://catalogue.ogsl.ca,409,0,57,2.9.11,"[""image_view"", ""text_view"", ""recline_view"", ""datastore"", ""envvars""]"
2026-04-19,ogsl-data-catalogue,https://catalogue.slgo.ca,0,0,0,,
2026-04-19,san-diego-county-data,https://civicdata.com,422,49,261,2.9.9,"[""text_view"", ""recline_view"", ""recline_grid_view"", ""recline_graph_view"", ""recline_map_view"", ""image_view"", ""resource_proxy"", ""stats"", ""datastore"", ""datapusher"", ""geojson_view"", ""spatial_metadata"", ""spatial_query"", ""custom_api"", ""custom_extension""]"
2026-04-19,d4science-catalogue,https://ckan-d4s.d4science.org,245015,69,44,2.6.7,"[""stats"", ""text_view"", ""image_view"", ""recline_view"", ""datastore"", ""datapusher"", ""harvest"", ""ckan_harvester"", ""spatial_metadata"", ""spatial_query"", ""csw_harvester"", ""waf_harvester"", ""doc_harvester"", ""geonetwork_harvester"", ""pdf_view"", ""privatedatasets"", ""hierarchy_display"", ""hierarchy_form"", ""googleanalytics"", ""rating"", ""d4science_theme"", ""dcat"", ""dcat_rdf_harvester"", ""dcat_json_harvester"", ""dcat_json_interface"", ""resource_proxy"", ""oaipmh""]"
2026-04-19,dataplattform-malmo-dataplattform-malmo,https://ckan-malmo.dataplatform.se,0,0,0,,
2026-04-19,adh-data-portal,https://ckan.africadatahub.org,219,20,10,2.11.0,"[""datatables_view"", ""scheming_datasets"", ""image_view"", ""text_view"", ""webpage_view"", ""pdf_view"", ""geo_view"", ""resource_proxy"", ""datastore"", ""datapusher_plus"", ""activity"", ""s3filestore"", ""envvars""]"
2026-04-19,americaview-ckan,https://ckan.americaview.org,256,6,42,2.8.4,"[""stats"", ""webpage_view"", ""text_view"", ""image_view"", ""recline_view"", ""pages"", ""datasetthumbnail""]"
2026-04-19,cabi-data-repository,https://ckan.cabi.org/data,0,0,0,,
2026-04-19,open-data-portal-of-the-city-of-mendoza,https://ckan.ciudaddemendoza.gob.ar,180,13,33,2.7.6,"[""stats"", ""text_view"", ""image_view"", ""recline_view"", ""hierarchy_display"", ""hierarchy_form"", ""dcat"", ""structured_data"", ""gcbaandinotheme"", ""gobar_theme"", ""datastore"", ""datapusher"", ""seriestiempoarexplorer"", ""googleanalytics""]"
2026-04-19,rotterdam-data-portal,https://ckan.dataplatform.nl,0,0,0,,
2026-04-19,gerontomics-aging-research-data,https://ckan.dev.aging-research.group,0,0,0,,
2026-04-19,lwua-dip-lab-data-portal,https://ckan.diplab.uplb.edu.ph,0,0,0,,
2026-04-19,dsi-thailand-data-catalog,https://ckan.dsi.go.th,7,3,4,2.10.7,"[""thai_gdc"", ""showcase"", ""stats"", ""opendstats"", ""activity"", ""image_view"", ""datatables_view"", ""text_view"", ""webpage_view"", ""resource_proxy"", ""geo_view"", ""geojson_view"", ""shp_view"", ""xloader"", ""datastore"", ""pdf_view"", ""dcat"", ""dcat_json_interface"", ""structured_data"", ""scheming_datasets"", ""hierarchy_display"", ""hierarchy_form""]"
2026-04-19,dubno-city-council-s-open-data-portal,https://ckan.dubno-adm.rv.ua,0,0,0,,
2026-04-19,ckanearlhamacuk,https://ckan.earlham.ac.uk,1942,7,2,2.8.2,"[""stats"", ""text_view"", ""image_view"", ""pdf_view"", ""recline_preview"", ""recline_view"", ""datastore"", ""datapusher"", ""repeating"", ""scheming_datasets"", ""composite""]"
2026-04-19,emac-exoplanet-data-repository,https://ckan.emac.gsfc.nasa.gov,0,0,0,,
2026-04-19,futr-hub-ckan-portal,https://ckan.futr-hub.de,5,27,15,2.9.9,"[""envvars"", ""custom_theme"", ""image_view"", ""text_view"", ""recline_view"", ""webpage_view"", ""datastore"", ""datapusher"", ""resource_proxy"", ""pages"", ""harvest"", ""ckan_harvester"", ""linechart"", ""barchart"", ""piechart"", ""basicgrid"", ""geo_view"", ""geojson_view"", ""wmts_view"", ""shp_view"", ""pdf_view"", ""dcat"", ""dcatde"", ""scheming_datasets"", ""oauth2""]"
2026-04-19,schleswig-holstein-govdata-portal,https://ckan.govdata.de,148700,13,74,2.10.9,"[""activity"", ""stats"", ""text_view"", ""image_view"", ""recline_view"", ""govdatade"", ""search_index_hook"", ""harvest"", ""dcat"", ""dcat_rdf_harvester"", ""structured_data"", ""dcatde"", ""dcatde_rdf_harvester""]"
2026-04-19,ckangrassrootstools,https://ckan.grassroots.tools,539,3,8,2.8.2,"[""stats"", ""text_view"", ""image_view"", ""recline_view"", ""officedocs_view"", ""googleanalytics"", ""dcat"", ""dcat_rdf_harvester"", ""dcat_json_harvester"", ""dcat_json_interface"", ""structured_data"", ""oaipmh"", ""repeating"", ""scheming_datasets"", ""composite""]"
2026-04-19,him-data-portal,https://ckan.himdataportal.com,102,0,3,2.10.1,"[""s3filestore"", ""activity"", ""idp"", ""datapusher"", ""datastore"", ""scheming_datasets"", ""recline_view"", ""datatables_view"", ""expire_api_token""]"
2026-04-19,sapporo-city-data-portal,https://ckan.hoda.jp,456,12,84,2.8.9,"[""image_view"", ""text_view"", ""recline_view"", ""resource_proxy"", ""datastore"", ""harvest"", ""ckan_harvester""]"
2026-04-19,idp-india-s-extensive-public-datasets,https://ckan.indiadataportal.com,94,0,3,2.10.3,"[""s3filestore"", ""activity"", ""idp"", ""datapusher"", ""datastore"", ""scheming_datasets"", ""recline_view"", ""datatables_view"", ""webpage_view"", ""expire_api_token""]"
2026-04-19,digitalni-a-informacni-agentura-data,https://ckan.issi.gov.cz,9,0,5,2.9.7,"[""envvars"", ""image_view"", ""text_view"", ""recline_view"", ""datastore"", ""datapusher"", ""spatial_metadata"", ""spatial_query"", ""resource_proxy"", ""geo_view"", ""geojson_view"", ""wmts_view"", ""shp_view"", ""issi_theme""]"
2026-04-19,open-data-from-the-rio-de-janeiro-botanical-garden-research-institute,https://ckan.jbrj.gov.br,44,0,7,2.9.5,"[""resource_proxy"", ""datastore"", ""stats"", ""matomo""]"
2026-04-19,mots-thailand-data-portal,https://ckan.mots.go.th,0,0,0,,
2026-04-19,gdansk-open-data,https://ckan.multimediagdansk.pl,60,11,5,2.10.4,"[""activity"", ""datastore"", ""datapusher"", ""image_view"", ""recline_view"", ""text_view"", ""datatables_view""]"
2026-04-19,ckanodpjigjp,https://ckan.odp.jig.jp,720,14,49,2.9.11,"[""stats"", ""text_view"", ""image_view"", ""recline_view"", ""odp""]"
2026-04-19,data-sets-openig,https://ckan.openig.org,393,16,27,2.7.6,"[""cas"", ""composite"", ""datastore"", ""datapusher"", ""restricted"", ""pdf_view"", ""text_view"", ""image_view"", ""recline_view"", ""recline_graph_view"", ""recline_grid_view"", ""recline_map_view"", ""spatial_metadata"", ""spatial_query"", ""resource_proxy"", ""geo_view"", ""geojson_view"", ""wmts_view"", ""webpage_view"", ""scheming_datasets"", ""stats"", ""showcase"", ""idgotheme"", ""dcat"", ""dcat_json_interface"", ""structured_data""]"
2026-04-19,ckanpfsapporojp,https://ckan.pf-sapporo.jp,259,12,9,2.9.11,"[""stats"", ""text_view"", ""image_view"", ""webpage_view"", ""recline_view"", ""datastore"", ""datapusher"", ""googleanalytics"", ""bodik_theme""]"
2026-04-19,akita-prefecture-open-data,https://ckan.pref.akita.lg.jp,262,17,12,2.10.5,"[""feedback"", ""stats"", ""text_view"", ""image_view"", ""recline_grid_view"", ""recline_graph_view"", ""recline_map_view"", ""webpage_view"", ""geojson_view"", ""datastore"", ""xloader"", ""officedocs_view"", ""googleanalytics"", ""dcat"", ""dcat_rdf_harvester"", ""structured_data"", ""derivatives""]"
2026-04-19,agueda-open-data-portal,https://ckan.sig.cm-agueda.pt,0,0,0,,
2026-04-19,open-data-of-the-siges-project,https://ckan.siges.sv,38,10,1,2.9.0a,"[""stats"", ""text_view"", ""image_view"", ""recline_view"", ""datapusher""]"
2026-04-19,ckansigessv,https://ckan.siges.sv/,38,10,1,2.9.0a,"[""stats"", ""text_view"", ""image_view"", ""recline_view"", ""datapusher""]"
2026-04-19,staging-futr-hub-ckan-portal,https://ckan.staging.futr-hub.de,2,27,33,2.9.9,"[""envvars"", ""custom_theme"", ""image_view"", ""text_view"", ""recline_view"", ""webpage_view"", ""datastore"", ""datapusher"", ""resource_proxy"", ""pages"", ""harvest"", ""ckan_harvester"", ""linechart"", ""barchart"", ""piechart"", ""basicgrid"", ""geo_view"", ""geojson_view"", ""wmts_view"", ""shp_view"", ""pdf_view"", ""dcat"", ""dcatde"", ""scheming_datasets"", ""oauth2""]"
2026-04-19,danubius-ri-data-portal,https://ckan.teorie.ro,5,2,7,2.10.1,"[""activity"", ""datastore"", ""xloader"", ""image_view"", ""datatables_view"", ""video_view"", ""text_view"", ""audio_view"", ""webpage_view"", ""pdf_view"", ""harvest"", ""ckan_harvester"", ""danubius_theme"", ""spatial_metadata"", ""spatial_query"", ""resource_proxy"", ""geo_view"", ""geojson_view"", ""dcat"", ""dcat_rdf_harvester"", ""dcat_json_harvester"", ""dcat_json_interface"", ""structured_data""]"
2026-04-19,tirana-open-data-portal,https://ckan.tirana.al,246,11,15,2.8.4,"[""stats"", ""text_view"", ""image_view"", ""recline_view"", ""recline_grid_view"", ""recline_graph_view"", ""recline_map_view"", ""webpage_view"", ""spatial_metadata"", ""spatial_query"", ""harvest"", ""ckan_harvester"", ""datastore"", ""datapusher"", ""resource_proxy"", ""geojson_view"", ""viewhelpers"", ""dashboard_preview"", ""linechart"", ""barchart"", ""piechart"", ""ags_fs_view"", ""ags_ms_view""]"
2026-04-19,vec-data-catalog,https://ckan.vec.go.th,12,7,14,2.10.7,"[""thai_gdc"", ""showcase"", ""stats"", ""opendstats"", ""activity"", ""image_view"", ""datatables_view"", ""text_view"", ""webpage_view"", ""resource_proxy"", ""geo_view"", ""geojson_view"", ""shp_view"", ""xloader"", ""datastore"", ""pdf_view"", ""dcat"", ""dcat_json_interface"", ""structured_data"", ""scheming_datasets"", ""hierarchy_display"", ""hierarchy_form""]"
2026-04-19,syke-metadata-service,https://ckan.ymparisto.fi,637,1,9,2.9.0a,"[""syke_theme"", ""datastore"", ""stats"", ""text_view"", ""image_view"", ""recline_view"", ""datapusher"", ""spatial_metadata"", ""spatial_query"", ""harvest"", ""ckan_harvester"", ""csw_harvester"", ""csw_syke_harvester"", ""csw_syke_research_harvester"", ""scheming_datasets"", ""resource_proxy"", ""geo_view"", ""pages""]"
2026-04-19,ckanymparistofi,https://ckan.ymparisto.fi/,637,1,9,2.9.0a,"[""syke_theme"", ""datastore"", ""stats"", ""text_view"", ""image_view"", ""recline_view"", ""datapusher"", ""spatial_metadata"", ""spatial_query"", ""harvest"", ""ckan_harvester"", ""csw_harvester"", ""csw_syke_harvester"", ""csw_syke_research_harvester"", ""scheming_datasets"", ""resource_proxy"", ""geo_view"", ""pages""]"
2026-04-19,maritime-data-portal,https://ckanmtp.ymparisto.fi,0,0,0,,
2026-04-19,open-data-of-the-judicial-power-of-costa-rica,https://ckanpj.azurewebsites.net,0,0,0,,
2026-04-19,ncar-opensky-data-search,https://ckanprod-alma.ucar.edu,0,0,0,,
2026-04-19,corona-open-data,https://corona-open-data.ckan.de,87,7,29,2.11.0,"[""stats"", ""tabledesigner"", ""text_view"", ""image_view"", ""datatables_view"", ""datastore"", ""xloader"", ""custom_theme"", ""activity"", ""pages"", ""dcat"", ""dcatde"", ""harvest"", ""showcase"", ""pdf_view"", ""resource_proxy"", ""geo_view"", ""geojson_view"", ""matomo_dsgvo"", ""structured_data"", ""jupyter_ipynb_raw"", ""jupyter_ipynb"", ""jupyter_ipynb_executed"", ""metadata_manager"", ""envvars""]"
2026-04-19,dadesobertesgvaes,https://dadesobertes.gva.es,0,0,0,,
2026-04-19,salou-open-data-portal,https://dadesobertes.salou.cat,36,5,1,2.5.0b,"[""datastore"", ""datapusher"", ""stats"", ""text_view"", ""image_view"", ""recline_view"", ""recline_grid_view"", ""recline_graph_view"", ""recline_map_view"", ""salou_theme""]"
2026-04-19,open-data-aoc-consortium,https://dadesobertes.seu-e.cat,894,22,81,2.10.8,"[""datastore"", ""datapusher"", ""stats"", ""aoc_theme"", ""aoc_metadata"", ""aoc_views"", ""activity"", ""image_view"", ""text_view"", ""recline_view"", ""recline_grid_view"", ""recline_graph_view"", ""recline_map_view"", ""resource_proxy"", ""geo_view"", ""scheming_groups"", ""scheming_datasets"", ""scheming_organizations"", ""fluent"", ""dataexplorer_map_view"", ""envvars""]"
2026-04-19,valls-open-data-portal,https://dadesobertes.valls.cat,26,22,4,2.8.3,"[""stats"", ""text_view"", ""image_view"", ""recline_view"", ""recline_grid_view"", ""recline_graph_view"", ""recline_map_view"", ""webpage_view"", ""datastore"", ""datapusher"", ""personalitza"", ""navigablemap"", ""choroplethmap"", ""spatial_metadata"", ""spatial_query"", ""resource_proxy"", ""geo_view"", ""geojson_view"", ""wmts_view"", ""shp_view"", ""googleanalytics""]"
2026-04-19,dadesobertesvallscat,https://dadesobertes.valls.cat/,26,22,4,2.8.3,"[""stats"", ""text_view"", ""image_view"", ""recline_view"", ""recline_grid_view"", ""recline_graph_view"", ""recline_map_view"", ""webpage_view"", ""datastore"", ""datapusher"", ""personalitza"", ""navigablemap"", ""choroplethmap"", ""spatial_metadata"", ""spatial_query"", ""resource_proxy"", ""geo_view"", ""geojson_view"", ""wmts_view"", ""shp_view"", ""googleanalytics""]"
2026-04-19,open-data-portal-of-the-ministry-of-agriculture-and-livestock,https://dados.agricultura.gov.br,13,1,2,2.6.9,"[""stats"", ""text_view"", ""image_view"", ""recline_view""]"
2026-04-19,alagoas-in-data-and-information,https://dados.al.gov.br/catalogo,366,10,30,2.8.5,"[""stats"", ""text_view"", ""image_view"", ""recline_view"", ""datastore"", ""harvest"", ""ckan_harvester"", ""pdf_view"", ""geojson_view"", ""webpage_view"", ""recline_map_view"", ""datapusher"", ""privatedatasets"", ""geo_view""]"
2026-04-19,antt-open-data-portal,https://dados.antt.gov.br,107,8,1,2.8.3,"[""stats"", ""text_view"", ""image_view"", ""pdf_view"", ""datapusher"", ""datastore"", ""antt_theme"", ""googleanalytics""]"
2026-04-19,open-data-portal-of-the-state-of-bahia,https://dados.ba.gov.br,0,0,0,,
2026-04-19,open-data-portal-cefet-rj,https://dados.cefet-rj.br,28,1,1,2.9.5,"[""image_view"", ""text_view"", ""recline_view"", ""datastore"", ""datapusher"", ""envvars""]"
2026-04-19,ciga-open-data-portal,https://dados.ciga.sc.gov.br,564,4,4,2.9.2,"[""stats"", ""text_view"", ""image_view"", ""recline_view""]"
2026-04-19,cvm-open-data-portal,https://dados.cvm.gov.br,54,18,1,2.11.0,"[""activity"", ""stats"", ""pages"", ""googleanalytics""]"
2026-04-19,espirito-santo-open-data-portal,https://dados.es.gov.br,428,30,46,2.8.3,"[""stats"", ""text_view"", ""image_view"", ""recline_view"", ""datastore"", ""datapusher"", ""es_theme"", ""oauth2""]"
2026-04-19,cigets-public-data,https://dados.face.ufg.br,67,0,8,2.10.1,"[""envvars"", ""image_view"", ""text_view"", ""recline_view"", ""datastore"", ""datapusher""]"
2026-04-19,brazilian-forest-service-data-portal,https://dados.florestal.gov.br,59,20,4,2.10.4,"[""envvars"", ""image_view"", ""text_view"", ""recline_view"", ""datastore"", ""datapusher""]"
2026-04-19,ibict-open-data,https://dados.ibict.br,48,14,1,2.6.2,"[""stats"", ""text_view"", ""image_view"", ""recline_view"", ""datastore"", ""datapusher"", ""resource_proxy""]"
2026-04-19,ifpb-open-data-portal,https://dados.ifpb.edu.br,14,8,1,2.8.2,"[""stats"", ""text_view"", ""image_view"", ""recline_view"", ""datastore"", ""datapusher""]"
2026-04-19,ifrn-open-data-portal,https://dados.ifrn.edu.br,12,8,1,2.6.0,"[""stats"", ""text_view"", ""image_view"", ""recline_view"", ""recline_grid_view"", ""datastore"", ""datapusher"", ""ldap""]"
2026-04-19,open-data-ifro-dados-abertos-ifro,https://dados.ifro.edu.br,0,0,0,,
2026-04-19,dadosifrsedubr,https://dados.ifrs.edu.br,0,0,0,,
2026-04-19,open-data-ifsertaope-dados-abertos-ifsertaope,https://dados.ifsertao-pe.edu.br,0,0,0,,
2026-04-19,ifsp-open-data-portal,https://dados.ifsp.edu.br,41,7,1,2.9.5,"[""oauth2"", ""stats"", ""text_view"", ""image_view"", ""recline_view""]"
2026-04-19,ifsuldeminas-open-data-portal,https://dados.ifsuldeminas.edu.br,0,0,0,,
2026-04-19,portugal-justice-open-data,https://dados.justica.gov.pt,62,0,11,2.7.2,"[""stats"", ""text_view"", ""image_view"", ""recline_view"", ""datastore"", ""datapusher"", ""mjustica_theme""]"
2026-04-19,open-data-portal-of-the-state-of-minas-gerais,https://dados.mg.gov.br,91,7,16,2.9.5,"[""stats"", ""text_view"", ""image_view"", ""recline_view"", ""datastore"", ""datapusher"", ""recline_grid_view"", ""webpage_view"", ""recline_graph_view"", ""resource_proxy"", ""geo_view"", ""geojson_view"", ""shp_view"", ""googleanalytics""]"
2026-04-19,ministry-of-justice-and-public-security,https://dados.mj.gov.br,31,7,14,2.4.1,"[""stats"", ""text_view"", ""image_view"", ""recline_view"", ""dadosgovbr_theme"", ""dadosgovbr_newssection"", ""pages""]"
2026-04-19,mma-open-data-portal,https://dados.mma.gov.br,40,0,1,2.6.2,"[""stats"", ""text_view"", ""image_view"", ""recline_view""]"
2026-04-19,ons-open-data,https://dados.ons.org.br,80,6,3,2.9.11,"[""sso"", ""envvars"", ""image_view"", ""text_view"", ""recline_view"", ""datastore"", ""googleanalytics""]"
2026-04-19,pernambuco-open-data-portal,https://dados.pe.gov.br,39,3,3,2.8.4,"[""stats"", ""text_view"", ""image_view"", ""recline_view"", ""datastore"", ""datapusher""]"
2026-04-19,open-data-poa,https://dados.portoalegre.rs.gov.br,55,10,25,2.7.2,"[""stats"", ""text_view"", ""image_view"", ""recline_view"", ""webpage_view"", ""pdf_view"", ""recline_map_view"", ""resource_proxy"", ""datastore"", ""datapusher"", ""viewhelpers"", ""dashboard_preview"", ""linechart"", ""barchart"", ""piechart"", ""basicgrid"", ""navigablemap"", ""choroplethmap"", ""tema_datapoa"", ""geo_view"", ""geojson_view"", ""wmts_view""]"
2026-04-19,open-data-portal-of-the-city-of-sao-paulo-portal-de-dados-abertos-da-cidade-de-sao-paulo,https://dados.prefeitura.sp.gov.br,367,16,81,2.7.7,"[""stats"", ""text_view"", ""image_view"", ""resource_proxy"", ""pdf_view"", ""webpage_view"", ""recline_grid_view"", ""recline_graph_view"", ""recline_map_view"", ""recline_view"", ""prodam_tema_exemplo"", ""datastore"", ""datapusher""]"
2026-04-19,rio-grande-do-sul-data-portal,https://dados.rs.gov.br,0,0,0,,
2026-04-19,ministry-of-infrastructure,https://dados.transportes.gov.br,108,13,3,2.10.4,"[""stats"", ""text_view"", ""image_view"", ""activity""]"
2026-04-19,ufba-open-data-portal,https://dados.ufba.br,0,0,0,,
2026-04-19,dadosufcbr,https://dados.ufc.br,121,4,14,2.10.1,"[""stats"", ""text_view"", ""image_view"", ""activity""]"
2026-04-19,ufca-open-data-portal,https://dados.ufca.edu.br,17,1,1,,"[""stats"", ""text_view"", ""image_view"", ""activity""]"
2026-04-19,ufcspa-open-data,https://dados.ufcspa.edu.br,33,12,1,2.6.0,"[""stats"", ""text_view"", ""image_view"", ""recline_view"", ""recline_grid_view"", ""datastore"", ""datapusher"", ""resource_proxy""]"
2026-04-19,dadosufesbr,https://dados.ufes.br,5,0,1,2.10.3,"[""envvars"", ""image_view"", ""text_view"", ""recline_view"", ""datastore"", ""datapusher""]"
2026-04-19,uff-open-data-portal,https://dados.uff.br,23,5,1,2.7.2,"[""stats"", ""text_view"", ""image_view"", ""recline_view"", ""uff_theme"", ""datastore"", ""datapusher"", ""pdf_view""]"
2026-04-19,uffs-open-data,https://dados.uffs.edu.br,24,8,1,2.9.7,"[""stats"", ""text_view"", ""image_view"", ""recline_view"", ""datastore"", ""datapusher"", ""example_theme"", ""ldap""]"
2026-04-19,ufg-open-data,https://dados.ufg.br,34,7,1,2.9.0a,"[""stats"", ""text_view"", ""image_view"", ""recline_view"", ""ldap"", ""ufg_theme"", ""datastore""]"
2026-04-19,federal-university-of-juiz-de-fora-data-portal,https://dados.ufjf.br,23,7,1,2.10.7,"[""activity"", ""datastore"", ""xloader""]"
2026-04-19,ufla-open-data-portal,https://dados.ufla.br,0,0,0,,
2026-04-19,ufmg-dados-abertos,https://dados.ufmg.br,0,0,0,,
2026-04-19,ufpe-open-data-portal,https://dados.ufpe.br,17,10,1,2.9.5,"[""stats"", ""text_view"", ""image_view"", ""recline_view"", ""datastore"", ""datapusher"", ""recline_grid_view"", ""googleanalytics"", ""ldap"", ""ufpe_theme"", ""pages""]"
2026-04-19,open-data-ufpi,https://dados.ufpi.br,29,12,4,2.6.4,"[""stats"", ""text_view"", ""image_view"", ""recline_view"", ""datapusher"", ""datastore"", ""dadosgovbrschema"", ""dadosgovbr"", ""pdf_view"", ""recline_grid_view"", ""recline_graph_view""]"
2026-04-19,ufrb-open-data,https://dados.ufrb.edu.br,55,7,1,2.7.0a,"[""stats"", ""text_view"", ""image_view"", ""recline_view"", ""datastore""]"
2026-04-19,open-data-ufrgs,https://dados.ufrgs.br,0,0,0,,
2026-04-19,ufrn-open-data,https://dados.ufrn.br,89,12,1,2.5.2,"[""stats"", ""text_view"", ""image_view"", ""recline_view"", ""datastore"", ""datapusher"", ""recline_grid_view"", ""recline_map_view"", ""recline_graph_view"", ""webpage_view"", ""resource_proxy""]"
2026-04-19,ufs-open-data-portal,https://dados.ufs.br,30,6,1,2.10.0a,"[""stats"", ""image_view"", ""text_view"", ""recline_view"", ""pdf_view"", ""datastore"", ""datapusher"", ""envvars"", ""resource_proxy""]"
2026-04-19,open-data-ufscar,https://dados.ufscar.br,9,5,1,2.9.4,"[""envvars"", ""image_view"", ""text_view"", ""recline_view"", ""datastore"", ""datapusher""]"
2026-04-19,ufv-open-data-portal,https://dados.ufv.br,51,6,1,2.8.1,"[""stats"", ""text_view"", ""image_view"", ""recline_view"", ""datastore"", ""datapusher"", ""webpage_view""]"
2026-04-19,dadosunifesspaedubr,https://dados.unifesspa.edu.br,0,0,0,,
2026-04-19,univasf-open-data-portal,https://dados.univasf.edu.br,67,12,1,2.10.4,"[""envvars"", ""stats"", ""text_view"", ""image_view"", ""recline_view"", ""recline_grid_view"", ""datastore"", ""datapusher"", ""resource_proxy""]"
2026-04-19,open-data-portal-of-the-central-bank-of-brazil,https://dadosabertos.bcb.gov.br,4119,6,51,2.10.4,"[""image_view"", ""text_view"", ""recline_view"", ""datastore"", ""ldap"", ""pages"", ""bcbdadosabertos"", ""scheming_datasets"", ""activity"", ""envvars""]"
2026-04-19,bndes-open-data-portal,https://dadosabertos.bndes.gov.br,46,25,1,2.11.3,"[""image_view"", ""pdf_view"", ""text_view"", ""datatables_view"", ""datastore"", ""stats"", ""tracking"", ""envvars""]"
2026-04-19,capes-open-data,https://dadosabertos.capes.gov.br,92,29,4,2.9.5,"[""stats"", ""text_view"", ""image_view"", ""recline_view"", ""datastore"", ""resource_proxy"", ""datapusher"", ""webpage_view"", ""pdf_view"", ""capes_template""]"
2026-04-19,ibama-ibama,https://dadosabertos.ibama.gov.br,70,1,1,2.10.4,"[""stats"", ""text_view"", ""image_view"", ""recline_view""]"
2026-04-19,ifal-open-data-portal,https://dadosabertos.ifal.edu.br,48,9,1,2.8.7,"[""stats"", ""text_view"", ""image_view"", ""recline_view"", ""datastore"", ""datapusher"", ""resource_proxy""]"
2026-04-19,dadosabertosifcedubr,https://dadosabertos.ifc.edu.br,51,5,1,2.8.0,"[""stats"", ""text_view"", ""image_view"", ""recline_view"", ""recline_grid_view"", ""recline_graph_view"", ""recline_map_view""]"
2026-04-19,ifmg-open-data,https://dadosabertos.ifmg.edu.br,22,0,1,2.10.5,"[""activity"", ""datastore"", ""stats"", ""text_view"", ""image_view"", ""datatables_view"", ""webpage_view""]"
2026-04-19,iftm-open-data-portal,https://dadosabertos.iftm.edu.br,56,5,1,2.11.2,"[""activity"", ""datastore"", ""datapusher_plus"", ""image_view"", ""datatables_view"", ""pdf_view"", ""text_view""]"
2026-04-19,dadosabertosinssgovbr,https://dadosabertos.inss.gov.br,36,2,1,2.10.0a,"[""stats"", ""text_view"", ""image_view"", ""recline_view""]"
2026-04-19,open-data-poa-dados-abertos-poa,https://dadosabertos.poa.br,55,10,25,2.7.2,"[""stats"", ""text_view"", ""image_view"", ""recline_view"", ""webpage_view"", ""pdf_view"", ""recline_map_view"", ""resource_proxy"", ""datastore"", ""datapusher"", ""viewhelpers"", ""dashboard_preview"", ""linechart"", ""barchart"", ""piechart"", ""basicgrid"", ""navigablemap"", ""choroplethmap"", ""tema_datapoa"", ""geo_view"", ""geojson_view"", ""wmts_view""]"
2026-04-19,porto-open-data-portal,https://dadosabertos.porto.digital,110,0,6,2.9.5,"[""envvars"", ""image_view"", ""text_view"", ""recline_view"", ""datastore"", ""datapusher""]"
2026-04-19,tse-open-data-portal,https://dadosabertos.tse.jus.br,167,11,7,2.9.3,"[""stats"", ""text_view"", ""image_view"", ""datastore"", ""pages"", ""googleanalytics"", ""tribunalsuperioreleitoral""]"
2026-04-19,open-data-ufam,https://dadosabertos.ufam.edu.br,82,15,1,2.9.5,"[""stats"", ""text_view"", ""image_view"", ""recline_view"", ""datastore"", ""datapusher""]"
2026-04-19,ufersa-open-data,https://dadosabertos.ufersa.edu.br,13,6,1,2.6.0,"[""stats"", ""text_view"", ""image_view"", ""recline_view"", ""recline_grid_view"", ""recline_map_view"", ""pdf_view"", ""datastore"", ""resource_proxy"", ""datapusher""]"
2026-04-19,ufgd-open-data,https://dadosabertos.ufgd.edu.br,34,5,1,2.9.4,"[""stats"", ""text_view"", ""image_view"", ""recline_view"", ""recline_grid_view"", ""datastore"", ""datapusher"", ""resource_proxy"", ""officedocs_view""]"
2026-04-19,dadosabertosufmabr,https://dadosabertos.ufma.br,0,0,0,,
2026-04-19,ufms-open-data-portal,https://dadosabertos.ufms.br,36,7,1,2.9.5,"[""stats"", ""text_view"", ""image_view"", ""recline_view"", ""ldap"", ""datastore"", ""datapusher""]"
2026-04-19,open-data-ufpb,https://dadosabertos.ufpb.br,21,3,1,2.9.5,"[""stats"", ""text_view"", ""image_view"", ""recline_view""]"
2026-04-19,unifesp-open-data,https://dadosabertos.unifesp.br,44,9,2,2.11.4,"[""image_view"", ""text_view"", ""stats"", ""datatables_view"", ""datastore"", ""xloader"", ""envvars""]"
2026-04-19,kolomyia-city-open-data-portal,https://dani.kolrada.gov.ua,0,0,0,,
2026-04-19,unesco-operandum-data-catalog,https://data-catalogue.operandum-project.eu,2339,25,24,2.8.6,"[""envvars"", ""image_view"", ""text_view"", ""recline_view"", ""recline_grid_view"", ""recline_observation_view"", ""datastore"", ""xloader"", ""operandum"", ""scheming_datasets"", ""resource_proxy"", ""geo_view"", ""geojson_view"", ""wmts_view"", ""pdf_view"", ""spatial_metadata"", ""spatial_query""]"
2026-04-19,gstar-data-sharing-portal,https://data-portal.hpc.swin.edu.au,41,0,0,2.5.2,"[""stats"", ""text_view"", ""image_view"", ""recline_view"", ""datastore"", ""datapusher"", ""resource_proxy"", ""gstar_dataportal_theme"", ""aaf"", ""institute"", ""research_group""]"
2026-04-19,norwegian-customs-data,https://data-test.toll.no,0,0,0,,
2026-04-19,west-aceh-open-data,https://data.acehbaratkab.go.id,670,22,56,2.7.4,"[""stats"", ""text_view"", ""image_view"", ""recline_view"", ""datastore"", ""datapusher"", ""apihelper"", ""kotakab_aceh_sentral""]"
2026-04-19,aceh-jaya-open-data,https://data.acehjayakab.go.id,187,13,39,2.7.4,"[""stats"", ""text_view"", ""image_view"", ""recline_view"", ""datastore"", ""datapusher"", ""apihelper"", ""kotakab_aceh""]"
2026-04-19,south-aceh-open-data,https://data.acehselatankab.go.id,0,0,0,,
2026-04-19,bira-iasb-data-repository,https://data.aeronomie.be,160,5,1,2.11.4,"[""resource_proxy"", ""datatables_view"", ""text_view"", ""image_view"", ""stats"", ""pdf_view"", ""markdown_view"", ""biraiasb_global"", ""harvest"", ""ckan_harvester"", ""spatial_metadata"", ""spatial_query"", ""dcat"", ""dcat_json_interface"", ""structured_data"", ""doi"", ""saml2auth"", ""scheming_groups"", ""scheming_datasets"", ""sitemap"", ""matomo"", ""openapi""]"
2026-04-19,amerigeoss-community-platform-datahub,https://data.amerigeoss.org,645296,81,77,2.11.3,"[""activity"", ""harvest"", ""ckan_harvester"", ""scheming_datasets"", ""pdf_view"", ""resource_proxy"", ""geo_view"", ""geojson_view"", ""wmts_view"", ""shp_view"", ""spatial_metadata"", ""csw_harvester"", ""waf_harvester"", ""doc_harvester"", ""spatial_query"", ""text_view"", ""image_view"", ""webpage_view"", ""datastore"", ""stats"", ""fgdc_theme"", ""dcat"", ""dcat_rdf_harvester"", ""structured_data"", ""dcat_json_harvester"", ""dcat_json_interface"", ""datapusher_plus"", ""datatables_view"", ""video_view"", ""audio_view""]"
2026-04-19,hand-in-hand-platform-fao-catalog,https://data.apps.fao.org/catalog,11698,51,197,2.8.6,"[""resource_proxy"", ""stats"", ""googleanalytics"", ""gcIAP"", ""publisher"", ""fao_theme"", ""scheming_dcat"", ""jsonschema"", ""jsonschema_iso"", ""jsonschema_dashboard"", ""jsonschema_dataset"", ""terriajs"", ""jsonschema_dashboard_view"", ""text_view"", ""image_view"", ""spatial_metadata"", ""spatial_query"", ""geo_view"", ""wmts_view"", ""shp_view"", ""dcat"", ""dcat_rdf_harvester"", ""dcat_json_harvester"", ""dcat_json_interface"", ""structured_data"", ""scheming_datasets"", ""scheming_organizations"", ""harvest"", ""ckan_harvester"", ""csw_harvester"", ""jsonschema_bucket_indexer"", ""jsonschema_event_publisher"", ""terriajs_bucket_indexer""]"
2026-04-19,open-data-and-information-portal,https://data.asc-csa.gc.ca,0,0,0,,
2026-04-19,aurin-data-catalogue,https://data.aurin.org.au,4821,4,88,2.11.4,"[""envvars"", ""aurintheme"", ""activity"", ""image_view"", ""text_view"", ""geo_view"", ""spatial_metadata"", ""wmts_view"", ""shp_view"", ""harvest"", ""ckan_harvester"", ""spatial_query"", ""geojson_view"", ""resource_proxy""]"
2026-04-19,avinor-data-catalog-ckan,https://data.avinor.no,0,0,0,,
2026-04-19,one-data-balikpapan-satu-data-balikpapan,https://data.balikpapan.go.id,1130,11,39,2.8.3,"[""stats"", ""text_view"", ""image_view"", ""officedocs_view"", ""recline_view"", ""webpage_view"", ""datastore"", ""spatial_metadata"", ""spatial_query"", ""harvest"", ""ckan_harvester"", ""csw_harvester"", ""waf_harvester"", ""doc_harvester"", ""resource_proxy"", ""geo_view"", ""geojson_view"", ""wmts_view"", ""shp_view"", ""datapusher"", ""ags_fs_view"", ""ags_ms_view"", ""pdf_view"", ""pages"", ""onedataportal"", ""issues"", ""privatedatasets"", ""scheming_datasets"", ""repeating"", ""composite"", ""validation"", ""navigablemap"", ""choroplethmap"", ""linechart"", ""barchart"", ""piechart"", ""basicgrid""]"
2026-04-19,databangkokgoth,https://data.bangkok.go.th,1413,0,118,2.9.9,"[""bkk_open_data"", ""discovery"", ""search_suggestions"", ""googleanalytics"", ""thai_gdc"", ""stats"", ""opendstats"", ""text_view"", ""image_view"", ""recline_view"", ""recline_graph_view"", ""recline_grid_view"", ""resource_proxy"", ""datastore"", ""xloader"", ""webpage_view"", ""pdf_view"", ""scheming_datasets"", ""scheming_groups"", ""scheming_organizations"", ""hierarchy_display"", ""hierarchy_form"", ""hierarchy_group_form"", ""dcat"", ""dcat_json_interface"", ""structured_data""]"
2026-04-19,north-bengkulu-one-data,https://data.bengkuluutarakab.go.id,0,0,0,,
2026-04-19,digitwin-databank,https://data.beta.geodan.nl,146,76,29,2.10.4,"[""envvars"", ""text_view"", ""image_view"", ""datatables_view"", ""datastore"", ""datapusher"", ""cesium_view"", ""geodan_theme"", ""resource_proxy"", ""geo_view"", ""wmts_view"", ""geojson_view"", ""shp_view"", ""hierarchy_display"", ""hierarchy_group_form""]"
2026-04-19,belgian-biodiversity-data-portal,https://data.biodiversity.be,549,4,26,2.9.2,"[""stats"", ""text_view"", ""image_view"", ""recline_view"", ""bbpf_theme"", ""gbif_fields""]"
2026-04-19,new-zealand-s-biological-heritage-data-repository,https://data.bioheritage.nz,104,4,5,2.10.4,"[""activity"", ""recline_grid_view"", ""recline_map_view"", ""recline_graph_view"", ""datastore"", ""resource_proxy"", ""datapusher"", ""webpage_view"", ""image_view"", ""text_view"", ""recline_view"", ""geo_view"", ""geojson_view"", ""wmts_view"", ""nzbh"", ""harvest"", ""dcat"", ""dcat_json_interface"", ""officedocs_view"", ""spatial_metadata"", ""spatial_query"", ""repeating"", ""pdf_view"", ""envvars""]"
2026-04-19,city-of-birmingham,https://data.birminghamal.gov,116,16,21,2.9.11,"[""stats"", ""resource_proxy"", ""ags_fs_view"", ""ags_ms_view"", ""geo_view"", ""geojson_view"", ""wmts_view"", ""shp_view"", ""c3charts"", ""og_datatables_view"", ""officedocs_view"", ""pdf_view"", ""recline_map_view"", ""webpage_view"", ""markdown_view"", ""in_app_reporting"", ""metabase_card_view"", ""metabase_dashboard_view"", ""cloudstorage"", ""odata"", ""datastore"", ""xloader"", ""extractor"", ""harvest"", ""datajson"", ""dcat"", ""dcat_rdf_harvester"", ""dcat_json_harvester"", ""dcat_json_interface"", ""structured_data"", ""waf_harvester"", ""custom_harvest"", ""package_search_harvester"", ""opengov_custom_theme"", ""opengov_custom_css"", ""opengov_custom_header"", ""opengov_custom_homepage"", ""opengov_custom_footer"", ""image_view"", ""contact"", ""opengov_pages"", ""pages"", ""opengov_stories"", ""showcase"", ""subscribe"", ""security"", ""opengov_auth"", ""featuredviews"", ""heroslideradmin"", ""googleanalytics"", ""sitemap"", ""portal_metrics""]"
2026-04-19,fukuoka-prefecture-open-data-catalog,https://data.bodik.jp,17408,21,378,,
2026-04-19,boston-open-data,https://data.boston.gov,230,16,45,2.9.11,"[""stats"", ""resource_proxy"", ""ags_fs_view"", ""ags_ms_view"", ""geo_view"", ""geojson_view"", ""wmts_view"", ""shp_view"", ""c3charts"", ""og_datatables_view"", ""officedocs_view"", ""pdf_view"", ""webpage_view"", ""markdown_view"", ""in_app_reporting"", ""metabase_card_view"", ""metabase_dashboard_view"", ""cloudstorage"", ""odata"", ""opengov_datastore"", ""datastore"", ""xloader"", ""harvest"", ""datajson"", ""dcat"", ""dcat_rdf_harvester"", ""dcat_json_harvester"", ""dcat_json_interface"", ""structured_data"", ""waf_harvester"", ""custom_harvest"", ""package_search_harvester"", ""spatial_metadata"", ""boston_schema"", ""scheming_datasets"", ""fluent"", ""bostonma_theme"", ""opengov_custom_theme"", ""opengov_custom_css"", ""opengov_custom_homepage"", ""opengov_custom_footer"", ""image_view"", ""contact"", ""pages"", ""showcase"", ""subscribe"", ""security"", ""opengov_auth"", ""featuredviews"", ""heroslideradmin"", ""googleanalytics"", ""sitemap"", ""portal_metrics""]"
2026-04-19,managing-research-data-staff-university-of-bristol,https://data.bris.ac.uk,0,0,0,,
2026-04-19,university-of-bristol-data-repository,https://data.bris.ac.uk/data,79050,6,6,2.7.5,"[""stats"", ""text_view"", ""image_view"", ""recline_view"", ""databris_ui""]"
2026-04-19,buenos-aires-data,https://data.buenosaires.gob.ar,451,8,37,2.11.0,"[""stats"", ""activity"", ""datastore"", ""hierarchy_display"", ""hierarchy_form"", ""gobar_theme""]"
2026-04-19,california-open-data,https://data.ca.gov,4412,8,62,2.9.11,"[""stats"", ""resource_proxy"", ""ags_fs_view"", ""ags_ms_view"", ""geo_view"", ""geojson_view"", ""wmts_view"", ""shp_view"", ""c3charts"", ""og_datatables_view"", ""officedocs_view"", ""pdf_view"", ""recline_map_view"", ""webpage_view"", ""markdown_view"", ""in_app_reporting"", ""metabase_card_view"", ""metabase_dashboard_view"", ""cloudstorage"", ""odata"", ""opengov_datastore"", ""datastore"", ""xloader"", ""extractor"", ""harvest"", ""harvest_notification"", ""datajson"", ""dcat"", ""dcat_rdf_harvester"", ""dcat_json_harvester"", ""dcat_json_interface"", ""structured_data"", ""waf_harvester"", ""custom_harvest"", ""package_search_harvester"", ""cademo_schema"", ""scheming_datasets"", ""cademo_theme"", ""opengov_custom_theme"", ""opengov_custom_css"", ""opengov_custom_header"", ""opengov_custom_homepage"", ""opengov_custom_footer"", ""image_view"", ""contact"", ""opengov_pages"", ""pages"", ""opengov_stories"", ""showcase"", ""subscribe"", ""security"", ""opengov_auth"", ""featuredviews"", ""heroslideradmin"", ""googleanalytics"", ""google_tag_manager"", ""sitemap"", ""portal_metrics""]"
2026-04-19,capitol-data-portal,https://data.capitol.texas.gov,907,4,1,2.8.2,"[""stats"", ""text_view"", ""image_view"", ""recline_view""]"
2026-04-19,columbia-basin-water-hub,https://data.cbwaterhub.ca,449,12,55,2.10.8,"[""activity"", ""waterhub"", ""hierarchy_display"", ""scheming_datasets"", ""scheming_organizations"", ""stats"", ""text_view"", ""image_view"", ""cbwh_recline_view"", ""cbwh_recline_graph_view"", ""webpage_view"", ""pdf_view"", ""charts_view"", ""charts_builder_view"", ""datastore"", ""xloader"", ""geo_view"", ""geojson_view"", ""mapsearch"", ""officedocs_view"", ""check_link"", ""ingest"", ""pages"", ""flakes"", ""wh_doi"", ""editable_config""]"
2026-04-19,dataccrpcorg,https://data.ccrpc.org,348,8,3,2.11.2,"[""stats"", ""text_view"", ""image_view"", ""resource_proxy"", ""geojson_view"", ""webpage_view"", ""spatial_metadata"", ""spatial_query"", ""harvest"", ""ckan_harvester"", ""dcat"", ""dcat_rdf_harvester"", ""dcat_json_harvester"", ""dcat_json_interface"", ""structured_data"", ""datajson"", ""googleanalytics"", ""rpctheme"", ""pages""]"
2026-04-19,taiwan-cdc-open-data-portal-taiwan-cdc-open-data-portal,https://data.cdc.gov.tw,0,0,0,,
2026-04-19,california-health-and-human-services-open-data-portal,https://data.chhs.ca.gov,477,7,16,2.9.11,"[""stats"", ""resource_proxy"", ""ags_fs_view"", ""ags_ms_view"", ""geo_view"", ""geojson_view"", ""wmts_view"", ""shp_view"", ""c3charts"", ""og_datatables_view"", ""officedocs_view"", ""pdf_view"", ""recline_map_view"", ""webpage_view"", ""markdown_view"", ""in_app_reporting"", ""metabase_card_view"", ""metabase_dashboard_view"", ""cloudstorage"", ""odata"", ""datastore"", ""xloader"", ""extractor"", ""downloadall"", ""harvest"", ""harvest_notification"", ""datajson"", ""dcat"", ""dcat_rdf_harvester"", ""dcat_json_harvester"", ""dcat_json_interface"", ""structured_data"", ""waf_harvester"", ""custom_harvest"", ""package_search_harvester"", ""chhs_schema"", ""scheming_datasets"", ""chhs_theme"", ""opengov_custom_theme"", ""opengov_custom_css"", ""opengov_custom_header"", ""opengov_custom_homepage"", ""opengov_custom_footer"", ""image_view"", ""contact"", ""opengov_pages"", ""pages"", ""opengov_stories"", ""showcase"", ""subscribe"", ""security"", ""opengov_auth"", ""featuredviews"", ""twitter"", ""cataloginventory"", ""googleanalytics"", ""sitemap"", ""portal_metrics""]"
2026-04-19,newark-open-data,https://data.ci.newark.nj.us,0,0,0,,
2026-04-19,open-data-catalog-site,https://data.city.fukuyama.hiroshima.jp,56,10,15,2.9.1,"[""envvars"", ""image_view"", ""text_view"", ""recline_view"", ""datastore"", ""datapusher""]"
2026-04-19,yokohama-city-open-data-portal,https://data.city.yokohama.lg.jp,656,12,47,2.9.11,"[""text_view"", ""image_view"", ""recline_view"", ""pdf_view"", ""datastore"", ""datapusher"", ""custom_theme""]"
2026-04-19,city-of-denton-open-data,https://data.cityofdenton.com,32,12,9,2.9.11,"[""stats"", ""resource_proxy"", ""ags_fs_view"", ""ags_ms_view"", ""geo_view"", ""geojson_view"", ""wmts_view"", ""shp_view"", ""c3charts"", ""og_datatables_view"", ""officedocs_view"", ""pdf_view"", ""recline_map_view"", ""webpage_view"", ""markdown_view"", ""in_app_reporting"", ""metabase_card_view"", ""metabase_dashboard_view"", ""cloudstorage"", ""odata"", ""datastore"", ""xloader"", ""extractor"", ""harvest"", ""datajson"", ""dcat"", ""dcat_rdf_harvester"", ""dcat_json_harvester"", ""dcat_json_interface"", ""structured_data"", ""custom_harvest"", ""package_search_harvester"", ""opengov_custom_theme"", ""opengov_custom_css"", ""opengov_custom_header"", ""opengov_custom_homepage"", ""opengov_custom_footer"", ""image_view"", ""pages"", ""showcase"", ""subscribe"", ""security"", ""opengov_auth"", ""featuredviews"", ""heroslideradmin"", ""googleanalytics"", ""sitemap"", ""portal_metrics""]"
2026-04-19,open-data-portal-south-tyrol-open-data-portal-south-tyrol,https://data.civis.bz.it,953,17,32,2.10.7,"[""stats"", ""resource_proxy"", ""pdf_view"", ""text_view"", ""image_view"", ""recline_view"", ""datatables_view"", ""provbz"", ""azure_auth"", ""activity"", ""harvest"", ""ckan_harvester"", ""spatial_metadata"", ""spatial_query"", ""dcat"", ""dcat_json_interface"", ""structured_data"", ""multilang"", ""multilang_harvester"", ""multilang_resources"", ""dcatapit_pkg"", ""dcatapit_org"", ""dcatapit_config"", ""dcatapit_vocabulary"", ""dcatapit_harvester"", ""dcatapit_csw_harvester"", ""dcatapit_harvest_list"", ""geonetwork_harvester"", ""provbz_harvester"", ""categorie"", ""pages""]"
2026-04-19,california-natural-resources-agency-open-data,https://data.cnra.ca.gov,21045,9,30,2.9.11,"[""stats"", ""resource_proxy"", ""ags_fs_view"", ""ags_ms_view"", ""geo_view"", ""geojson_view"", ""wmts_view"", ""shp_view"", ""c3charts"", ""og_datatables_view"", ""officedocs_view"", ""pdf_view"", ""recline_map_view"", ""webpage_view"", ""markdown_view"", ""in_app_reporting"", ""metabase_card_view"", ""metabase_dashboard_view"", ""cloudstorage"", ""odata"", ""datastore"", ""xloader"", ""extractor"", ""harvest"", ""harvest_notification"", ""datajson"", ""dcat"", ""dcat_rdf_harvester"", ""dcat_json_harvester"", ""dcat_json_interface"", ""structured_data"", ""csw_harvester"", ""csw_fgdc_harvester"", ""waf_harvester"", ""doc_harvester"", ""custom_harvest"", ""package_search_harvester"", ""spatial_metadata"", ""spatial_query"", ""cnra_schema"", ""scheming_datasets"", ""composite"", ""cnra_theme"", ""opengov_custom_theme"", ""opengov_custom_css"", ""opengov_custom_header"", ""opengov_custom_homepage"", ""opengov_custom_footer"", ""image_view"", ""contact"", ""opengov_pages"", ""pages"", ""opengov_stories"", ""showcase"", ""subscribe"", ""security"", ""adfs"", ""opengov_auth"", ""featuredviews"", ""heroslideradmin"", ""orgportals"", ""googleanalytics"", ""sitemap"", ""portal_metrics""]"
2026-04-19,cork-city-council-open-data,https://data.corkcity.ie,25,3,6,2.9.14,"[""dlxschema"", ""sqlalchemythread"", ""uwsgistats"", ""stats"", ""text_view"", ""image_view"", ""officedocs_view"", ""pdf_view"", ""dcat"", ""dcat_json_interface"", ""superset"", ""psbthemealt"", ""schema_field_groups"", ""scheming_datasets"", ""spatial_metadata"", ""spatial_query"", ""harvest"", ""ckan_harvester"", ""csw_harvester"", ""waf_harvester"", ""doc_harvester"", ""datatables_view"", ""datastore"", ""datapusher"", ""dietstars"", ""geo_view"", ""geojson_view"", ""resource_proxy"", ""twitterwidget"", ""fluent"", ""esri_arcgis_harvester"", ""security""]"
2026-04-19,datactbeus,https://data.ctb.eus,103,0,2,2.9.4,"[""stats"", ""text_view"", ""image_view"", ""recline_view"", ""ctb_theme"", ""harvest"", ""ckan_harvester"", ""dcat"", ""dcat_rdf_harvester"", ""dcat_json_harvester"", ""dcat_json_interface"", ""structured_data"", ""pages"", ""multilang""]"
2026-04-19,citizen-data-portal,https://data.data4citizen.jp,399,21,79,2.10.4,"[""envvars"", ""image_view"", ""text_view"", ""recline_view"", ""recline_grid_view"", ""recline_graph_view"", ""recline_map_view"", ""datatables_view"", ""datastore"", ""datapusher"", ""activity""]"
2026-04-19,dathere-data-catalog,https://data.dathere.com/,0,0,0,,
2026-04-19,deli-serdang-one-data,https://data.deliserdangkab.go.id,0,0,0,,
2026-04-19,demak-regency-open-data,https://data.demakkab.go.id,27146,10,79,2.8.2,"[""stats"", ""text_view"", ""image_view"", ""recline_view"", ""datastore""]"
2026-04-19,depositar-deposit-discover-reuse,https://data.depositar.io,3423,52,538,2.10.9,"[""activity"", ""dcat"", ""depositar_iso639"", ""data_depositario"", ""depositar_theme_rep_str"", ""depositar_theme"", ""ark"", ""citation"", ""wikidatakeyword"", ""showcase"", ""dcat_json_interface"", ""structured_data"", ""stats"", ""datastore"", ""resource_proxy"", ""datapusher_plus"", ""datatables_view"", ""recline_view"", ""text_view"", ""image_view"", ""webpage_view"", ""recline_grid_view"", ""recline_map_view"", ""audio_view"", ""video_view"", ""pdf_view"", ""spatial_metadata"", ""spatial_query"", ""geo_view"", ""geojson_view"", ""wmts_view"", ""shp_view"", ""scheming_datasets""]"
2026-04-19,data-accounting-department-of-science-service,https://data.dss.go.th,19,6,10,2.10.7,"[""thai_gdc"", ""showcase"", ""stats"", ""opendstats"", ""activity"", ""image_view"", ""datatables_view"", ""text_view"", ""webpage_view"", ""resource_proxy"", ""geo_view"", ""geojson_view"", ""shp_view"", ""xloader"", ""datastore"", ""pdf_view"", ""dcat"", ""dcat_json_interface"", ""structured_data"", ""scheming_datasets"", ""hierarchy_display"", ""hierarchy_form""]"
2026-04-19,data-dundeecity-gov-uk,https://data.dundeecity.gov.uk,0,0,0,,
2026-04-19,ecosis-spectral-library,https://data.ecosis.org,218,10,54,2.10.1,"[""stats"", ""ecosis"", ""text_view"", ""image_view""]"
2026-04-19,department-of-education-open-data-platform,https://data.ed.gov,1092,29,55,2.9.9,"[""saml2auth"", ""datastore"", ""xloader"", ""dataexplorer_view"", ""dataexplorer_table_view"", ""dataexplorer_chart_view"", ""dataexplorer_map_view"", ""ckan_harvester"", ""datajson_harvest"", ""ed"", ""edharvest"", ""eddatajsonharvest"", ""ed_sources"", ""ed_stats"", ""resource_proxy"", ""ed_hierarchy_display"", ""ed_hierarchy_form"", ""documentation"", ""ed_collections"", ""ed_data_explorers"", ""ed_format_translator"", ""ed_resource_approval"", ""deadoralive"", ""pages"", ""showcase"", ""envvars""]"
2026-04-19,eu-open-data,https://data.europa.eu,0,0,0,,
2026-04-19,fid-move-research-data-repository,https://data.fid-move.de,0,0,0,,
2026-04-19,gayo-lues-open-data,https://data.gayolueskab.go.id,229,12,45,2.7.4,"[""stats"", ""text_view"", ""image_view"", ""recline_view"", ""datastore"", ""datapusher"", ""apihelper"", ""kotakab_aceh""]"
2026-04-19,gender-data-lab,https://data.genderdatalab.org,12,0,7,2.9.9,"[""envvars"", ""stats"", ""text_view"", ""image_view"", ""recline_view"", ""recline_grid_view"", ""recline_graph_view"", ""datastore"", ""xloader"", ""geo_view"", ""genderdatalab_theme""]"
2026-04-19,india-girl-education-data,https://data.girleducation.in,277,0,3,2.9.3,"[""stats"", ""text_view"", ""image_view"", ""recline_view"", ""datastore""]"
2026-04-19,open-government-data-of-thailand,https://data.go.th,0,0,0,,
2026-04-19,australian-government-data,https://data.gov.au,0,0,0,,
2026-04-19,data-gov-bt,https://data.gov.bt/,0,0,0,,
2026-04-19,ireland-open-data-portal,https://data.gov.ie,21954,1,174,2.9.13,"[""cookieconsent"", ""superset"", ""geo_view"", ""shp_view"", ""geojson_view"", ""wmts_view"", ""pdf_view"", ""officedocs_view"", ""pages"", ""text_view"", ""image_view"", ""recline_graph_view"", ""recline_map_view"", ""webpage_view"", ""dcat"", ""dcat_json_interface"", ""datastore"", ""datapusher"", ""dietstars"", ""resource_proxy"", ""datatables_view"", ""harvest"", ""spatial_metadata"", ""spatial_query"", ""ckan_harvester"", ""dgi_ckan_harvester"", ""dcat_rdf_harvester"", ""dublinked_ckan_harvester"", ""esri_arcgis_harvester"", ""gemini_csw_harvester"", ""dgi_gemini_harvester"", ""isde_harvester"", ""hplg_dcat_json_harvester"", ""hplg_dcat_json_geospatial_harvester"", ""showcase"", ""jsonstat_view"", ""datarequests"", ""sqlalchemythread"", ""uwsgistats"", ""datastore_cleanup"", ""fluent"", ""dgithree"", ""impactstories"", ""likes"", ""ytp_comments"", ""dx_stats"", ""haleandhearty"", ""broken_links"", ""featured"", ""stats"", ""discourse-sso"", ""dlxschema"", ""schema_field_groups"", ""scheming_organizations"", ""scheming_datasets"", ""fuseki""]"
2026-04-19,open-data-kyrgyzstan,https://data.gov.kg,1401,0,51,2.11.0,"[""activity"", ""datastore"", ""datapusher"", ""maintheme""]"
2026-04-19,latvian-open-data-portal,https://data.gov.lv,1470,14,109,2.11.3,"[""dashboard"", ""activity"", ""scheming_datasets"", ""datapusher"", ""datastore"", ""csvuploadvalid"", ""dcat"", ""datatables_view"", ""image_view"", ""text_view"", ""harvest"", ""ckan_harvester"", ""dcat_rdf_harvester"", ""csw_harvester"", ""customstats"", ""datapusher_job_list"", ""datapusher_resubmit"", ""auth_eparaksts"", ""csvmetadata"", ""latvian_theme_v2""]"
2026-04-19,data-gov-ro-data-gov-ro,https://data.gov.ro,0,0,0,,
2026-04-19,government-of-the-republic-of-trinidad-and-tobago-open-data-platform,https://data.gov.tt,0,0,0,,
2026-04-19,datagovua,https://data.gov.ua,39989,12,11707,2.7.2,"[""discourse-sso"", ""issues"", ""sparql_interface"", ""stats"", ""datastore"", ""multilingual_group"", ""multilingual_tag"", ""forum"", ""pages"", ""apps"", ""prettymail"", ""qa"", ""archiver"", ""report"", ""harvest"", ""ckan_harvester"", ""dcat"", ""dcat_rdf_harvester"", ""dcat_json_harvester"", ""dcat_json_interface"", ""dgua"", ""dgua_hash_validation""]"
2026-04-19,data-gov-uk,https://data.gov.uk,57591,0,1477,,
2026-04-19,mauritius-opendata-portal,https://data.govmu.org,820,12,1,2.11.4,"[""pages"", ""image_view"", ""text_view"", ""datatables_view"", ""datastore"", ""datapusher"", ""tracking"", ""envvars"", ""mauritiusopendata""]"
2026-04-19,h-mat-materials-data-hub,https://data.h-mat.org,31,0,87,2.9.9,"[""stats"", ""text_view"", ""image_view"", ""recline_view"", ""officedocs_view"", ""pdf_view"", ""hierarchy"", ""hmat_theme"", ""lightmat_theme"", ""oauth2"", ""s3filestore"", ""googleanalytics""]"
2026-04-19,hospital-quality-accreditation-institute,https://data.ha.or.th,0,0,0,,
2026-04-19,to-get-down-satudata,https://data.halmaherautarakab.go.id,0,0,0,,
2026-04-19,nasa-harvest-portal,https://data.harvestportal.org,86,5,15,2.11.3,"[""envvars"", ""text_view"", ""image_view"", ""datatables_view"", ""video_view"", ""webpage_view"", ""datastore"", ""s3filestore"", ""xloader"", ""stats"", ""resource_proxy"", ""harvestportal"", ""oidc_pkce"", ""spatial_metadata"", ""spatial_query"", ""geo_view"", ""wmts_view"", ""shp_view"", ""geojson_view""]"
2026-04-19,hong-kong-public-policy-database,https://data.hkppdb.org,1202,6,7,2.9.3,"[""stats"", ""text_view"", ""image_view"", ""recline_view"", ""datapusher"", ""datastore"", ""multilingual_dataset"", ""multilingual_group"", ""multilingual_tag"", ""landdbcustomize"", ""oauth2"", ""recline_map_view""]"
2026-04-19,data-hounslow-gov-uk,https://data.hounslow.gov.uk/,0,0,0,,
2026-04-19,city-of-houston-open-data,https://data.houstontx.gov,83,4,28,2.9.11,"[""stats"", ""resource_proxy"", ""ags_fs_view"", ""ags_ms_view"", ""geo_view"", ""geojson_view"", ""wmts_view"", ""shp_view"", ""c3charts"", ""og_datatables_view"", ""officedocs_view"", ""pdf_view"", ""recline_map_view"", ""webpage_view"", ""markdown_view"", ""in_app_reporting"", ""metabase_card_view"", ""metabase_dashboard_view"", ""cloudstorage"", ""odata"", ""datastore"", ""xloader"", ""extractor"", ""harvest"", ""datajson"", ""dcat"", ""dcat_rdf_harvester"", ""dcat_json_harvester"", ""dcat_json_interface"", ""structured_data"", ""waf_harvester"", ""custom_harvest"", ""package_search_harvester"", ""opengov_custom_theme"", ""opengov_custom_css"", ""opengov_custom_header"", ""opengov_custom_homepage"", ""opengov_custom_footer"", ""image_view"", ""contact"", ""opengov_pages"", ""pages"", ""opengov_stories"", ""showcase"", ""subscribe"", ""security"", ""opengov_auth"", ""featuredviews"", ""heroslideradmin"", ""googleanalytics"", ""google_tag_manager"", ""sitemap"", ""portal_metrics""]"
2026-04-19,geosphere-austria-data-hub,https://data.hub.geosphere.at,96,20,4,2.11.3,"[""image_view"", ""text_view"", ""datatables_view"", ""datastore"", ""envvars""]"
2026-04-19,datahubzamgacat,https://data.hub.zamg.ac.at,0,0,0,,
2026-04-19,humanitarian-data-exchange,https://data.humdata.org,27321,254,402,2.11.4,"[""hdx_smtp_assumerole"", ""hdx_dataviz"", ""dcat"", ""dcat_json_interface"", ""structured_data"", ""expire_api_token"", ""hdx_hxl_preview"", ""hdx_office_preview"", ""ytp_request"", ""hdx_pages"", ""hdx_choropleth_map_view"", ""hdx_geopreview_view"", ""hdx_chart_views"", ""hdx_service_checker"", ""hdx_analytics"", ""hdx_search"", ""sitemap"", ""hdx_org_group"", ""hdx_group"", ""hdx_package"", ""hdx_user_extra"", ""hdx_mail_validate"", ""hdx_users"", ""hdx_theme"", ""security"", ""requestdata"", ""s3filestore"", ""showcase"", ""stats"", ""resource_proxy"", ""text_view"", ""datastore"", ""activity"", ""datapusher_plus""]"
2026-04-19,dataibbgovtr,https://data.ibb.gov.tr,542,9,57,2.9.11,"[""multilang"", ""ibb_theme"", ""ibb_giris"", ""image_view"", ""text_view"", ""recline_view"", ""datastore"", ""envvars"", ""pdf_view"", ""geo_view"", ""xloader"", ""showcase"", ""datarequests""]"
2026-04-19,iita,https://data.iita.org,3481,5,2,2.7.11,"[""stats"", ""text_view"", ""image_view"", ""recline_view"", ""datastore"", ""datapusher"", ""iitatheming"", ""scheming_datasets"", ""pdf_view"", ""restricted"", ""composite"", ""googleanalytics"", ""ckanbase""]"
2026-04-19,istaka-inhil-one-independent-data,https://data.inhilkab.go.id,832,16,54,2.9.5,"[""stats"", ""text_view"", ""image_view"", ""datastore"", ""datapusher"", ""xloader"", ""recline_view"", ""recline_graph_view"", ""resource_proxy"", ""pdf_view"", ""visualize"", ""metadata"", ""datatables_view"", ""inhil_theme"", ""pages""]"
2026-04-19,dataioosus,https://data.ioos.us,71973,0,22,2.10.5,"[""activity"", ""ckan_harvester"", ""csw_harvester"", ""dcat"", ""dcat_rdf_harvester"", ""googleanalytics"", ""harvest"", ""ioos_theme"", ""ioos_waf"", ""spatial_metadata"", ""spatial_query"", ""structured_data"", ""waf_harvester""]"
2026-04-19,kalamazoo-open-data,https://data.kalamazoocity.org,2,9,7,2.9.11,"[""stats"", ""resource_proxy"", ""ags_fs_view"", ""ags_ms_view"", ""geo_view"", ""geojson_view"", ""wmts_view"", ""shp_view"", ""c3charts"", ""og_datatables_view"", ""officedocs_view"", ""pdf_view"", ""recline_map_view"", ""webpage_view"", ""markdown_view"", ""in_app_reporting"", ""metabase_card_view"", ""metabase_dashboard_view"", ""cloudstorage"", ""odata"", ""datastore"", ""xloader"", ""extractor"", ""harvest"", ""datajson"", ""dcat"", ""dcat_rdf_harvester"", ""dcat_json_harvester"", ""dcat_json_interface"", ""structured_data"", ""waf_harvester"", ""custom_harvest"", ""package_search_harvester"", ""opengov_custom_theme"", ""opengov_custom_css"", ""opengov_custom_header"", ""opengov_custom_homepage"", ""opengov_custom_footer"", ""image_view"", ""opengov_pages"", ""pages"", ""opengov_stories"", ""showcase"", ""subscribe"", ""security"", ""opengov_auth"", ""featuredviews"", ""heroslideradmin"", ""googleanalytics"", ""sitemap"", ""portal_metrics""]"
2026-04-19,kaltara-one-data,https://data.kaltaraprov.go.id,0,0,0,,
2026-04-19,one-data-east-kalimantan,https://data.kaltimprov.go.id,11803,44,58,,"[""activity"", ""datatables_view"", ""datastore"", ""xloader"", ""harvest"", ""ckan_harvester"", ""tracking"", ""dcat"", ""dcat_json_harvester""]"
2026-04-19,kampar-one-data,https://data.kamparkab.go.id,218,9,32,2.9.5,"[""stats"", ""text_view"", ""image_view"", ""recline_view""]"
2026-04-19,kaohsiung-city-government-data-openness,https://data.kcg.gov.tw,0,0,0,,
2026-04-19,kildare-county-council-open-data-portal,https://data.kildarecoco.ie,79,0,1,2.9.13,"[""dlxschema"", ""sqlalchemythread"", ""uwsgistats"", ""stats"", ""text_view"", ""image_view"", ""officedocs_view"", ""pdf_view"", ""dcat"", ""dcat_json_interface"", ""psbthemealt"", ""schema_field_groups"", ""scheming_datasets"", ""spatial_metadata"", ""spatial_query"", ""harvest"", ""ckan_harvester"", ""csw_harvester"", ""waf_harvester"", ""doc_harvester"", ""datatables_view"", ""datastore"", ""datapusher"", ""dietstars"", ""geo_view"", ""geojson_view"", ""resource_proxy"", ""twitterwidget"", ""fluent"", ""esri_arcgis_harvester"", ""cookieconsent"", ""pending_datasets""]"
2026-04-19,datakutaitimurkabgoid,https://data.kutaitimurkab.go.id,0,0,0,,
2026-04-19,lamongan-data-portal,https://data.lamongankab.go.id,0,0,0,,
2026-04-19,data-lincolnshire-gov-uk,https://data.lincolnshire.gov.uk,0,0,0,,
2026-04-19,educational-data-provision-system,https://data.mdsc.hokudai.ac.jp,27,10,2,2.10.3,"[""activity"", ""stats"", ""recline_view"", ""recline_grid_view"", ""recline_graph_view"", ""recline_map_view"", ""text_view"", ""image_view"", ""webpage_view"", ""datastore""]"
2026-04-19,mhsi-open-data,https://data.mhesi.go.th,43,17,16,2.10.7,"[""thai_gdc"", ""showcase"", ""stats"", ""opendstats"", ""activity"", ""image_view"", ""datatables_view"", ""text_view"", ""webpage_view"", ""resource_proxy"", ""geo_view"", ""geojson_view"", ""shp_view"", ""xloader"", ""datastore"", ""pdf_view"", ""dcat"", ""dcat_json_interface"", ""structured_data"", ""scheming_datasets"", ""hierarchy_display"", ""hierarchy_form""]"
2026-04-19,city-of-milwaukee-open-data-portal,https://data.milwaukee.gov,186,6,19,2.9.11,"[""stats"", ""resource_proxy"", ""ags_fs_view"", ""ags_ms_view"", ""geo_view"", ""geojson_view"", ""wmts_view"", ""shp_view"", ""c3charts"", ""og_datatables_view"", ""officedocs_view"", ""pdf_view"", ""recline_map_view"", ""webpage_view"", ""markdown_view"", ""in_app_reporting"", ""metabase_card_view"", ""metabase_dashboard_view"", ""cloudstorage"", ""odata"", ""opengov_datastore"", ""datastore"", ""xloader"", ""extractor"", ""harvest"", ""datajson"", ""dcat"", ""dcat_rdf_harvester"", ""dcat_json_harvester"", ""dcat_json_interface"", ""structured_data"", ""custom_harvest"", ""package_search_harvester"", ""milwaukeewi_theme"", ""opengov_custom_theme"", ""opengov_custom_css"", ""opengov_custom_header"", ""opengov_custom_homepage"", ""opengov_custom_footer"", ""image_view"", ""contact"", ""opengov_pages"", ""pages"", ""opengov_stories"", ""showcase"", ""subscribe"", ""security"", ""opengov_auth"", ""featuredviews"", ""heroslideradmin"", ""cataloginventory"", ""googleanalytics"", ""sitemap"", ""portal_metrics""]"
2026-04-19,ethiopian-national-agri-data-hub,https://data.moa.gov.et,0,0,0,,
2026-04-19,nantou-county-government-open-data-platform,https://data.nantou.gov.tw,427,15,22,2.2,"[""stats"", ""text_preview"", ""recline_preview"", ""datastore"", ""tagcloud"", ""chthome"", ""chtconfig"", ""ntstats"", ""datapusher"", ""pages"", ""pdf_preview"", ""package_comment"", ""package_control"", ""cht_tgos_preview""]"
2026-04-19,national-astronomical-research-institute,https://data.narit.or.th,37,4,1,2.10.7,"[""thai_gdc"", ""showcase"", ""stats"", ""opendstats"", ""activity"", ""image_view"", ""datatables_view"", ""text_view"", ""webpage_view"", ""resource_proxy"", ""geo_view"", ""geojson_view"", ""shp_view"", ""xloader"", ""datastore"", ""pdf_view"", ""dcat"", ""dcat_json_interface"", ""structured_data"", ""scheming_datasets"", ""hierarchy_display"", ""hierarchy_form""]"
2026-04-19,nasa-open-data-portal,https://data.nasa.gov,34856,0,1,2.11.4,"[""image_view"", ""text_view"", ""datatables_view"", ""datastore"", ""datapusher"", ""envvars"", ""video_view"", ""audio_view"", ""webpage_view"", ""activity"", ""tracking"", ""harvest"", ""ckan_harvester"", ""datajson"", ""datajson_harvest"", ""s3filestore"", ""launchpadlogin"", ""nasatheme""]"
2026-04-19,national-grid-eso,https://data.nationalgrideso.com,0,0,0,,
2026-04-19,native-lands-data-portal,https://data.nativeland.info,0,0,0,,
2026-04-19,nbcomso-data-catalog,https://data.nbco.gov.ie,2,2,1,2.9.14,"[""dlxschema"", ""sqlalchemythread"", ""uwsgistats"", ""stats"", ""text_view"", ""image_view"", ""officedocs_view"", ""pdf_view"", ""dcat"", ""dcat_json_interface"", ""psbthemealt"", ""schema_field_groups"", ""scheming_datasets"", ""spatial_metadata"", ""spatial_query"", ""harvest"", ""ckan_harvester"", ""csw_harvester"", ""waf_harvester"", ""doc_harvester"", ""datatables_view"", ""datastore"", ""datapusher"", ""dietstars"", ""geo_view"", ""geojson_view"", ""resource_proxy"", ""twitterwidget"", ""fluent"", ""esri_arcgis_harvester"", ""cookieconsent"", ""security"", ""openapi_view""]"
2026-04-19,natural-history-museum-data-portal,https://data.nhm.ac.uk,291,0,2,2.9.9.3,"[""nhm"", ""pdf_view"", ""graph"", ""text_preview"", ""recline_grid"", ""video"", ""gallery"", ""gallery_image"", ""gallery_iiif"", ""list"", ""sketchfab"", ""versioned_tiledmap"", ""gbif"", ""userdatasets"", ""status"", ""contact"", ""doi"", ""query_dois"", ""iiif"", ""stats"", ""statistics"", ""ldap"", ""dcat"", ""versioned_datastore"", ""attribution"", ""webview""]"
2026-04-19,international-year-of-the-salmon-data,https://data.npafc.org,86,0,1,2.9.7,"[""stats"", ""text_view"", ""image_view"", ""recline_view"", ""datastore"", ""datapusher"", ""scheming_datasets"", ""scheming_organizations"", ""scheming_groups"", ""scheming_nerf_index"", ""fluent"", ""harvest"", ""ckan_harvester"", ""csw_harvester"", ""waf_harvester"", ""doc_harvester"", ""geonetwork_harvester"", ""ckan_schema_harvester"", ""ckan_spatial_harvester"", ""spatial_metadata"", ""spatial_query"", ""spatial_harvest_metadata_api"", ""cioos_theme"", ""cioos_harvest"", ""ckan_cioos_harvester"", ""dcat"", ""structured_data"", ""resource_proxy"", ""geo_view"", ""geojson_view"", ""wmts_view""]"
2026-04-19,national-statistics-office,https://data.nsonepal.gov.np,33,0,12,2.9.5,"[""stats"", ""text_view"", ""image_view"", ""datatables_view"", ""recline_view"", ""datastore"", ""datapusher"", ""contact_us_plugin"", ""gridtemplate"", ""linechart"", ""barchart"", ""piechart"", ""basicgrid"", ""excelview"", ""pdf_view"", ""resource_proxy"", ""extractor""]"
2026-04-19,northern-territory-government-open-data-portal,https://data.nt.gov.au,1068,12,22,2.11.4,"[""stats"", ""tracking"", ""fortify"", ""ntg_theme"", ""datant"", ""activity"", ""invalid_uris"", ""scheming_datasets"", ""googleanalytics"", ""saml2auth"", ""clone_dataset""]"
2026-04-19,national-university-of-mongolia-open-data,https://data.num.edu.mn,31,9,7,2.8.1,"[""stats"", ""text_view"", ""image_view"", ""recline_view"", ""num_theme"", ""showcase""]"
2026-04-19,oklahoma-s-open-data,https://data.ok.gov,389,18,15,2.9.11,"[""stats"", ""resource_proxy"", ""ags_fs_view"", ""ags_ms_view"", ""geo_view"", ""geojson_view"", ""wmts_view"", ""shp_view"", ""c3charts"", ""og_datatables_view"", ""officedocs_view"", ""pdf_view"", ""recline_map_view"", ""webpage_view"", ""markdown_view"", ""in_app_reporting"", ""metabase_card_view"", ""metabase_dashboard_view"", ""cloudstorage"", ""odata"", ""opengov_datastore"", ""datastore"", ""xloader"", ""extractor"", ""harvest"", ""datajson"", ""dcat"", ""dcat_rdf_harvester"", ""dcat_json_harvester"", ""dcat_json_interface"", ""structured_data"", ""custom_harvest"", ""package_search_harvester"", ""oklahoma_theme"", ""opengov_custom_theme"", ""opengov_custom_css"", ""opengov_custom_header"", ""opengov_custom_homepage"", ""image_view"", ""contact"", ""opengov_pages"", ""pages"", ""opengov_stories"", ""showcase"", ""subscribe"", ""security"", ""opengov_auth"", ""featuredviews"", ""heroslideradmin"", ""googleanalytics"", ""sitemap"", ""portal_metrics""]"
2026-04-19,ontario-data-catalogue-ontario-data-catalogue,https://data.ontario.ca,2947,1,30,2.9.7,"[""ontario_theme_external"", ""ontario_theme"", ""validation"", ""scheming_datasets"", ""scheming_organizations"", ""scheming_groups"", ""fluent"", ""datastore"", ""stats"", ""text_view"", ""image_view"", ""recline_view"", ""xloader"", ""msal""]"
2026-04-19,bbmp-open-data-portal,https://data.opencity.in,1007,8,75,2.11.4,"[""activity"", ""resource_proxy"", ""datastore"", ""xloader"", ""datatables_view"", ""pdf_view"", ""image_view"", ""text_view"", ""video_view"", ""geo_view"", ""opencity""]"
2026-04-19,open-development-mekong-open-data,https://data.opendevelopmentmekong.net,13406,10,45,2.9.9,"[""sqlalchemythread"", ""uwsgistats"", ""stats"", ""pdf_view"", ""geojson_view"", ""geo_view"", ""image_view"", ""text_view"", ""webpage_view"", ""recline_map_view"", ""harvest"", ""ckan_harvester"", ""datastore"", ""datapusher"", ""resource_proxy"", ""issues"", ""schema_field_groups"", ""scheming_datasets"", ""vectorconverter"", ""odm_dataset_ext"", ""odm_dataset_resource"", ""odm_agreement"", ""odm_library"", ""odm_laws"", ""odm_profiles"", ""odm_notifications"", ""dcat"", ""cesium_viewer"", ""fluent"", ""spatial_metadata"", ""spatial_query"", ""googleanalytics"", ""odm_nav"", ""url_shorten"", ""backgrounder"", ""analytics"", ""video""]"
2026-04-19,dataopenstateeu,https://data.openstate.eu,90,13,1,2.8.3,"[""stats"", ""text_view"", ""image_view"", ""recline_view"", ""datastore"", ""datapusher"", ""dcat"", ""dcat_json_interface"", ""structured_data""]"
2026-04-19,data-opentransportdata-swiss,https://data.opentransportdata.swiss,0,0,0,,
2026-04-19,nationaal-georegister-data-catalog,https://data.overheid.nl/data,20436,0,33,2.8.12,"[""donl-auth"", ""donl-ui"", ""donl-schema"", ""donl-rdf"", ""donl-taxonomies""]"
2026-04-19,pasaman-barat-data-portal,https://data.pasamanbaratkab.go.id,0,0,0,,
2026-04-19,pekalongan-city-data-portal,https://data.pekalongankota.go.id,2491,19,86,2.7.2,"[""stats"", ""text_view"", ""image_view"", ""recline_view"", ""datastore"", ""harvest"", ""ckan_harvester""]"
2026-04-19,pesisir-selatan-data-portal,https://data.pesisirselatankab.go.id,35,0,10,2.10.3,"[""activity"", ""stats"", ""text_view"", ""image_view"", ""recline_view"", ""datastore"", ""xloader"", ""resource_proxy""]"
2026-04-19,pidie-jaya-open-data,https://data.pidiejayakab.go.id,204,12,49,2.7.4,"[""stats"", ""text_view"", ""image_view"", ""recline_view"", ""datastore"", ""datapusher"", ""apihelper"", ""kotakab_aceh"", ""sitemap""]"
2026-04-19,pidie-regency-open-data,https://data.pidiekab.go.id,575,39,59,2.7.4,"[""stats"", ""text_view"", ""image_view"", ""recline_view"", ""datastore"", ""datapusher"", ""apihelper"", ""kotakab_aceh""]"
2026-04-19,data-pkc-gov-uk,https://data.pkc.gov.uk,0,0,0,,
2026-04-19,idblab-ckan-service,https://data.pknu.ac.kr,0,0,0,,
2026-04-19,pompano-beach-open-data,https://data.pompanobeachfl.gov,275,12,2,2.9.11,"[""stats"", ""resource_proxy"", ""ags_fs_view"", ""ags_ms_view"", ""geo_view"", ""geojson_view"", ""wmts_view"", ""shp_view"", ""c3charts"", ""og_datatables_view"", ""officedocs_view"", ""pdf_view"", ""recline_map_view"", ""webpage_view"", ""markdown_view"", ""in_app_reporting"", ""metabase_card_view"", ""metabase_dashboard_view"", ""cloudstorage"", ""odata"", ""datastore"", ""xloader"", ""extractor"", ""harvest"", ""datajson"", ""dcat"", ""dcat_rdf_harvester"", ""dcat_json_harvester"", ""dcat_json_interface"", ""structured_data"", ""custom_harvest"", ""package_search_harvester"", ""opengov_custom_theme"", ""opengov_custom_css"", ""opengov_custom_header"", ""opengov_custom_homepage"", ""opengov_custom_footer"", ""image_view"", ""contact"", ""opengov_pages"", ""pages"", ""opengov_stories"", ""showcase"", ""subscribe"", ""security"", ""opengov_auth"", ""heroslideradmin"", ""googleanalytics"", ""sitemap"", ""portal_metrics""]"
2026-04-19,purbalingga-one-data,https://data.purbalinggakab.go.id,8338,35,63,2.10.6,"[""image_view"", ""text_view"", ""recline_view"", ""datastore"", ""envvars"", ""pdf_view"", ""resource_proxy"", ""geo_view""]"
2026-04-19,renfe-open-data-portal,https://data.renfe.com,55,7,1,2.8.2,"[""stats"", ""text_view"", ""image_view"", ""recline_view"", ""webpage_view"", ""datapusher"", ""datastore"", ""renfe"", ""feedback"", ""federagobes"", ""estadisticas"", ""qa"", ""archiver"", ""report""]"
2026-04-19,datarsudtulungagunggoid,https://data.rsud.tulungagung.go.id,153,0,2,2.9.9,"[""envvars"", ""image_view"", ""text_view"", ""recline_view"", ""datastore"", ""datapusher""]"
2026-04-19,south-australia-government-data,https://data.sa.gov.au/data,1918,14,106,2.9.12,"[""googleanalytics"", ""resource_indexer"", ""resformat"", ""report"", ""statsresources"", ""sa"", ""showcase"", ""ga-report"", ""resource_proxy"", ""datastore"", ""xloader"", ""agls"", ""scheming_datasets"", ""recline_view"", ""recline_graph_view"", ""recline_grid_view"", ""recline_map_view"", ""image_view"", ""text_view"", ""charts""]"
2026-04-19,open-data-san-antonio,https://data.sanantonio.gov,162,11,8,2.9.11,"[""stats"", ""resource_proxy"", ""ags_fs_view"", ""ags_ms_view"", ""geo_view"", ""geojson_view"", ""wmts_view"", ""shp_view"", ""c3charts"", ""og_datatables_view"", ""officedocs_view"", ""pdf_view"", ""webpage_view"", ""markdown_view"", ""in_app_reporting"", ""metabase_card_view"", ""metabase_dashboard_view"", ""cloudstorage"", ""odata"", ""opengov_datastore"", ""datastore"", ""xloader"", ""extractor"", ""harvest"", ""datajson"", ""dcat"", ""dcat_rdf_harvester"", ""dcat_json_harvester"", ""dcat_json_interface"", ""structured_data"", ""custom_harvest"", ""package_search_harvester"", ""sanantoniotx_theme"", ""opengov_custom_theme"", ""opengov_custom_css"", ""opengov_custom_header"", ""opengov_custom_homepage"", ""image_view"", ""contact"", ""opengov_pages"", ""pages"", ""opengov_stories"", ""showcase"", ""subscribe"", ""security"", ""opengov_auth"", ""featuredviews"", ""heroslideradmin"", ""googleanalytics"", ""sitemap"", ""portal_metrics""]"
2026-04-19,san-jose-ca-open-data-portal,https://data.sanjoseca.gov,170,7,19,2.9.11,"[""stats"", ""resource_proxy"", ""ags_fs_view"", ""ags_ms_view"", ""geo_view"", ""geojson_view"", ""wmts_view"", ""shp_view"", ""c3charts"", ""og_datatables_view"", ""officedocs_view"", ""pdf_view"", ""recline_map_view"", ""webpage_view"", ""markdown_view"", ""in_app_reporting"", ""metabase_card_view"", ""metabase_dashboard_view"", ""cloudstorage"", ""odata"", ""opengov_datastore"", ""datastore"", ""xloader"", ""extractor"", ""harvest"", ""datajson"", ""dcat"", ""dcat_rdf_harvester"", ""dcat_json_harvester"", ""dcat_json_interface"", ""structured_data"", ""waf_harvester"", ""custom_harvest"", ""package_search_harvester"", ""sanjose_schema"", ""scheming_datasets"", ""opengov_custom_theme"", ""opengov_custom_css"", ""opengov_custom_header"", ""opengov_custom_homepage"", ""opengov_custom_footer"", ""image_view"", ""contact"", ""opengov_pages"", ""pages"", ""opengov_stories"", ""showcase"", ""subscribe"", ""security"", ""opengov_auth"", ""heroslideradmin"", ""googleanalytics"", ""sitemap"", ""portal_metrics""]"
2026-04-19,santa-monica-open-data,https://data.santamonica.gov,82,0,14,2.9.5,"[""envvars"", ""image_view"", ""text_view"", ""webpage_view"", ""pdf_view"", ""datastore"", ""datapusher"", ""resource_proxy"", ""auth"", ""s3filestore"", ""dataexplorer_table_view"", ""googleanalytics"", ""santamonica"", ""odata"", ""expire_api_token"", ""recline_map_view""]"
2026-04-19,u-s-small-business-administration-open-data,https://data.sba.gov,41,0,11,2.9.2,"[""stats"", ""text_view"", ""image_view"", ""recline_view"", ""datastore"", ""datapusher""]"
2026-04-19,datasefaradcomtr,https://data.sefarad.com.tr,0,0,0,,
2026-04-19,skeena-salmon-data-catalogue,https://data.skeenasalmon.info,1419,33,200,2.11.4,"[""skt_theme"", ""image_view"", ""text_view"", ""datatables_view"", ""datastore"", ""envvars"", ""xloader"", ""pdf_view"", ""resource_proxy"", ""geo_view"", ""shp_view""]"
2026-04-19,smart-dublin-open-data-portal,https://data.smartdublin.ie,917,1,17,2.9.13,"[""dlxschema"", ""sqlalchemythread"", ""uwsgistats"", ""dx_stats"", ""stats"", ""text_view"", ""image_view"", ""recline_view"", ""dcat"", ""dcat_json_interface"", ""schema_field_groups"", ""scheming_datasets"", ""spatial_metadata"", ""spatial_query"", ""harvest"", ""ckan_harvester"", ""csw_harvester"", ""waf_harvester"", ""doc_harvester"", ""datastore"", ""datapusher"", ""featured"", ""datatables_view"", ""resource_proxy"", ""officedocs_view"", ""pdf_view"", ""derilinxdcatprofile"", ""routetopa"", ""vectorconverter"", ""backgrounder"", ""cesium_viewer"", ""dublinked"", ""datasetpage"", ""datasetviz"", ""dietstars"", ""geo_view"", ""geojson_view"", ""flooding_api"", ""datastore_cleanup"", ""arcgis_harvester"", ""esri_arcgis_harvester"", ""healthcheck"", ""cookieconsent"", ""openapi_view""]"
2026-04-19,spatial-hub-scotland,https://data.spatialhub.scot,474,4,112,2.10.3,"[""stats"", ""text_view"", ""image_view"", ""recline_view"", ""googleanalytics"", ""ord_hierarchy"", ""wfs_checker"", ""sh_theme"", ""teams_upload_hook"", ""dcat"", ""dcat_json_interface"", ""structured_data"", ""geoserver_webservice""]"
2026-04-19,open-data-zurich-city-of-zurich,https://data.stadt-zuerich.ch,921,21,1,2.11.4,"[""stats"", ""harvest"", ""ckan_harvester"", ""stadtzh_harvester"", ""stadtzhtheme"", ""showcase"", ""dcat"", ""datastore"", ""text_view"", ""image_view"", ""xloader"", ""structured_data"", ""stadtzh_losdharvest"", ""datatables_view"", ""ogdch_cmd"", ""s3filestore"", ""envvars""]"
2026-04-19,miyazaki-prefecture-statistics-data-catalog,https://data.stat.pref.miyazaki.lg.jp,511,16,25,2.11.3,"[""stats"", ""text_view"", ""image_view"", ""miyazaki_stat_theme""]"
2026-04-19,data-stirling-gov-uk,https://data.stirling.gov.uk,0,0,0,,
2026-04-19,subak-climate-data-cooperative,https://data.subak.org,0,0,0,,
2026-04-19,sugar-land-s-open-data-portal,https://data.sugarlandtx.gov,135,8,24,2.9.11,"[""stats"", ""resource_proxy"", ""ags_fs_view"", ""ags_ms_view"", ""geo_view"", ""geojson_view"", ""wmts_view"", ""shp_view"", ""c3charts"", ""og_datatables_view"", ""officedocs_view"", ""pdf_view"", ""recline_map_view"", ""webpage_view"", ""markdown_view"", ""in_app_reporting"", ""metabase_card_view"", ""metabase_dashboard_view"", ""cloudstorage"", ""odata"", ""opengov_datastore"", ""datastore"", ""xloader"", ""extractor"", ""harvest"", ""datajson"", ""dcat"", ""dcat_rdf_harvester"", ""dcat_json_harvester"", ""dcat_json_interface"", ""structured_data"", ""waf_harvester"", ""custom_harvest"", ""package_search_harvester"", ""sugarland_theme"", ""opengov_custom_theme"", ""opengov_custom_css"", ""opengov_custom_header"", ""opengov_custom_homepage"", ""opengov_custom_footer"", ""image_view"", ""opengov_pages"", ""pages"", ""opengov_stories"", ""showcase"", ""subscribe"", ""security"", ""opengov_auth"", ""featuredviews"", ""heroslideradmin"", ""googleanalytics"", ""sitemap"", ""portal_metrics""]"
2026-04-19,sukoharjo-district-opendata,https://data.sukoharjokab.go.id,3305,12,58,2.11.2,"[""activity""]"
2026-04-19,ubc-sustainability-data-portal,https://data.sustain.ubc.ca,0,0,0,,
2026-04-19,tainan-city-government-data-open-platform,https://data.tainan.gov.tw,0,0,0,,
2026-04-19,tanjung-jabung-barat-regency-one-data,https://data.tanjabbarkab.go.id,620,16,53,2.10.4,"[""dcor_theme""]"
2026-04-19,center-of-excellence-in-biological-sciences,https://data.tcels.or.th,11,1,1,2.10.7,"[""thai_gdc"", ""showcase"", ""stats"", ""opendstats"", ""activity"", ""image_view"", ""datatables_view"", ""text_view"", ""webpage_view"", ""resource_proxy"", ""geo_view"", ""geojson_view"", ""shp_view"", ""xloader"", ""datastore"", ""pdf_view"", ""dcat"", ""dcat_json_interface"", ""structured_data"", ""scheming_datasets"", ""hierarchy_display"", ""hierarchy_form""]"
2026-04-19,open-data-tegal-regency,https://data.tegalkab.go.id,2587,25,94,2.11.4,"[""image_view"", ""text_view"", ""datatables_view"", ""datastore"", ""datapusher"", ""envvars""]"
2026-04-19,health-promotion-foundation,https://data.thaihealth.or.th,72,0,24,2.10.7,"[""thai_gdc"", ""showcase"", ""stats"", ""opendstats"", ""activity"", ""image_view"", ""datatables_view"", ""text_view"", ""webpage_view"", ""resource_proxy"", ""geo_view"", ""geojson_view"", ""shp_view"", ""xloader"", ""datastore"", ""pdf_view"", ""dcat"", ""dcat_json_interface"", ""structured_data"", ""scheming_datasets"", ""hierarchy_display"", ""hierarchy_form"", ""envvars""]"
2026-04-19,otemachi-marunouchi-yurakucho-data-library,https://data.tokyo-omy-w.jp,23,3,5,2.10.0a,"[""stats"", ""text_view"", ""image_view"", ""recline_view"", ""addcolumn_rangetype"", ""datastore"", ""datapusher"", ""resource_proxy"", ""limit_dataset_permission_labels_for_apdev""]"
2026-04-19,datatollno,https://data.toll.no,26,0,1,2.10.3,"""envvars image_view text_view recline_view datastore datapusher"""
2026-04-19,office-of-the-general-treasurer-data-portal,https://data.treasury.ri.gov,457,6,6,,"[""activity""]"
2026-04-19,trinidad-and-tobago-open-data,https://data.tt,0,0,0,,
2026-04-19,ubdc,https://data.ubdc.ac.uk,0,0,0,,
2026-04-19,ncar-ucar-data-catalog,https://data.ucar.edu,23214,6,13,2.11.4,"[""activity"", ""dsetsearch"", ""harvest"", ""waf_harvester"", ""spatial_harvest_metadata_api"", ""spatial_metadata"", ""spatial_query"", ""repo_info"", ""extentsearch"", ""datesearch"", ""sitemap"", ""googleanalytics""]"
2026-04-19,research-data-repository-of-luh,https://data.uni-hannover.de,439,2,100,2.11.4,"[""tracking"", ""activity"", ""envvars"", ""datatables_view"", ""image_view"", ""text_view"", ""pdf_view"", ""resource_proxy"", ""sitemap"", ""datastore"", ""datapusher"", ""hierarchy_display"", ""hierarchy_form"", ""dcat"", ""dcat_json_interface"", ""structured_data"", ""luhcustomization"", ""luhtheme"", ""doi""]"
2026-04-19,virginia-open-data-portal,https://data.virginia.gov,33386,11,61,2.9.11,"[""stats"", ""resource_proxy"", ""ags_fs_view"", ""ags_ms_view"", ""geo_view"", ""geojson_view"", ""wmts_view"", ""shp_view"", ""c3charts"", ""og_datatables_view"", ""officedocs_view"", ""pdf_view"", ""recline_map_view"", ""webpage_view"", ""markdown_view"", ""in_app_reporting"", ""metabase_card_view"", ""metabase_dashboard_view"", ""cloudstorage"", ""odata"", ""opengov_datastore"", ""datastore"", ""xloader"", ""extractor"", ""harvest"", ""datajson"", ""dcat"", ""dcat_rdf_harvester"", ""dcat_json_harvester"", ""dcat_json_interface"", ""structured_data"", ""waf_harvester"", ""custom_harvest"", ""package_search_harvester"", ""virginia_schema"", ""scheming_datasets"", ""virginia_theme"", ""opengov_custom_theme"", ""opengov_custom_css"", ""opengov_custom_header"", ""opengov_custom_homepage"", ""opengov_custom_footer"", ""image_view"", ""contact"", ""opengov_pages"", ""pages"", ""opengov_stories"", ""showcase"", ""subscribe"", ""security"", ""opengov_auth"", ""featuredviews"", ""heroslideradmin"", ""googleanalytics"", ""sitemap"", ""portal_metrics""]"
2026-04-19,water-pathogens-data-portal,https://data.waterpathogens.org,48,6,4,2.8.3,"[""stats"", ""text_view"", ""image_view"", ""recline_view"", ""k2p_theme"", ""datapusher"", ""datastore"", ""visualize"", ""viewhelpers"", ""spatial_metadata"", ""spatial_query""]"
2026-04-19,fukuyama-city-open-data-catalog,https://data.win-h.jp,38,10,11,2.9.1,"[""envvars"", ""image_view"", ""text_view"", ""recline_view"", ""datastore"", ""datapusher""]"
2026-04-19,winnipeg-metropolitan-region-data,https://data.winnipegmetroregion.ca,33,1,2,2.11.0,"[""image_view"", ""text_view"", ""datatables_view"", ""datastore"", ""envvars"", ""datapusher"", ""stats"", ""webpage_view""]"
2026-04-19,western-pennsylvania-regional-data-center,https://data.wprdc.org,365,16,30,2.11.3,"[""datajson"", ""datastore"", ""dataspatial"", ""tracking"", ""stats"", ""wprdctheme"", ""scheming_datasets"", ""dcat"", ""dcat_json_interface"", ""structured_data"", ""datapusher_plus"", ""officedocs_view"", ""pdf_view"", ""geo_view"", ""text_view"", ""webpage_view"", ""image_view"", ""datatables_view"", ""envvars""]"
2026-04-19,wu-vienna-open-data-portal,https://data.wu.ac.at/portal,161,2,3,2.8.3,"[""stats"", ""text_view"", ""image_view"", ""recline_view"", ""datawu-theme"", ""datastore"", ""datapusher""]"
2026-04-19,city-of-york-open-data,https://data.yorkopendata.org,1358,32,3,2.11.4,"[""image_view"", ""text_view"", ""datastore"", ""xloader"", ""yodauthentication"", ""yodresourcemeta"", ""theme"", ""s3filestore"", ""activity"", ""stats"", ""spatial_metadata"", ""resource_proxy"", ""geo_view"", ""geojson_view"", ""dataexplorer_view"", ""dataexplorer_table_view"", ""dataexplorer_chart_view"", ""dataexplorer_map_view"", ""dataexplorer_web_view"", ""pdf_view"", ""envvars""]"
2026-04-19,open-data-portal-of-the-city-of-zagreb,https://data.zagreb.hr,199,13,1,2.10.3,"[""hrtheme"", ""activity"", ""stats"", ""text_view"", ""image_view"", ""recline_view"", ""datastore"", ""resource_proxy"", ""recline_map_view"", ""recline_graph_view"", ""recline_grid_view"", ""webpage_view"", ""harvest"", ""ckan_harvester"", ""geo_view"", ""dcat"", ""dcat_json_interface"", ""dcat_json_harvester"", ""dcat_rdf_harvester"", ""pdf_view"", ""scheming_datasets"", ""scheming_organizations"", ""googleanalytics"", ""xloader""]"
2026-04-19,data2cerdieduau,https://data2.cerdi.edu.au,945,6,4,2.9.5,"[""stats"", ""text_view"", ""image_view"", ""recline_view"", ""webpage_view"", ""resource_proxy"", ""geojson_view"", ""geo_view"", ""spatial_metadata"", ""spatial_query"", ""pages"", ""cc_logo"", ""expose_purl"", ""dcat"", ""dcat_json_interface"", ""structured_data"", ""datastore"", ""recline_grid_view"", ""recline_graph_view"", ""recline_map_view"", ""cerdi_theme""]"
2026-04-19,dit-data-catalog,https://datacatalog.dit.go.th,2,0,2,2.10.7,"[""thai_gdc"", ""showcase"", ""stats"", ""opendstats"", ""activity"", ""image_view"", ""datatables_view"", ""text_view"", ""webpage_view"", ""resource_proxy"", ""geo_view"", ""geojson_view"", ""shp_view"", ""xloader"", ""datastore"", ""pdf_view"", ""dcat"", ""dcat_json_interface"", ""structured_data"", ""scheming_datasets"", ""hierarchy_display"", ""hierarchy_form"", ""envvars""]"
2026-04-19,limerick-city-and-county-council-open-data,https://datacatalog.limerick.ie/,82,0,4,2.9.13,"[""dlxschema"", ""sqlalchemythread"", ""uwsgistats"", ""stats"", ""text_view"", ""image_view"", ""officedocs_view"", ""pdf_view"", ""dcat"", ""dcat_json_interface"", ""psbthemealt"", ""schema_field_groups"", ""scheming_datasets"", ""spatial_metadata"", ""spatial_query"", ""harvest"", ""ckan_harvester"", ""csw_harvester"", ""waf_harvester"", ""doc_harvester"", ""datatables_view"", ""datastore"", ""datapusher"", ""dietstars"", ""geo_view"", ""geojson_view"", ""resource_proxy"", ""twitterwidget"", ""fluent"", ""esri_arcgis_harvester"", ""cookieconsent"", ""security"", ""openapi_view""]"
2026-04-19,nbtc-open-data-catalog,https://datacatalog.nbtc.go.th,0,0,0,,
2026-04-19,agency-data-catalog,https://datacatalog.onde.go.th,51,6,15,2.10.7,"[""thai_gdc"", ""showcase"", ""stats"", ""opendstats"", ""activity"", ""image_view"", ""datatables_view"", ""text_view"", ""webpage_view"", ""resource_proxy"", ""geo_view"", ""geojson_view"", ""shp_view"", ""xloader"", ""datastore"", ""pdf_view"", ""dcat"", ""dcat_json_interface"", ""structured_data"", ""scheming_datasets"", ""hierarchy_display"", ""hierarchy_form""]"
2026-04-19,emilia-romagna-territory-data-catalog,https://datacatalog.regione.emilia-romagna.it/catalogCTA,785,70,8,2.5.2,"[""datastore"", ""resource_proxy"", ""stats"", ""text_view"", ""image_view"", ""recline_view"", ""recline_grid_view"", ""harvest"", ""ckan_harvester"", ""dcat"", ""dcat_rdf_harvester"", ""dcat_json_harvester"", ""dcat_json_interface"", ""dashboard"", ""spatial_metadata"", ""spatial_query"", ""shp_view"", ""webpage_view"", ""black_list"", ""iam"", ""dcatapit_org"", ""dcatapit_pkg"", ""dcatapit_config"", ""dcatapit_harvester"", ""metadaticustom"", ""piwik"", ""datapusher"", ""geo_view""]"
2026-04-19,tusla-data-catalogue,https://datacatalog.tusla.ie,1492,190,6,2.9.13,"[""sqlalchemythread"", ""uwsgistats"", ""stats"", ""text_view"", ""image_view"", ""recline_view"", ""dcat"", ""dcat_json_interface"", ""schema_field_groups"", ""scheming_datasets"", ""spatial_metadata"", ""spatial_query"", ""harvest"", ""ckan_harvester"", ""csw_harvester"", ""waf_harvester"", ""doc_harvester"", ""tusla"", ""datastore"", ""datapusher"", ""datatables_view"", ""resource_proxy"", ""officedocs_view"", ""pdf_view"", ""pending_datasets""]"
2026-04-19,public-service-data-catalogue,https://datacatalogue.gov.ie,1468,1,85,2.9.13,"[""requestid"", ""sqlalchemythread"", ""uwsgistats"", ""stats"", ""spatial_metadata"", ""spatial_query"", ""dcat"", ""dcat_json_interface"", ""schema_field_groups"", ""scheming_datasets"", ""scheming_organizations"", ""pending_datasets"", ""pages"", ""s3filestore"", ""googleanalytics"", ""rollback"", ""psbtheme"", ""psbpermissions"", ""security""]"
2026-04-19,mot-data-catalog,https://datagov.mot.go.th,0,0,0,,
2026-04-19,ce-data-hub,https://datahub.digicirc.eu,281,23,3,2.9.2,"[""stats"", ""text_view"", ""image_view"", ""recline_view"", ""recline_grid_view"", ""recline_map_view"", ""datastore"", ""spatial_metadata"", ""spatial_query""]"
2026-04-19,datahub-io,https://datahub.io,0,0,0,,
2026-04-19,openscience-eu-datahub,https://datahub.openscience.eu,0,0,0,,
2026-04-19,mexico-open-data,https://datamx.io,9761,12,87,2.9.11,"[""datamx_theme"", ""stats"", ""text_view"", ""image_view"", ""recline_view"", ""datastore"", ""datapusher"", ""resource_proxy"", ""scheming_datasets"", ""pdf_view"", ""geojson_view"", ""geo_view""]"
2026-04-19,knmi-data-platform,https://dataplatform.knmi.nl,438,7,6,2.10.9,"[""text_view"", ""image_view"", ""kdpcustomization"", ""activity""]"
2026-04-19,interact-data-portal,https://dataportal.eu-interact.org,2185,10,30,2.11.4,"[""datapusher"", ""harvest"", ""ckan_harvester"", ""envvars"", ""image_view"", ""text_view"", ""datastore"", ""interact_theme"", ""interact_stations_harvester"", ""interact_organizations_harvester"", ""xml_list_of_jsonld_harvester"", ""scheming_organizations"", ""scheming_datasets"", ""scheming_groups"", ""dcat"", ""gem_harvester"", ""stations"", ""collaborators"", ""svartberget_harvester"", ""jsonld_harvester"", ""geonetwork_harvester"", ""sites_harvester"", ""luke_harvester"", ""pangea_harvester"", ""geo_view"", ""pages"", ""sitemap"", ""spatial_metadata"", ""spatial_query"", ""interact_harvesters"", ""gem_bulk_harvester"", ""nordicana_harvester"", ""dcat_rdf_harvester"", ""structured_data""]"
2026-04-19,igf-pan-repository,https://dataportal.igf.edu.pl,129,41,8,2.12.0a0,"[""stats"", ""text_view"", ""image_view"", ""datastore"", ""datapusher"", ""resource_proxy"", ""blindfunc"", ""spatial_metadata"", ""spatial_query"", ""composite"", ""scheming_datasets"", ""scheming_groups"", ""scheming_organizations"", ""repeating"", ""geo_view"", ""geojson_view"", ""wmts_view"", ""shp_view"", ""restricted"", ""resource_counter"", ""email_reminder""]"
2026-04-19,opdc-data-portal,https://dataportal.opdc.go.th,47,6,14,2.9.9,"[""change_error"", ""sort_option"", ""pdfapidocs"", ""ytp_comments"", ""dataset_icon_image"", ""favorite"", ""discovery"", ""search_suggestions"", ""googleanalytics"", ""dashboard_collection"", ""showcase"", ""opdc_index"", ""opdc_theme"", ""thai_gdc"", ""stats"", ""image_view"", ""text_view"", ""recline_view"", ""resource_proxy"", ""webpage_view"", ""datastore"", ""xloader"", ""dga_stats"", ""scheming_datasets"", ""pdf_view"", ""hierarchy_display"", ""hierarchy_form"", ""dcat"", ""dcat_json_interface"", ""structured_data"", ""feedback"", ""cookieconsent"", ""searchhistory"", ""pages""]"
2026-04-19,senckenberg-data-catalog,https://dataportal.senckenberg.de,344,1,64,2.9.11,"[""image_view"", ""text_view"", ""recline_view"", ""datastore"", ""datapusher"", ""sbg"", ""dcat"", ""structured_data"", ""restricted"", ""envvars"", ""ldap""]"
2026-04-19,sze-data-repository,https://datarepo.mathso.sze.hu,39,0,6,,"[""activity"", ""stats"", ""text_view"", ""image_view"", ""datatables_view"", ""datastore"", ""xloader""]"
2026-04-19,shizuoka-city-open-data-catalog-site,https://dataset.city.shizuoka.jp,0,0,0,,
2026-04-19,moldova-open-data-portal,https://dataset.gov.md,1275,17,71,2.10.4,"[""stats"", ""activity"", ""pages"", ""envvars"", ""image_view"", ""text_view"", ""datastore"", ""datatables_view"", ""xloader"", ""saml2auth"", ""dategovmd_theme""]"
2026-04-19,argentine-science-and-technology-data,https://datasets.datos.mincyt.gob.ar,6,7,9,2.7.5,"[""stats"", ""text_view"", ""image_view"", ""recline_view"", ""hierarchy_display"", ""hierarchy_form"", ""dcat"", ""structured_data"", ""gobar_theme"", ""datastore"", ""datapusher"", ""seriestiempoarexplorer"", ""googleanalytics""]"
2026-04-19,nsw-seed-data-portal,https://datasets.seed.nsw.gov.au,0,0,0,,
2026-04-19,home-page-wri-odp,https://datasets.wri.org,29,11,7,2.11.0,"[""text_view"", ""image_view"", ""webpage_view"", ""resource_proxy"", ""datatables_view"", ""datastore"", ""datapusher"", ""activity"", ""s3filestore"", ""scheming_datasets"", ""scheming_organizations"", ""scheming_groups"", ""harvest"", ""hierarchy_display"", ""wri"", ""wri_harvester"", ""auth"", ""issues"", ""envvars""]"
2026-04-19,manaaki-whenua-landcare-research-datastore,https://datastore.landcareresearch.co.nz,550,12,26,2.10.4,"[""mwlr_tracking"", ""mwlr_datastore"", ""activity"", ""datapusher_plus"", ""datastore"", ""geo_view"", ""geojson_view"", ""image_view"", ""pdf_view"", ""ldap"", ""recline_view"", ""scheming_datasets"", ""shp_view"", ""spatial_metadata"", ""spatial_query"", ""text_view"", ""datatables_view"", ""stats"", ""envvars""]"
2026-04-19,npra-s-data-portal-statens-vegvesen,https://dataut.vegvesen.no,81,5,1,2.11.4,"[""stats"", ""text_view"", ""image_view"", ""datatables_view"", ""dcat"", ""dcat_json_interface"", ""structured_data"", ""scheming_datasets"", ""scheming_organizations"", ""scheming_nerf_index"", ""nora"", ""datastore"", ""xloader"", ""fluent"", ""saml"", ""activity"", ""permissions"", ""permissions_manager"", ""s3filestore"", ""envvars""]"
2026-04-19,data-portal-of-the-rhine-neckar-metropolitan-region,https://daten.digitale-mrn.de,360,1,1,2.9.11,"[""image_view"", ""text_view"", ""datastore"", ""recline_view"", ""datapusher"", ""matomo"", ""ckan_harvester"", ""structured_data"", ""envvars""]"
2026-04-19,greenpeace-data-portal-environmental-data,https://daten.greenpeace.de,31,6,1,2.10.9,"[""greenpeace"", ""dcat"", ""dcat_json_interface"", ""structured_data"", ""image_view"", ""text_view"", ""webpage_view"", ""pdf_view"", ""geo_view"", ""doi"", ""datapusher"", ""datastore"", ""resource_proxy"", ""pages"", ""dataexplorer_view"", ""dataexplorer_table_view"", ""dataexplorer_chart_view"", ""dataexplorer_map_view"", ""dataexplorer_web_view"", ""scheming_datasets"", ""activity"", ""s3filestore"", ""envvars""]"
2026-04-19,arpac-campania-open-data,https://dati.arpacampania.it,39,41,1,2.9.7,"[""stats"", ""text_view"", ""image_view"", ""recline_view"", ""datastore"", ""harvest"", ""ckan_harvester"", ""spatial_metadata"", ""spatial_query"", ""dcat"", ""dcat_rdf_harvester"", ""dcat_json_harvester"", ""dcat_json_interface"", ""structured_data"", ""dcatapit_pkg"", ""dcatapit_org"", ""dcatapit_config"", ""dcatapit_subcatalog_facets"", ""dcatapit_theme_group_mapper"", ""dcatapit_ckan_harvester"", ""dcatapit_harvest_list"", ""dcatapit_harvester"", ""dcatapit_csw_harvester""]"
2026-04-19,arpae-emilia-romagna-data,https://dati.arpae.it,257,37,1,2.10.8,"[""dcat"", ""dcat_json_interface"", ""dcat_rdf_harvester"", ""image_view"", ""text_view"", ""recline_view"", ""datastore"", ""datapusher"", ""envvars"", ""datatables_view"", ""noregistration""]"
2026-04-19,opendata-genova-smart,https://dati.comune.genova.it,162,13,13,2.6.8,"[""stats"", ""text_view"", ""image_view"", ""recline_view"", ""spatial_metadata"", ""spatial_query"", ""harvest"", ""ckan_harvester"", ""multilang"", ""multilang_harvester"", ""dcat"", ""dcat_rdf_harvester"", ""dcat_json_harvester"", ""dcat_json_interface"", ""dcatapit_pkg"", ""dcatapit_org"", ""dcatapit_config"", ""dcatapit_harvester"", ""dcatapit_ckan_harvester"", ""dcatapit_csw_harvester"", ""dcatapit_harvest_list"", ""dcatapit_subcatalog_facets"", ""dcatapit_theme_group_mapper""]"
2026-04-19,roma-capitale-open-data,https://dati.comune.roma.it/catalog,365,11,10,2.9.5,"[""datastore"", ""stats"", ""text_view"", ""image_view"", ""datapusher"", ""resource_proxy"", ""recline_view"", ""harvest"", ""ckan_harvester"", ""spatial_metadata"", ""spatial_query"", ""dcat"", ""dcat_rdf_harvester"", ""dcat_json_harvester"", ""dcat_json_interface"", ""structured_data"", ""multilang"", ""multilang_harvester"", ""dcatapit_pkg"", ""dcatapit_org"", ""dcatapit_config"", ""dcatapit_csw_harvester"", ""simplesso"", ""roma_theme""]"
2026-04-19,consip-open-data-portal,https://dati.consip.it,17,19,1,2.9.5,"[""stats"", ""image_view"", ""text_view"", ""recline_view"", ""recline_grid_view"", ""recline_graph_view"", ""datastore"", ""xloader"", ""harvest"", ""ckan_harvester"", ""pdf_view"", ""webpage_view"", ""resource_proxy"", ""geo_view"", ""geojson_view"", ""wmts_view"", ""shp_view"", ""dcat"", ""dcat_rdf_harvester"", ""dcat_json_harvester"", ""dcat_json_interface"", ""structured_data"", ""spatial_metadata"", ""spatial_query"", ""multilang"", ""multilang_harvester"", ""dcatapit_pkg"", ""dcatapit_org"", ""dcatapit_config"", ""dcatapit_subcatalog_facets"", ""dcatapit_theme_group_mapper"", ""dcatapit_ckan_harvester"", ""dcatapit_harvest_list"", ""dcatapit_harvester"", ""dcatapit_csw_harvester"", ""rating"", ""matomo"", ""ytp_comments"", ""custom_theme""]"
2026-04-19,emilia-romagna-open-data,https://dati.emilia-romagna.it,2845,14,59,2.8.9,"[""datastore"", ""stats"", ""text_view"", ""image_view"", ""recline_view"", ""multilang"", ""harvest"", ""eurovoc"", ""ckan_harvester"", ""dcat"", ""dcat_json_harvester"", ""dcat_json_interface"", ""dcat_rdf_harvester"", ""dcatapit_pkg"", ""dcatapit_org"", ""dcatapit_config"", ""dcatapit_harvester"", ""dcatapit_theme_group_mapper"", ""structured_data"", ""resource_proxy"", ""widgets"", ""opendatarer""]"
2026-04-19,open-data-lazio-open-data-lazio,https://dati.lazio.it,407,12,15,2.9.11,"[""stats"", ""resource_proxy"", ""image_view"", ""text_view"", ""recline_view"", ""pdf_view"", ""webpage_view"", ""geo_view"", ""geojson_view"", ""multilingual_dataset"", ""multilingual_group"", ""datatables_view"", ""datastore"", ""datapusher"", ""harvest"", ""ckan_harvester"", ""dcat"", ""dcat_rdf_harvester"", ""structured_data"", ""spatial_metadata"", ""multilang"", ""multilang_harvester"", ""dcatapit_pkg"", ""dcatapit_org"", ""dcatapit_config"", ""dcatapit_harvest_list"", ""dcatapit_harvester"", ""dcatapit_csw_harvester"", ""dcatapit_vocabulary"", ""opendata_theme"", ""saml2auth"", ""envvars""]"
2026-04-19,open-data-ministry-of-infrastructure-and-transport,https://dati.mit.gov.it/catalog,70,0,13,2.9.4,"[""envvars"", ""image_view"", ""text_view"", ""recline_view"", ""datastore"", ""xloader"", ""stats"", ""dcat"", ""dcat_rdf_harvester"", ""dcat_json_harvester"", ""dcat_json_interface"", ""structured_data"", ""spatial_metadata"", ""spatial_query"", ""mit""]"
2026-04-19,datitoscanait,https://dati.toscana.it,12329,20,100,2.10.4,"[""datastore"", ""harvest"", ""ckan_harvester"", ""spatial_metadata"", ""spatial_query"", ""csw_harvester"", ""dcat"", ""dcat_rdf_harvester"", ""toscana_harvest"", ""spod_harvester"", ""metarepo_harvester"", ""dcat_json_harvester"", ""dcat_json_interface"", ""dcatapit_pkg"", ""dcatapit_org"", ""dcatapit_config"", ""dcatapit_theme_group_mapper"", ""dcatapit_ckan_harvester"", ""structured_data"", ""multilang"", ""datitoscana_reports"", ""resource_proxy"", ""pdf_view"", ""geo_view"", ""shp_view"", ""wmts_view"", ""text_view"", ""image_view"", ""dataexplorer_view"", ""officedocs_view"", ""opendata_theme"", ""xloader"", ""qa"", ""report"", ""pages"", ""stats"", ""contact"", ""envvars""]"
2026-04-19,opendata-beta-university-of-bologna,https://dati.unibo.it,34,0,5,2.6.9,"[""stats"", ""text_view"", ""image_view"", ""recline_view"", ""pdf_view"", ""datastore"", ""datapusher"", ""rich_dataset"", ""rich_resource"", ""scheming_datasets"", ""scheming_organizations"", ""scheming_groups"", ""fluent"", ""dcat"", ""pages"", ""officedocs_view""]"
2026-04-19,open-data-of-higher-education,https://dati.ustat.miur.it,0,0,0,,
2026-04-19,matanza-riachuelo-basin-authority,https://datos.acumar.gob.ar,27,3,54,2.7.6,"[""stats"", ""text_view"", ""image_view"", ""recline_view"", ""hierarchy_display"", ""hierarchy_form"", ""dcat"", ""structured_data"", ""gobar_theme"", ""datastore"", ""datapusher"", ""googleanalytics""]"
2026-04-19,datosacumargovar,https://datos.acumar.gov.ar,27,3,54,2.7.6,"[""stats"", ""text_view"", ""image_view"", ""recline_view"", ""hierarchy_display"", ""hierarchy_form"", ""dcat"", ""structured_data"", ""gobar_theme"", ""datastore"", ""datapusher"", ""googleanalytics""]"
2026-04-19,alcobendas-data-portal,https://datos.alcobendas.org,0,0,0,,
2026-04-19,arsat-open-data-portal,https://datos.arsat.com.ar,13,4,14,2.7.6,"[""stats"", ""text_view"", ""image_view"", ""recline_view"", ""hierarchy_display"", ""hierarchy_form"", ""dcat"", ""structured_data"", ""gobar_theme"", ""datastore"", ""datapusher"", ""seriestiempoarexplorer"", ""googleanalytics""]"
2026-04-19,bahia-blanca-data-portal,https://datos.bahia.gob.ar,221,19,14,2.7.6,"[""stats"", ""text_view"", ""image_view"", ""recline_view"", ""hierarchy_display"", ""hierarchy_form"", ""dcat"", ""structured_data"", ""gobar_theme"", ""datastore"", ""datapusher"", ""seriestiempoarexplorer"", ""googleanalytics""]"
2026-04-19,corrientes-city-open-data-portal,https://datos.ciudaddecorrientes.gov.ar,70,8,37,2.7.5,"[""stats"", ""text_view"", ""image_view"", ""recline_view"", ""hierarchy_display"", ""hierarchy_form"", ""dcat"", ""structured_data"", ""gobar_theme"", ""datastore"", ""datapusher"", ""seriestiempoarexplorer"", ""googleanalytics""]"
2026-04-19,datosciudaddemendozagobar,https://datos.ciudaddemendoza.gob.ar,180,13,33,2.7.6,"[""stats"", ""text_view"", ""image_view"", ""recline_view"", ""hierarchy_display"", ""hierarchy_form"", ""dcat"", ""structured_data"", ""gcbaandinotheme"", ""gobar_theme"", ""datastore"", ""datapusher"", ""seriestiempoarexplorer"", ""googleanalytics""]"
2026-04-19,datosciudaddemendozagovar,https://datos.ciudaddemendoza.gov.ar,180,13,33,2.7.6,"[""stats"", ""text_view"", ""image_view"", ""recline_view"", ""hierarchy_display"", ""hierarchy_form"", ""dcat"", ""structured_data"", ""gcbaandinotheme"", ""gobar_theme"", ""datastore"", ""datapusher"", ""seriestiempoarexplorer"", ""googleanalytics""]"
2026-04-19,comunidad-de-madrid-data-catalog,https://datos.comunidad.madrid/catalogo,3432,22,2,2.9.0,"[""stats"", ""text_view"", ""image_view"", ""recline_view"", ""datastore"", ""dcat"", ""structured_data"", ""recline_map_view"", ""recline_graph_view"", ""webpage_view"", ""linechart"", ""barchart"", ""piechart"", ""basicgrid"", ""cmad"", ""resource_proxy"", ""geojson_view"", ""datapusher"", ""ldap""]"
2026-04-19,guanajuato-state-congress-open-data,https://datos.congresogto.gob.mx,34,6,1,2.9.0a,"[""stats"", ""text_view"", ""image_view"", ""recline_view"", ""pages"", ""googleanalytics"", ""datastore"", ""datapusher""]"
2026-04-19,supreme-court-open-data,https://datos.csjn.gov.ar,295,6,1,2.5.2,"[""datastore"", ""stats"", ""text_view"", ""image_view"", ""recline_view"", ""csjn_theme""]"
2026-04-19,pba-statistics-open-data,https://datos.estadistica.ec.gba.gov.ar,201,12,12,2.7.6,"[""stats"", ""text_view"", ""image_view"", ""recline_view"", ""hierarchy_display"", ""hierarchy_form"", ""dcat"", ""structured_data"", ""gobar_theme"", ""datastore"", ""datapusher"", ""seriestiempoarexplorer"", ""googleanalytics""]"
2026-04-19,argentina-open-data,https://datos.gob.ar,1231,13,45,2.7.6,"[""stats"", ""text_view"", ""image_view"", ""recline_view"", ""hierarchy_display"", ""hierarchy_form"", ""dcat"", ""structured_data"", ""gobar_theme"", ""seriestiempoarexplorer"", ""googleanalytics""]"
2026-04-19,datosgobcl,https://datos.gob.cl,2930,24,261,2.10.4,"[""image_view"", ""text_view"", ""recline_view"", ""recline_graph_view"", ""datastore"", ""gobcl-datos-theme"", ""resource_proxy"", ""geo_view"", ""geojson_view"", ""harvest"", ""ckan_harvester"", ""stats"", ""googleanalytics"", ""video_view"", ""audio_view"", ""webpage_view"", ""pdf_view"", ""xloader"", ""scheming_datasets"", ""scheming_groups"", ""scheming_organizations"", ""activity"", ""dcat"", ""dcat_json_interface"", ""dcat_rdf_harvester"", ""spatial_metadata"", ""spatial_query"", ""spatial_harvest_metadata_api"", ""csw_harvester"", ""waf_harvester"", ""doc_harvester"", ""envvars""]"
2026-04-19,dr-open-data-portal-portal-de-datos-abiertos-de-la-rd,https://datos.gob.do,1046,13,266,2.11.3,"[""activity"", ""datosgobdo_theme""]"
2026-04-19,icane-open-data-portal-portal-open-data-icane,https://datos.icane.es,256,14,1,2.11.3,"[""image_view"", ""text_view"", ""datatables_view"", ""datastore"", ""datapusher"", ""envvars"", ""dcat"", ""federgob""]"
2026-04-19,jesus-maria-data,https://datos.jesusmaria.gov.ar,38,8,21,2.7.6,"[""stats"", ""text_view"", ""image_view"", ""recline_view"", ""hierarchy_display"", ""hierarchy_form"", ""dcat"", ""structured_data"", ""gobar_theme"", ""datastore"", ""datapusher"", ""seriestiempoarexplorer"", ""googleanalytics""]"
2026-04-19,argentina-justice-data-portal,https://datos.jus.gob.ar,63,10,34,2.5.2,"[""datastore"", ""datapusher"", ""stats"", ""text_view"", ""image_view"", ""recline_grid_view"", ""hierarchy_display"", ""hierarchy_form"", ""pages"", ""reorder"", ""jusbar_theme"", ""tableau_view""]"
2026-04-19,data-portal-of-the-parliament-of-the-canary-islands,https://datos.parcan.es,4346,22,1,2.8.2,"[""stats"", ""text_view"", ""image_view"", ""recline_grid_view"", ""recline_graph_view"", ""recline_map_view"", ""datastore"", ""dcat"", ""dcat_rdf_harvester"", ""harvest"", ""ckan_harvester"", ""scheming_datasets"", ""fluent"", ""federador"", ""parcan"", ""datapusher""]"
2026-04-19,santa-fe-open-data,https://datos.santafe.gob.ar,0,0,0,,
2026-04-19,slp-health-data-portal,https://datos.slp.gob.mx,0,0,0,,
2026-04-19,open-data-from-the-secretariat-of-transport,https://datos.transporte.gob.ar,48,7,35,2.7.6,"[""stats"", ""text_view"", ""image_view"", ""recline_view"", ""hierarchy_display"", ""hierarchy_form"", ""dcat"", ""structured_data"", ""gobar_theme"", ""datastore"", ""datapusher"", ""seriestiempoarexplorer"", ""googleanalytics""]"
2026-04-19,buenos-aires-justice-data,https://datos.tsjbaires.gov.ar,12,3,1,2.11.0,"[""activity"", ""tsjbaires_theme"", ""stats"", ""text_view"", ""image_view"", ""datatables_view"", ""webpage_view""]"
2026-04-19,usina-tandil-data,https://datos.usinatandil.com.ar,8,2,1,2.10.4,"[""stats"", ""text_view"", ""image_view"", ""recline_grid_view"", ""recline_graph_view"", ""recline_map_view"", ""webpage_view"", ""datastore"", ""datapusher"", ""envvars"", ""datatables_view""]"
2026-04-19,veracruz-ayuntamiento-data,https://datos.veracruzmunicipio.gob.mx,370,0,15,2.10.4,"[""activity"", ""customsite""]"
2026-04-19,open-data-municipality-of-comodoro-rivadavia,https://datos.vivamoscomodoro.gob.ar,0,0,0,,
2026-04-19,open-tourism-data-datos-abiertos-de-turismo,https://datos.yvera.gob.ar,0,0,0,,
2026-04-19,datosyveraturar,https://datos.yvera.tur.ar,0,0,0,,
2026-04-19,arganda-del-rey-town-hall-open-data-portal,https://datosabiertos.ayto-arganda.es,1052,22,1,2.8.7,"[""datastore"", ""datapusher"", ""stats"", ""text_view"", ""image_view"", ""recline_view"", ""recline_map_view"", ""recline_graph_view"", ""webpage_view"", ""resource_proxy"", ""pdf_view"", ""shp_view"", ""geo_view"", ""navigablemap"", ""choroplethmap"", ""linechart"", ""barchart"", ""piechart"", ""viewhelpers"", ""dashboard_preview"", ""basicgrid"", ""geojson_view"", ""pages"", ""showcase"", ""argandadelrey"", ""surrey"", ""surreyfacet"", ""odata"", ""dcat"", ""structured_data"", ""federadorNTI"", ""contact""]"
2026-04-19,badajoz-provincial-council-development-open-data,https://datosabiertos.dip-badajoz.es,107,13,4,2.7.2,"[""dcat"", ""dcat_rdf_harvester"", ""harvest"", ""ckan_harvester"", ""resource_proxy"", ""dietstars"", ""datarequests"", ""recline_grid_view"", ""pages"", ""discovery"", ""tag_cloud"", ""feedback"", ""guilfordnc-theme"", ""geojsonview"", ""stats"", ""text_view"", ""image_view"", ""datastore"", ""datapusher"", ""recline_graph_view"", ""linechart"", ""barchart"", ""piechart"", ""basicgrid"", ""pdf_view"", ""recline_view"", ""googleanalytics""]"
2026-04-19,open-data-portal-of-the-cabildo-de-el-hierro,https://datosabiertos.elhierro.es,4,22,10,2.8.2,"[""oauth2"", ""ceh_comment"", ""qa"", ""datastore"", ""stats"", ""scds_theme"", ""highlighting"", ""social"", ""text_view"", ""image_view"", ""recline_view"", ""recline_grid_view"", ""recline_graph_view"", ""recline_map_view"", ""webpage_view"", ""pdf_view"", ""resource_proxy"", ""dcat"", ""harvest"", ""ckan_harvester"", ""dcat_rdf_harvester"", ""dcat_json_harvester"", ""dcat_json_interface"", ""structured_data"", ""datapusher"", ""datesearch"", ""sparql_interface"", ""discovery"", ""tag_cloud"", ""navigablemap"", ""choroplethmap"", ""geo_view"", ""geojson_view"", ""wmts_view"", ""shp_view"", ""googleanalytics""]"
2026-04-19,panama-open-data,https://datosabiertos.gob.pa,5484,18,113,2.9.7,"[""envvars"", ""image_view"", ""text_view"", ""recline_view"", ""datastore"", ""datapusher"", ""stats"", ""disqus"", ""pages""]"
2026-04-19,info-cdmx-open-data,https://datosabiertos.infocdmx.org.mx,0,0,0,,
2026-04-19,open-data-faculty-of-engineering,https://datosabiertos.ingenieria.usac.edu.gt,3,2,1,2.9.5,"[""envvars"", ""image_view"", ""text_view"", ""recline_view"", ""datastore"", ""datapusher""]"
2026-04-19,datosabiertos-lapaz-bo,https://datosabiertos.lapaz.bo,0,0,0,,
2026-04-19,las-torres-de-cotillas-data,https://datosabiertos.lastorresdecotillas.es,5,94,9,2.10.1,"[""activity"", ""hierarchy_display"", ""hierarchy_form"", ""hierarchy_group_form"", ""torres_cotillas_theme""]"
2026-04-19,malaga-open-data-portal,https://datosabiertos.malaga.eu,1313,22,9,2.8.4,"[""dcat"", ""noregistration"", ""datastore"", ""spatial_metadata"", ""spatial_query"", ""geojson_view"", ""stats"", ""recline_view"", ""resource_proxy"", ""contacto"", ""viewhelpers"", ""pdf_view"", ""linechart"", ""barchart"", ""piechart"", ""basicgrid"", ""recline_grid_view"", ""recline_graph_view"", ""recline_map_view"", ""dcat_rdf_harvester"", ""discovery"", ""similar_datasets"", ""tag_cloud"", ""federador"", ""sitemap"", ""malaga"", ""structured_data"", ""dcat_json_interface"", ""soporte""]"
2026-04-19,mendoza-open-data,https://datosabiertos.mendoza.gov.ar,204,14,32,2.7.6,"[""stats"", ""text_view"", ""image_view"", ""recline_view"", ""hierarchy_display"", ""hierarchy_form"", ""dcat"", ""structured_data"", ""gobar_theme"", ""datastore"", ""datapusher"", ""seriestiempoarexplorer"", ""googleanalytics""]"
2026-04-19,mercedes-open-data,https://datosabiertos.mercedes.gob.ar,312,21,24,2.7.6,"[""stats"", ""text_view"", ""image_view"", ""recline_view"", ""hierarchy_display"", ""hierarchy_form"", ""dcat"", ""structured_data"", ""gobar_theme"", ""datastore"", ""datapusher"", ""seriestiempoarexplorer"", ""googleanalytics""]"
2026-04-19,puertollano-open-data,https://datosabiertos.puertollano.es,10,14,1,2.9.2,"[""stats"", ""text_view"", ""image_view"", ""recline_view""]"
2026-04-19,open-data-in-the-region-of-murcia,https://datosabiertos.regiondemurcia.es,978,22,14,2.10.1,"[""datastore"", ""regiondemurcia""]"
2026-04-19,rivas-rivas,https://datosabiertos.rivasciudad.es,7,13,1,,"[""stats"", ""text_view"", ""image_view"", ""recline_view"", ""datastore"", ""resource_proxy"", ""recline_graph_view"", ""recline_grid_view"", ""recline_map_view"", ""webpage_view"", ""scheming_datasets"", ""harvest"", ""ckan_harvester"", ""structured_data"", ""spatial_metadata"", ""spatial_query"", ""geo_view"", ""multilingual_dataset"", ""multilingual_group"", ""multilingual_tag"", ""csw_harvester"", ""scheming_groups"", ""scheming_organizations"", ""rivas"", ""xloader"", ""linechart"", ""barchart"", ""piechart"", ""dashboard_preview""]"
2026-04-19,san-juan-open-data,https://datosabiertos.sanjuan.gob.ar,0,0,0,,
2026-04-19,open-data-municipality-of-santa-ana,https://datosabiertos.santaana.go.cr,0,0,0,,
2026-04-19,open-data-of-the-provincial-council-of-salamanca,https://datosabiertossalamanca.es,51,17,2,2.8.2,"[""pages"", ""viewhelpers"", ""dashboard_preview"", ""datastore"", ""xloader"", ""image_view"", ""pdf_view"", ""recline_view"", ""recline_grid_view"", ""recline_graph_view"", ""recline_map_view"", ""text_view"", ""webpage_view"", ""datapreview"", ""geojson_view"", ""geo_view"", ""wmts_view"", ""resource_proxy"", ""stats"", ""noregistration""]"
2026-04-19,datos-estadisticas-y-censos-cordoba-argentina,https://datosestadistica.cba.gov.ar/,0,0,0,,
2026-04-19,datos-abiertos-cordoba-argentina,https://datosgestionabierta.cba.gov.ar/,145,13,25,2.11.4,"[""push_errors"", ""cba_gestionabierta"", ""pdf_view"", ""activity"", ""s3filestore"", ""tracking"", ""api_tracking"", ""announcements"", ""datastore"", ""xloader"", ""image_view"", ""text_view"", ""datatables_view"", ""dbquery""]"
2026-04-19,prtr-retc,https://datosretc.mma.gob.cl,17,5,1,,"[""pages"", ""activity"", ""datastore""]"
2026-04-19,deformability-cytometry-open-repository,https://dcor.mpl.mpg.de,2769,10,32,2.11.3,"[""stats"", ""text_view"", ""image_view"", ""dcor_depot"", ""dcor_schemas"", ""dc_serve"", ""dc_view"", ""dc_log_view"", ""dcor_theme""]"
2026-04-19,quescren-data-portal,https://desq.quescren.ca,159,0,4,2.9.11,"[""stats"", ""text_view"", ""image_view"", ""recline_view"", ""desq"", ""hidegroups"", ""scheming_datasets"", ""scheming_organizations"", ""fluent"", ""scheming_nerf_index""]"
2026-04-19,detroit-open-data-portal,https://detroitdata.org,1598,0,91,2.10.4,"[""envvars"", ""resource_proxy"", ""image_view"", ""text_view"", ""recline_view"", ""geo_view"", ""shp_view"", ""datatables_view"", ""datastore"", ""datapusher"", ""harvest"", ""ckan_harvester"", ""dcat"", ""dcat_rdf_harvester"", ""dcat_json_harvester"", ""dcat_json_interface"", ""structured_data"", ""detroit_data"", ""showcase"", ""pages"", ""scheming_groups"", ""activity""]"
2026-04-19,gulf-of-maine-research-institute,https://dev.ckan.res.gmri.io,0,0,0,,
2026-04-19,dfl-london-gov-uk,https://dfl.london.gov.uk/,0,0,0,,
2026-04-19,victorian-government-data,https://discover.data.vic.gov.au,5579,16,78,,
2026-04-19,the-document-management-system,https://dms.hiv.health.gov.mw,194,8,2,2.11.0,"[""dms"", ""dataset_subscriptions"", ""activity"", ""short_urls"", ""scheming_datasets"", ""stats"", ""text_view"", ""image_view"", ""pdf_view"", ""geo_view"", ""webpage_view"", ""officedocs_view"", ""blob_storage"", ""authz_service"", ""pages""]"
2026-04-19,docsentsoeeu,https://docs.entsoe.eu,0,0,0,,
2026-04-19,donneescmmqcca,https://donnees.cmm.qc.ca,1,1,182,2.8.2,"[""stats"", ""text_view"", ""image_view"", ""recline_view"", ""recline_grid_view"", ""recline_graph_view"", ""recline_map_view"", ""datastore"", ""webpage_view"", ""pdf_view"", ""officedocs_view""]"
2026-04-19,open-data-website-of-the-city-of-montreal,https://donnees.montreal.ca,400,12,6,2.9.9,"[""envvars"", ""stats"", ""text_view"", ""image_view"", ""datastore"", ""cloudstorage"", ""xloader"", ""resource_proxy"", ""webpage_view"", ""spatial_metadata"", ""spatial_query"", ""structured_data"", ""disqus"", ""montreal_theme"", ""harvest"", ""ckan_harvester"", ""dcat"", ""dcat_rdf_harvester"", ""dcat_json_harvester"", ""dcat_json_interface"", ""scheming_datasets"", ""pages"", ""showcase"", ""password_policy"", ""dataexplorer""]"
2026-04-19,donnees-montreal-ca,https://donnees.montreal.ca/,400,12,6,2.9.9,"[""envvars"", ""stats"", ""text_view"", ""image_view"", ""datastore"", ""cloudstorage"", ""xloader"", ""resource_proxy"", ""webpage_view"", ""spatial_metadata"", ""spatial_query"", ""structured_data"", ""disqus"", ""montreal_theme"", ""harvest"", ""ckan_harvester"", ""dcat"", ""dcat_rdf_harvester"", ""dcat_json_harvester"", ""dcat_json_interface"", ""scheming_datasets"", ""pages"", ""showcase"", ""password_policy"", ""dataexplorer""]"
2026-04-19,open-data-of-the-city-of-montreal,https://donnees.ville.montreal.qc.ca,400,12,6,2.9.9,"[""envvars"", ""stats"", ""text_view"", ""image_view"", ""datastore"", ""cloudstorage"", ""xloader"", ""resource_proxy"", ""webpage_view"", ""spatial_metadata"", ""spatial_query"", ""structured_data"", ""disqus"", ""montreal_theme"", ""harvest"", ""ckan_harvester"", ""dcat"", ""dcat_rdf_harvester"", ""dcat_json_harvester"", ""dcat_json_interface"", ""scheming_datasets"", ""pages"", ""showcase"", ""password_policy"", ""dataexplorer""]"
2026-04-19,quebec-data-open-data-from-quebec,https://donneesquebec.ca,1597,12,139,2.11.3,"[""dqc_theme"", ""dqc_stats"", ""dqc_hierarchy"", ""hierarchy_display"", ""dqc_scheming"", ""scheming_datasets"", ""scheming_organizations"", ""dqc_showcase"", ""showcase"", ""dcat"", ""activity"", ""structured_data"", ""resource_proxy"", ""geo_view"", ""geojson_view"", ""wmts_view"", ""shp_view"", ""xloader"", ""datastore"", ""webpage_view"", ""datatables_view"", ""stats"", ""text_view"", ""image_view"", ""dqc_googleanalytics"", ""tracking""]"
2026-04-19,quebec-open-data,https://donneesquebec.ca/recherche/fr,1597,12,139,2.11.3,"[""dqc_theme"", ""dqc_stats"", ""dqc_hierarchy"", ""hierarchy_display"", ""dqc_scheming"", ""scheming_datasets"", ""scheming_organizations"", ""dqc_showcase"", ""showcase"", ""dcat"", ""activity"", ""structured_data"", ""resource_proxy"", ""geo_view"", ""geojson_view"", ""wmts_view"", ""shp_view"", ""xloader"", ""datastore"", ""webpage_view"", ""datatables_view"", ""stats"", ""text_view"", ""image_view"", ""dqc_googleanalytics"", ""tracking""]"
2026-04-19,ecai-ckan-portal,https://ecaidata.org,1209,8,10,2.7.12,"[""dcat"", ""structured_data"", ""datastore"", ""datapusher"", ""resource_proxy"", ""stats"", ""image_view"", ""text_view"", ""recline_view"", ""pdf_view"", ""webpage_view"", ""ckanext_ECAI"", ""spatial_metadata"", ""spatial_query"", ""shp_view"", ""geo_view"", ""wmts_view"", ""timesearch""]"
2026-04-19,ckan-ecosystem-catalog,https://ecosystem.ckan.org/,1835,7,31,2.10.5,"[""sso"", ""activity"", ""envvars"", ""stats"", ""text_view"", ""image_view"", ""pages"", ""datastore"", ""datapusher_plus"", ""s3filestore"", ""pose_theme"", ""pose_custom_css"", ""pose_custom_homepage"", ""pose_custom_header"", ""pose_custom_footer"", ""pose_custom_showcase"", ""googleanalytics"", ""dcat"", ""structured_data"", ""scheming_datasets"", ""datatables_view"", ""discourse"", ""contact"", ""datajson""]"
2026-04-19,edge-open-data-portal,https://edge.durban,24,6,2,2.7.2,"[""stats"", ""text_view"", ""image_view"", ""recline_view"", ""datastore"", ""datapusher"", ""c3charts"", ""resource_proxy"", ""geojson_view"", ""geo_view"", ""viewhelpers"", ""dashboard_preview"", ""linechart"", ""barchart"", ""piechart"", ""basicgrid"", ""pdf_view"", ""spatial_metadata"", ""spatial_query"", ""navigablemap"", ""choroplethmap"", ""webpage_view"", ""example_theme""]"
2026-04-19,the-durban-edge-open-data-portal,https://edge.durban/,24,6,2,2.7.2,"[""stats"", ""text_view"", ""image_view"", ""recline_view"", ""datastore"", ""datapusher"", ""c3charts"", ""resource_proxy"", ""geojson_view"", ""geo_view"", ""viewhelpers"", ""dashboard_preview"", ""linechart"", ""barchart"", ""piechart"", ""basicgrid"", ""pdf_view"", ""spatial_metadata"", ""spatial_query"", ""navigablemap"", ""choroplethmap"", ""webpage_view"", ""example_theme""]"
2026-04-19,edxnetldoegov,https://edx.netl.doe.gov,17984,1,12,3.0.0,"[""stats"", ""image_view"", ""spatial_metadata"", ""spatial_query"", ""text_view"", ""audio_view"", ""video_view""]"
2026-04-19,aging-research-group-data,https://embed.aging-research.group,0,0,0,,
2026-04-19,energy-data-portal,https://energidataservice.dk,0,0,0,,
2026-04-19,world-bank-group-energydata,https://energydata.info,1190,6,0,2.9.13,"[""sqlalchemythread"", ""uwsgistats"", ""pdf_view"", ""officedocs_view"", ""stats"", ""text_view"", ""image_view"", ""recline_view"", ""recline_graph_view"", ""recline_map_view"", ""webpage_view"", ""dcat"", ""dcat_json_interface"", ""derilinxdcatprofile"", ""datastore"", ""datapusher"", ""resource_proxy"", ""datatables_view"", ""spatial_metadata"", ""spatial_query"", ""superset"", ""vectorconverter"", ""offgrid_theme"", ""data_transform"", ""data_transform_superset"", ""extrafields"", ""mvt"", ""mvt_view"", ""datastore_cleanup"", ""archive_dataset"", ""s3resources"", ""backgrounder"", ""cooking"", ""harvest"", ""ddh_harvester"", ""pending_datasets"", ""s3filestore"", ""broken_links"", ""security""]"
2026-04-19,thailand-agriculture-data-portal,https://farmerone.in.th,0,0,0,,
2026-04-19,find,https://finddx.portaljs.com,0,0,0,,
2026-04-19,nsw-flood-data-portal,https://flooddata.ses.nsw.gov.au,4296,0,178,2.11.4,"[""nswflood"", ""nswflood_resources"", ""googleanalytics"", ""spatial_metadata"", ""spatial_query"", ""dcat"", ""scheming_datasets"", ""scheming_organizations"", ""hierarchy_display"", ""accessrequests"", ""cloudstorage"", ""syndicate"", ""flakes"", ""flakes_scheming"", ""tracking"", ""activity""]"
2026-04-19,reykjavik-open-data,https://gagnagatt.reykjavik.is,593,11,8,2.11.3,"[""activity"", ""image_view"", ""text_view"", ""datatables_view"", ""datastore"", ""xloader"", ""envvars""]"
2026-04-19,gdcatalogcodiorth,https://gdcatalog.codi.or.th,21,3,25,2.9.5,"[""discovery"", ""search_suggestions"", ""thai_gdc"", ""stats"", ""image_view"", ""text_view"", ""recline_view"", ""resource_proxy"", ""webpage_view"", ""datastore"", ""xloader"", ""pdf_view"", ""dga_stats"", ""noregistration"", ""scheming_datasets"", ""hierarchy_display"", ""hierarchy_form"", ""dcat"", ""dcat_json_interface"", ""structured_data""]"
2026-04-19,government-data-catalog,https://gdcatalog.go.th,0,0,0,,
2026-04-19,gdcatalognhacoth,https://gdcatalog.nha.co.th,209,16,154,2.10.7,"[""thai_gdc"", ""showcase"", ""stats"", ""opendstats"", ""activity"", ""image_view"", ""datatables_view"", ""text_view"", ""webpage_view"", ""resource_proxy"", ""geo_view"", ""geojson_view"", ""shp_view"", ""xloader"", ""datastore"", ""pdf_view"", ""dcat"", ""dcat_json_interface"", ""structured_data"", ""scheming_datasets"", ""hierarchy_display"", ""hierarchy_form""]"
2026-04-19,world-bank-gender-data-portal,https://genderopendata.org,0,0,0,,
2026-04-19,global-development-data-portal,https://geo4.dev,0,0,0,2.8.3,"[""stats"", ""text_view"", ""image_view"", ""recline_view"", ""geo4dev""]"
2026-04-19,dutch-base-registries-data-catalog,https://geocatalogus.nl,16,0,2,2.8.3,"[""envvars"", ""image_view"", ""text_view"", ""recline_view"", ""datastore"", ""datapusher""]"
2026-04-19,geodatasandvikense,https://geodata.sandviken.se,16,0,1,2.8.5,"[""envvars"", ""saml2"", ""shp_view"", ""image_view"", ""text_view"", ""recline_view"", ""datastore"", ""datapusher"", ""resource_proxy"", ""geo_view"", ""harvest"", ""ckan_harvester"", ""spatial_metadata"", ""spatial_query"", ""spatial_harvest_metadata_api"", ""csw_harvester"", ""waf_harvester"", ""doc_harvester"", ""dcat"", ""dcat_rdf_harvester"", ""dcat_json_harvester"", ""dcat_json_interface"", ""structured_data"", ""sokigo""]"
2026-04-19,geographic-information-system-of-western-macedonia,https://geodm.gr,694,8,2,2.2,"[""stats"", ""text_preview"", ""recline_preview"", ""datastore"", ""resource_proxy"", ""datapusher"", ""spatial_metadata"", ""spatial_query"", ""wms_preview"", ""geojson_preview"", ""ankoiauth"", ""anko""]"
2026-04-19,gsq-open-data-portal,https://geoscience.data.qld.gov.au,189686,1,1,2.10.8,"[""stats"", ""text_view"", ""image_view"", ""spatial_metadata"", ""spatial_query"", ""gsq_theme"", ""gsq_shared"", ""scheming_datasets"", ""scheming_organizations"", ""resource_proxy"", ""zip_view"", ""pdf_view"", ""or_facet"", ""create_typed_package"", ""resource_indexer"", ""cloudstorage"", ""fpx"", ""googleanalytics"", ""datastore"", ""xloader"", ""syndicate"", ""activity"", ""drupal_idp"", ""drupal_api""]"
2026-04-19,gifu-prefecture-open-data-catalog-site,https://gifu-opendata.pref.gifu.lg.jp,1878,27,65,2.11.3,"[""activity"", ""datastore"", ""stats"", ""pdf_view"", ""gifutheme""]"
2026-04-19,eu-data-portal,https://gimi9.com,0,0,0,,
2026-04-19,marine-spatial-data-hub,https://gis-hub.ca,0,16,0,,
2026-04-19,minnesota-geospatial-commons,https://gisdata.mn.gov,0,0,0,,
2026-04-19,thai-agricultural-open-data,https://govtech.in.th,378,11,6,2.9.5,"[""stats"", ""text_view"", ""image_view"", ""recline_view"", ""resource_proxy"", ""datastore"", ""xloader"", ""geo_view"", ""geojson_view"", ""shp_view"", ""wmts_view"", ""webpage_view"", ""pdf_view"", ""dga_stats"", ""thagri"", ""thai_gdc"", ""openapi_view"", ""scheming_datasets"", ""hierarchy_display"", ""hierarchy_form"", ""dcat"", ""dcat_json_interface"", ""structured_data""]"
2026-04-19,grandestmoissonnagedata4citizencom,https://grandest-moissonnage.data4citizen.com,0,0,0,,
2026-04-19,haifa-data-portal,https://haifa.datacity.org.il,80,12,11,2.8.12,"[""stats"", ""text_view"", ""image_view"", ""recline_view"", ""datastore"", ""xloader"", ""resource_proxy"", ""s3filestore"", ""geojson_view"", ""datacity"", ""scheming_datasets"", ""scheming_groups"", ""pages""]"
2026-04-19,central-statistics-office-data,https://haleandhearty.staging.derilinx.com,0,0,0,,
2026-04-19,hellenic-research-data-repository,https://hardmin.heal-link.gr,28,0,265,2.10.8,"[""hdx_theme"", ""hdx_search"", ""hdx_package"", ""hdx_org_group"", ""hdx_pages"", ""ytp_request"", ""hierarchy_display"", ""oauth2"", ""activity"", ""stats"", ""text_view"", ""image_view"", ""expire_api_token"", ""resource_proxy""]"
2026-04-19,tumi-data-portal,https://hub.tumidata.org,0,0,0,,
2026-04-19,russian-open-data-hub,https://hubofdata.ru,8226,86,35,2.11.4,"[""activity"", ""stats"", ""text_view"", ""image_view""]"
2026-04-19,world-bank-trust-funds-iati-data,https://iatiregistry.org,13524,2001,2001,,
2026-04-19,idpo,https://idpo.org.uk,0,0,0,,
2026-04-19,indicadores-pr-indicadores-pr,https://indicadores.pr,0,0,0,,
2026-04-19,ipaportal-ipaportale,https://indicepa.gov.it,0,0,0,,
2026-04-19,u-s-federal-government-data-inventory,https://inventory.data.gov,0,0,0,2.11.4,"[""datagov_inventory"", ""datastore"", ""xloader"", ""s3filestore"", ""dcat_usmetadata"", ""usmetadata"", ""datajson"", ""saml2auth"", ""envvars""]"
2026-04-19,jerusalem-open-data-portal,https://jerusalem.datacity.org.il,114,12,2,2.8.12,"[""stats"", ""text_view"", ""image_view"", ""recline_view"", ""datastore"", ""xloader"", ""resource_proxy"", ""s3filestore"", ""geojson_view"", ""datacity"", ""scheming_datasets"", ""scheming_groups"", ""pages""]"
2026-04-19,zbw-journal-data-archive,https://journaldata.zbw.eu,0,0,0,,
2026-04-19,coimisiun-na-mean-cnam-journalism-schemes-portal,https://journalismschemes.cnam.ie/,12138,0,47,2.10.8,"[""dlxschema"", ""sqlalchemythread"", ""uwsgistats"", ""stats"", ""text_view"", ""image_view"", ""officedocs_view"", ""pdf_view"", ""dcat"", ""dcat_json_interface"", ""psbthemealt"", ""schema_field_groups"", ""scheming_datasets"", ""scheming_nerf_index"", ""spatial_metadata"", ""spatial_query"", ""harvest"", ""ckan_harvester"", ""csw_harvester"", ""waf_harvester"", ""doc_harvester"", ""datatables_view"", ""geo_view"", ""geojson_view"", ""resource_proxy"", ""twitterwidget"", ""fluent"", ""esri_arcgis_harvester"", ""cookieconsent"", ""security"", ""activity""]"
2026-04-19,justicehubin,https://justicehub.in,201,24,12,2.8.2,"[""stats"", ""text_view"", ""image_view"", ""recline_view"", ""dcat"", ""structured_data"", ""pages"", ""datapusher"", ""datastore"", ""justicehub_theme"", ""googleanalytics"", ""issues"", ""validation"", ""scheming_datasets"", ""scheming_organizations"", ""scheming_groups"", ""composite"", ""discourse-sso"", ""table_view"", ""dataviz_view"", ""emailauth"", ""moderation"", ""pdf_view"", ""sitemap"", ""contact"", ""recline_grid_view""]"
2026-04-19,activity-catalog-of-the-round-table-gis-association,https://katalog.rundertischgis.de,79,20,90,2.8.4,"[""stats"", ""text_view"", ""image_view"", ""recline_view"", ""scheming_datasets"", ""hierarchy_display"", ""hierarchy_form"", ""spatial_metadata"", ""spatial_query"", ""resource_proxy"", ""geojson_view"", ""repeating"", ""composite"", ""display_group"", ""form_group"", ""relation"", ""disqus"", ""temporalsearch"", ""userautoaddgroup"", ""restricted""]"
2026-04-19,open-information-kfar-saba,https://kfar-saba.datacity.org.il,33,10,3,2.8.12,"[""stats"", ""text_view"", ""image_view"", ""recline_view"", ""datastore"", ""xloader"", ""resource_proxy"", ""s3filestore"", ""geojson_view"", ""datacity"", ""scheming_datasets"", ""scheming_groups"", ""pages""]"
2026-04-19,national-public-data-portal,https://kozadatportal.hu,2283,13,21,2.9.7,"[""hutemplate"", ""pages"", ""dcat"", ""dcat_json_interface"", ""structured_data"", ""scheming_datasets"", ""multilingual_group"", ""multilingual_tag"", ""scheming_groups"", ""scheming_organizations"", ""rating"", ""showcase""]"
2026-04-19,ldd-ckan-ldd-ckan,https://lddcatalog.ldd.go.th,23,6,10,2.10.7,"[""thai_gdc"", ""showcase"", ""stats"", ""opendstats"", ""activity"", ""image_view"", ""datatables_view"", ""text_view"", ""webpage_view"", ""resource_proxy"", ""geo_view"", ""geojson_view"", ""shp_view"", ""xloader"", ""datastore"", ""pdf_view"", ""dcat"", ""dcat_json_interface"", ""structured_data"", ""scheming_datasets"", ""hierarchy_display"", ""hierarchy_form""]"
2026-04-19,attica-wetlands-wetland-repository,https://library.atticawetlands.eu,0,0,0,,
2026-04-19,suomi-fi-service-interconnection-catalog,https://liityntakatalogi.suomi.fi,1381,0,568,2.11.4,"[""apply_permissions_for_service"", ""apicatalog"", ""sitesearch"", ""scheming_datasets"", ""scheming_organizations"", ""fluent"", ""openapi_view"", ""apicatalog_pages"", ""pages"", ""apicatalog_admin_dashboard"", ""apicatalog_harvesterstatus"", ""harvest"", ""xroad_harvester"", ""text_view"", ""wsdl_view"", ""validate_links"", ""xroad_integration"", ""sentry"", ""forcetranslation"", ""markdown_editor"", ""activity""]"
2026-04-19,lincolnshire-open-data,https://lincolnshire.ckan.io,0,0,0,,
2026-04-19,open-information-portal-ma-ale-adumim,https://maale-adummim.datacity.org.il,32,12,2,2.8.12,"[""stats"", ""text_view"", ""image_view"", ""recline_view"", ""datastore"", ""xloader"", ""resource_proxy"", ""s3filestore"", ""geojson_view"", ""datacity"", ""scheming_datasets"", ""scheming_groups"", ""pages""]"
2026-04-19,mapaction-data-portal,https://maps.mapaction.org,4514,0,0,2.7.12,"[""envvars"", ""stats"", ""text_view"", ""image_view"", ""pdf_view"", ""recline_view"", ""webpage_view"", ""mapactiontheme"", ""mapactionimporter"", ""mapactionevent"", ""locationgroup"", ""mapactiongeorss"", ""userautoadd"", ""datasetversions"", ""datasetthumbnail"", ""syndicate"", ""googleauth"", ""googleanalytics"", ""mapactionschemas"", ""scheming_datasets"", ""repeating""]"
2026-04-19,marcus-institute,https://marcusinstitute.org,0,0,0,,
2026-04-19,clariah-labs-dataset-registry,https://mediasuitedata.clariah.nl,94,7,62,2.8.2,"[""datastore""]"
2026-04-19,mobidata-bw-data-portal,https://mobidata-bw.de,141,8,22,2.11.3,"[""mobidatabw_theme"", ""stats"", ""text_view"", ""image_view"", ""datatables_view"", ""geo_view"", ""geojson_view"", ""wmts_view"", ""shp_view"", ""datastore"", ""xloader"", ""pdf_view"", ""resource_proxy"", ""harvest"", ""ckan_harvester"", ""spatial_metadata"", ""spatial_query"", ""dcat"", ""dcatde"", ""dcat_rdf_harvester"", ""dcat_json_harvester"", ""dcat_json_interface"", ""structured_data"", ""activity"", ""pages"", ""comments"", ""metadata_manager"", ""tracking"", ""envvars""]"
2026-04-19,nabc-data-catalog-nabc-data-catalog,https://nabc-catalog.oae.go.th,0,0,0,,
2026-04-19,usgs-3dep-data-catalog,https://nationaldataplatform.org/catalog,5757,2,77,2.10.1,"[""envvars"", ""image_view"", ""text_view"", ""recline_view"", ""datastore"", ""datapusher"", ""harvest"", ""ckan_harvester"", ""dcat_json_harvester"", ""dcat_rdf_harvester"", ""ndp"", ""keycloak"", ""resource_proxy"", ""geo_view"", ""webpage_view""]"
2026-04-19,netanya-open-information-portal-home-page,https://netanya.datacity.org.il,28,12,2,2.8.12,"[""stats"", ""text_view"", ""image_view"", ""recline_view"", ""datastore"", ""xloader"", ""resource_proxy"", ""s3filestore"", ""geojson_view"", ""datacity"", ""scheming_datasets"", ""scheming_groups"", ""pages""]"
2026-04-19,ngodataru,https://ngodata.ru,0,0,0,,
2026-04-19,niagara-open-data,https://niagaraopendata.ca,0,0,0,,
2026-04-19,nagoya-disaster-prevention-open-data-catalog,https://nui-ngy-bosai.jp,0,0,0,,
2026-04-19,oasishubco,https://oasishub.co,0,32,0,2.5.6,"[""stats"", ""text_view"", ""image_view"", ""recline_view"", ""resource_proxy"", ""geojson_view"", ""geo_view"", ""s3filestore"", ""oasis"", ""ytp_comments"", ""harvest"", ""ckan_harvester"", ""scheming_datasets"", ""oasis_packages""]"
2026-04-19,ocims-csir-co-za,https://ocims.csir.co.za,2383,0,2,2.10.7,"[""activity"", ""harvest"", ""ckan_harvester"", ""googleanalytics"", ""spatial_metadata"", ""spatial_query"", ""dcat"", ""sitemap"", ""structured_data"", ""dcat_rdf_harvester"", ""dcat_json_harvester"", ""spatialUI"", ""resource_proxy"", ""geo_view"", ""ags_fs_view"", ""ags_ms_view"", ""csw_harvester"", ""waf_harvester"", ""doc_harvester""]"
2026-04-19,information-to-the-people-data-portal,https://odata.org.il,8310,4665,51,2.8.1,"[""stats"", ""text_view"", ""image_view"", ""recline_view"", ""odata_org_il"", ""file_uploader_ui"", ""datapackage_pipelines"", ""upload_via_email"", ""datastore"", ""xloader""]"
2026-04-19,salou-city-council-transperency-portal,https://offenedaten.aachen.de,226,13,15,2.10.1,"[""envvars"", ""stats"", ""image_view"", ""text_view"", ""recline_view"", ""custom_theme"", ""activity"", ""pages"", ""showcase"", ""matomo_dsgvo""]"
2026-04-19,moers-open-data-portal,https://offenesdatenportal.de,1125,14,14,2.11.0,"[""stats"", ""datastore"", ""xloader"", ""resource_proxy"", ""showcase"", ""text_view"", ""image_view"", ""datatables_view"", ""geo_view"", ""geojson_view"", ""shp_view"", ""pdf_view"", ""dcat"", ""dcatde"", ""krzn""]"
2026-04-19,toyama-city-open-data,https://opdt.city.toyama.lg.jp,132,13,1,2.10.1,"[""activity"", ""pages"", ""datatables_view"", ""image_view"", ""text_view"", ""video_view"", ""audio_view"", ""webpage_view"", ""pdf_view"", ""recline_view""]"
2026-04-19,musterstadt,https://open-data-musterstadt.ckan.de,21,13,6,2.11.4,"[""stats"", ""tabledesigner"", ""pdf_view"", ""text_view"", ""image_view"", ""datatables_view"", ""datastore"", ""xloader"", ""accessibility"", ""musterstadt_theme"", ""activity"", ""pages"", ""showcase"", ""dcat"", ""dcatde"", ""structured_data"", ""metadata_manager"", ""matomo_dsgvo"", ""sitemap"", ""chatbot"", ""extractor"", ""envvars""]"
2026-04-19,ble-open-data-portal,https://open-data.ble.de,35,2,4,2.11.3,"[""activity"", ""stats"", ""text_view"", ""image_view"", ""datatables_view"", ""datastore"", ""xloader"", ""ble_theme"", ""dcat"", ""dcatde""]"
2026-04-19,open-government-program,https://open.alberta.ca,33272,0,370,2.10.6,"[""ldap"", ""resource_proxy"", ""stats"", ""activity"", ""datastore"", ""related_items"", ""scheming_datasets"", ""ab_scheming"", ""geo_view"", ""open_alberta"", ""datesearch"", ""rss-feedswidget"", ""open_alberta_uploader"", ""new_resource_order"", ""image_view"", ""datatables_view"", ""geojson_view"", ""text_view"", ""webpage_view""]"
2026-04-19,open-canada-ca-en,https://open.canada.ca/en,0,0,0,,
2026-04-19,city-of-jackson-open-data,https://open.jacksonms.gov,33,5,1,2.9.11,"[""stats"", ""resource_proxy"", ""ags_fs_view"", ""ags_ms_view"", ""geo_view"", ""geojson_view"", ""wmts_view"", ""shp_view"", ""c3charts"", ""og_datatables_view"", ""officedocs_view"", ""pdf_view"", ""recline_map_view"", ""webpage_view"", ""markdown_view"", ""in_app_reporting"", ""metabase_card_view"", ""metabase_dashboard_view"", ""cloudstorage"", ""odata"", ""datastore"", ""xloader"", ""extractor"", ""harvest"", ""datajson"", ""dcat"", ""dcat_rdf_harvester"", ""dcat_json_harvester"", ""dcat_json_interface"", ""structured_data"", ""waf_harvester"", ""custom_harvest"", ""package_search_harvester"", ""opengov_custom_theme"", ""opengov_custom_css"", ""opengov_custom_header"", ""opengov_custom_homepage"", ""opengov_custom_footer"", ""image_view"", ""opengov_pages"", ""pages"", ""opengov_stories"", ""showcase"", ""subscribe"", ""security"", ""opengov_auth"", ""featuredviews"", ""heroslideradmin"", ""googleanalytics"", ""sitemap"", ""portal_metrics""]"
2026-04-19,open-nrw-the-open-government-portal-in-nrw,https://open.nrw,11249,13,29,2.10.8,"[""stats"", ""text_view"", ""image_view"", ""recline_view"", ""harvest"", ""ckan_harvester"", ""dcat"", ""dcat_rdf_harvester"", ""dcat_json_harvester"", ""dcat_json_interface"", ""structured_data"", ""scheming_datasets"", ""scheming_groups"", ""scheming_organizations"", ""spatial_metadata"", ""spatial_query"", ""dcatde"", ""dcatde_rdf_harvester"", ""opennrw-ldb-harvester-dcat"", ""opennrw-aachen-harvester-dcat"", ""opennrw-dormagen-harvester-dcat"", ""opennrw-offenesdatenportal-harvester-dcat"", ""opennrw-meerbusch-harvester-dcat"", ""opennrw-gelsenkirchen-harvester-dcat"", ""opennrw-ignrw-harvester-dcat"", ""opennrw-redesign-nrwmetadata-harvester-dcat"", ""opennrw-fassaden-harvester-dcat"", ""opennrw-neuss-harvester-dcat"", ""opennrw-dortmund-harvester-dcat"", ""opennrw-rvr-harvester-dcat"", ""opennrw-portal-zipharvester"", ""dortmund-arcgis-harvester-dcat"", ""opennrw-oepnv-harvester-dcat"", ""nrw-rdf-harvester"", ""nrw-rdf-wuppertal-harvester"", ""nrw-rdf-koeln-harvester"", ""nrw-rdf-bonn-harvester"", ""nrw-rdf-rheinerftrur-harvester"", ""nrw-rdf-gelsenkirchen-harvester"", ""nrw-rdf-duesseldorf-harvester"", ""nrw-rdf-bielefeld-harvester"", ""nrw-rdf-duisburg-harvester"", ""nrw-rdf-muenster-harvester"", ""nrw-rdf-essen-harvester"", ""nrw-rdf-paderborn-harvester"", ""nrw-rdf-neuss-harvester"", ""nrw-rdf-rvr-harvester"", ""nrw-rdf-ldb-harvester"", ""nrw-rdf-umwelt-zip-harvester"", ""nrw-rdf-dortmund-harvester"", ""nrw-rdf-kreis-borken-harvester"", ""nrw-rdf-geoportal-harvester"", ""nrw-rdf-soest-harvester"", ""nrw-rdf-olpe-harvester"", ""nrw-rdf-mdm-harvester""]"
2026-04-19,city-of-regina-open-data,https://open.regina.ca,0,0,0,,
2026-04-19,toronto-open-data-portal,https://open.toronto.ca/,0,0,0,,
2026-04-19,government-of-yukon,https://open.yukon.ca,3734,17,28,2.11.4,"[""activity"", ""yukon"", ""scheming_datasets"", ""envvars"", ""saml"", ""ingest"", ""harvest"", ""ckan_harvester""]"
2026-04-19,openafrica-data-portal,https://openafrica.net,0,0,0,,
2026-04-19,open-budgets-india,https://openbudgetsindia.org,0,0,0,,
2026-04-19,open-data-stavanger-region,https://opencom.no,359,10,14,2.11.1,"[""image_view"", ""text_view"", ""datatables_view"", ""datastore"", ""datapusher"", ""geojson_view"", ""webpage_view"", ""stats"", ""tracking"", ""resource_proxy"", ""envvars""]"
2026-04-19,barcelona-open-data,https://opendata-ajuntament.barcelona.cat/data,555,0,25,2.6.9,"[""stats"", ""text_view"", ""image_view"", ""recline_view"", ""datastore"", ""datapusher"", ""pdf_view"", ""resource_proxy"", ""webpage_view"", ""geo_view"", ""geojson_view"", ""officedocs_view"", ""scheming_datasets"", ""scheming_groups"", ""scheming_organizations"", ""fluent"", ""hierarchy_display"", ""odatabcn"", ""qa"", ""archiver"", ""report"", ""federagobes"", ""editfields""]"
2026-04-19,rostock-open-data-portal,https://opendata-hro.de,281,14,6,2.9.5,"[""datastore"", ""datatables_view"", ""dcat"", ""dcat_json_interface"", ""geojson_view"", ""harvest"", ""hro_dcatapde"", ""hro_theme"", ""resource_proxy"", ""spatial_metadata"", ""spatial_query"", ""stats""]"
2026-04-19,opendata-nasu-nasu-regional-settlement-self-reliance-area-open-data-catalog,https://opendata-nasu.opendatastack.jp,488,25,71,2.5.1,"[""stats"", ""text_view"", ""image_view"", ""spatial_metadata"", ""spatial_query"", ""datastore"", ""datapusher"", ""resource_proxy"", ""pdf_view"", ""geo_view"", ""recline_grid_view"", ""recline_graph_view"", ""recline_map_view"", ""webpage_view"", ""geojson_view"", ""googleanalytics"", ""harvest"", ""ckan_harvester"", ""pages"", ""recline_view"", ""cloud_connector"", ""example_theme"", ""officedocs_view""]"
2026-04-19,dafm-agriculture-open-data,https://opendata.agriculture.gov.ie,56,0,78,2.9.13,"[""dlxschema"", ""sqlalchemythread"", ""uwsgistats"", ""stats"", ""text_view"", ""image_view"", ""officedocs_view"", ""pdf_view"", ""dcat"", ""dcat_json_interface"", ""psbthemealt"", ""schema_field_groups"", ""scheming_datasets"", ""scheming_groups"", ""spatial_metadata"", ""spatial_query"", ""harvest"", ""ckan_harvester"", ""csw_harvester"", ""waf_harvester"", ""doc_harvester"", ""datatables_view"", ""datastore"", ""datapusher"", ""dietstars"", ""geo_view"", ""geojson_view"", ""resource_proxy"", ""twitterwidget"", ""fluent"", ""esri_arcgis_harvester"", ""cookieconsent"", ""s3filestore"", ""security"", ""jsonstat_view"", ""vectorconverter"", ""mvt_view""]"
2026-04-19,alcoi-open-data-open-data-portal-of-alcoy,https://opendata.alcoi.org/data,32,13,1,2.7.4,"[""stats"", ""theme"", ""dcat"", ""schema"", ""datapusher"", ""resource_proxy"", ""geojson_view"", ""geo_view"", ""datastore"", ""image_view"", ""text_view"", ""recline_view"", ""webpage_view"", ""recline_grid_view"", ""recline_map_view"", ""sampleplot""]"
2026-04-19,angus-council-open-data-angus-council-open-data,https://opendata.angus.gov.uk,34,0,5,2.10.8,"[""activity"", ""datastore"", ""xloader"", ""resource_proxy"", ""geo_view"", ""geojson_view"", ""datatables_view"", ""pdf_view"", ""text_view"", ""image_view""]"
2026-04-19,aragon-open-data,https://opendata.aragon.es,2420,22,48,2.10.4,"[""envvars"", ""image_view"", ""text_view"", ""recline_view"", ""recline_map_view"", ""resource_proxy"", ""geo_view"", ""datastore"", ""xloader"", ""rating"", ""datasets_catalog_rdf"", ""harvest"", ""ckan_harvester"", ""iaest_rdf_harvester"", ""oaipmh_unizar"", ""aod_schema_dataset"", ""aod_schema_group"", ""aod_schema_organization""]"
2026-04-19,alcala-de-henares-open-data-portal,https://opendata.ayto-alcaladehenares.es,44,10,1,2.9.2,"[""stats"", ""text_view"", ""image_view"", ""recline_view""]"
2026-04-19,opendata-az-en,https://opendata.az/en,0,0,0,,
2026-04-19,istanbul-b40-open-data-portal,https://opendata.b40cities.org,645,9,20,2.9.5,"[""ibb_theme"", ""multilang"", ""showcase"", ""stats"", ""datarequests"", ""datastore"", ""text_view"", ""image_view"", ""recline_view"", ""xloader"", ""geo_view"", ""odata"", ""datasetthumbnail"", ""contact"", ""disqus"", ""geojson_view"", ""pdf_view""]"
2026-04-19,central-bank-of-brazil-open-data-portal,https://opendata.bcb.gov.br,2860,2,48,2.10.4,"[""image_view"", ""text_view"", ""recline_view"", ""datastore"", ""ldap"", ""pages"", ""bcbdadosabertos"", ""scheming_datasets"", ""activity"", ""envvars""]"
2026-04-19,central-bank-of-ireland-open-data,https://opendata.centralbank.ie,0,0,0,,
2026-04-19,halandri-open-data,https://opendata.chalandri.gr,0,0,0,,
2026-04-19,open-data-portal-of-lviv-portal-vidkritikh-danikh-lvova,https://opendata.city-adm.lviv.ua,0,0,0,,
2026-04-19,chiba-city-open-data-catalog-site,https://opendata.city.chiba.jp,0,0,0,,
2026-04-19,kitamoto-city-open-data-portal-site-kitamoto-open-data,https://opendata.city.kitamoto.saitama.jp,0,0,0,,
2026-04-19,machida-city-open-data-catalog-site,https://opendata.city.machida.tokyo.jp,142,15,1,2.9.11,"[""datastore"", ""stats""]"
2026-04-19,mooka-city-open-data-catalog-site,https://opendata.city.moka.lg.jp,0,0,0,,
2026-04-19,nisshin-city-open-data-catalog-site,https://opendata.city.nisshin.lg.jp,330,12,1,2.8.1,"[""stats"", ""text_view"", ""image_view""]"
2026-04-19,sagamihara-city-open-data-catalog-site,https://opendata.city.sagamihara.kanagawa.jp,106,11,26,2.9.3,"[""stats"", ""text_view"", ""image_view"", ""recline_view""]"
2026-04-19,open-data-pakistan,https://opendata.com.pk,1471,0,22,2.8.3,"[""stats"", ""text_view"", ""image_view"", ""recline_view"", ""datastore"", ""datapusher"", ""resource_proxy"", ""geo_view"", ""pages"", ""harvest"", ""ckan_harvester"", ""example_theme"", ""CustomFields"", ""showcase"", ""contact"", ""recline_grid_view"", ""recline_graph_view"", ""recline_map_view"", ""webpage_view""]"
2026-04-19,portale-open-data-comune-di-messina,https://opendata.comune.messina.it,105,13,6,2.10.3,"[""envvars"", ""datatables_view"", ""image_view"", ""text_view"", ""recline_view"", ""datastore"", ""datapusher"", ""harvest"", ""ckan_harvester"", ""dcat"", ""dcat_rdf_harvester"", ""dcat_json_harvester"", ""dcat_json_interface"", ""structured_data"", ""dcatapit_pkg"", ""dcatapit_org"", ""dcatapit_config"", ""dcatapit_theme_group_mapper""]"
2026-04-19,opendata-municipality-of-reggio-emilia,https://opendata.comune.re.it,248,13,5,2.6.8,"[""stats"", ""text_view"", ""image_view"", ""recline_view"", ""geo_view"", ""datastore"", ""datapusher"", ""pages"", ""resource_proxy"", ""spatial_metadata"", ""spatial_query"", ""harvest"", ""ckan_harvester"", ""multilang"", ""multilang_harvester"", ""dcat"", ""dcat_rdf_harvester"", ""dcat_json_harvester"", ""dcat_json_interface"", ""dcatapit_pkg"", ""dcatapit_org"", ""dcatapit_config"", ""dcatapit_harvester"", ""dcatapit_ckan_harvester"", ""dcatapit_csw_harvester"", ""dcatapit_harvest_list"", ""dcatapit_subcatalog_facets"", ""dcatapit_theme_group_mapper"", ""opendata_theme""]"
2026-04-19,opendata-rimini,https://opendata.comune.rimini.it,72,9,1,2.8.1,"[""stats"", ""resource_proxy"", ""text_view"", ""image_view"", ""webpage_view"", ""recline_view"", ""recline_grid_view"", ""recline_graph_view"", ""recline_map_view"", ""pdf_view"", ""datastore"", ""harvest"", ""ckan_harvester"", ""dcat"", ""dcat_rdf_harvester"", ""dcat_json_harvester"", ""dcat_json_interface"", ""structured_data"", ""spatial_metadata"", ""spatial_query"", ""multilang"", ""multilang_harvester"", ""dcatapit_pkg"", ""dcatapit_org"", ""dcatapit_config"", ""dcatapit_theme_group_mapper"", ""dcatapit_ckan_harvester"", ""dcatapit_harvest_list"", ""dcatapit_harvester"", ""dcatapit_csw_harvester"", ""riminiconfig"", ""geo_view"", ""geojson_view"", ""wmts_view"", ""datapusher"", ""googleanalytics""]"
2026-04-19,companies-registration-office-open-data,https://opendata.cro.ie/,2,0,1,2.9.14,"[""superset"", ""dlxschema"", ""psbthemealt"", ""s3filestore"", ""sqlalchemythread"", ""uwsgistats"", ""stats"", ""text_view"", ""image_view"", ""officedocs_view"", ""pdf_view"", ""dcat"", ""dcat_json_interface"", ""schema_field_groups"", ""scheming_datasets"", ""spatial_metadata"", ""spatial_query"", ""harvest"", ""ckan_harvester"", ""csw_harvester"", ""waf_harvester"", ""doc_harvester"", ""datatables_view"", ""datastore"", ""datapusher"", ""dietstars"", ""geo_view"", ""geojson_view"", ""resource_proxy"", ""twitterwidget"", ""fluent"", ""esri_arcgis_harvester"", ""cookieconsent"", ""openapi_view"", ""security"", ""s3resources""]"
2026-04-19,open-data-wroclaw,https://opendata.cui.wroclaw.pl,0,0,0,,
2026-04-19,accounting-system-dairy-promotion-organization-of-thailand,https://opendata.dpo.go.th,1,4,3,2.10.7,"[""thai_gdc"", ""showcase"", ""stats"", ""opendstats"", ""activity"", ""image_view"", ""datatables_view"", ""text_view"", ""webpage_view"", ""resource_proxy"", ""geo_view"", ""geojson_view"", ""shp_view"", ""xloader"", ""datastore"", ""pdf_view"", ""dcat"", ""dcat_json_interface"", ""structured_data"", ""scheming_datasets"", ""hierarchy_display"", ""hierarchy_form""]"
2026-04-19,opendata-dsd-go-th-opendata-dsd-go-th,https://opendata.dsd.go.th,17,4,1,2.10.7,"[""thai_gdc"", ""showcase"", ""stats"", ""opendstats"", ""activity"", ""image_view"", ""datatables_view"", ""text_view"", ""webpage_view"", ""resource_proxy"", ""geo_view"", ""geojson_view"", ""shp_view"", ""xloader"", ""datastore"", ""pdf_view"", ""dcat"", ""dcat_json_interface"", ""structured_data"", ""scheming_datasets"", ""hierarchy_display"", ""hierarchy_form""]"
2026-04-19,etda-data-catalog,https://opendata.etda.or.th,62,5,17,2.10.7,"[""thai_gdc"", ""showcase"", ""stats"", ""opendstats"", ""activity"", ""image_view"", ""datatables_view"", ""text_view"", ""webpage_view"", ""resource_proxy"", ""geo_view"", ""geojson_view"", ""shp_view"", ""xloader"", ""datastore"", ""pdf_view"", ""dcat"", ""dcat_json_interface"", ""structured_data"", ""scheming_datasets"", ""hierarchy_display"", ""hierarchy_form""]"
2026-04-19,opendata-euroinfosicilia-opendata-euroinfosicilia,https://opendata.euroinfosicilia.it,96,13,1,2.10.3,"[""envvars"", ""image_view"", ""text_view"", ""recline_view"", ""datastore"", ""datapusher""]"
2026-04-19,gera-open-data-portal,https://opendata.gera.de,13,6,2,2.10.3,"""envvars image_view text_view image_view recline_grid_view recline_map_view recline_graph_view recline_view geo_view stats datastore datapusher"""
2026-04-19,government-of-jersey-open-data,https://opendata.gov.je,118,11,17,2.8.12,"[""stats"", ""text_view"", ""image_view"", ""recline_view"", ""datastore"", ""opendataje"", ""xloader""]"
2026-04-19,northwest-territories-open-data,https://opendata.gov.nt.ca,341,15,12,2.9.8,"[""envvars"", ""stats"", ""text_view"", ""image_view"", ""recline_view"", ""xloader"", ""datastore"", ""recline_graph_view"", ""recline_grid_view"", ""recline_map_view"", ""scheming_datasets"", ""scheming_organizations"", ""scheming_groups"", ""harvest"", ""ckan_harvester"", ""spatial_metadata"", ""spatial_query"", ""waf_harvester"", ""csw_harvester"", ""doc_harvester"", ""dcat"", ""dcat_rdf_harvester"", ""dcat_json_harvester"", ""gnwt"", ""resource_proxy"", ""ldap""]"
2026-04-19,the-public-knowledge-workshop-data-portal,https://opendata.hasadna.org.il,14,9,6,2.8.12,"[""stats"", ""text_view"", ""image_view"", ""recline_view"", ""datastore"", ""xloader"", ""resource_proxy"", ""s3filestore"", ""geojson_view"", ""datacity"", ""scheming_datasets"", ""scheming_groups"", ""pages""]"
2026-04-19,hawaii-open-data,https://opendata.hawaii.gov,975,19,39,2.9.11,"[""stats"", ""resource_proxy"", ""ags_fs_view"", ""ags_ms_view"", ""geo_view"", ""geojson_view"", ""wmts_view"", ""shp_view"", ""c3charts"", ""og_datatables_view"", ""officedocs_view"", ""pdf_view"", ""recline_map_view"", ""webpage_view"", ""markdown_view"", ""in_app_reporting"", ""metabase_card_view"", ""metabase_dashboard_view"", ""cloudstorage"", ""odata"", ""opengov_datastore"", ""datastore"", ""xloader"", ""extractor"", ""harvest"", ""datajson"", ""dcat"", ""dcat_rdf_harvester"", ""dcat_json_harvester"", ""dcat_json_interface"", ""structured_data"", ""waf_harvester"", ""custom_harvest"", ""package_search_harvester"", ""opengov_custom_theme"", ""opengov_custom_css"", ""opengov_custom_header"", ""opengov_custom_homepage"", ""opengov_custom_footer"", ""image_view"", ""contact"", ""opengov_pages"", ""pages"", ""opengov_stories"", ""showcase"", ""subscribe"", ""security"", ""opengov_auth"", ""featuredviews"", ""heroslideradmin"", ""googleanalytics"", ""sitemap"", ""portal_metrics""]"
2026-04-19,dhlgh-housing-open-data,https://opendata.housing.gov.ie,458,0,2,2.9.13,"[""sqlalchemythread"", ""uwsgistats"", ""stats"", ""text_view"", ""image_view"", ""recline_view"", ""officedocs_view"", ""pdf_view"", ""dcat"", ""dcat_json_interface"", ""psbthemealt"", ""schema_field_groups"", ""scheming_datasets"", ""spatial_metadata"", ""spatial_query"", ""harvest"", ""ckan_harvester"", ""csw_harvester"", ""waf_harvester"", ""doc_harvester"", ""datatables_view"", ""datastore"", ""datapusher"", ""dlxschema"", ""dietstars"", ""geo_view"", ""geojson_view"", ""resource_proxy"", ""twitterwidget"", ""fluent"", ""esri_arcgis_harvester"", ""cookieconsent""]"
2026-04-19,hungarian-open-data-catalog,https://opendata.hu,71,13,8,2,"[""stats"", ""json_preview"", ""recline_preview"", ""pdf_preview"", ""recline_preview"", ""datastore"", ""resource_proxy""]"
2026-04-19,sitcabgc-reusable-spatial-data,https://opendata.idegrancanaria.es,12,6,19,2.10.5,"[""datapusher""]"
2026-04-19,opendataipstacth,https://opendata.ipst.ac.th,21,2,2,2.10.7,"[""thai_gdc"", ""showcase"", ""stats"", ""opendstats"", ""activity"", ""image_view"", ""datatables_view"", ""text_view"", ""webpage_view"", ""resource_proxy"", ""geo_view"", ""geojson_view"", ""shp_view"", ""xloader"", ""datastore"", ""pdf_view"", ""dcat"", ""dcat_json_interface"", ""structured_data"", ""scheming_datasets"", ""hierarchy_display"", ""hierarchy_form""]"
2026-04-19,open-data-jena,https://opendata.jena.de,70,10,1,2.8.7,"[""stats"", ""text_view"", ""image_view"", ""recline_view"", ""jena_theme""]"
2026-04-19,open-data-platform-kaaw,https://opendata.kaaw.de,14,0,25,2.11.2,"[""activity"", ""datastore"", ""xloader"", ""datatables_view"", ""image_view"", ""pages""]"
2026-04-19,kebumen-regency-open-data,https://opendata.kebumenkab.go.id,0,0,0,,
2026-04-19,open-data-portal-of-the-city-of-leipzig,https://opendata.leipzig.de,389,13,37,2.10.7,"[""odp_le_theme"", ""odp_le_harvester"", ""odp_le_dcatapde"", ""showcase"", ""resource_proxy"", ""datastore"", ""stats"", ""pages"", ""dcat"", ""dcatde"", ""dcat_json_interface"", ""structured_data"", ""harvest"", ""ckan_harvester"", ""scheming_datasets"", ""scheming_groups"", ""scheming_organizations"", ""spatial_metadata"", ""spatial_query"", ""datapusher"", ""text_view"", ""image_view"", ""webpage_view"", ""geo_view"", ""geojson_view"", ""wmts_view"", ""shp_view"", ""video_view"", ""audio_view"", ""dataexplorer_view"", ""dataexplorer_chart_view"", ""dataexplorer_map_view"", ""dataexplorer_table_view""]"
2026-04-19,luke-open-data-portal,https://opendata.luke.fi,128,1,1,2.9.7,"[""stats"", ""text_view"", ""image_view"", ""recline_view"", ""harvest"", ""metax_harvester"", ""luke_theme""]"
2026-04-19,opendatammdecincz,https://opendata.mmdecin.cz,0,0,0,,
2026-04-19,open-data-portal-munich,https://opendata.muenchen.de,333,13,31,2.9.9,"[""image_view"", ""text_view"", ""recline_view"", ""recline_map_view"", ""recline_graph_view"", ""recline_grid_view"", ""webpage_view"", ""datastore"", ""xloader"", ""ogdmunich"", ""pages"", ""showcase"", ""resource_proxy"", ""geo_view"", ""geojson_view"", ""wmts_view"", ""shp_view"", ""harvest"", ""ckan_harvester"", ""csw_harvester"", ""dcat"", ""dcatde"", ""dcat_rdf_harvester"", ""dcat_json_harvester"", ""dcat_json_interface"", ""structured_data"", ""spatial_metadata"", ""spatial_query"", ""scheming_datasets"", ""keycloak"", ""clamav"", ""envvars""]"
2026-04-19,ministry-of-foreign-and-european-affairs-of-the-slovak-republic,https://opendata.mzv.sk,32,6,1,2.11.3,"[""image_view"", ""text_view"", ""datatables_view"", ""datastore"", ""xloader"", ""dcat"", ""scheming_datasets"", ""fluent"", ""dcat_ap_sk"", ""mzv_theme""]"
2026-04-19,national-council-for-special-education-ncse-open-data,https://opendata.ncse.ie/,69,0,8,2.9.13,"[""dlxschema"", ""superset"", ""sqlalchemythread"", ""uwsgistats"", ""stats"", ""text_view"", ""image_view"", ""officedocs_view"", ""pdf_view"", ""dcat"", ""dcat_json_interface"", ""psbthemealt"", ""schema_field_groups"", ""scheming_datasets"", ""spatial_metadata"", ""spatial_query"", ""harvest"", ""ckan_harvester"", ""csw_harvester"", ""waf_harvester"", ""doc_harvester"", ""datatables_view"", ""datastore"", ""datapusher"", ""geo_view"", ""geojson_view"", ""resource_proxy"", ""twitterwidget"", ""fluent"", ""esri_arcgis_harvester"", ""cookieconsent"", ""data_transform"", ""data_transform_superset""]"
2026-04-19,open-data-portal-for-emenscr,https://opendata.nesdc.go.th,1668,24,355,2.8.5,"[""stats"", ""resource_proxy"", ""text_view"", ""image_view"", ""recline_view"", ""geo_view"", ""geojson_view"", ""viewhelpers"", ""webpage_view"", ""shp_view"", ""openapi_view"", ""pdf_view"", ""datastore"", ""datapusher"", ""feedback"", ""pages"", ""dcat"", ""dcat_json_interface"", ""structured_data"", ""harvest"", ""ckan_harvester"", ""hierarchy_display"", ""hierarchy_form"", ""uploadbutton"", ""dundee"", ""scheming_datasets"", ""issues"", ""validation""]"
2026-04-19,nhsbsa-open-data-portal,https://opendata.nhsbsa.net,2031,0,9,2.11.4,"[""pages"", ""issues"", ""activity"", ""restricted"", ""nhs"", ""image_view"", ""text_view"", ""datatables_view"", ""datastore"", ""bigquery"", ""scheming_datasets"", ""scheming_groups"", ""scheming_organizations"", ""dataexplorer"", ""dcat"", ""aircan_connector"", ""authz_service"", ""oauth2"", ""security"", ""datapub"", ""blob_storage"", ""envvars""]"
2026-04-19,open-data-of-the-national-innovation-agency,https://opendata.nia.or.th,24,1,1,2.10.7,"[""thai_gdc"", ""showcase"", ""stats"", ""opendstats"", ""activity"", ""image_view"", ""datatables_view"", ""text_view"", ""webpage_view"", ""resource_proxy"", ""geo_view"", ""geojson_view"", ""shp_view"", ""xloader"", ""datastore"", ""pdf_view"", ""dcat"", ""dcat_json_interface"", ""structured_data"", ""scheming_datasets"", ""hierarchy_display"", ""hierarchy_form""]"
2026-04-19,national-research-council-of-thailand,https://opendata.nrct.go.th,279,0,10,2.9.11,"[""text_view"", ""image_view"", ""recline_view"", ""datastore"", ""pages"", ""scheming_datasets"", ""scheming_groups"", ""datapusher"", ""hierarchy_display"", ""hierarchy_form"", ""pdf_view"", ""downloadall"", ""resource_proxy"", ""geojson_view"", ""shp_view"", ""noregistration"", ""cat_theme""]"
2026-04-19,office-of-the-basic-education-commission-ckan,https://opendata.obec.go.th,71,5,4,2.10.8,"[""thai_gdc"", ""showcase"", ""stats"", ""opendstats"", ""activity"", ""image_view"", ""datatables_view"", ""text_view"", ""webpage_view"", ""resource_proxy"", ""geo_view"", ""geojson_view"", ""shp_view"", ""xloader"", ""datastore"", ""pdf_view"", ""dcat"", ""dcat_json_interface"", ""structured_data"", ""scheming_datasets"", ""hierarchy_display"", ""hierarchy_form""]"
2026-04-19,pandeglang-open-data,https://opendata.pandeglangkab.go.id,1584,5,66,2.9.7,"[""stats"", ""text_view"", ""image_view"", ""recline_view""]"
2026-04-19,penghu-county-government-data-open-platform,https://opendata.penghu.gov.tw,518,18,37,2.4.1,"[""stats"", ""text_view"", ""image_view"", ""datastore"", ""datapusher"", ""pages"", ""swaggerplugin"", ""getnewsfunctions""]"
2026-04-19,open-data-real-laboratory-pfaff,https://opendata.pfaff-reallabor.de,0,0,0,,
2026-04-19,barcelona-port-open-data-portal,https://opendata.portdebarcelona.cat,78,7,2,2.8.2,"[""stats"", ""text_view"", ""image_view"", ""recline_view"", ""recline_graph_view"", ""datastore"", ""datapusher"", ""multilingual_dataset"", ""multilingual_group"", ""multilingual_tag"", ""c3charts""]"
2026-04-19,open-data-portal-porto,https://opendata.porto.digital,110,0,6,2.9.5,"[""envvars"", ""image_view"", ""text_view"", ""recline_view"", ""datastore"", ""datapusher""]"
2026-04-19,toyama-prefecture-open-data-portal-site,https://opendata.pref.toyama.jp,424,10,4,2.9.8,"[""stats"", ""text_view"", ""image_view"", ""recline_view""]"
2026-04-19,opendataquangngaigovvn,https://opendata.quangngai.gov.vn,0,0,0,,
2026-04-19,opendataruhr,https://opendata.ruhr,2959,31,26,2.10.5,"[""envvars"", ""resource_proxy"", ""datastore"", ""xloader"", ""image_view"", ""text_view"", ""datatables_view"", ""spatial_metadata"", ""spatial_query"", ""harvest"", ""ckan_harvester"", ""dcat"", ""dcatde"", ""dcat_rdf_harvester"", ""dcatde_rdf_harvester"", ""dcat_json_harvester"", ""dcat_json_interface"", ""structured_data"", ""geo_view"", ""geojson_view"", ""navigablemap"", ""choroplethmap"", ""pages"", ""pdf_view"", ""rvr"", ""scheming_datasets"", ""scheming_organizations""]"
2026-04-19,opendata-ruhr-en,https://opendata.ruhr/en,2959,31,26,2.10.5,"[""envvars"", ""resource_proxy"", ""datastore"", ""xloader"", ""image_view"", ""text_view"", ""datatables_view"", ""spatial_metadata"", ""spatial_query"", ""harvest"", ""ckan_harvester"", ""dcat"", ""dcatde"", ""dcat_rdf_harvester"", ""dcatde_rdf_harvester"", ""dcat_json_harvester"", ""dcat_json_interface"", ""structured_data"", ""geo_view"", ""geojson_view"", ""navigablemap"", ""choroplethmap"", ""pages"", ""pdf_view"", ""rvr"", ""scheming_datasets"", ""scheming_organizations""]"
2026-04-19,schleswig-holstein-open-data,https://opendata.schleswig-holstein.de,32199,13,130,2.10.9,"[""ckan_harvester"", ""dcat"", ""dcatde"", ""dcat_json_harvester"", ""dcat_json_interface"", ""dcat_rdf_harvester"", ""dcatde_rdf_harvester"", ""harvest"", ""image_view"", ""kiel_harvester"", ""odsh"", ""odsh_autocomplete"", ""odsh_dcat_harvest"", ""odsh_collections"", ""qa"", ""archiver"", ""recline_view"", ""report"", ""spatial_metadata"", ""spatial_query"", ""statistikamtnord_harvester"", ""stats"", ""structured_data"", ""text_view"", ""sitemap""]"
2026-04-19,sitcan-open-data,https://opendata.sitcan.es,165,10,12,2.10.4,"[""stats"", ""image_view"", ""resource_proxy"", ""dcat"", ""dcat_rdf_harvester"", ""dcat_json_harvester"", ""dcat_json_interface""]"
2026-04-19,san-joaquin-county-open-data,https://opendata.sjgov.org,94,5,4,2.9.11,"[""stats"", ""resource_proxy"", ""ags_fs_view"", ""ags_ms_view"", ""geo_view"", ""geojson_view"", ""wmts_view"", ""shp_view"", ""c3charts"", ""og_datatables_view"", ""officedocs_view"", ""pdf_view"", ""recline_map_view"", ""webpage_view"", ""markdown_view"", ""in_app_reporting"", ""metabase_card_view"", ""metabase_dashboard_view"", ""cloudstorage"", ""odata"", ""datastore"", ""xloader"", ""extractor"", ""harvest"", ""datajson"", ""dcat"", ""dcat_rdf_harvester"", ""dcat_json_harvester"", ""dcat_json_interface"", ""structured_data"", ""waf_harvester"", ""custom_harvest"", ""package_search_harvester"", ""spatial_metadata"", ""spatial_query"", ""opengov_custom_theme"", ""opengov_custom_css"", ""opengov_custom_header"", ""opengov_custom_homepage"", ""opengov_custom_footer"", ""image_view"", ""contact"", ""opengov_pages"", ""pages"", ""opengov_stories"", ""showcase"", ""subscribe"", ""security"", ""opengov_auth"", ""featuredviews"", ""heroslideradmin"", ""googleanalytics"", ""sitemap"", ""portal_metrics""]"
2026-04-19,slavutsk-city-council-open-data-portal,https://opendata.slavuta-mvk.gov.ua,248,12,34,2.11.4,"[""scheming_datasets"", ""scheming_groups"", ""scheming_organizations"", ""stats"", ""text_view"", ""image_view"", ""datastore"", ""datapusher_plus"", ""datatables_view"", ""resource_proxy"", ""pdf_view"", ""webpage_view"", ""geo_view"", ""geojson_view"", ""video_view""]"
2026-04-19,opendatasobraniemk,https://opendata.sobranie.mk,29,6,2,2.9.5,"[""stats"", ""text_view"", ""image_view"", ""recline_view"", ""dcat"", ""recline_grid_view"", ""disqus"", ""sobranie"", ""datarequests"", ""harvest"", ""ckan_harvester"", ""datastore"", ""datapusher"", ""datatables_view"", ""googleanalytics""]"
2026-04-19,open-data-solok-selatan,https://opendata.solselkab.go.id,0,0,0,,
2026-04-19,swiss-open-data-portal,https://opendata.swiss,14495,14,157,2.11.4,"[""ogdch"", ""ogdch_users"", ""ogdch_pkg"", ""ogdch_res"", ""s3filestore"", ""ogdch_group"", ""ogdch_org"", ""ogdch_showcase"", ""ogdch_cmd"", ""ogdch_archive"", ""ogdch_subscribe"", ""ogdch_middleware"", ""stats"", ""harvest"", ""geocat_harvester"", ""harvester_dashboard"", ""scheming_datasets"", ""scheming_groups"", ""scheming_organizations"", ""fluent"", ""ogdch_dcat"", ""dcat_ch_i14y_rdf_harvester"", ""dcat_ch_rdf_harvester"", ""dcat_json_interface"", ""resource_proxy"", ""text_view"", ""pdf_view"", ""datatables_view"", ""datastore"", ""ogdch_xloader"", ""structured_data"", ""sentry"", ""password_policy"", ""activity"", ""envvars""]"
2026-04-19,city-of-tampa-fl-open-data,https://opendata.tampa.gov,27,0,29,2.9.11,"[""stats"", ""resource_proxy"", ""ags_fs_view"", ""ags_ms_view"", ""geo_view"", ""geojson_view"", ""wmts_view"", ""shp_view"", ""c3charts"", ""og_datatables_view"", ""officedocs_view"", ""pdf_view"", ""recline_map_view"", ""webpage_view"", ""markdown_view"", ""in_app_reporting"", ""metabase_card_view"", ""metabase_dashboard_view"", ""cloudstorage"", ""odata"", ""opengov_datastore"", ""datastore"", ""xloader"", ""extractor"", ""harvest"", ""datajson"", ""dcat"", ""dcat_rdf_harvester"", ""dcat_json_harvester"", ""dcat_json_interface"", ""structured_data"", ""waf_harvester"", ""custom_harvest"", ""package_search_harvester"", ""opengov_custom_theme"", ""opengov_custom_css"", ""opengov_custom_header"", ""opengov_custom_homepage"", ""opengov_custom_footer"", ""image_view"", ""opengov_pages"", ""pages"", ""opengov_stories"", ""showcase"", ""subscribe"", ""security"", ""opengov_auth"", ""featuredviews"", ""heroslideradmin"", ""googleanalytics"", ""sitemap"", ""portal_metrics""]"
2026-04-19,teagasc-open-data,https://opendata.teagasc.ie/,14,0,16,2.9.13,"[""dlxschema"", ""sqlalchemythread"", ""uwsgistats"", ""stats"", ""text_view"", ""image_view"", ""officedocs_view"", ""pdf_view"", ""dcat"", ""dcat_json_interface"", ""schema_field_groups"", ""scheming_datasets"", ""spatial_metadata"", ""spatial_query"", ""harvest"", ""ckan_harvester"", ""csw_harvester"", ""waf_harvester"", ""doc_harvester"", ""datatables_view"", ""datastore"", ""datapusher"", ""psbthemealt"", ""geo_view"", ""geojson_view"", ""resource_proxy"", ""twitterwidget"", ""fluent"", ""esri_arcgis_harvester"", ""cookieconsent"", ""pending_datasets"", ""security"", ""s3filestore""]"
2026-04-19,tgo-carbon-credit-data-catalog,https://opendata.tgo.or.th,15,3,6,2.9.9,"[""discovery"", ""search_suggestions"", ""thai_gdc"", ""stats"", ""opendstats"", ""text_view"", ""image_view"", ""recline_view"", ""resource_proxy"", ""datastore"", ""xloader"", ""webpage_view"", ""pdf_view"", ""scheming_datasets"", ""hierarchy_display"", ""hierarchy_form"", ""dcat"", ""dcat_json_interface"", ""structured_data""]"
2026-04-19,open-data-portal-of-thanh-hoa-province,https://opendata.thanhhoa.gov.vn,87,15,185,2.9.5,"[""stats"", ""text_view"", ""image_view"", ""recline_view"", ""datastore"", ""resource_proxy"", ""management"", ""crawler"", ""rating"", ""postdata"", ""news"", ""notifies"", ""sso"", ""dashboard"", ""access_rights"", ""theme"", ""xloader"", ""openapi_view"", ""pdf_view"", ""officedocs_view"", ""geo_view"", ""geojson_view"", ""wmts_view"", ""shp_view""]"
2026-04-19,thai-industrial-standards-institute,https://opendata.tisi.go.th,10,4,12,2.10.7,"[""thai_gdc"", ""showcase"", ""stats"", ""opendstats"", ""activity"", ""image_view"", ""datatables_view"", ""text_view"", ""webpage_view"", ""resource_proxy"", ""geo_view"", ""geojson_view"", ""shp_view"", ""xloader"", ""datastore"", ""pdf_view"", ""dcat"", ""dcat_json_interface"", ""structured_data"", ""scheming_datasets"", ""hierarchy_display"", ""hierarchy_form""]"
2026-04-19,transport-open-data-home-page-transport-open-data,https://opendata.transport.nsw.gov.au,230,0,0,2.11.3,"[""activity"", ""image_view"", ""text_view"", ""datatables_view"", ""datastore"", ""datapusher"", ""pdf_view"", ""resource_proxy"", ""geojson_view"", ""webpage_view"", ""googleanalytics"", ""tfnsw_theme"", ""tfnsw_customauth"", ""tfnsw_discourse"", ""tfnsw_openapiview"", ""tfnsw_s3browse"", ""tfnsw_subscriptions"", ""tfnsw_metrics"", ""tfnsw_userreg"", ""tfnsw_arcgisview"", ""tfnsw_adjustableiframeview"", ""tfnsw_powerbiview""]"
2026-04-19,university-of-granada-open-data,https://opendata.ugr.es,65,11,3,2.9.5,"[""stats"", ""text_view"", ""webpage_view"", ""image_view"", ""pdf_view"", ""recline_view"", ""datastore"", ""datapusher"", ""resource_proxy"", ""dcat"", ""dcat_rdf_harvester"", ""dcat_json_harvester"", ""dcat_json_interface"", ""structured_data"", ""harvest"", ""ckan_harvester""]"
2026-04-19,opendataunexes,https://opendata.unex.es,152,0,0,2.9.3,"[""stats"", ""text_view"", ""image_view"", ""recline_view"", ""datastore"", ""oduex""]"
2026-04-19,university-of-bari,https://opendata.uniba.it,105,17,1,2.10.3,"[""envvars"", ""datatables_view"", ""image_view"", ""text_view"", ""recline_view"", ""datastore"", ""datapusher"", ""harvest"", ""ckan_harvester"", ""dcat"", ""dcat_rdf_harvester"", ""dcat_json_harvester"", ""dcat_json_interface"", ""structured_data"", ""dcatapit_pkg"", ""dcatapit_org"", ""dcatapit_config"", ""dcatapit_theme_group_mapper""]"
2026-04-19,nuremberg-public-transport-open-data,https://opendata.vag.de,13,1,1,2.10.4,"[""stats"", ""text_view"", ""image_view"", ""recline_view"", ""datastore"", ""envvars"", ""pages"", ""vag"", ""googleanalytics"", ""datapusher""]"
2026-04-19,valencia-open-data,https://opendata.vlci.valencia.es,294,22,2,,"[""nti_metadata"", ""stats"", ""text_view"", ""image_view"", ""recline_view"", ""datastore"", ""resource_proxy"", ""recline_graph_view"", ""recline_grid_view"", ""recline_map_view"", ""webpage_view"", ""scheming_datasets"", ""harvest"", ""ckan_harvester"", ""dcat"", ""dcat_rdf_harvester"", ""dcat_json_harvester"", ""dcat_json_interface"", ""structured_data"", ""spatial_metadata"", ""spatial_query"", ""geo_view"", ""multilingual_dataset"", ""multilingual_group"", ""multilingual_tag"", ""csw_harvester"", ""scheming_groups"", ""scheming_organizations"", ""fluent"", ""qa"", ""archiver"", ""report"", ""valencia"", ""xloader""]"
2026-04-19,vnpt-it-economic-management-board-open-data,https://opendata.vnptit.vn,18,10,14,2.10.4,"[""ssogoogle"", ""ssoidp"", ""guide"", ""vnpt_theme"", ""permission_group"", ""activity"", ""datastore"", ""xloader"", ""image_view"", ""pdf_view"", ""officedocs_view"", ""recline_view"", ""datatables_view"", ""seo"", ""seo_group"", ""seo_org"", ""pages"", ""managedatasets"", ""users"", ""harvest"", ""ckan_harvester"", ""comments"", ""api"", ""rating"", ""smtp"", ""contact_us"", ""report"", ""config_language"", ""manage_ip_addresses"", ""logs"", ""error_page_conf"", ""import_font"", ""gis"", ""search_suggestions"", ""geo_view"", ""geojson_view"", ""wmts_view"", ""shp_view"", ""resource_proxy"", ""datarequests"", ""iresourcecontroller"", ""iuploader_custom"", ""igroupform_custom"", ""iorganizationform_custom"", ""sync_resource"", ""ocr"", ""customers"", ""swaggerui"", ""downloadall"", ""tracking"", ""statics_all""]"
2026-04-19,winchester-va-open-data,https://opendata.winchesterva.gov,725,9,2,2.9.11,"[""stats"", ""resource_proxy"", ""ags_fs_view"", ""ags_ms_view"", ""geo_view"", ""geojson_view"", ""wmts_view"", ""shp_view"", ""c3charts"", ""og_datatables_view"", ""officedocs_view"", ""pdf_view"", ""recline_map_view"", ""webpage_view"", ""markdown_view"", ""in_app_reporting"", ""metabase_card_view"", ""metabase_dashboard_view"", ""cloudstorage"", ""odata"", ""datastore"", ""xloader"", ""extractor"", ""harvest"", ""datajson"", ""dcat"", ""dcat_rdf_harvester"", ""dcat_json_harvester"", ""dcat_json_interface"", ""structured_data"", ""custom_harvest"", ""package_search_harvester"", ""opengov_custom_theme"", ""opengov_custom_css"", ""opengov_custom_header"", ""opengov_custom_homepage"", ""opengov_custom_footer"", ""image_view"", ""opengov_pages"", ""pages"", ""opengov_stories"", ""showcase"", ""subscribe"", ""security"", ""opengov_auth"", ""featuredviews"", ""heroslideradmin"", ""googleanalytics"", ""sitemap"", ""portal_metrics""]"
2026-04-19,open-data-nepal,https://opendatanepal.com,0,0,0,,
2026-04-19,open-data-of-the-city-of-prijedor-otvoreni-podaci-grada-prijedor,https://opendataprijedor.ba,0,0,0,,
2026-04-19,brazilian-health-data-portal,https://opendatasus.saude.gov.br,0,0,0,,
2026-04-19,gdynia-open-data,https://otwartedane.gdynia.pl,270,23,21,2.6.1,"[""stats"", ""text_view"", ""image_view"", ""recline_view"", ""datastore"", ""gdynia"", ""multilingual_group"", ""datapusher""]"
2026-04-19,abraxas-pandora-data-repository,https://pandoradata.earth,85,1,65,,"[""scheming_datasets"", ""mpcdf"", ""translation"", ""pages"", ""pandora_theme"", ""security""]"
2026-04-19,department-of-alternative-energy-development-and-efficiency-data-catalog,https://pei.dede.go.th,117,10,22,2.10.7,"[""thai_gdc"", ""stats"", ""opendstats"", ""activity"", ""image_view"", ""datatables_view"", ""text_view"", ""webpage_view"", ""resource_proxy"", ""xloader"", ""datastore"", ""pdf_view"", ""dcat"", ""dcat_json_interface"", ""structured_data"", ""scheming_datasets"", ""hierarchy_display"", ""hierarchy_form""]"
2026-04-19,city-of-phoenix-open-data,https://phoenixopendata.com,143,10,16,2.9.11,"[""stats"", ""resource_proxy"", ""ags_fs_view"", ""ags_ms_view"", ""geo_view"", ""geojson_view"", ""wmts_view"", ""shp_view"", ""c3charts"", ""og_datatables_view"", ""officedocs_view"", ""pdf_view"", ""recline_map_view"", ""webpage_view"", ""markdown_view"", ""in_app_reporting"", ""metabase_card_view"", ""metabase_dashboard_view"", ""cloudstorage"", ""odata"", ""opengov_datastore"", ""datastore"", ""xloader"", ""extractor"", ""harvest"", ""datajson"", ""dcat"", ""dcat_rdf_harvester"", ""dcat_json_harvester"", ""dcat_json_interface"", ""structured_data"", ""waf_harvester"", ""custom_harvest"", ""package_search_harvester"", ""phoenixaz_theme"", ""opengov_custom_theme"", ""opengov_custom_css"", ""opengov_custom_header"", ""opengov_custom_homepage"", ""opengov_custom_footer"", ""image_view"", ""contact"", ""opengov_pages"", ""pages"", ""opengov_stories"", ""showcase"", ""subscribe"", ""security"", ""opengov_auth"", ""featuredviews"", ""heroslideradmin"", ""googleanalytics"", ""sitemap"", ""portal_metrics""]"
2026-04-19,data-place-plymouth,https://plymouth.thedata.place,174,7,10,2.10.8,"[""activity"", ""text_view"", ""image_view"", ""pdf_view"", ""geo_view"", ""geojson_view"", ""datatables_view"", ""datastore"", ""xloader"", ""resource_proxy"", ""recline_view"", ""recline_grid_view"", ""recline_graph_view"", ""tdp"", ""pcc""]"
2026-04-19,opsi-open-data-slovenia,https://podatki.gov.si,8798,4,5804,2.2b,"[""datarequests"", ""comments"", ""archiver"", ""dgu_publisher_form"", ""dgu_publishers"", ""dgu_auth_api"", ""dgu_form"", ""dgu_theme"", ""cswserver"", ""harvest"", ""opsi_csw_harvester"", ""gemini_csw_harvester"", ""opsi_pcaxis_harvester"", ""oaipmh"", ""ddi_harvester"", ""gemini_doc_harvester"", ""gemini_waf_harvester"", ""spatial_harvest_metadata_api"", ""spatial_query"", ""qa"", ""synchronous_search"", ""dgu_search"", ""dgu_dataset_form"", ""spatial_metadata"", ""dgu_api"", ""datapreview"", ""dgu_inventory"", ""hierarchy_display"", ""report"", ""dgu_report"", ""dgu_drupal_auth"", ""inventory_harvester"", ""ckan_harvester"", ""dcat_rdf_harvester"", ""dkan_harvester"", ""dcat_json_harvester"", ""taxonomy"", ""social"", ""datastore"", ""datapusher"", ""recline_preview"", ""resource_proxy"", ""geojson_view"", ""rq"", ""downloadall""]"
2026-04-19,portalcrfmint,https://portal.crfm.int,161,8,15,2.8.3,"[""stats"", ""text_view"", ""image_view"", ""recline_view"", ""recline_map_view"", ""datastore"", ""datapusher"", ""pdf_view"", ""officedocs_view"", ""geo_view"", ""pages"", ""datasetthumbnail"", ""sitemap"", ""climatesmart_theme"", ""scheming_datasets""]"
2026-04-19,malta-open-data-portal,https://portal.data.gov.mt/,252,0,54,2.10.8,"[""dlxschema"", ""sqlalchemythread"", ""uwsgistats"", ""text_view"", ""image_view"", ""recline_view"", ""officedocs_view"", ""pages"", ""pdf_view"", ""dcat"", ""dcat_json_interface"", ""data_access_requests"", ""psbthemealt"", ""schema_field_groups"", ""scheming_datasets"", ""scheming_groups"", ""scheming_organizations"", ""spatial_metadata"", ""spatial_query"", ""harvest"", ""ckan_harvester"", ""csw_harvester"", ""waf_harvester"", ""doc_harvester"", ""dcat_rdf_harvester"", ""dcat_esri_dcat211_harvester"", ""datatables_view"", ""datastore"", ""datapusher"", ""dietstars"", ""geo_view"", ""geojson_view"", ""resource_proxy"", ""fluent"", ""esri_arcgis_harvester"", ""security"", ""azure_filestore"", ""oidc_pkce"", ""activity"", ""sdmx_harvester"", ""openapi_view"", ""kpidashboard"", ""kpi_collect"", ""kpi_stat_view"", ""metric_resource_format"", ""stats"", ""broken_links"", ""metric_broken_links"", ""metric_groups_by_type"", ""datarequests"", ""data_altruism"", ""psbpermissions"", ""healthcheck""]"
2026-04-19,open-data-dk,https://portal.opendata.dk,631,13,51,2.11.4,"[""activity"", ""datatables_view"", ""geo_view"", ""image_view"", ""text_view"", ""pdf_view"", ""geojson_view"", ""webpage_view"", ""resource_proxy"", ""datastore"", ""datapusher"", ""portalopendatadk"", ""dcat"", ""dcat_rdf_harvester"", ""dcat_json_harvester"", ""dcat_json_interface"", ""cprvalidation"", ""harvest"", ""ckan_harvester"", ""updatetracking"", ""noanonaccess"", ""scheming_datasets"", ""fluent"", ""translate"", ""s3filestore"", ""envvars""]"
2026-04-19,ufs-organizational-processes-data,https://processosorganizacionais.ufs.br,529,11,1,2.10.0a,"[""stats"", ""envvars"", ""image_view"", ""text_view"", ""recline_view"", ""pdf_view"", ""datastore"", ""datapusher"", ""resource_proxy""]"
2026-04-19,rdm-inesctec-pt,https://rdm.inesctec.pt,165,4,1,2.10.3,"[""activity"", ""datastore""]"
2026-04-19,participatory-lab-climate-data,https://repository.participatorylab.org,196,23,6,2.7.9,"[""stats"", ""text_view"", ""image_view"", ""recline_view"", ""resource_proxy"", ""datastore"", ""datapusher"", ""multilingual_dataset"", ""multilingual_group"", ""multilingual_tag"", ""spatial_metadata"", ""spatial_query"", ""geo_view"", ""geojson_view"", ""wmts_view"", ""pdf_view""]"
2026-04-19,nfwf-coastal-resilience-open-data-platform,https://resiliencedata.nfwf.org,0,0,0,,
2026-04-19,rishon-lezion-open-data,https://rishonlezion.datacity.org.il,8,12,2,2.8.12,"[""stats"", ""text_view"", ""image_view"", ""recline_view"", ""datastore"", ""xloader"", ""resource_proxy"", ""s3filestore"", ""geojson_view"", ""datacity"", ""scheming_datasets"", ""scheming_groups"", ""pages""]"
2026-04-19,dharmasraya-regency-data-portal,https://satudata.dharmasrayakab.go.id,399,8,96,2.9.11,"[""envvars"", ""stats"", ""image_view"", ""text_view"", ""recline_view"", ""scheming_datasets"", ""resourceauthorizer"", ""resource_proxy"", ""geo_view"", ""harvest"", ""ckan_harvester"", ""csw_harvester"", ""spatial_metadata"", ""spatial_query"", ""resourcedictionary"", ""datastore"", ""datapusher"", ""pages"", ""showcase"", ""pdf_view"", ""officedocs_view"", ""geojson_view"", ""shp_view"", ""wmts_view"", ""datatables_view"", ""dcat"", ""dcat_rdf_harvester"", ""dcat_json_harvester"", ""dcat_json_interface"", ""structured_data"", ""oaipmh_harvester""]"
2026-04-19,padang-city-government-one-data,https://satudata.padang.go.id,485,0,52,2.9.9,"[""stats"", ""text_view"", ""image_view"", ""recline_view"", ""datastore"", ""datapusher"", ""recline_grid_view"", ""recline_graph_view""]"
2026-04-19,mojokerto-regency-palapa-one-data,https://satudatapalapa.mojokertokab.go.id,0,0,0,,
2026-04-19,scidmnchcorgtw,https://scidm.nchc.org.tw,0,0,0,,
2026-04-19,sddi-catalog-bavaria,https://sddi-katalog.bayern,0,0,0,,
2026-04-19,canada-open-data,https://search.open.canada.ca/opendata/,0,0,0,,
2026-04-19,provincial-statistical-system,https://sep.tucuman.gob.ar,230,31,113,2.7.5,"[""stats"", ""text_view"", ""image_view"", ""recline_view"", ""hierarchy_display"", ""hierarchy_form"", ""dcat"", ""structured_data"", ""gobar_theme"", ""datastore"", ""datapusher"", ""seriestiempoarexplorer"", ""googleanalytics""]"
2026-04-19,one-data-portal-sisada-pematangsiantar-city,https://sisada.pematangsiantar.go.id,467,15,35,2.9.7,"[""stats"", ""text_view"", ""image_view"", ""webpage_view"", ""recline_view"", ""recline_graph_view"", ""recline_grid_view""]"
2026-04-19,heraklion-smart-city-open-data,https://smartcity.heraklion.gr/opendata,61,6,1,2.8.0a,"[""stats"", ""text_view"", ""image_view"", ""recline_view"", ""smartcity_theme""]"
2026-04-19,sprogteknologi-dk,https://sprogressource.digst.govcloud.dk,0,0,0,,
2026-04-19,eu-language-technology-data,https://sprogteknologi.dk,214,0,43,2.11.3,"[""text_view"", ""image_view"", ""harvest"", ""ckan_harvester"", ""dcat_ap_dk"", ""dcat"", ""dcat_rdf_harvester"", ""dcat_json_harvester"", ""dcat_json_interface"", ""structured_data"", ""envvars"", ""tracking"", ""sprogtek_scheming"", ""pages"", ""scheming_datasets"", ""fluent"", ""sitemap""]"
2026-04-19,uk-data-service-ckan,https://statistics.ukdataservice.ac.uk,906,0,4,2.11.4,"[""stats"", ""text_view"", ""image_view"", ""resource_proxy"", ""xloader"", ""pages"", ""harvest"", ""ckan_harvester"", ""geo_view"", ""datatables_view"", ""customised_fields_from_tag_vocabulary"", ""ukdstheme"", ""dataset_geo_display"", ""dcat"", ""dcat_rdf_harvester"", ""dcat_json_harvester"", ""dcat_json_interface"", ""structured_data"", ""ukds_custom_dcat_profiles"", ""cookie_banner"", ""matomo_js"", ""envvars""]"
2026-04-19,sectoral-statistical-data,https://statistik.ponorogo.go.id,3293,0,68,2.9.6,"[""datastore"", ""image_view"", ""webpage_view"", ""text_view"", ""recline_grid_view"", ""recline_view"", ""recline_graph_view""]"
2026-04-19,transparency-portal-hamburg,https://suche.transparenz.hamburg.de,235592,14,6,2.10.9,"[""resource_proxy"", ""dcat"", ""dcat_rdf_harvester"", ""dcat_json_harvester"", ""dcat_json_interface"", ""dcatde"", ""stats"", ""text_view"", ""recline_view"", ""harvest"", ""distributed_harvest"", ""ckan_harvester"", ""spatial_metadata"", ""spatial_query"", ""spatial_harvest_metadata_api"", ""hmdktoinforeg_harvester"", ""zs_parladb_harvester"", ""allris_CCEGOV_harvester"", ""allris_bezirk__harvester"", ""oktagon_harvester"", ""bacom_harvester_new"", ""workflow_harvester"", ""imis_harvester"", ""statistik_nord_harvester"", ""inforeg_metadata_api"", ""hmbtg_template"", ""hmbtg_helper"", ""hmbtg_search"", ""no_groups"", ""inforeg_solr_search"", ""solr_highlighting"", ""hmbtgdashboard"", ""fast_search_solr_highlighting"", ""file_proxy"", ""log_proxy"", ""request_logger"", ""hmbtg_geo"", ""hmbtg_feed""]"
2026-04-19,teach-for-canada,https://teachforcanada.ca,0,0,0,,
2026-04-19,trafikverket-traffic-data,https://trafficdata.se,49,0,15,2.10.7,"[""stats"", ""text_view"", ""image_view"", ""recline_view"", ""spapresets"", ""scheming_datasets"", ""spatheming"", ""pages"", ""dcat"", ""spadcatprofile"", ""honeypot"", ""requestorg""]"
2026-04-19,transparency-portal-of-alhaurin-de-la-torre,https://transparencia.alhaurindelatorre.es,0,0,0,,
2026-04-19,open-data-of-the-national-gas-regulatory-entity,https://transparencia.enargas.gob.ar,3,1,1,2.7.4,"[""datajson_harvest"", ""datajson"", ""harvest"", ""ckan_harvester"", ""stats"", ""text_view"", ""image_view"", ""recline_view"", ""hierarchy_display"", ""hierarchy_form"", ""gobar_theme"", ""datastore"", ""datapusher"", ""googleanalytics""]"
2026-04-19,city-of-karlsruhe,https://transparenz.karlsruhe.de,148,13,4,2.11.3,"[""ka"", ""stats"", ""image_view"", ""text_view"", ""webpage_view"", ""datatables_view"", ""datastore"", ""xloader"", ""activity"", ""geojson_view"", ""pdf_view"", ""resource_proxy"", ""pages"", ""dcat"", ""dcatde"", ""harvest"", ""extractor"", ""showcase"", ""citehelp"", ""similar_datasets"", ""solr_query_config"", ""ka_weather_harvester"", ""ka_geo_harvester"", ""ka_afsta_harvester"", ""ka_poi_harvester"", ""ckan_harvester"", ""matomo_dsgvo"", ""structured_data"", ""envvars""]"
2026-04-19,infrabel-transport-data-portal,https://transportdata.be,190,0,0,2.11.4,"[""image_view"", ""text_view"", ""datatables_view"", ""datastore"", ""activity"", ""ytp_request"", ""hidegroups"", ""mailchimp"", ""benap"", ""pages"", ""scheming_datasets"", ""scheming_organizations"", ""fluent"", ""dcat"", ""dcat_be_napits"", ""clamav"", ""envvars""]"
2026-04-19,bourgogne-franche-comte-open-data,https://trouver.ternum-bfc.fr,1226,14,65,2.7.6,"[""restricted"", ""pdf_view"", ""text_view"", ""image_view"", ""recline_view"", ""recline_graph_view"", ""recline_grid_view"", ""recline_map_view"", ""spatial_metadata"", ""spatial_query"", ""datastore"", ""datapusher"", ""resource_proxy"", ""geo_view"", ""geojson_view"", ""wmts_view"", ""webpage_view"", ""scheming_datasets"", ""composite"", ""stats"", ""cas"", ""showcase"", ""idgotheme"", ""dcat"", ""dcat_json_interface"", ""structured_data""]"
2026-04-19,turing-portaljs-org,https://turing.portaljs.org,0,0,0,,
2026-04-19,upv-data-transparency-portal,https://upvtransparent.upv.es,97,3,0,2.6.3,"[""stats"", ""text_view"", ""image_view"", ""multilingual_dataset"", ""multilingual_group"", ""multilingual_tag"", ""resource_proxy"", ""viewhelpers"", ""dashboard_preview"", ""dcat"", ""dcat_json_interface"", ""upv_theme"", ""datastore"", ""datapusher"", ""recline_view"", ""recline_grid_view"", ""recline_graph_view"", ""webpage_view""]"
2026-04-19,tuzla-municipality-open-data-portal,https://veri.tuzla.bel.tr,0,0,0,,
2026-04-19,vital-strategies,https://vitalstrategies.org,0,0,0,,
2026-04-19,world-bank-group-waterdata,https://wbwaterdata.org,2680,3,72,2.9.13,"[""sqlalchemythread"", ""stats"", ""text_view"", ""image_view"", ""recline_view"", ""recline_graph_view"", ""recline_map_view"", ""officedocs_view"", ""pdf_view"", ""dcat"", ""dcat_json_interface"", ""scheming_datasets"", ""spatial_metadata"", ""spatial_query"", ""harvest"", ""ckan_harvester"", ""csw_harvester"", ""waf_harvester"", ""doc_harvester"", ""datatables_view"", ""datastore"", ""datapusher"", ""dietstars"", ""waterdata"", ""waterdatapages"", ""resource_proxy"", ""geo_view"", ""geojson_view"", ""textboxview"", ""pages"", ""healthcheck"", ""security""]"
2026-04-19,wifire-commons-data-catalog,https://wifire-data.sdsc.edu,3707,0,32,2.8.7,"[""stats"", ""text_view"", ""image_view"", ""recline_view"", ""datastore"", ""hidegroups"", ""spatial_metadata"", ""spatial_query"", ""resource_proxy"", ""harvest"", ""ckan_harvester"", ""csw_harvester"", ""dcat_json_harvester"", ""dcat_rdf_harvester"", ""geo_view"", ""geojson_view"", ""wifire"", ""stac_harvester"", ""dcat"", ""structured_data"", ""sitemap"", ""webpage_view""]"
2026-04-19,www-cityobservatory-birmingham-gov-uk,https://www.cityobservatory.birmingham.gov.uk/,0,0,0,,
2026-04-19,morocco-open-data-portal,https://www.data.gov.ma/data,663,23,47,2.9.11,"[""duo"", ""duo_dataset"", ""duo_organization"", ""duo_group"", ""stats"", ""text_preview"", ""recline_preview"", ""datastore"", ""multilingual_group"", ""multilingual_tag"", ""pdf_view"", ""officedocs_view"", ""comments"", ""showcase"", ""egov"", ""validation"", ""scheming_datasets"", ""scheming_groups"", ""scheming_organizations""]"
2026-04-19,open-data-portal-queensland-government-open-data-portal-queensland-government,https://www.data.qld.gov.au,188770,0,0,,"[""stats"", ""resource_proxy"", ""text_view"", ""webpage_view"", ""image_view"", ""audio_view"", ""video_view"", ""datatables_view"", ""datastore"", ""data_qld"", ""data_qld_google_analytics"", ""dcat"", ""structured_data"", ""validation"", ""resource_type_validation"", ""validation_schema_generator"", ""qgovext"", ""report"", ""datarequests"", ""ytp_comments"", ""csrf_filter"", ""scheming_datasets"", ""qa"", ""archiver"", ""harvest"", ""ckan_harvester"", ""resource_visibility"", ""ssm_config"", ""xloader"", ""s3filestore"", ""oidc_pkce"", ""activity""]"
2026-04-19,www-datosabiertos-gob-pa,https://www.datosabiertos.gob.pa,5484,18,113,2.9.7,"[""envvars"", ""image_view"", ""text_view"", ""recline_view"", ""datastore"", ""datapusher"", ""stats"", ""disqus"", ""pages""]"
2026-04-19,edsn,https://www.edsn.nl,0,0,0,,
2026-04-19,lwf-envidat-data-portal,https://www.envidat.ch,832,27,88,2.11.3,"[""passwordless_api"", ""expire_api_token"", ""hierarchy_display"", ""envidat_theme"", ""spatial_metadata"", ""spatial_query"", ""scheming_datasets"", ""scheming_organizations"", ""composite"", ""restricted"", ""blind_review"", ""cloudstorage"", ""envvars""]"
2026-04-19,girona-open-data,https://www.girona.cat/opendata,53,8,13,2.0.1,"[""stats"", ""json_preview"", ""recline_preview"", ""datastore"", ""spatial_metadata"", ""spatial_query"", ""datapreview""]"
2026-04-19,www-lacounts-org,https://www.lacounts.org,0,0,0,,
2026-04-19,moei,https://www.moei.gov.ae,0,0,0,,
2026-04-19,offenesdatenportal-de,https://www.offenesdatenportal.de,1125,14,14,2.11.0,"[""stats"", ""datastore"", ""xloader"", ""resource_proxy"", ""showcase"", ""text_view"", ""image_view"", ""datatables_view"", ""geo_view"", ""geojson_view"", ""shp_view"", ""pdf_view"", ""dcat"", ""dcatde"", ""krzn""]"
2026-04-19,open-data-denmark,https://www.opendata.dk,0,0,0,,
2026-04-19,opendatanhsscot,https://www.opendata.nhs.scot,104,23,4,2.8.4,"[""stats"", ""text_view"", ""image_view"", ""recline_view"", ""datastore"", ""datapusher"", ""resource_proxy"", ""nhs_theme"", ""schedule_field"", ""reorder"", ""pages""]"
2026-04-19,open-data-northern-ireland,https://www.opendatani.gov.uk,0,0,0,,
2026-04-19,www-openspending-org,https://www.openspending.org/,0,0,0,,
2026-04-19,wwwopentourismnet,https://www.opentourism.net,0,0,0,,
2026-04-19,nrgi-resourcedata-portal,https://www.resourcedata.org,0,0,5,2.7.11,"[""nrgi"", ""scheming_datasets"", ""stats"", ""text_view"", ""image_view"", ""datatables_view"", ""recline_graph_view"", ""recline_map_view"", ""recline_view"", ""webpage_view"", ""datastore"", ""datapusher"", ""dietstars"", ""spatial_metadata"", ""spatial_query"", ""officedocs_view"", ""dcat"", ""structured_data"", ""dcat_json_interface"", ""pages"", ""pdf_view"", ""geo_view"", ""geojson_view"", ""wmts_view"", ""resource_proxy"", ""s3filestore"", ""googleanalytics"", ""sqlalchemythread""]"
2026-04-19,santa-cruz-de-tenerife-open-data,https://www.santacruzdetenerife.es/opendata,104,22,0,2.7.2,"[""stats"", ""datastore"", ""resource_proxy"", ""geojson_view"", ""recline_view"", ""pdf_view"", ""text_view"", ""viewhelpers"", ""dashboard_preview"", ""linechart"", ""barchart"", ""piechart"", ""basicgrid"", ""navigablemap"", ""choroplethmap"", ""geo_view"", ""sparql_interface"", ""harvest"", ""ckan_harvester"", ""dcat"", ""dcat_rdf_harvester"", ""federador"", ""showcase"", ""multilingual_group"", ""multilingual_dataset""]"
2026-04-19,ssen,https://www.ssen.co.uk/our-services/data-and-digitisation/,0,0,0,,
2026-04-19,west-virginia-checkbook,https://www.wvcheckbook.gov,0,0,0,,
2026-04-19,www-yorkopendata-org,https://www.yorkopendata.org,0,0,0,,
2026-04-19,us-department-of-education,https://www2.ed.gov/rschstat/landing.jhtml,0,0,0,,
2026-04-19,grupo-xcaret-sustainability-data,https://xtoria.grupoxcaret.com,49,15,12,2.9.9,"[""envvars"", ""image_view"", ""text_view"", ""recline_view"", ""datastore"", ""datapusher"", ""contact"", ""bulkupload"", ""xcaret"", ""saml2auth"", ""pages"", ""scheming_datasets"", ""pdf_view"", ""zip_view""]"
