tstamp,name,url,num_datasets,num_groups,num_organizations,ckan_version,extensions
2026-10-05,the-durban-edge-open-data-portal,https://datasets.edge.durban/,25,6,2,2.11.5,"[""envvars"", ""stats"", ""text_view"", ""image_view"", ""datatables_view"", ""datastore"", ""resource_proxy"", ""webpage_view"", ""xloader"", ""edge"", ""activity""]"
2026-10-05,ipaportal-ipaportale,https://indicepa.gov.it/ipa-dati,27,4,1,2.9.8,"[""stats"", ""resource_proxy"", ""text_view"", ""image_view"", ""recline_view"", ""datastore"", ""xloader"", ""harvest"", ""ckan_harvester"", ""dcat"", ""dcat_rdf_harvester"", ""dcat_json_harvester"", ""dcat_json_interface"", ""structured_data"", ""dcatapit_pkg"", ""dcatapit_org"", ""dcatapit_config"", ""dcatapit_subcatalog_facets"", ""dcatapit_theme_group_mapper"", ""dcatapit_vocabulary"", ""multilang"", ""multilang_harvester"", ""resource_list"", ""get_old_resource""]"
2026-10-05,manajemensatudatabangkagoid,https://manajemen-satudata.bangka.go.id,0,0,0,,
2026-10-05,dadosifscedubr,https://dados.ifsc.edu.br,14,26,1,2.10.10,"[""stats"", ""text_view"", ""image_view"", ""activity""]"
2026-10-05,yasothonlocalgdcataloggoth,https://yasothon-local.gdcatalog.go.th,0,7,1,2.10.10,"[""thaigdc2fa"", ""thai_gdc"", ""showcase"", ""stats"", ""opendstats"", ""activity"", ""image_view"", ""datatables_view"", ""text_view"", ""webpage_view"", ""resource_proxy"", ""geo_view"", ""geojson_view"", ""shp_view"", ""wmts_view"", ""xloader"", ""datastore"", ""pdf_view"", ""dcat"", ""dcat_json_interface"", ""structured_data"", ""scheming_datasets"", ""hierarchy_display"", ""hierarchy_form"", ""envvars""]"
2026-10-05,yalalocalgdcataloggoth,https://yala-local.gdcatalog.go.th,2,7,3,2.10.10,"[""thaigdc2fa"", ""thai_gdc"", ""showcase"", ""stats"", ""opendstats"", ""activity"", ""image_view"", ""datatables_view"", ""text_view"", ""webpage_view"", ""resource_proxy"", ""geo_view"", ""geojson_view"", ""shp_view"", ""wmts_view"", ""xloader"", ""datastore"", ""pdf_view"", ""dcat"", ""dcat_json_interface"", ""structured_data"", ""scheming_datasets"", ""hierarchy_display"", ""hierarchy_form"", ""envvars""]"
2026-10-05,yasothongdcataloggoth,https://yasothon.gdcatalog.go.th,389,0,54,2.10.10,"[""thaigdc2fa"", ""thai_gdc"", ""showcase"", ""stats"", ""opendstats"", ""googleanalytics"", ""activity"", ""image_view"", ""datatables_view"", ""text_view"", ""webpage_view"", ""resource_proxy"", ""geo_view"", ""geojson_view"", ""shp_view"", ""wmts_view"", ""xloader"", ""datastore"", ""pdf_view"", ""dcat"", ""dcat_json_interface"", ""structured_data"", ""scheming_datasets"", ""scheming_groups"", ""hierarchy_display"", ""hierarchy_form"", ""envvars""]"
2026-10-05,yalagdcataloggoth,https://yala.gdcatalog.go.th,295,0,44,2.10.10,"[""thaigdc2fa"", ""thai_gdc"", ""showcase"", ""stats"", ""opendstats"", ""googleanalytics"", ""activity"", ""image_view"", ""datatables_view"", ""text_view"", ""webpage_view"", ""resource_proxy"", ""geo_view"", ""geojson_view"", ""shp_view"", ""wmts_view"", ""xloader"", ""datastore"", ""pdf_view"", ""dcat"", ""dcat_json_interface"", ""structured_data"", ""scheming_datasets"", ""scheming_groups"", ""hierarchy_display"", ""hierarchy_form"", ""envvars""]"
2026-10-05,wwwtraffic4cyprusorgcy,https://www.traffic4cyprus.org.cy/,42,2,7,2.9.9,"[""stats"", ""text_view"", ""image_view"", ""recline_view"", ""datastore"", ""datapusher"", ""harvest"", ""ckan_harvester"", ""dcat"", ""dcat_rdf_harvester"", ""dcat_json_harvester"", ""dcat_json_interface"", ""structured_data"", ""cy_theme"", ""pages"", ""scheming_datasets"", ""scheming_groups"", ""scheming_organizations"", ""fluent""]"
2026-10-05,wwwopendatamaggiolicloud,https://www.opendata.maggioli.cloud/,6223,13,192,2.10.3,"[""envvars"", ""datatables_view"", ""image_view"", ""text_view"", ""recline_view"", ""datastore"", ""xloader"", ""harvest"", ""ckan_harvester"", ""dcat"", ""dcat_rdf_harvester"", ""dcat_json_harvester"", ""dcat_json_interface"", ""structured_data"", ""dcatapit_pkg"", ""dcatapit_org"", ""dcatapit_config"", ""dcatapit_theme_group_mapper"", ""dcatapit_ckan_harvester"", ""dcatapit_harvester""]"
2026-10-05,wwwopendataoepnvde,https://www.opendata-oepnv.de,47,11,16,2.10.10,"[""stats"", ""text_view"", ""image_view"", ""recline_view"", ""datastore"", ""resource_proxy"", ""activity"", ""harvest"", ""ckan_harvester"", ""dcat"", ""dcat_rdf_harvester"", ""dcat_json_harvester"", ""delfithek""]"
2026-10-05,wwwlowcarboncontractsuk,https://www.lowcarboncontracts.uk/data-portal,38,7,2,2.11.5,"[""lccc_theme"", ""googleanalytics"", ""datatables_view"", ""datastore"", ""activity"", ""s3filestore""]"
2026-10-05,wwwgeospatialjp,https://www.geospatial.jp/ckan,17304,20,784,,"[""activity"", ""pdf_view"", ""text_view"", ""image_view"", ""webpage_view"", ""dcat"", ""dcat_rdf_harvester"", ""dcat_json_harvester"", ""dcat_json_interface"", ""sitemap"", ""hierarchy_display"", ""s3filestore"", ""ldap"", ""spatial_metadata"", ""spatial_query"", ""showcase"", ""gspf_api"", ""gspf_theme"", ""gspf_dataset"", ""gspf_organization"", ""gspf_group"", ""tracking"", ""clipboard""]"
2026-10-05,wwwdonostiaeus,https://www.donostia.eus/datuirekiak/,143,22,1,2.11.2,"[""activity"", ""stats"", ""datastore"", ""datapusher_plus"", ""scheming_datasets"", ""scheming_groups"", ""scheming_organizations"", ""fluent"", ""resource_proxy"", ""text_view"", ""pdf_view"", ""datatables_view"", ""geo_view"", ""shp_view"", ""geojson_view"", ""wmts_view"", ""dcat"", ""dcat_json_interface"", ""structured_data"", ""spatial_metadata"", ""spatial_query"", ""donostiaopendata"", ""linechart"", ""barchart"", ""piechart"", ""tracking""]"
2026-10-05,uttaraditlocalgdcataloggoth,https://uttaradit-local.gdcatalog.go.th,3,7,2,2.10.10,"[""thaigdc2fa"", ""thai_gdc"", ""showcase"", ""stats"", ""opendstats"", ""activity"", ""image_view"", ""datatables_view"", ""text_view"", ""webpage_view"", ""resource_proxy"", ""geo_view"", ""geojson_view"", ""shp_view"", ""wmts_view"", ""xloader"", ""datastore"", ""pdf_view"", ""dcat"", ""dcat_json_interface"", ""structured_data"", ""scheming_datasets"", ""hierarchy_display"", ""hierarchy_form"", ""envvars""]"
2026-10-05,uttaraditgdcataloggoth,https://uttaradit.gdcatalog.go.th,432,0,66,2.10.10,"[""thaigdc2fa"", ""thai_gdc"", ""showcase"", ""stats"", ""opendstats"", ""googleanalytics"", ""activity"", ""image_view"", ""datatables_view"", ""text_view"", ""webpage_view"", ""resource_proxy"", ""geo_view"", ""geojson_view"", ""shp_view"", ""wmts_view"", ""xloader"", ""datastore"", ""pdf_view"", ""dcat"", ""dcat_json_interface"", ""structured_data"", ""scheming_datasets"", ""scheming_groups"", ""hierarchy_display"", ""hierarchy_form"", ""envvars""]"
2026-10-05,uthaithanilocalgdcataloggoth,https://uthaithani-local.gdcatalog.go.th,0,7,1,2.10.10,"[""thaigdc2fa"", ""thai_gdc"", ""showcase"", ""stats"", ""opendstats"", ""activity"", ""image_view"", ""datatables_view"", ""text_view"", ""webpage_view"", ""resource_proxy"", ""geo_view"", ""geojson_view"", ""shp_view"", ""wmts_view"", ""xloader"", ""datastore"", ""pdf_view"", ""dcat"", ""dcat_json_interface"", ""structured_data"", ""scheming_datasets"", ""hierarchy_display"", ""hierarchy_form"", ""envvars""]"
2026-10-05,uthaithanigdcataloggoth,https://uthaithani.gdcatalog.go.th,344,0,63,2.10.10,"[""thaigdc2fa"", ""thai_gdc"", ""showcase"", ""stats"", ""opendstats"", ""googleanalytics"", ""activity"", ""image_view"", ""datatables_view"", ""text_view"", ""webpage_view"", ""resource_proxy"", ""geo_view"", ""geojson_view"", ""shp_view"", ""wmts_view"", ""xloader"", ""datastore"", ""pdf_view"", ""dcat"", ""dcat_json_interface"", ""structured_data"", ""scheming_datasets"", ""scheming_groups"", ""hierarchy_display"", ""hierarchy_form"", ""envvars""]"
2026-10-05,upvtransparenteupves,https://upvtransparente.upv.es,97,3,0,2.6.3,"[""stats"", ""text_view"", ""image_view"", ""multilingual_dataset"", ""multilingual_group"", ""multilingual_tag"", ""resource_proxy"", ""viewhelpers"", ""dashboard_preview"", ""dcat"", ""dcat_json_interface"", ""upv_theme"", ""datastore"", ""datapusher"", ""recline_view"", ""recline_grid_view"", ""recline_graph_view"", ""webpage_view""]"
2026-10-05,ugosinfo,https://ugos.info/,34882,10,61,2.10.4,"[""activity"", ""ugos"", ""spatial_metadata"", ""spatial_query""]"
2026-10-05,udonthanilocalgdcataloggoth,https://udonthani-local.gdcatalog.go.th,0,7,2,2.10.10,"[""thaigdc2fa"", ""thai_gdc"", ""showcase"", ""stats"", ""opendstats"", ""activity"", ""image_view"", ""datatables_view"", ""text_view"", ""webpage_view"", ""resource_proxy"", ""geo_view"", ""geojson_view"", ""shp_view"", ""wmts_view"", ""xloader"", ""datastore"", ""pdf_view"", ""dcat"", ""dcat_json_interface"", ""structured_data"", ""scheming_datasets"", ""hierarchy_display"", ""hierarchy_form"", ""envvars""]"
2026-10-05,udonthanigdcataloggoth,https://udonthani.gdcatalog.go.th,237,0,47,2.10.10,"[""thaigdc2fa"", ""thai_gdc"", ""showcase"", ""stats"", ""opendstats"", ""googleanalytics"", ""activity"", ""image_view"", ""datatables_view"", ""text_view"", ""webpage_view"", ""resource_proxy"", ""geo_view"", ""geojson_view"", ""shp_view"", ""wmts_view"", ""xloader"", ""datastore"", ""pdf_view"", ""dcat"", ""dcat_json_interface"", ""structured_data"", ""scheming_datasets"", ""scheming_groups"", ""hierarchy_display"", ""hierarchy_form"", ""envvars""]"
2026-10-05,ubonratchathanigdcataloggoth,https://ubonratchathani.gdcatalog.go.th,384,0,77,2.10.10,"[""thaigdc2fa"", ""thai_gdc"", ""showcase"", ""stats"", ""opendstats"", ""googleanalytics"", ""activity"", ""image_view"", ""datatables_view"", ""text_view"", ""webpage_view"", ""resource_proxy"", ""geo_view"", ""geojson_view"", ""shp_view"", ""wmts_view"", ""xloader"", ""datastore"", ""pdf_view"", ""dcat"", ""dcat_json_interface"", ""structured_data"", ""scheming_datasets"", ""scheming_groups"", ""hierarchy_display"", ""hierarchy_form"", ""envvars""]"
2026-10-05,ubonratchathanilocalgdcataloggoth,https://ubonratchathani-local.gdcatalog.go.th,1,7,2,2.10.10,"[""thaigdc2fa"", ""thai_gdc"", ""showcase"", ""stats"", ""opendstats"", ""activity"", ""image_view"", ""datatables_view"", ""text_view"", ""webpage_view"", ""resource_proxy"", ""geo_view"", ""geojson_view"", ""shp_view"", ""wmts_view"", ""xloader"", ""datastore"", ""pdf_view"", ""dcat"", ""dcat_json_interface"", ""structured_data"", ""scheming_datasets"", ""hierarchy_display"", ""hierarchy_form"", ""envvars""]"
2026-10-05,tratlocalgdcataloggoth,https://trat-local.gdcatalog.go.th,0,7,0,2.10.10,"[""thaigdc2fa"", ""thai_gdc"", ""showcase"", ""stats"", ""opendstats"", ""activity"", ""image_view"", ""datatables_view"", ""text_view"", ""webpage_view"", ""resource_proxy"", ""geo_view"", ""geojson_view"", ""shp_view"", ""wmts_view"", ""xloader"", ""datastore"", ""pdf_view"", ""dcat"", ""dcat_json_interface"", ""structured_data"", ""scheming_datasets"", ""hierarchy_display"", ""hierarchy_form"", ""envvars""]"
2026-10-05,tratgdcataloggoth,https://trat.gdcatalog.go.th,356,0,67,2.10.10,"[""thaigdc2fa"", ""thai_gdc"", ""showcase"", ""stats"", ""opendstats"", ""googleanalytics"", ""activity"", ""image_view"", ""datatables_view"", ""text_view"", ""webpage_view"", ""resource_proxy"", ""geo_view"", ""geojson_view"", ""shp_view"", ""wmts_view"", ""xloader"", ""datastore"", ""pdf_view"", ""dcat"", ""dcat_json_interface"", ""structured_data"", ""scheming_datasets"", ""scheming_groups"", ""hierarchy_display"", ""hierarchy_form"", ""envvars""]"
2026-10-05,tranglocalgdcataloggoth,https://trang-local.gdcatalog.go.th,0,7,0,2.10.10,"[""thaigdc2fa"", ""thai_gdc"", ""showcase"", ""stats"", ""opendstats"", ""activity"", ""image_view"", ""datatables_view"", ""text_view"", ""webpage_view"", ""resource_proxy"", ""geo_view"", ""geojson_view"", ""shp_view"", ""wmts_view"", ""xloader"", ""datastore"", ""pdf_view"", ""dcat"", ""dcat_json_interface"", ""structured_data"", ""scheming_datasets"", ""hierarchy_display"", ""hierarchy_form"", ""envvars""]"
2026-10-05,tranggdcataloggoth,https://trang.gdcatalog.go.th,297,0,43,2.10.10,"[""thaigdc2fa"", ""thai_gdc"", ""showcase"", ""stats"", ""opendstats"", ""googleanalytics"", ""activity"", ""image_view"", ""datatables_view"", ""text_view"", ""webpage_view"", ""resource_proxy"", ""geo_view"", ""geojson_view"", ""shp_view"", ""wmts_view"", ""xloader"", ""datastore"", ""pdf_view"", ""dcat"", ""dcat_json_interface"", ""structured_data"", ""scheming_datasets"", ""scheming_groups"", ""hierarchy_display"", ""hierarchy_form"", ""envvars""]"
2026-10-05,taklocalgdcataloggoth,https://tak-local.gdcatalog.go.th,0,7,2,2.10.10,"[""thaigdc2fa"", ""thai_gdc"", ""showcase"", ""stats"", ""opendstats"", ""activity"", ""image_view"", ""datatables_view"", ""text_view"", ""webpage_view"", ""resource_proxy"", ""geo_view"", ""geojson_view"", ""shp_view"", ""wmts_view"", ""xloader"", ""datastore"", ""pdf_view"", ""dcat"", ""dcat_json_interface"", ""structured_data"", ""scheming_datasets"", ""hierarchy_display"", ""hierarchy_form"", ""envvars""]"
2026-10-05,takgdcataloggoth,https://tak.gdcatalog.go.th,567,0,59,2.10.10,"[""thaigdc2fa"", ""thai_gdc"", ""showcase"", ""stats"", ""opendstats"", ""googleanalytics"", ""activity"", ""image_view"", ""datatables_view"", ""text_view"", ""webpage_view"", ""resource_proxy"", ""geo_view"", ""geojson_view"", ""shp_view"", ""wmts_view"", ""xloader"", ""datastore"", ""pdf_view"", ""dcat"", ""dcat_json_interface"", ""structured_data"", ""scheming_datasets"", ""scheming_groups"", ""hierarchy_display"", ""hierarchy_form"", ""envvars""]"
2026-10-05,suringdcataloggoth,https://surin.gdcatalog.go.th,674,0,79,2.10.10,"[""thaigdc2fa"", ""thai_gdc"", ""showcase"", ""stats"", ""opendstats"", ""googleanalytics"", ""activity"", ""image_view"", ""datatables_view"", ""text_view"", ""webpage_view"", ""resource_proxy"", ""geo_view"", ""geojson_view"", ""shp_view"", ""wmts_view"", ""xloader"", ""datastore"", ""pdf_view"", ""dcat"", ""dcat_json_interface"", ""structured_data"", ""scheming_datasets"", ""scheming_groups"", ""hierarchy_display"", ""hierarchy_form"", ""envvars""]"
2026-10-05,surinlocalgdcataloggoth,https://surin-local.gdcatalog.go.th,0,7,0,2.10.10,"[""thaigdc2fa"", ""thai_gdc"", ""showcase"", ""stats"", ""opendstats"", ""activity"", ""image_view"", ""datatables_view"", ""text_view"", ""webpage_view"", ""resource_proxy"", ""geo_view"", ""geojson_view"", ""shp_view"", ""wmts_view"", ""xloader"", ""datastore"", ""pdf_view"", ""dcat"", ""dcat_json_interface"", ""structured_data"", ""scheming_datasets"", ""hierarchy_display"", ""hierarchy_form"", ""envvars""]"
2026-10-05,suratthanilocalgdcataloggoth,https://suratthani-local.gdcatalog.go.th,20,7,4,2.10.10,"[""thaigdc2fa"", ""thai_gdc"", ""showcase"", ""stats"", ""opendstats"", ""activity"", ""image_view"", ""datatables_view"", ""text_view"", ""webpage_view"", ""resource_proxy"", ""geo_view"", ""geojson_view"", ""shp_view"", ""wmts_view"", ""xloader"", ""datastore"", ""pdf_view"", ""dcat"", ""dcat_json_interface"", ""structured_data"", ""scheming_datasets"", ""hierarchy_display"", ""hierarchy_form"", ""envvars""]"
2026-10-05,suratthanigdcataloggoth,https://suratthani.gdcatalog.go.th,419,0,65,2.10.10,"[""thaigdc2fa"", ""thai_gdc"", ""showcase"", ""stats"", ""opendstats"", ""googleanalytics"", ""activity"", ""image_view"", ""datatables_view"", ""text_view"", ""webpage_view"", ""resource_proxy"", ""geo_view"", ""geojson_view"", ""shp_view"", ""wmts_view"", ""xloader"", ""datastore"", ""pdf_view"", ""dcat"", ""dcat_json_interface"", ""structured_data"", ""scheming_datasets"", ""scheming_groups"", ""hierarchy_display"", ""hierarchy_form"", ""envvars""]"
2026-10-05,suphanburilocalgdcataloggoth,https://suphanburi-local.gdcatalog.go.th,12,7,3,2.10.10,"[""thaigdc2fa"", ""thai_gdc"", ""showcase"", ""stats"", ""opendstats"", ""activity"", ""image_view"", ""datatables_view"", ""text_view"", ""webpage_view"", ""resource_proxy"", ""geo_view"", ""geojson_view"", ""shp_view"", ""wmts_view"", ""xloader"", ""datastore"", ""pdf_view"", ""dcat"", ""dcat_json_interface"", ""structured_data"", ""scheming_datasets"", ""hierarchy_display"", ""hierarchy_form"", ""envvars""]"
2026-10-05,suphanburigdcataloggoth,https://suphanburi.gdcatalog.go.th,469,0,88,2.10.10,"[""thaigdc2fa"", ""thai_gdc"", ""showcase"", ""stats"", ""opendstats"", ""googleanalytics"", ""activity"", ""image_view"", ""datatables_view"", ""text_view"", ""webpage_view"", ""resource_proxy"", ""geo_view"", ""geojson_view"", ""shp_view"", ""wmts_view"", ""xloader"", ""datastore"", ""pdf_view"", ""dcat"", ""dcat_json_interface"", ""structured_data"", ""scheming_datasets"", ""scheming_groups"", ""hierarchy_display"", ""hierarchy_form"", ""envvars""]"
2026-10-05,suojattudatasuomifi,https://suojattudata.suomi.fi,0,13,14,2.11.5,"[""dcat"", ""restricteddata_pages"", ""pages"", ""restricteddata"", ""restricteddata_paha_authentication"", ""markdown_editor"", ""activity"", ""text_view"", ""image_view"", ""harvest"", ""sentry"", ""fluent"", ""scheming_datasets"", ""scheming_groups"", ""scheming_organizations"", ""matomo""]"
2026-10-05,sukhothailocalgdcataloggoth,https://sukhothai-local.gdcatalog.go.th,1,7,1,2.10.10,"[""thaigdc2fa"", ""thai_gdc"", ""showcase"", ""stats"", ""opendstats"", ""activity"", ""image_view"", ""datatables_view"", ""text_view"", ""webpage_view"", ""resource_proxy"", ""geo_view"", ""geojson_view"", ""shp_view"", ""wmts_view"", ""xloader"", ""datastore"", ""pdf_view"", ""dcat"", ""dcat_json_interface"", ""structured_data"", ""scheming_datasets"", ""hierarchy_display"", ""hierarchy_form"", ""envvars""]"
2026-10-05,sukhothaigdcataloggoth,https://sukhothai.gdcatalog.go.th,408,0,50,2.10.10,"[""thaigdc2fa"", ""thai_gdc"", ""showcase"", ""stats"", ""opendstats"", ""googleanalytics"", ""activity"", ""image_view"", ""datatables_view"", ""text_view"", ""webpage_view"", ""resource_proxy"", ""geo_view"", ""geojson_view"", ""shp_view"", ""wmts_view"", ""xloader"", ""datastore"", ""pdf_view"", ""dcat"", ""dcat_json_interface"", ""structured_data"", ""scheming_datasets"", ""scheming_groups"", ""hierarchy_display"", ""hierarchy_form"", ""envvars""]"
2026-10-05,songkhlalocalgdcataloggoth,https://songkhla-local.gdcatalog.go.th,33,7,11,2.10.10,"[""thaigdc2fa"", ""thai_gdc"", ""showcase"", ""stats"", ""opendstats"", ""activity"", ""image_view"", ""datatables_view"", ""text_view"", ""webpage_view"", ""resource_proxy"", ""geo_view"", ""geojson_view"", ""shp_view"", ""wmts_view"", ""xloader"", ""datastore"", ""pdf_view"", ""dcat"", ""dcat_json_interface"", ""structured_data"", ""scheming_datasets"", ""hierarchy_display"", ""hierarchy_form"", ""envvars""]"
2026-10-05,sproutopencontentcom,https://db.sproutopencontent.com,177,6,102,2.9.10,"[""envvars"", ""stats"", ""text_view"", ""image_view"", ""video_view"", ""recline_view"", ""datastore"", ""datapusher"", ""sprout"", ""googleanalytics"", ""report"", ""archiver"", ""suggest"", ""resourcedictionary"", ""pdf_view"", ""scheming_datasets"", ""scheming_organizations"", ""datasetversions"", ""disqus""]"
2026-10-05,songkhlagdcataloggoth,https://songkhla.gdcatalog.go.th,271,0,80,2.10.10,"[""thaigdc2fa"", ""thai_gdc"", ""showcase"", ""stats"", ""opendstats"", ""googleanalytics"", ""activity"", ""image_view"", ""datatables_view"", ""text_view"", ""webpage_view"", ""resource_proxy"", ""geo_view"", ""geojson_view"", ""shp_view"", ""wmts_view"", ""xloader"", ""datastore"", ""pdf_view"", ""dcat"", ""dcat_json_interface"", ""structured_data"", ""scheming_datasets"", ""scheming_groups"", ""hierarchy_display"", ""hierarchy_form"", ""envvars""]"
2026-10-05,sisaketlocalgdcataloggoth,https://sisaket-local.gdcatalog.go.th,0,7,2,2.10.10,"[""thaigdc2fa"", ""thai_gdc"", ""showcase"", ""stats"", ""opendstats"", ""activity"", ""image_view"", ""datatables_view"", ""text_view"", ""webpage_view"", ""resource_proxy"", ""geo_view"", ""geojson_view"", ""shp_view"", ""wmts_view"", ""xloader"", ""datastore"", ""pdf_view"", ""dcat"", ""dcat_json_interface"", ""structured_data"", ""scheming_datasets"", ""hierarchy_display"", ""hierarchy_form"", ""envvars""]"
2026-10-05,sisaketgdcataloggoth,https://sisaket.gdcatalog.go.th,722,0,75,2.10.10,"[""thaigdc2fa"", ""thai_gdc"", ""showcase"", ""stats"", ""opendstats"", ""googleanalytics"", ""activity"", ""image_view"", ""datatables_view"", ""text_view"", ""webpage_view"", ""resource_proxy"", ""geo_view"", ""geojson_view"", ""shp_view"", ""wmts_view"", ""xloader"", ""datastore"", ""pdf_view"", ""dcat"", ""dcat_json_interface"", ""structured_data"", ""scheming_datasets"", ""scheming_groups"", ""hierarchy_display"", ""hierarchy_form"", ""envvars""]"
2026-10-05,singburilocalgdcataloggoth,https://singburi-local.gdcatalog.go.th,0,7,0,2.10.10,"[""thaigdc2fa"", ""thai_gdc"", ""showcase"", ""stats"", ""opendstats"", ""activity"", ""image_view"", ""datatables_view"", ""text_view"", ""webpage_view"", ""resource_proxy"", ""geo_view"", ""geojson_view"", ""shp_view"", ""wmts_view"", ""xloader"", ""datastore"", ""pdf_view"", ""dcat"", ""dcat_json_interface"", ""structured_data"", ""scheming_datasets"", ""hierarchy_display"", ""hierarchy_form"", ""envvars""]"
2026-10-05,singburigdcataloggoth,https://singburi.gdcatalog.go.th,370,0,75,2.10.10,"[""thaigdc2fa"", ""thai_gdc"", ""showcase"", ""stats"", ""opendstats"", ""googleanalytics"", ""activity"", ""image_view"", ""datatables_view"", ""text_view"", ""webpage_view"", ""resource_proxy"", ""geo_view"", ""geojson_view"", ""shp_view"", ""wmts_view"", ""xloader"", ""datastore"", ""pdf_view"", ""dcat"", ""dcat_json_interface"", ""structured_data"", ""scheming_datasets"", ""scheming_groups"", ""hierarchy_display"", ""hierarchy_form"", ""envvars""]"
2026-10-05,sihotealinru,https://sihote-alin.ru,615,3,40,2.8.3,"[""stats"", ""text_view"", ""image_view"", ""recline_view"", ""pdf_view"", ""custom_theme"", ""webpage_view""]"
2026-10-05,sdiselumakabgoid,https://sdi.selumakab.go.id,300,15,29,2.10.4,"[""image_view"", ""text_view"", ""datatables_view"", ""datastore"", ""datapusher"", ""envvars""]"
2026-10-05,sdiniasutarakabgoid,https://sdi.niasutarakab.go.id/,135,7,39,2.11.4,"[""activity""]"
2026-10-05,sdipalukotagoid,https://sdi.palukota.go.id,151,29,33,2.10.8,"[""stats"", ""text_view"", ""pdf_view"", ""image_view"", ""recline_view"", ""resource_proxy"", ""datastore"", ""xloader"", ""walidata""]"
2026-10-05,sdikatingankabgoid,https://sdi.katingankab.go.id,161,0,1,2.9.11,"[""envvars"", ""stats"", ""image_view"", ""text_view"", ""recline_view"", ""resource_proxy"", ""geo_view"", ""harvest"", ""ckan_harvester"", ""csw_harvester"", ""spatial_metadata"", ""spatial_query"", ""scheming_organizations"", ""create_typed_package"", ""pdf_view"", ""officedocs_view"", ""geojson_view"", ""shp_view"", ""wmts_view"", ""datatables_view"", ""resourcedictionary"", ""datastore"", ""datapusher"", ""pages"", ""showcase"", ""waf_harvester"", ""doc_harvester"", ""dcat"", ""dcat_rdf_harvester"", ""dcat_json_harvester"", ""dcat_json_interface"", ""structured_data""]"
2026-10-05,satungdcataloggoth,https://satun.gdcatalog.go.th,317,0,55,2.10.10,"[""thaigdc2fa"", ""thai_gdc"", ""showcase"", ""stats"", ""opendstats"", ""googleanalytics"", ""activity"", ""image_view"", ""datatables_view"", ""text_view"", ""webpage_view"", ""resource_proxy"", ""geo_view"", ""geojson_view"", ""shp_view"", ""wmts_view"", ""xloader"", ""datastore"", ""pdf_view"", ""dcat"", ""dcat_json_interface"", ""structured_data"", ""scheming_datasets"", ""scheming_groups"", ""hierarchy_display"", ""hierarchy_form"", ""envvars""]"
2026-10-05,satunlocalgdcataloggoth,https://satun-local.gdcatalog.go.th,0,7,2,2.10.10,"[""thaigdc2fa"", ""thai_gdc"", ""showcase"", ""stats"", ""opendstats"", ""activity"", ""image_view"", ""datatables_view"", ""text_view"", ""webpage_view"", ""resource_proxy"", ""geo_view"", ""geojson_view"", ""shp_view"", ""wmts_view"", ""xloader"", ""datastore"", ""pdf_view"", ""dcat"", ""dcat_json_interface"", ""structured_data"", ""scheming_datasets"", ""hierarchy_display"", ""hierarchy_form"", ""envvars""]"
2026-10-05,satudatasumbawakabgoid,https://satudata.sumbawakab.go.id,0,0,0,,
2026-10-05,satudatasolokkabgoid,https://satudata.solokkab.go.id,67,8,41,2.9.8,"[""harvest"", ""ckan_harvester"", ""datastore"", ""datapusher"", ""viewhelpers"", ""dashboard_preview"", ""pdf_view"", ""stats"", ""text_view"", ""image_view"", ""officedocs_view"", ""recline_view"", ""dataexplorer_view"", ""dcat"", ""dcat_rdf_harvester"", ""dcat_json_interface"", ""dcat_json_harvester"", ""structured_data""]"
2026-10-05,satudatarejanglebongkabgoid,https://satudata.rejanglebongkab.go.id,477,1,38,2.9.5,"[""envvars"", ""stats"", ""image_view"", ""text_view"", ""recline_view"", ""scheming_datasets"", ""resourceauthorizer"", ""resource_proxy"", ""geo_view"", ""harvest"", ""ckan_harvester"", ""csw_harvester"", ""spatial_metadata"", ""spatial_query"", ""resourcedictionary"", ""datastore"", ""datapusher"", ""pages"", ""showcase"", ""pdf_view"", ""officedocs_view"", ""geojson_view"", ""shp_view"", ""wmts_view"", ""datatables_view"", ""dcat"", ""dcat_rdf_harvester"", ""dcat_json_harvester"", ""dcat_json_interface"", ""structured_data"", ""oaipmh_harvester""]"
2026-10-05,satudatapalikabgoid,https://satudata.palikab.go.id,48,10,39,2.9.11,"[""envvars"", ""stats"", ""image_view"", ""text_view"", ""recline_view"", ""resource_proxy"", ""geo_view"", ""harvest"", ""ckan_harvester"", ""csw_harvester"", ""spatial_metadata"", ""spatial_query"", ""scheming_organizations"", ""create_typed_package"", ""pdf_view"", ""officedocs_view"", ""geojson_view"", ""shp_view"", ""wmts_view"", ""datatables_view"", ""resourcedictionary"", ""datastore"", ""datapusher"", ""pages"", ""showcase"", ""waf_harvester"", ""doc_harvester"", ""dcat"", ""dcat_rdf_harvester"", ""dcat_json_harvester"", ""dcat_json_interface"", ""structured_data"", ""satudatadaerah""]"
2026-10-05,satudatapalembanggoid,https://satudata.palembang.go.id,44,12,53,2.9.11,"[""envvars"", ""stats"", ""security"", ""image_view"", ""text_view"", ""recline_view"", ""resource_proxy"", ""geo_view"", ""harvest"", ""ckan_harvester"", ""csw_harvester"", ""spatial_metadata"", ""spatial_query"", ""scheming_organizations"", ""create_typed_package"", ""pdf_view"", ""officedocs_view"", ""geojson_view"", ""shp_view"", ""wmts_view"", ""datatables_view"", ""resourcedictionary"", ""datastore"", ""datapusher"", ""pages"", ""showcase"", ""waf_harvester"", ""doc_harvester"", ""dcat"", ""dcat_rdf_harvester"", ""dcat_json_harvester"", ""dcat_json_interface"", ""structured_data""]"
2026-10-05,satudataokutimurkabgoid,https://satudata.okutimurkab.go.id,12,0,26,2.11.4,"[""image_view"", ""text_view"", ""datatables_view"", ""datastore"", ""datapusher"", ""envvars""]"
2026-10-05,satudatalandakkabgoid,https://satudata.landakkab.go.id,1164,11,40,2.11.4,"[""image_view"", ""text_view"", ""datatables_view"", ""datastore"", ""datapusher"", ""envvars"", ""resource_proxy"", ""stats"", ""contact"", ""officedocs_view"", ""geo_view"", ""pdf_view"", ""showcase"", ""pslandak""]"
2026-10-05,satudatakonaweutarakabcom,https://satudata.konaweutarakab.com,166,37,39,2.10.8,"[""activity"", ""datastore"", ""text_view"", ""image_view"", ""datatables_view"", ""recline_view"", ""pdf_view""]"
2026-10-05,satudatakendarikotagoid,https://satudata.kendarikota.go.id,642,0,55,2.13.0a0,"[""datastore"", ""datapusher"", ""image_view"", ""text_view"", ""webpage_view"", ""datatables_view"", ""dcat"", ""dcat_json_interface""]"
2026-10-05,satudatakapuaskabgoid,https://satudata.kapuaskab.go.id,3927,0,47,2.10.4,"[""envvars"", ""image_view"", ""text_view"", ""datatables_view"", ""datastore"", ""datapusher"", ""officedocs_view"", ""pdf_view""]"
2026-10-05,satudatadenpasarkotagoid,https://satudata.denpasarkota.go.id,1028,8,58,2.8.3,"[""stats"", ""text_view"", ""image_view"", ""recline_view"", ""webpage_view"", ""datastore"", ""spatial_metadata"", ""spatial_query"", ""harvest"", ""ckan_harvester"", ""csw_harvester"", ""waf_harvester"", ""doc_harvester"", ""resource_proxy"", ""geo_view"", ""geojson_view"", ""wmts_view"", ""shp_view"", ""datapusher"", ""ags_fs_view"", ""ags_ms_view"", ""pdf_view"", ""officedocs_view"", ""onedataportal"", ""issues"", ""privatedatasets"", ""scheming_datasets"", ""repeating"", ""composite"", ""validation"", ""navigablemap"", ""choroplethmap"", ""linechart"", ""barchart"", ""piechart"", ""basicgrid""]"
2026-10-05,satudataikngoid,https://satudata.ikn.go.id,3,29,12,2.10.3,"[""keycloak"", ""sso"", ""activity"", ""datastore"", ""xloader"", ""datatables_view"", ""pdf_view"", ""resource_proxy"", ""geo_view"", ""webview"", ""spatial_metadata"", ""spatial_query"", ""harvest"", ""ckan_harvester"", ""csw_harvester"", ""pages""]"
2026-10-05,satudataekongoid,https://satudata.ekon.go.id,0,0,0,,
2026-10-05,satudatabangkabaratkabgoid,https://satudata.bangkabaratkab.go.id,211,7,27,2.11.4,"[""datastore""]"
2026-10-05,satudataacehutaragoid,https://satudata.acehutara.go.id,201,1,62,2.7.4,"[""stats"", ""text_view"", ""image_view"", ""recline_view"", ""datastore"", ""datapusher"", ""apihelper"", ""kotakab_aceh"", ""sitemap""]"
2026-10-05,saritamuramurungrayakabgoid,https://saritamura.murungrayakab.go.id,197,0,30,2.9.11,"[""envvars"", ""stats"", ""security"", ""image_view"", ""text_view"", ""recline_view"", ""resource_proxy"", ""geo_view"", ""harvest"", ""ckan_harvester"", ""csw_harvester"", ""spatial_metadata"", ""spatial_query"", ""scheming_organizations"", ""create_typed_package"", ""pdf_view"", ""officedocs_view"", ""geojson_view"", ""shp_view"", ""wmts_view"", ""datatables_view"", ""resourcedictionary"", ""datastore"", ""datapusher"", ""pages"", ""showcase"", ""waf_harvester"", ""doc_harvester"", ""dcat"", ""dcat_rdf_harvester"", ""dcat_json_harvester"", ""dcat_json_interface"", ""structured_data""]"
2026-10-05,saraburilocalgdcataloggoth,https://saraburi-local.gdcatalog.go.th,21,7,5,2.10.10,"[""thaigdc2fa"", ""thai_gdc"", ""showcase"", ""stats"", ""opendstats"", ""activity"", ""image_view"", ""datatables_view"", ""text_view"", ""webpage_view"", ""resource_proxy"", ""geo_view"", ""geojson_view"", ""shp_view"", ""wmts_view"", ""xloader"", ""datastore"", ""pdf_view"", ""dcat"", ""dcat_json_interface"", ""structured_data"", ""scheming_datasets"", ""hierarchy_display"", ""hierarchy_form"", ""envvars""]"
2026-10-05,saraburigdcataloggoth,https://saraburi.gdcatalog.go.th,463,0,82,2.10.10,"[""thaigdc2fa"", ""thai_gdc"", ""showcase"", ""stats"", ""opendstats"", ""googleanalytics"", ""activity"", ""image_view"", ""datatables_view"", ""text_view"", ""webpage_view"", ""resource_proxy"", ""geo_view"", ""geojson_view"", ""shp_view"", ""wmts_view"", ""xloader"", ""datastore"", ""pdf_view"", ""dcat"", ""dcat_json_interface"", ""structured_data"", ""scheming_datasets"", ""scheming_groups"", ""hierarchy_display"", ""hierarchy_form"", ""envvars""]"
2026-10-05,samutsongkhramgdcataloggoth,https://samutsongkhram.gdcatalog.go.th,421,0,73,2.10.10,"[""thaigdc2fa"", ""thai_gdc"", ""showcase"", ""stats"", ""opendstats"", ""googleanalytics"", ""activity"", ""image_view"", ""datatables_view"", ""text_view"", ""webpage_view"", ""resource_proxy"", ""geo_view"", ""geojson_view"", ""shp_view"", ""wmts_view"", ""xloader"", ""datastore"", ""pdf_view"", ""dcat"", ""dcat_json_interface"", ""structured_data"", ""scheming_datasets"", ""scheming_groups"", ""hierarchy_display"", ""hierarchy_form"", ""envvars""]"
2026-10-05,samutsongkhramlocalgdcataloggoth,https://samutsongkhram-local.gdcatalog.go.th,0,7,0,2.10.10,"[""thaigdc2fa"", ""thai_gdc"", ""showcase"", ""stats"", ""opendstats"", ""activity"", ""image_view"", ""datatables_view"", ""text_view"", ""webpage_view"", ""resource_proxy"", ""geo_view"", ""geojson_view"", ""shp_view"", ""wmts_view"", ""xloader"", ""datastore"", ""pdf_view"", ""dcat"", ""dcat_json_interface"", ""structured_data"", ""scheming_datasets"", ""hierarchy_display"", ""hierarchy_form"", ""envvars""]"
2026-10-05,samutsakhonlocalgdcataloggoth,https://samutsakhon-local.gdcatalog.go.th,0,7,1,2.10.10,"[""thaigdc2fa"", ""thai_gdc"", ""showcase"", ""stats"", ""opendstats"", ""activity"", ""image_view"", ""datatables_view"", ""text_view"", ""webpage_view"", ""resource_proxy"", ""geo_view"", ""geojson_view"", ""shp_view"", ""wmts_view"", ""xloader"", ""datastore"", ""pdf_view"", ""dcat"", ""dcat_json_interface"", ""structured_data"", ""scheming_datasets"", ""hierarchy_display"", ""hierarchy_form"", ""envvars""]"
2026-10-05,samutsakhongdcataloggoth,https://samutsakhon.gdcatalog.go.th,269,0,57,2.10.10,"[""thaigdc2fa"", ""thai_gdc"", ""showcase"", ""stats"", ""opendstats"", ""googleanalytics"", ""activity"", ""image_view"", ""datatables_view"", ""text_view"", ""webpage_view"", ""resource_proxy"", ""geo_view"", ""geojson_view"", ""shp_view"", ""wmts_view"", ""xloader"", ""datastore"", ""pdf_view"", ""dcat"", ""dcat_json_interface"", ""structured_data"", ""scheming_datasets"", ""scheming_groups"", ""hierarchy_display"", ""hierarchy_form"", ""envvars""]"
2026-10-05,samutprakangdcataloggoth,https://samutprakan.gdcatalog.go.th,287,0,52,2.10.10,"[""thaigdc2fa"", ""thai_gdc"", ""showcase"", ""stats"", ""opendstats"", ""googleanalytics"", ""activity"", ""image_view"", ""datatables_view"", ""text_view"", ""webpage_view"", ""resource_proxy"", ""geo_view"", ""geojson_view"", ""shp_view"", ""wmts_view"", ""xloader"", ""datastore"", ""pdf_view"", ""dcat"", ""dcat_json_interface"", ""structured_data"", ""scheming_datasets"", ""scheming_groups"", ""hierarchy_display"", ""hierarchy_form"", ""envvars""]"
2026-10-05,samutprakanlocalgdcataloggoth,https://samutprakan-local.gdcatalog.go.th,25,7,1,2.10.10,"[""thaigdc2fa"", ""thai_gdc"", ""showcase"", ""stats"", ""opendstats"", ""activity"", ""image_view"", ""datatables_view"", ""text_view"", ""webpage_view"", ""resource_proxy"", ""geo_view"", ""geojson_view"", ""shp_view"", ""wmts_view"", ""xloader"", ""datastore"", ""pdf_view"", ""dcat"", ""dcat_json_interface"", ""structured_data"", ""scheming_datasets"", ""hierarchy_display"", ""hierarchy_form"", ""envvars""]"
2026-10-05,sakonnakhonlocalgdcataloggoth,https://sakonnakhon-local.gdcatalog.go.th,0,7,2,2.10.10,"[""thaigdc2fa"", ""thai_gdc"", ""showcase"", ""stats"", ""opendstats"", ""activity"", ""image_view"", ""datatables_view"", ""text_view"", ""webpage_view"", ""resource_proxy"", ""geo_view"", ""geojson_view"", ""shp_view"", ""wmts_view"", ""xloader"", ""datastore"", ""pdf_view"", ""dcat"", ""dcat_json_interface"", ""structured_data"", ""scheming_datasets"", ""hierarchy_display"", ""hierarchy_form"", ""envvars""]"
2026-10-05,sakonnakhongdcataloggoth,https://sakonnakhon.gdcatalog.go.th,477,0,62,2.10.10,"[""thaigdc2fa"", ""thai_gdc"", ""showcase"", ""stats"", ""opendstats"", ""googleanalytics"", ""activity"", ""image_view"", ""datatables_view"", ""text_view"", ""webpage_view"", ""resource_proxy"", ""geo_view"", ""geojson_view"", ""shp_view"", ""wmts_view"", ""xloader"", ""datastore"", ""pdf_view"", ""dcat"", ""dcat_json_interface"", ""structured_data"", ""scheming_datasets"", ""scheming_groups"", ""hierarchy_display"", ""hierarchy_form"", ""envvars""]"
2026-10-05,sakaeolocalgdcataloggoth,https://sakaeo-local.gdcatalog.go.th,7,7,2,2.10.10,"[""thaigdc2fa"", ""thai_gdc"", ""showcase"", ""stats"", ""opendstats"", ""activity"", ""image_view"", ""datatables_view"", ""text_view"", ""webpage_view"", ""resource_proxy"", ""geo_view"", ""geojson_view"", ""shp_view"", ""wmts_view"", ""xloader"", ""datastore"", ""pdf_view"", ""dcat"", ""dcat_json_interface"", ""structured_data"", ""scheming_datasets"", ""hierarchy_display"", ""hierarchy_form"", ""envvars""]"
2026-10-05,sakaeogdcataloggoth,https://sakaeo.gdcatalog.go.th,379,0,61,2.10.10,"[""thaigdc2fa"", ""thai_gdc"", ""showcase"", ""stats"", ""opendstats"", ""googleanalytics"", ""activity"", ""image_view"", ""datatables_view"", ""text_view"", ""webpage_view"", ""resource_proxy"", ""geo_view"", ""geojson_view"", ""shp_view"", ""wmts_view"", ""xloader"", ""datastore"", ""pdf_view"", ""dcat"", ""dcat_json_interface"", ""structured_data"", ""scheming_datasets"", ""scheming_groups"", ""hierarchy_display"", ""hierarchy_form"", ""envvars""]"
2026-10-05,roietlocalgdcataloggoth,https://roiet-local.gdcatalog.go.th,0,7,2,2.10.10,"[""thaigdc2fa"", ""thai_gdc"", ""showcase"", ""stats"", ""opendstats"", ""activity"", ""image_view"", ""datatables_view"", ""text_view"", ""webpage_view"", ""resource_proxy"", ""geo_view"", ""geojson_view"", ""shp_view"", ""wmts_view"", ""xloader"", ""datastore"", ""pdf_view"", ""dcat"", ""dcat_json_interface"", ""structured_data"", ""scheming_datasets"", ""hierarchy_display"", ""hierarchy_form"", ""envvars""]"
2026-10-05,roietgdcataloggoth,https://roiet.gdcatalog.go.th,632,0,80,2.10.10,"[""thaigdc2fa"", ""thai_gdc"", ""showcase"", ""stats"", ""opendstats"", ""googleanalytics"", ""activity"", ""image_view"", ""datatables_view"", ""text_view"", ""webpage_view"", ""resource_proxy"", ""geo_view"", ""geojson_view"", ""shp_view"", ""wmts_view"", ""xloader"", ""datastore"", ""pdf_view"", ""dcat"", ""dcat_json_interface"", ""structured_data"", ""scheming_datasets"", ""scheming_groups"", ""hierarchy_display"", ""hierarchy_form"", ""envvars""]"
2026-10-05,repositorydataauscopeorgau,https://repository.data.auscope.org.au/,0,0,1,2.10.1,"[""envvars"", ""oidc_pkce"", ""auscope_theme"", ""contact"", ""scheming_datasets"", ""composite"", ""zip_view"", ""image_view"", ""text_view"", ""recline_view"", ""datastore"", ""datapusher"", ""spatial_metadata"", ""spatial_query"", ""doi"", ""iso19115"", ""s3filestore""]"
2026-10-05,repositorioobservatoriogeomx,https://repositorio.observatoriogeo.mx,165,10,1,2.9.5,"[""stats"", ""text_view"", ""image_view"", ""recline_view"", ""datastore"", ""datapusher""]"
2026-10-05,rdmcmtphysikunimainzde,https://rdm-cmt.physik.uni-mainz.de,184,30,3,2.11.4,"[""pigeon"", ""hierarchy_display"", ""scheming_groups"", ""scheming_datasets"", ""scheming_nerf_index"", ""create_typed_package"", ""datastore"", ""xloader"", ""datatables_view"", ""text_view"", ""image_view"", ""video_view"", ""audio_view"", ""webpage_view"", ""pdf_view"", ""markdown_view"", ""zip_view""]"
2026-10-05,rayonglocalgdcataloggoth,https://rayong-local.gdcatalog.go.th,0,7,6,2.10.10,"[""thaigdc2fa"", ""thai_gdc"", ""showcase"", ""stats"", ""opendstats"", ""activity"", ""image_view"", ""datatables_view"", ""text_view"", ""webpage_view"", ""resource_proxy"", ""geo_view"", ""geojson_view"", ""shp_view"", ""wmts_view"", ""xloader"", ""datastore"", ""pdf_view"", ""dcat"", ""dcat_json_interface"", ""structured_data"", ""scheming_datasets"", ""hierarchy_display"", ""hierarchy_form"", ""envvars""]"
2026-10-05,rayonggdcataloggoth,https://rayong.gdcatalog.go.th,259,0,87,2.10.10,"[""thaigdc2fa"", ""thai_gdc"", ""showcase"", ""stats"", ""opendstats"", ""googleanalytics"", ""activity"", ""image_view"", ""datatables_view"", ""text_view"", ""webpage_view"", ""resource_proxy"", ""geo_view"", ""geojson_view"", ""shp_view"", ""wmts_view"", ""xloader"", ""datastore"", ""pdf_view"", ""dcat"", ""dcat_json_interface"", ""structured_data"", ""scheming_datasets"", ""scheming_groups"", ""hierarchy_display"", ""hierarchy_form"", ""envvars""]"
2026-10-05,ratchaburilocalgdcataloggoth,https://ratchaburi-local.gdcatalog.go.th,0,7,1,2.10.10,"[""thaigdc2fa"", ""thai_gdc"", ""showcase"", ""stats"", ""opendstats"", ""activity"", ""image_view"", ""datatables_view"", ""text_view"", ""webpage_view"", ""resource_proxy"", ""geo_view"", ""geojson_view"", ""shp_view"", ""wmts_view"", ""xloader"", ""datastore"", ""pdf_view"", ""dcat"", ""dcat_json_interface"", ""structured_data"", ""scheming_datasets"", ""hierarchy_display"", ""hierarchy_form"", ""envvars""]"
2026-10-05,ratchaburigdcataloggoth,https://ratchaburi.gdcatalog.go.th,358,0,58,2.10.10,"[""thaigdc2fa"", ""thai_gdc"", ""showcase"", ""stats"", ""opendstats"", ""googleanalytics"", ""activity"", ""image_view"", ""datatables_view"", ""text_view"", ""webpage_view"", ""resource_proxy"", ""geo_view"", ""geojson_view"", ""shp_view"", ""wmts_view"", ""xloader"", ""datastore"", ""pdf_view"", ""dcat"", ""dcat_json_interface"", ""structured_data"", ""scheming_datasets"", ""scheming_groups"", ""hierarchy_display"", ""hierarchy_form"", ""envvars""]"
2026-10-05,ranonglocalgdcataloggoth,https://ranong-local.gdcatalog.go.th,0,7,0,2.10.10,"[""thaigdc2fa"", ""thai_gdc"", ""showcase"", ""stats"", ""opendstats"", ""activity"", ""image_view"", ""datatables_view"", ""text_view"", ""webpage_view"", ""resource_proxy"", ""geo_view"", ""geojson_view"", ""shp_view"", ""wmts_view"", ""xloader"", ""datastore"", ""pdf_view"", ""dcat"", ""dcat_json_interface"", ""structured_data"", ""scheming_datasets"", ""hierarchy_display"", ""hierarchy_form"", ""envvars""]"
2026-10-05,ranonggdcataloggoth,https://ranong.gdcatalog.go.th,325,0,52,2.10.10,"[""thaigdc2fa"", ""thai_gdc"", ""showcase"", ""stats"", ""opendstats"", ""googleanalytics"", ""activity"", ""image_view"", ""datatables_view"", ""text_view"", ""webpage_view"", ""resource_proxy"", ""geo_view"", ""geojson_view"", ""shp_view"", ""wmts_view"", ""xloader"", ""datastore"", ""pdf_view"", ""dcat"", ""dcat_json_interface"", ""structured_data"", ""scheming_datasets"", ""scheming_groups"", ""hierarchy_display"", ""hierarchy_form"", ""envvars""]"
2026-10-05,publicationsqldgovau,https://publications.qld.gov.au,3062,0,0,,"[""stats"", ""resource_proxy"", ""image_view"", ""audio_view"", ""video_view"", ""datatables_view"", ""resource_type_validation"", ""qgovext"", ""auth"", ""csrf_filter"", ""ssm_config"", ""s3filestore"", ""publications_qld_theme"", ""oidc_pkce"", ""activity""]"
2026-10-05,prachuapkhirikhanlocalgdcataloggoth,https://prachuapkhirikhan-local.gdcatalog.go.th,0,7,2,2.10.10,"[""thaigdc2fa"", ""thai_gdc"", ""showcase"", ""stats"", ""opendstats"", ""activity"", ""image_view"", ""datatables_view"", ""text_view"", ""webpage_view"", ""resource_proxy"", ""geo_view"", ""geojson_view"", ""shp_view"", ""wmts_view"", ""xloader"", ""datastore"", ""pdf_view"", ""dcat"", ""dcat_json_interface"", ""structured_data"", ""scheming_datasets"", ""hierarchy_display"", ""hierarchy_form"", ""envvars""]"
2026-10-05,prachuapkhirikhangdcataloggoth,https://prachuapkhirikhan.gdcatalog.go.th,389,0,80,2.10.10,"[""thaigdc2fa"", ""thai_gdc"", ""showcase"", ""stats"", ""opendstats"", ""googleanalytics"", ""activity"", ""image_view"", ""datatables_view"", ""text_view"", ""webpage_view"", ""resource_proxy"", ""geo_view"", ""geojson_view"", ""shp_view"", ""wmts_view"", ""xloader"", ""datastore"", ""pdf_view"", ""dcat"", ""dcat_json_interface"", ""structured_data"", ""scheming_datasets"", ""scheming_groups"", ""hierarchy_display"", ""hierarchy_form"", ""envvars""]"
2026-10-05,prachinburilocalgdcataloggoth,https://prachinburi-local.gdcatalog.go.th,0,7,2,2.10.10,"[""thaigdc2fa"", ""thai_gdc"", ""showcase"", ""stats"", ""opendstats"", ""activity"", ""image_view"", ""datatables_view"", ""text_view"", ""webpage_view"", ""resource_proxy"", ""geo_view"", ""geojson_view"", ""shp_view"", ""wmts_view"", ""xloader"", ""datastore"", ""pdf_view"", ""dcat"", ""dcat_json_interface"", ""structured_data"", ""scheming_datasets"", ""hierarchy_display"", ""hierarchy_form"", ""envvars""]"
2026-10-05,prachinburigdcataloggoth,https://prachinburi.gdcatalog.go.th,263,0,54,2.10.10,"[""thaigdc2fa"", ""thai_gdc"", ""showcase"", ""stats"", ""opendstats"", ""googleanalytics"", ""activity"", ""image_view"", ""datatables_view"", ""text_view"", ""webpage_view"", ""resource_proxy"", ""geo_view"", ""geojson_view"", ""shp_view"", ""wmts_view"", ""xloader"", ""datastore"", ""pdf_view"", ""dcat"", ""dcat_json_interface"", ""structured_data"", ""scheming_datasets"", ""scheming_groups"", ""hierarchy_display"", ""hierarchy_form"", ""envvars""]"
2026-10-05,portaldatakemenkumgoid,https://portal-data.kemenkum.go.id,170,1,8,2.11.5,"[""image_view"", ""text_view"", ""datatables_view"", ""datastore"", ""datapusher"", ""envvars"", ""pages"", ""scheming_datasets"", ""custompages""]"
2026-10-05,platformalternativeprojecteu,https://platform.alternative-project.eu/,9,0,11,2.9.5,"[""envvars"", ""image_view"", ""text_view"", ""recline_view"", ""datastore"", ""datapusher""]"
2026-10-05,pilotdatagovla,https://pilot.data.gov.la/,0,0,0,,
2026-10-05,phuketgdcataloggoth,https://phuket.gdcatalog.go.th,257,0,52,2.10.10,"[""thaigdc2fa"", ""thai_gdc"", ""showcase"", ""stats"", ""opendstats"", ""googleanalytics"", ""activity"", ""image_view"", ""datatables_view"", ""text_view"", ""webpage_view"", ""resource_proxy"", ""geo_view"", ""geojson_view"", ""shp_view"", ""wmts_view"", ""xloader"", ""datastore"", ""pdf_view"", ""dcat"", ""dcat_json_interface"", ""structured_data"", ""scheming_datasets"", ""scheming_groups"", ""hierarchy_display"", ""hierarchy_form"", ""envvars""]"
2026-10-05,phuketlocalgdcataloggoth,https://phuket-local.gdcatalog.go.th,0,7,4,2.10.10,"[""thaigdc2fa"", ""thai_gdc"", ""showcase"", ""stats"", ""opendstats"", ""activity"", ""image_view"", ""datatables_view"", ""text_view"", ""webpage_view"", ""resource_proxy"", ""geo_view"", ""geojson_view"", ""shp_view"", ""wmts_view"", ""xloader"", ""datastore"", ""pdf_view"", ""dcat"", ""dcat_json_interface"", ""structured_data"", ""scheming_datasets"", ""hierarchy_display"", ""hierarchy_form"", ""envvars""]"
2026-10-05,phranakhonsiayutthayalocalgdcataloggoth,https://phranakhonsiayutthaya-local.gdcatalog.go.th,4,7,2,2.10.10,"[""thaigdc2fa"", ""thai_gdc"", ""showcase"", ""stats"", ""opendstats"", ""activity"", ""image_view"", ""datatables_view"", ""text_view"", ""webpage_view"", ""resource_proxy"", ""geo_view"", ""geojson_view"", ""shp_view"", ""wmts_view"", ""xloader"", ""datastore"", ""pdf_view"", ""dcat"", ""dcat_json_interface"", ""structured_data"", ""scheming_datasets"", ""hierarchy_display"", ""hierarchy_form"", ""envvars""]"
2026-10-05,phranakhonsiayutthayagdcataloggoth,https://phranakhonsiayutthaya.gdcatalog.go.th,303,0,69,2.10.10,"[""thaigdc2fa"", ""thai_gdc"", ""showcase"", ""stats"", ""opendstats"", ""googleanalytics"", ""activity"", ""image_view"", ""datatables_view"", ""text_view"", ""webpage_view"", ""resource_proxy"", ""geo_view"", ""geojson_view"", ""shp_view"", ""wmts_view"", ""xloader"", ""datastore"", ""pdf_view"", ""dcat"", ""dcat_json_interface"", ""structured_data"", ""scheming_datasets"", ""scheming_groups"", ""hierarchy_display"", ""hierarchy_form"", ""envvars""]"
2026-10-05,phraelocalgdcataloggoth,https://phrae-local.gdcatalog.go.th,0,7,6,2.10.10,"[""thaigdc2fa"", ""thai_gdc"", ""showcase"", ""stats"", ""opendstats"", ""activity"", ""image_view"", ""datatables_view"", ""text_view"", ""webpage_view"", ""resource_proxy"", ""geo_view"", ""geojson_view"", ""shp_view"", ""wmts_view"", ""xloader"", ""datastore"", ""pdf_view"", ""dcat"", ""dcat_json_interface"", ""structured_data"", ""scheming_datasets"", ""hierarchy_display"", ""hierarchy_form"", ""envvars""]"
2026-10-05,phraegdcataloggoth,https://phrae.gdcatalog.go.th,304,0,58,2.10.10,"[""thaigdc2fa"", ""thai_gdc"", ""showcase"", ""stats"", ""opendstats"", ""googleanalytics"", ""activity"", ""image_view"", ""datatables_view"", ""text_view"", ""webpage_view"", ""resource_proxy"", ""geo_view"", ""geojson_view"", ""shp_view"", ""wmts_view"", ""xloader"", ""datastore"", ""pdf_view"", ""dcat"", ""dcat_json_interface"", ""structured_data"", ""scheming_datasets"", ""scheming_groups"", ""hierarchy_display"", ""hierarchy_form"", ""envvars""]"
2026-10-05,phitsanuloklocalgdcataloggoth,https://phitsanulok-local.gdcatalog.go.th,0,7,3,2.10.10,"[""thaigdc2fa"", ""thai_gdc"", ""showcase"", ""stats"", ""opendstats"", ""activity"", ""image_view"", ""datatables_view"", ""text_view"", ""webpage_view"", ""resource_proxy"", ""geo_view"", ""geojson_view"", ""shp_view"", ""wmts_view"", ""xloader"", ""datastore"", ""pdf_view"", ""dcat"", ""dcat_json_interface"", ""structured_data"", ""scheming_datasets"", ""hierarchy_display"", ""hierarchy_form"", ""envvars""]"
2026-10-05,phitsanulokgdcataloggoth,https://phitsanulok.gdcatalog.go.th,733,0,108,2.10.10,"[""thaigdc2fa"", ""thai_gdc"", ""showcase"", ""stats"", ""opendstats"", ""googleanalytics"", ""activity"", ""image_view"", ""datatables_view"", ""text_view"", ""webpage_view"", ""resource_proxy"", ""geo_view"", ""geojson_view"", ""shp_view"", ""wmts_view"", ""xloader"", ""datastore"", ""pdf_view"", ""dcat"", ""dcat_json_interface"", ""structured_data"", ""scheming_datasets"", ""scheming_groups"", ""hierarchy_display"", ""hierarchy_form"", ""envvars""]"
2026-10-05,phichitlocalgdcataloggoth,https://phichit-local.gdcatalog.go.th,0,7,102,2.10.10,"[""thaigdc2fa"", ""thai_gdc"", ""showcase"", ""stats"", ""opendstats"", ""activity"", ""image_view"", ""datatables_view"", ""text_view"", ""webpage_view"", ""resource_proxy"", ""geo_view"", ""geojson_view"", ""shp_view"", ""wmts_view"", ""xloader"", ""datastore"", ""pdf_view"", ""dcat"", ""dcat_json_interface"", ""structured_data"", ""scheming_datasets"", ""hierarchy_display"", ""hierarchy_form"", ""envvars""]"
2026-10-05,phichitgdcataloggoth,https://phichit.gdcatalog.go.th,1262,0,158,2.10.10,"[""thaigdc2fa"", ""thai_gdc"", ""showcase"", ""stats"", ""opendstats"", ""googleanalytics"", ""activity"", ""image_view"", ""datatables_view"", ""text_view"", ""webpage_view"", ""resource_proxy"", ""geo_view"", ""geojson_view"", ""shp_view"", ""wmts_view"", ""xloader"", ""datastore"", ""pdf_view"", ""dcat"", ""dcat_json_interface"", ""structured_data"", ""scheming_datasets"", ""scheming_groups"", ""hierarchy_display"", ""hierarchy_form"", ""envvars""]"
2026-10-05,phetchaburilocalgdcataloggoth,https://phetchaburi-local.gdcatalog.go.th,0,7,2,2.10.10,"[""thaigdc2fa"", ""thai_gdc"", ""showcase"", ""stats"", ""opendstats"", ""activity"", ""image_view"", ""datatables_view"", ""text_view"", ""webpage_view"", ""resource_proxy"", ""geo_view"", ""geojson_view"", ""shp_view"", ""wmts_view"", ""xloader"", ""datastore"", ""pdf_view"", ""dcat"", ""dcat_json_interface"", ""structured_data"", ""scheming_datasets"", ""hierarchy_display"", ""hierarchy_form"", ""envvars""]"
2026-10-05,phetchaburigdcataloggoth,https://phetchaburi.gdcatalog.go.th,327,0,54,2.10.10,"[""thaigdc2fa"", ""thai_gdc"", ""showcase"", ""stats"", ""opendstats"", ""googleanalytics"", ""activity"", ""image_view"", ""datatables_view"", ""text_view"", ""webpage_view"", ""resource_proxy"", ""geo_view"", ""geojson_view"", ""shp_view"", ""wmts_view"", ""xloader"", ""datastore"", ""pdf_view"", ""dcat"", ""dcat_json_interface"", ""structured_data"", ""scheming_datasets"", ""scheming_groups"", ""hierarchy_display"", ""hierarchy_form"", ""envvars""]"
2026-10-05,phetchabunlocalgdcataloggoth,https://phetchabun-local.gdcatalog.go.th,0,7,2,2.10.10,"[""thaigdc2fa"", ""thai_gdc"", ""showcase"", ""stats"", ""opendstats"", ""activity"", ""image_view"", ""datatables_view"", ""text_view"", ""webpage_view"", ""resource_proxy"", ""geo_view"", ""geojson_view"", ""shp_view"", ""wmts_view"", ""xloader"", ""datastore"", ""pdf_view"", ""dcat"", ""dcat_json_interface"", ""structured_data"", ""scheming_datasets"", ""hierarchy_display"", ""hierarchy_form"", ""envvars""]"
2026-10-05,phetchabungdcataloggoth,https://phetchabun.gdcatalog.go.th,309,0,53,2.10.10,"[""thaigdc2fa"", ""thai_gdc"", ""showcase"", ""stats"", ""opendstats"", ""googleanalytics"", ""activity"", ""image_view"", ""datatables_view"", ""text_view"", ""webpage_view"", ""resource_proxy"", ""geo_view"", ""geojson_view"", ""shp_view"", ""wmts_view"", ""xloader"", ""datastore"", ""pdf_view"", ""dcat"", ""dcat_json_interface"", ""structured_data"", ""scheming_datasets"", ""scheming_groups"", ""hierarchy_display"", ""hierarchy_form"", ""envvars""]"
2026-10-05,phayaolocalgdcataloggoth,https://phayao-local.gdcatalog.go.th,2,7,2,2.10.10,"[""thaigdc2fa"", ""thai_gdc"", ""showcase"", ""stats"", ""opendstats"", ""activity"", ""image_view"", ""datatables_view"", ""text_view"", ""webpage_view"", ""resource_proxy"", ""geo_view"", ""geojson_view"", ""shp_view"", ""wmts_view"", ""xloader"", ""datastore"", ""pdf_view"", ""dcat"", ""dcat_json_interface"", ""structured_data"", ""scheming_datasets"", ""hierarchy_display"", ""hierarchy_form"", ""envvars""]"
2026-10-05,phayaogdcataloggoth,https://phayao.gdcatalog.go.th,343,0,80,2.10.10,"[""thaigdc2fa"", ""thai_gdc"", ""showcase"", ""stats"", ""opendstats"", ""googleanalytics"", ""activity"", ""image_view"", ""datatables_view"", ""text_view"", ""webpage_view"", ""resource_proxy"", ""geo_view"", ""geojson_view"", ""shp_view"", ""wmts_view"", ""xloader"", ""datastore"", ""pdf_view"", ""dcat"", ""dcat_json_interface"", ""structured_data"", ""scheming_datasets"", ""scheming_groups"", ""hierarchy_display"", ""hierarchy_form"", ""envvars""]"
2026-10-05,phatthalunglocalgdcataloggoth,https://phatthalung-local.gdcatalog.go.th,0,7,6,2.10.10,"[""thaigdc2fa"", ""thai_gdc"", ""showcase"", ""stats"", ""opendstats"", ""activity"", ""image_view"", ""datatables_view"", ""text_view"", ""webpage_view"", ""resource_proxy"", ""geo_view"", ""geojson_view"", ""shp_view"", ""wmts_view"", ""xloader"", ""datastore"", ""pdf_view"", ""dcat"", ""dcat_json_interface"", ""structured_data"", ""scheming_datasets"", ""hierarchy_display"", ""hierarchy_form"", ""envvars""]"
2026-10-05,phangngagdcataloggoth,https://phangnga.gdcatalog.go.th,232,0,49,2.10.10,"[""thaigdc2fa"", ""thai_gdc"", ""showcase"", ""stats"", ""opendstats"", ""googleanalytics"", ""activity"", ""image_view"", ""datatables_view"", ""text_view"", ""webpage_view"", ""resource_proxy"", ""geo_view"", ""geojson_view"", ""shp_view"", ""wmts_view"", ""xloader"", ""datastore"", ""pdf_view"", ""dcat"", ""dcat_json_interface"", ""structured_data"", ""scheming_datasets"", ""scheming_groups"", ""hierarchy_display"", ""hierarchy_form"", ""envvars""]"
2026-10-05,phatthalunggdcataloggoth,https://phatthalung.gdcatalog.go.th,302,0,53,2.10.10,"[""thaigdc2fa"", ""thai_gdc"", ""showcase"", ""stats"", ""opendstats"", ""googleanalytics"", ""activity"", ""image_view"", ""datatables_view"", ""text_view"", ""webpage_view"", ""resource_proxy"", ""geo_view"", ""geojson_view"", ""shp_view"", ""wmts_view"", ""xloader"", ""datastore"", ""pdf_view"", ""dcat"", ""dcat_json_interface"", ""structured_data"", ""scheming_datasets"", ""scheming_groups"", ""hierarchy_display"", ""hierarchy_form"", ""envvars""]"
2026-10-05,phangngalocalgdcataloggoth,https://phangnga-local.gdcatalog.go.th,0,7,2,2.10.10,"[""thaigdc2fa"", ""thai_gdc"", ""showcase"", ""stats"", ""opendstats"", ""activity"", ""image_view"", ""datatables_view"", ""text_view"", ""webpage_view"", ""resource_proxy"", ""geo_view"", ""geojson_view"", ""shp_view"", ""wmts_view"", ""xloader"", ""datastore"", ""pdf_view"", ""dcat"", ""dcat_json_interface"", ""structured_data"", ""scheming_datasets"", ""hierarchy_display"", ""hierarchy_form"", ""envvars""]"
2026-10-05,pdaifpaedubr,https://pda.ifpa.edu.br,41,7,1,2.6.9,"[""datapusher"", ""datastore"", ""resource_proxy"", ""harvest"", ""ckan_harvester"", ""stats"", ""text_view"", ""image_view"", ""recline_view"", ""dadosgovbr"", ""dadosgovbrschema"", ""scheming_datasets"", ""scheming_groups"", ""scheming_organizations""]"
2026-10-05,pattanilocalgdcataloggoth,https://pattani-local.gdcatalog.go.th,16,7,5,2.10.10,"[""thaigdc2fa"", ""thai_gdc"", ""showcase"", ""stats"", ""opendstats"", ""activity"", ""image_view"", ""datatables_view"", ""text_view"", ""webpage_view"", ""resource_proxy"", ""geo_view"", ""geojson_view"", ""shp_view"", ""wmts_view"", ""xloader"", ""datastore"", ""pdf_view"", ""dcat"", ""dcat_json_interface"", ""structured_data"", ""scheming_datasets"", ""hierarchy_display"", ""hierarchy_form"", ""envvars""]"
2026-10-05,pattanigdcataloggoth,https://pattani.gdcatalog.go.th,334,0,61,2.10.10,"[""thaigdc2fa"", ""thai_gdc"", ""showcase"", ""stats"", ""opendstats"", ""googleanalytics"", ""activity"", ""image_view"", ""datatables_view"", ""text_view"", ""webpage_view"", ""resource_proxy"", ""geo_view"", ""geojson_view"", ""shp_view"", ""wmts_view"", ""xloader"", ""datastore"", ""pdf_view"", ""dcat"", ""dcat_json_interface"", ""structured_data"", ""scheming_datasets"", ""scheming_groups"", ""hierarchy_display"", ""hierarchy_form"", ""envvars""]"
2026-10-05,pathumthanilocalgdcataloggoth,https://pathumthani-local.gdcatalog.go.th,1,7,5,2.10.10,"[""thaigdc2fa"", ""thai_gdc"", ""showcase"", ""stats"", ""opendstats"", ""activity"", ""image_view"", ""datatables_view"", ""text_view"", ""webpage_view"", ""resource_proxy"", ""geo_view"", ""geojson_view"", ""shp_view"", ""wmts_view"", ""xloader"", ""datastore"", ""pdf_view"", ""dcat"", ""dcat_json_interface"", ""structured_data"", ""scheming_datasets"", ""hierarchy_display"", ""hierarchy_form"", ""envvars""]"
2026-10-05,pathumthanigdcataloggoth,https://pathumthani.gdcatalog.go.th,380,0,47,2.10.10,"[""thaigdc2fa"", ""thai_gdc"", ""showcase"", ""stats"", ""opendstats"", ""googleanalytics"", ""activity"", ""image_view"", ""datatables_view"", ""text_view"", ""webpage_view"", ""resource_proxy"", ""geo_view"", ""geojson_view"", ""shp_view"", ""wmts_view"", ""xloader"", ""datastore"", ""pdf_view"", ""dcat"", ""dcat_json_interface"", ""structured_data"", ""scheming_datasets"", ""scheming_groups"", ""hierarchy_display"", ""hierarchy_form"", ""envvars""]"
2026-10-05,otfmcunisonmx,https://ot-fmc.unison.mx,3,0,5,2.11.3,"[""image_view"", ""text_view"", ""datatables_view"", ""datastore"", ""datapusher"", ""envvars""]"
2026-10-05,otwartedaneumrajgrodpl,https://otwartedane.umrajgrod.pl,9,4,1,2.10.1,"[""activity"", ""pdf_view"", ""googleanalytics""]"
2026-10-05,openscaylees,https://open.scayle.es,29,0,10,2.11.5,"[""stats"", ""text_view"", ""image_view"", ""datatables_view"", ""resource_proxy"", ""datastore"", ""xloader"", ""ldap"", ""scayle_theme""]"
2026-10-05,opengagiustiziaamministrativait,https://openga.giustizia-amministrativa.it,436,9,31,2.9.11,"[""stats"", ""text_view"", ""image_view"", ""recline_view"", ""datastore"", ""datapusher"", ""multilang"", ""harvest"", ""ckan_harvester"", ""dcat"", ""dcat_rdf_harvester"", ""dcat_json_harvester"", ""dcat_json_interface"", ""structured_data"", ""dcatapit_pkg"", ""dcatapit_org"", ""dcatapit_config"", ""dcatapit_harvest_list"", ""dcatapit_harvester"", ""dcatapit_vocabulary"", ""matomo""]"
2026-10-05,opendportalnectecorth,https://opend-portal.nectec.or.th,29,0,93,2.9.5,"[""stats"", ""text_view"", ""image_view"", ""recline_view"", ""resource_proxy"", ""datastore"", ""xloader"", ""webpage_view"", ""saml2auth"", ""pdf_view"", ""pages"", ""opendstats"", ""noregistration"", ""emailasusername"", ""governportal"", ""thai_gdc"", ""scheming_datasets"", ""hierarchy_display"", ""hierarchy_form""]"
2026-10-05,opendnstdaorth,https://opend.nstda.or.th,62,0,7,2.10.7,"[""harvest"", ""ckan_harvester"", ""thai_gdc"", ""showcase"", ""stats"", ""opendstats"", ""activity"", ""image_view"", ""datatables_view"", ""text_view"", ""webpage_view"", ""resource_proxy"", ""geo_view"", ""geojson_view"", ""shp_view"", ""xloader"", ""datastore"", ""pdf_view"", ""dcat"", ""dcat_json_interface"", ""structured_data"", ""scheming_datasets"", ""hierarchy_display"", ""hierarchy_form"", ""envvars""]"
2026-10-05,opendatavubpcz,https://opendatabozp.cz/,45,11,8,2.8.3,"[""stats"", ""text_view"", ""image_view"", ""recline_view"", ""datastore"", ""showcase"", ""recline_grid_view"", ""recline_graph_view"", ""recline_map_view"", ""webpage_view"", ""pdf_view"", ""pages"", ""navigablemap"", ""choroplethmap"", ""resource_proxy"", ""geo_view"", ""geojson_view"", ""wmts_view"", ""shp_view"", ""tableau_view"", ""vubp"", ""odata""]"
2026-10-05,opendatavingovua,https://opendata.vin.gov.ua,1,0,1,2.11.1,"[""activity"", ""datastore"", ""xloader"", ""datatables_view"", ""image_view""]"
2026-10-05,opendatavalenciaiotplatformtelefonicacom,https://opendata-valencia.iotplatform.telefonica.com,280,22,2,,"[""nti_metadata"", ""stats"", ""text_view"", ""image_view"", ""recline_view"", ""datastore"", ""resource_proxy"", ""recline_graph_view"", ""recline_grid_view"", ""recline_map_view"", ""webpage_view"", ""scheming_datasets"", ""harvest"", ""ckan_harvester"", ""dcat"", ""dcat_rdf_harvester"", ""dcat_json_harvester"", ""dcat_json_interface"", ""structured_data"", ""spatial_metadata"", ""spatial_query"", ""geo_view"", ""multilingual_dataset"", ""multilingual_group"", ""multilingual_tag"", ""csw_harvester"", ""scheming_groups"", ""scheming_organizations"", ""fluent"", ""qa"", ""archiver"", ""report"", ""valencia"", ""xloader""]"
2026-10-05,opendataupplandsvasbyse,https://opendata.upplandsvasby.se/,9,19,1,2.10.5,"[""saml2auth"", ""shp_view"", ""image_view"", ""text_view"", ""recline_view"", ""datastore"", ""datapusher"", ""resource_proxy"", ""geo_view"", ""harvest"", ""ckan_harvester"", ""spatial_metadata"", ""spatial_query"", ""spatial_harvest_metadata_api"", ""csw_harvester"", ""waf_harvester"", ""doc_harvester"", ""dcat"", ""dcat_rdf_harvester"", ""dcat_json_harvester"", ""dcat_json_interface"", ""structured_data"", ""syndicate"", ""scheming_datasets"", ""scheming_groups"", ""scheming_organizations"", ""editor"", ""sokigo"", ""envvars"", ""stats""]"
2026-10-05,opendataunifgit,https://opendata.unifg.it,9,4,1,2.11.0,"[""activity"", ""unifgtheme""]"
2026-10-05,opendatatulungagunggoid,https://opendata.tulungagung.go.id,0,0,0,,
2026-10-05,opendatauales,https://opendata.ual.es/,163,22,6,2.10.1,"[""envvars"", ""image_view"", ""text_view"", ""recline_view"", ""datastore"", ""datapusher"", ""harvest"", ""ckan_harvester"", ""dcat"", ""dcat_rdf_harvester"", ""dcat_json_harvester"", ""dcat_json_interface"", ""structured_data"", ""ual"", ""federador""]"
2026-10-05,opendatatkparkorth,https://opendata.tkpark.or.th,2,0,2,2.10.7,"[""tkpark"", ""thai_gdc"", ""showcase"", ""stats"", ""opendstats"", ""activity"", ""image_view"", ""datatables_view"", ""text_view"", ""webpage_view"", ""resource_proxy"", ""xloader"", ""datastore"", ""pdf_view"", ""dcat"", ""dcat_json_interface"", ""structured_data"", ""scheming_datasets"", ""hierarchy_display"", ""hierarchy_form"", ""envvars"", ""recline_view""]"
2026-10-05,opendatatransportvicgovau,https://opendata.transport.vic.gov.au/,37,1,10,2.10.4,"[""envvars"", ""activity"", ""image_view"", ""resource_proxy"", ""datatables_view"", ""text_view"", ""datastore"", ""xloader"", ""odata"", ""openapi_view"", ""visualisation_view"", ""scheming_nerf_index"", ""sitemap""]"
2026-10-05,opendataternopilcitygovua,https://opendata.ternopilcity.gov.ua,266,24,62,2.8.3,"[""stats"", ""text_view"", ""image_view"", ""recline_view"", ""datastore"", ""datapusher"", ""multilingual_group"", ""multilingual_tag"", ""issues"", ""contact"", ""scheming_datasets"", ""datarequests"", ""pages"", ""port_theme"", ""showcase"", ""qa"", ""archiver"", ""report""]"
2026-10-05,opendatastuttgartde,https://opendata.stuttgart.de/,0,0,0,,
2026-10-05,opendatasmartmannheimde,https://opendata.smartmannheim.de,19,2,1,2.9.9,"[""envvars"", ""image_view"", ""text_view"", ""recline_view"", ""datastore"", ""datapusher""]"
2026-10-05,opendatasbcountyatcgov,https://opendata.sbcountyatc.gov,21,0,1,2.11.1,"[""activity"", ""pages"", ""tracking""]"
2026-10-05,opendatasamarindakotagoid,https://opendata.samarindakota.go.id,636,44,157,2.10.0,"[""activity"", ""datastore"", ""datapusher"", ""image_view"", ""datatables_view"", ""pdf_view"", ""recline_view"", ""harvest"", ""ckan_harvester""]"
2026-10-05,opendatarsadhyatmajatengprovgoid,https://opendata.rsadhyatma.jatengprov.go.id,3495,6,1,,"[""activity"", ""userdatasets"", ""datastore"", ""xloader"", ""text_view"", ""image_view"", ""webpage_view"", ""datatables_view"", ""resource_proxy"", ""tabledesigner"", ""rsdatheme""]"
2026-10-05,opendatareadide,https://opendata.readi.de,201,13,8,2.10.9,"[""image_view"", ""text_view"", ""recline_view"", ""datastore"", ""xloader"", ""readi_theme"", ""accessibility"", ""activity"", ""pages"", ""dcat"", ""dcatde"", ""structured_data"", ""matomo_dsgvo"", ""resource_proxy"", ""pdf_view"", ""geo_view"", ""shp_view"", ""scheming_datasets"", ""envvars""]"
2026-10-05,opendataolpede,https://opendata.olpe.de/,106,13,1,2.11.3,"[""envvars"", ""image_view"", ""text_view"", ""webpage_view"", ""xloader"", ""geo_view"", ""geojson_view"", ""wmts_view"", ""shp_view"", ""pdf_view"", ""datatables_view"", ""datastore"", ""activity"", ""resource_proxy"", ""piechart"", ""linechart"", ""barchart"", ""dcat"", ""dcatde"", ""scheming_datasets"", ""oauth"", ""footer""]"
2026-10-05,opendatanuacth,https://opendata.nu.ac.th,3,0,4,2.9.11,"[""stats"", ""text_view"", ""image_view"", ""recline_view""]"
2026-10-05,opendatanikaiaorg,https://opendata.nikaia-rentis.gov.gr/,118,0,1,2.11.3,"[""stats"", ""datastore"", ""xloader"", ""scheming_datasets"", ""fluent"", ""charts_view"", ""charts_builder_view"", ""linechart"", ""barchart"", ""piechart"", ""geo_view"", ""geojson_view"", ""pdf_view"", ""image_view"", ""text_view"", ""datatables_view"", ""webpage_view""]"
2026-10-05,opendatametropoleruhrde,https://opendata.metropoleruhr.de,3166,31,26,2.10.5,"[""envvars"", ""resource_proxy"", ""datastore"", ""xloader"", ""image_view"", ""text_view"", ""datatables_view"", ""spatial_metadata"", ""spatial_query"", ""harvest"", ""ckan_harvester"", ""dcat"", ""dcatde"", ""dcat_rdf_harvester"", ""dcatde_rdf_harvester"", ""dcat_json_harvester"", ""dcat_json_interface"", ""structured_data"", ""geo_view"", ""geojson_view"", ""navigablemap"", ""choroplethmap"", ""pages"", ""pdf_view"", ""rvr"", ""scheming_datasets"", ""scheming_organizations""]"
2026-10-05,opendatamwacoth,https://opendata.mwa.co.th,11,0,4,2.10.7,"[""thai_gdc"", ""showcase"", ""stats"", ""opendstats"", ""activity"", ""image_view"", ""datatables_view"", ""text_view"", ""webpage_view"", ""resource_proxy"", ""geo_view"", ""geojson_view"", ""shp_view"", ""xloader"", ""datastore"", ""pdf_view"", ""dcat"", ""dcat_json_interface"", ""structured_data"", ""scheming_datasets"", ""hierarchy_display"", ""hierarchy_form""]"
2026-10-05,opendatameaorth,https://opendata.mea.or.th,77,1,19,2.9.9,"[""envvars"", ""ldap"", ""discovery"", ""search_suggestions"", ""thaigdc_governance"", ""thai_gdc"", ""opendstats"", ""image_view"", ""text_view"", ""recline_view"", ""resource_proxy"", ""webpage_view"", ""datastore"", ""xloader"", ""scheming_datasets"", ""pdf_view"", ""hierarchy_display"", ""hierarchy_form"", ""dcat"", ""dcat_json_interface"", ""structured_data"", ""pages"", ""stats""]"
2026-10-05,opendatamalinaugoid,https://opendata.malinau.go.id,1309,1,41,2.9.11,"[""stats"", ""text_view"", ""image_view"", ""recline_view"", ""resource_proxy""]"
2026-10-05,opendatamagelangkabgoid,https://opendata.magelangkab.go.id,3190,14,71,2.11.5,"[""image_view"", ""text_view"", ""datatables_view"", ""datastore"", ""datapusher"", ""envvars"", ""magelang""]"
2026-10-05,opendatalogronoes,https://opendata.logrono.es,173,0,16,2.7.4,"[""stats"", ""text_view"", ""image_view"", ""recline_view"", ""recline_map_view"", ""recline_graph_view"", ""recline_grid_view"", ""resource_proxy"", ""geojson_view"", ""datastore"", ""datapusher"", ""hierarchy_display"", ""hierarchy_form"", ""scheming_datasets"", ""multilingual_dataset"", ""multilingual_group"", ""multilingual_tag"", ""rating"", ""disqus"", ""custom"", ""viewhelpers"", ""dashboard_preview"", ""ags_fs_view"", ""ags_ms_view""]"
2026-10-05,opendatalavegainnovaes,https://opendata.lavegainnova.es,28,0,1,,"[""stats"", ""text_view"", ""image_view"", ""datastore"", ""resource_proxy"", ""webpage_view"", ""datatables_view"", ""scheming_datasets"", ""harvest"", ""ckan_harvester"", ""dcat"", ""dcat_rdf_harvester"", ""dcat_json_harvester"", ""dcat_json_interface"", ""structured_data"", ""spatial_metadata"", ""spatial_query"", ""geo_view"", ""multilingual_dataset"", ""multilingual_group"", ""multilingual_tag"", ""csw_harvester"", ""scheming_groups"", ""scheming_organizations"", ""ihub"", ""xloader""]"
2026-10-05,opendataledgoth,https://opendata.led.go.th/,43,12,20,2.10.7,"[""thai_gdc"", ""showcase"", ""stats"", ""opendstats"", ""activity"", ""image_view"", ""datatables_view"", ""text_view"", ""webpage_view"", ""resource_proxy"", ""geo_view"", ""geojson_view"", ""shp_view"", ""datastore"", ""xloader"", ""pdf_view"", ""dcat"", ""dcat_json_interface"", ""structured_data"", ""scheming_datasets"", ""hierarchy_display"", ""hierarchy_form""]"
2026-10-05,opendataklatengoid,https://opendata.klaten.go.id,1299,12,115,2.7.2,"[""stats"", ""recline_view"", ""text_view"", ""text_preview"", ""image_view"", ""datastore"", ""datapusher"", ""harvest"", ""ckan_harvester""]"
2026-10-05,opendatakreisgueterslohde,https://opendata.kreis-guetersloh.de,0,0,0,,
2026-10-05,opendatahsriorth,https://opendata.hsri.or.th,50,0,23,2.9.9,"[""envvars"", ""discovery"", ""search_suggestions"", ""thai_gdc"", ""stats"", ""opendstats"", ""image_view"", ""text_view"", ""recline_view"", ""resource_proxy"", ""webpage_view"", ""datastore"", ""xloader"", ""scheming_datasets"", ""pdf_view"", ""hierarchy_display"", ""hierarchy_form"", ""dcat"", ""dcat_json_interface"", ""structured_data""]"
2026-10-05,opendatagistdaorth,https://opendata.gistda.or.th,42,8,14,2.10.7,"[""thai_gdc"", ""showcase"", ""stats"", ""opendstats"", ""xloader"", ""datastore"", ""resource_proxy"", ""datatables_view"", ""geo_view"", ""geojson_view"", ""shp_view"", ""text_view"", ""image_view"", ""recline_view"", ""pdf_view"", ""webpage_view"", ""dcat"", ""dcat_json_interface"", ""structured_data"", ""scheming_datasets"", ""hierarchy_display"", ""hierarchy_form""]"
2026-10-05,opendatahullccgovuk,https://opendata.hullcc.gov.uk,0,0,0,,
2026-10-05,opendatahamelnpyrmontde,https://opendata.hameln-pyrmont.de,7,3,1,2.11.1,"[""envvars"", ""activity"", ""image_view"", ""datatables_view"", ""datastore"", ""datapusher"", ""hameln"", ""pdf_view"", ""expire_api_token"", ""geojson_view"", ""oauth2"", ""pages""]"
2026-10-05,opendataercolanoculturagovit,https://opendata-ercolano.cultura.gov.it,13,18,2,2.9.5,"[""stats"", ""text_view"", ""image_view"", ""recline_view"", ""resource_proxy"", ""datastore"", ""datapusher"", ""webpage_view"", ""pdf_view"", ""noregistration"", ""geo_view"", ""geojson_view"", ""contact"", ""hierarchy_display"", ""hierarchy_form"", ""hierarchy_group_form"", ""officedocs_view""]"
2026-10-05,opendatagreifswaldde,https://opendata.greifswald.de,39,13,1,2.11.6,"[""stats"", ""image_view"", ""text_view"", ""datatables_view"", ""pdf_view"", ""webpage_view"", ""greifswald_theme"", ""datastore"", ""xloader"", ""pages"", ""dcat"", ""dcatde"", ""structured_data"", ""activity"", ""scheming_datasets"", ""envvars"", ""tracking""]"
2026-10-05,opendataeawagch,https://opendata.eawag.ch,429,33,99,2.11.4,"[""stats"", ""text_view"", ""pdf_view"", ""webpage_view"", ""datatables_view"", ""image_view"", ""video_view"", ""audio_view"", ""markdown_view"", ""datastore"", ""xloader"", ""spatial_metadata"", ""spatial_query"", ""resource_proxy"", ""geo_view"", ""geojson_view"", ""wmts_view"", ""activity"", ""eaw_theme"", ""eaw_schema"", ""scheming_datasets"", ""scheming_organizations"", ""hierarchy_display"", ""cleanup"", ""unfold"", ""envvars""]"
2026-10-05,opendataengelholmse,https://opendata.engelholm.se,3,19,1,2.10.5,"[""saml2auth"", ""shp_view"", ""image_view"", ""text_view"", ""recline_view"", ""datastore"", ""datapusher"", ""resource_proxy"", ""geo_view"", ""harvest"", ""ckan_harvester"", ""spatial_metadata"", ""spatial_query"", ""spatial_harvest_metadata_api"", ""csw_harvester"", ""waf_harvester"", ""doc_harvester"", ""dcat"", ""dcat_rdf_harvester"", ""dcat_json_harvester"", ""dcat_json_interface"", ""structured_data"", ""syndicate"", ""scheming_datasets"", ""scheming_groups"", ""scheming_organizations"", ""editor"", ""sokigo"", ""envvars"", ""stats""]"
2026-10-05,opendatadlagoth,https://opendata.dla.go.th/,34,5,1,2.10.7,"[""thai_gdc"", ""showcase"", ""stats"", ""opendstats"", ""activity"", ""image_view"", ""datatables_view"", ""text_view"", ""webpage_view"", ""resource_proxy"", ""geo_view"", ""geojson_view"", ""shp_view"", ""xloader"", ""datastore"", ""pdf_view"", ""dcat"", ""dcat_json_interface"", ""structured_data"", ""scheming_datasets"", ""hierarchy_display"", ""hierarchy_form"", ""envvars""]"
2026-10-05,opendatadepaorth,https://opendata.depa.or.th,12,0,33,2.10.7,"[""thai_gdc"", ""showcase"", ""stats"", ""opendstats"", ""activity"", ""image_view"", ""datatables_view"", ""text_view"", ""webpage_view"", ""resource_proxy"", ""geo_view"", ""geojson_view"", ""shp_view"", ""xloader"", ""datastore"", ""pdf_view"", ""dcat"", ""dcat_json_interface"", ""structured_data"", ""scheming_datasets"", ""hierarchy_display"", ""hierarchy_form""]"
2026-10-05,opendatacomuninemeacloud,https://opendata.comuni.nemea.cloud/,34,13,30,2.9.9,"[""stats"", ""text_view"", ""image_view"", ""recline_view"", ""datastore"", ""datapusher"", ""harvest"", ""spatial_metadata"", ""spatial_query"", ""structured_data"", ""dcat"", ""dcat_json_interface"", ""multilang"", ""dcatapit_pkg"", ""dcatapit_org"", ""dcatapit_config"", ""dcatapit_harvest_list"", ""dcatapit_harvester"", ""dcatapit_csw_harvester"", ""dcatapit_vocabulary"", ""resource_proxy"", ""geo_view""]"
2026-10-05,opendataconstitutionalcourtorth,https://opendata.constitutionalcourt.or.th,9,4,4,2.10.7,"[""mytheme"", ""thai_gdc"", ""showcase"", ""stats"", ""opendstats"", ""activity"", ""image_view"", ""datatables_view"", ""text_view"", ""webpage_view"", ""resource_proxy"", ""geo_view"", ""geojson_view"", ""shp_view"", ""xloader"", ""datastore"", ""pdf_view"", ""dcat"", ""dcat_json_interface"", ""structured_data"", ""scheming_datasets"", ""hierarchy_display"", ""hierarchy_form"", ""envvars""]"
2026-10-05,opendatacorfu,https://ckan.opendatacorfu.gr,45,14,8,2.10.1,"[""activity"", ""text_view"", ""image_view"", ""recline_view"", ""resource_proxy"", ""datastore"", ""pdf_view"", ""geo_view"", ""geojson_view"", ""wmts_view"", ""shp_view"", ""spatial_metadata"", ""spatial_query""]"
2026-10-05,opendatacomunideimessapiit,https://opendatacomunideimessapi.it/,22,13,9,2.10.3,"[""envvars"", ""datatables_view"", ""image_view"", ""text_view"", ""recline_view"", ""datastore"", ""datapusher"", ""harvest"", ""ckan_harvester"", ""dcat"", ""dcat_rdf_harvester"", ""dcat_json_harvester"", ""dcat_json_interface"", ""structured_data"", ""dcatapit_pkg"", ""dcatapit_org"", ""dcatapit_config"", ""dcatapit_theme_group_mapper""]"
2026-10-05,opendatacomuneforlifcit,https://opendata.comune.forli.fc.it,17,0,6,2.7.2,"[""stats"", ""datastore"", ""datapusher"", ""text_view"", ""image_view"", ""recline_grid_view"", ""recline_graph_view"", ""recline_map_view"", ""webpage_view"", ""spatial_metadata"", ""spatial_query"", ""harvest"", ""ckan_harvester"", ""dcat"", ""dcat_rdf_harvester"", ""dcat_json_harvester"", ""dcat_json_interface"", ""dcatapit_pkg"", ""dcatapit_org"", ""dcatapit_config"", ""dcatapit_subcatalog_facets"", ""dcatapit_ckan_harvester"", ""dcatapit_harvester"", ""dcatapit_csw_harvester"", ""multilang"", ""multilang_harvester"", ""geonetwork_harvester"", ""odata"", ""ldap"", ""resourcecounter""]"
2026-10-05,opendatacojgoth,https://opendata.coj.go.th,0,0,0,,
2026-10-05,opendatacmuacth,https://opendata.cmu.ac.th,4,6,5,2.9.5,"[""envvars"", ""oauth2"", ""discovery"", ""search_suggestions"", ""thai_gdc"", ""stats"", ""opendstats"", ""image_view"", ""text_view"", ""recline_view"", ""resource_proxy"", ""webpage_view"", ""datastore"", ""xloader"", ""scheming_datasets"", ""pdf_view"", ""hierarchy_display"", ""hierarchy_form"", ""dcat"", ""dcat_json_interface"", ""structured_data""]"
2026-10-05,opendatacityofathensgr,https://opendata.cityofathens.gr/,464,0,200,2.11.3,"[""testexception"", ""tables"", ""logs"", ""harvest"", ""geonode_harvest"", ""geonode_documents"", ""geonode_maps"", ""core_ckan_harvester"", ""custom_dcat_harvester"", ""announcements"", ""athens_theme"", ""dsaudit"", ""activity"", ""pdf_view"", ""cloudstorage"", ""azurefilestore"", ""azure_translator"", ""excelforms"", ""tabledesigner"", ""datatables_view"", ""datastore"", ""showcase"", ""report"", ""tagless_report"", ""qa"", ""archiver"", ""dcat"", ""relationships"", ""pages"", ""data_gov_gr"", ""data_gov_gr_spatial"", ""scheming_datasets"", ""keycloak"", ""scheming_organizations"", ""fluent"", ""vocabulary_admin"", ""spatial_metadata"", ""spatial_query"", ""csw_harvester"", ""xloader"", ""downloadall"", ""barchart"", ""piechart"", ""charts_view"", ""stats"", ""tracking"", ""resource_proxy"", ""matomo"", ""geojson_view"", ""geo_view"", ""sdgmap_view"", ""contact"", ""comments"", ""image_view"", ""video_view"", ""audio_view"", ""webpage_view"", ""hierarchy_display"", ""csvinvite""]"
2026-10-05,opendatacityminatotokyojp,https://opendata.city.minato.tokyo.jp,560,21,1,2.11.5,"[""stats"", ""tracking"", ""text_view"", ""image_view"", ""geo_view"", ""geojson_view"", ""wmts_view"", ""shp_view"", ""datatables_view"", ""pdf_view"", ""officedocs_view"", ""resource_proxy"", ""datastore"", ""xloader"", ""activity"", ""envvars"", ""harvest"", ""ckan_harvester"", ""pages"", ""minatoku_theme""]"
2026-10-05,opendatacifsgoth,https://opendata.cifs.go.th/,114,7,18,2.10.7,"[""thai_gdc"", ""showcase"", ""stats"", ""opendstats"", ""activity"", ""image_view"", ""datatables_view"", ""text_view"", ""webpage_view"", ""resource_proxy"", ""geo_view"", ""geojson_view"", ""shp_view"", ""xloader"", ""datastore"", ""pdf_view"", ""dcat"", ""dcat_json_interface"", ""structured_data"", ""scheming_datasets"", ""hierarchy_display"", ""hierarchy_form""]"
2026-10-05,opendatacityimizutoyamajp,https://opendata.city.imizu.toyama.jp,169,12,1,2.10.3,"[""envvars"", ""image_view"", ""text_view"", ""recline_view"", ""datastore"", ""datapusher"", ""activity"", ""pdf_view"", ""geo_view"", ""imizu""]"
2026-10-05,opendatabovenkabnet,https://opendatabovenkab.net,0,0,0,,
2026-10-05,opendatabrebeskabgoid,https://opendata.brebeskab.go.id,1655,14,69,2.10.1,"[""activity""]"
2026-10-05,opendatabovendigoelkabgoid,https://opendata.bovendigoelkab.go.id,0,0,0,,
2026-10-05,opendatabolmongkabgoid,https://opendata.bolmongkab.go.id,491,13,50,2.11.0,"[""activity"", ""xloader"", ""datastore"", ""image_view"", ""pdf_view"", ""datatables_view""]"
2026-10-05,opendatabastadse,https://opendata.bastad.se,2,19,1,2.10.5,"[""saml2auth"", ""shp_view"", ""image_view"", ""text_view"", ""recline_view"", ""datastore"", ""datapusher"", ""resource_proxy"", ""geo_view"", ""harvest"", ""ckan_harvester"", ""spatial_metadata"", ""spatial_query"", ""spatial_harvest_metadata_api"", ""csw_harvester"", ""waf_harvester"", ""doc_harvester"", ""dcat"", ""dcat_rdf_harvester"", ""dcat_json_harvester"", ""dcat_json_interface"", ""structured_data"", ""syndicate"", ""scheming_datasets"", ""scheming_groups"", ""scheming_organizations"", ""editor"", ""sokigo"", ""envvars"", ""stats""]"
2026-10-05,opendataasmenetit,https://opendata.asmenet.it,8,8,5,2.11.4,"[""stats"", ""text_view"", ""image_view"", ""datatables_view"", ""datastore"", ""xloader"", ""dcat"", ""harvest"", ""ckan_harvester"", ""dcat_rdf_harvester"", ""dcat_json_harvester"", ""dcatapit_config"", ""dcatapit_pkg"", ""dcatapit_org"", ""dcatapit_harvest_list"", ""asme_backoffice""]"
2026-10-05,opendataapikakogawajp,https://opendata-api-kakogawa.jp/odp/,0,0,0,,
2026-10-05,opendataacehtengahkabgoid,https://opendata.acehtengahkab.go.id,0,0,0,,
2026-10-05,opendataaiguesmanresacat,https://opendata.aiguesmanresa.cat,4,7,1,2.11.6,"[""image_view"", ""text_view"", ""datatables_view"", ""datastore"", ""datapusher"", ""envvars"", ""tracking"", ""spatial_metadata"", ""spatial_query"", ""geo_view"", ""geojson_view"", ""manresa"", ""scheming_datasets"", ""charts_view"", ""charts_builder_view""]"
2026-10-05,onepgdcataloggoth,https://onep.gdcatalog.go.th,189,12,71,2.10.10,"[""thaigdc2fa"", ""thai_gdc"", ""showcase"", ""stats"", ""opendstats"", ""activity"", ""image_view"", ""datatables_view"", ""text_view"", ""webpage_view"", ""resource_proxy"", ""geo_view"", ""geojson_view"", ""shp_view"", ""wmts_view"", ""xloader"", ""datastore"", ""pdf_view"", ""dcat"", ""dcat_json_interface"", ""structured_data"", ""scheming_datasets"", ""hierarchy_display"", ""hierarchy_form"", ""envvars""]"
2026-10-05,oeirasinterativaoeiraspt,https://oeirasinterativa.oeiras.pt/dadosabertos/,184,12,4,2.9.5,"[""stats"", ""text_view"", ""image_view"", ""recline_view"", ""cmo_theme""]"
2026-10-05,ocpbgdcataloggoth,https://ocpb.gdcatalog.go.th,13,3,5,2.10.10,"[""thaigdc2fa"", ""thai_gdc"", ""showcase"", ""stats"", ""opendstats"", ""activity"", ""image_view"", ""datatables_view"", ""text_view"", ""webpage_view"", ""resource_proxy"", ""geo_view"", ""geojson_view"", ""shp_view"", ""wmts_view"", ""xloader"", ""datastore"", ""pdf_view"", ""dcat"", ""dcat_json_interface"", ""structured_data"", ""scheming_datasets"", ""hierarchy_display"", ""hierarchy_form"", ""envvars""]"
2026-10-05,odataudgedu,https://odata.udg.edu,100,2,1,2.11.5,"[""envvars"", ""image_view"", ""text_view"", ""datatables_view"", ""datastore"", ""datapusher""]"
2026-10-05,nwgpdataportalca,https://nwgpdataportal.ca,9,0,7,2.10.8,"[""nwg"", ""nwg_access"", ""scheming_datasets"", ""stats"", ""text_view"", ""image_view"", ""video_view"", ""webpage_view"", ""pdf_view"", ""zip_view"", ""recline_view"", ""nwg_recline_graph_view"", ""datastore"", ""xloader"", ""geo_view"", ""geojson_view"", ""datatables_view"", ""activity"", ""toolbelt_fdt_sqlalchemy"", ""resource_indexer"", ""plain_resource_indexer"", ""pdf_resource_indexer"", ""json_resource_indexer"", ""search_tweaks"", ""mapsearch"", ""pages"", ""flakes"", ""editable_config""]"
2026-10-05,nwdpnwicgovin,https://nwdp.nwic.gov.in/,558,5,78,2.11.3,"[""connect_us"", ""my_about"", ""my_google_analytics"", ""dataset_api"", ""my_catalogue"", ""my_dashboard"", ""activity"", ""stats"", ""my_footer"", ""datastore"", ""xloader"", ""datatables_view"", ""image_view"", ""resource_proxy"", ""geo_view"", ""geojson_view"", ""wmts_view"", ""tabledesigner"", ""text_view"", ""video_view"", ""webpage_view"", ""graph_view"", ""smartsearch""]"
2026-10-05,nonthaburilocalgdcataloggoth,https://nonthaburi-local.gdcatalog.go.th,3,7,3,2.10.10,"[""thaigdc2fa"", ""thai_gdc"", ""showcase"", ""stats"", ""opendstats"", ""activity"", ""image_view"", ""datatables_view"", ""text_view"", ""webpage_view"", ""resource_proxy"", ""geo_view"", ""geojson_view"", ""shp_view"", ""wmts_view"", ""xloader"", ""datastore"", ""pdf_view"", ""dcat"", ""dcat_json_interface"", ""structured_data"", ""scheming_datasets"", ""hierarchy_display"", ""hierarchy_form"", ""envvars""]"
2026-10-05,nonthaburigdcataloggoth,https://nonthaburi.gdcatalog.go.th,333,0,57,2.10.10,"[""thaigdc2fa"", ""thai_gdc"", ""showcase"", ""stats"", ""opendstats"", ""googleanalytics"", ""activity"", ""image_view"", ""datatables_view"", ""text_view"", ""webpage_view"", ""resource_proxy"", ""geo_view"", ""geojson_view"", ""shp_view"", ""wmts_view"", ""xloader"", ""datastore"", ""pdf_view"", ""dcat"", ""dcat_json_interface"", ""structured_data"", ""scheming_datasets"", ""scheming_groups"", ""hierarchy_display"", ""hierarchy_form"", ""envvars""]"
2026-10-05,nongkhailocalgdcataloggoth,https://nongkhai-local.gdcatalog.go.th,0,7,0,2.10.10,"[""thaigdc2fa"", ""thai_gdc"", ""showcase"", ""stats"", ""opendstats"", ""activity"", ""image_view"", ""datatables_view"", ""text_view"", ""webpage_view"", ""resource_proxy"", ""geo_view"", ""geojson_view"", ""shp_view"", ""wmts_view"", ""xloader"", ""datastore"", ""pdf_view"", ""dcat"", ""dcat_json_interface"", ""structured_data"", ""scheming_datasets"", ""hierarchy_display"", ""hierarchy_form"", ""envvars""]"
2026-10-05,nongkhaigdcataloggoth,https://nongkhai.gdcatalog.go.th,355,0,68,2.10.10,"[""thaigdc2fa"", ""thai_gdc"", ""showcase"", ""stats"", ""opendstats"", ""googleanalytics"", ""activity"", ""image_view"", ""datatables_view"", ""text_view"", ""webpage_view"", ""resource_proxy"", ""geo_view"", ""geojson_view"", ""shp_view"", ""wmts_view"", ""xloader"", ""datastore"", ""pdf_view"", ""dcat"", ""dcat_json_interface"", ""structured_data"", ""scheming_datasets"", ""scheming_groups"", ""hierarchy_display"", ""hierarchy_form"", ""envvars""]"
2026-10-05,nongbualamphugdcataloggoth,https://nongbualamphu.gdcatalog.go.th,468,0,54,2.10.10,"[""thaigdc2fa"", ""thai_gdc"", ""showcase"", ""stats"", ""opendstats"", ""googleanalytics"", ""activity"", ""image_view"", ""datatables_view"", ""text_view"", ""webpage_view"", ""resource_proxy"", ""geo_view"", ""geojson_view"", ""shp_view"", ""wmts_view"", ""xloader"", ""datastore"", ""pdf_view"", ""dcat"", ""dcat_json_interface"", ""structured_data"", ""scheming_datasets"", ""scheming_groups"", ""hierarchy_display"", ""hierarchy_form"", ""envvars""]"
2026-10-05,nongbualamphulocalgdcataloggoth,https://nongbualamphu-local.gdcatalog.go.th,8,7,2,2.10.10,"[""thaigdc2fa"", ""thai_gdc"", ""showcase"", ""stats"", ""opendstats"", ""activity"", ""image_view"", ""datatables_view"", ""text_view"", ""webpage_view"", ""resource_proxy"", ""geo_view"", ""geojson_view"", ""shp_view"", ""wmts_view"", ""xloader"", ""datastore"", ""pdf_view"", ""dcat"", ""dcat_json_interface"", ""structured_data"", ""scheming_datasets"", ""hierarchy_display"", ""hierarchy_form"", ""envvars""]"
2026-10-05,ndotdatanebraskagov,https://ndotdata.nebraska.gov/,7,1,3,2.10.1,"[""activity"", ""datastore"", ""xloader"", ""datatables_view"", ""text_view""]"
2026-10-05,natworkdataportalitigr,https://natwork-data-portal.iti.gr,9,3,12,2.10.4,"[""envvars"", ""image_view"", ""text_view"", ""recline_view"", ""datastore"", ""datapusher""]"
2026-10-05,nationalcyclingdataexchangencdaporg,https://national-cycling-data-exchange.ncdap.org,85,0,29,2.10.4,"[""stats"", ""text_view"", ""image_view"", ""recline_view"", ""activity"", ""citydatatheme"", ""resource_proxy"", ""spatial_metadata"", ""spatial_query"", ""geo_view"", ""geojson_view"", ""spatialUI""]"
2026-10-05,narathiwatlocalgdcataloggoth,https://narathiwat-local.gdcatalog.go.th,0,7,4,2.10.10,"[""thaigdc2fa"", ""thai_gdc"", ""showcase"", ""stats"", ""opendstats"", ""activity"", ""image_view"", ""datatables_view"", ""text_view"", ""webpage_view"", ""resource_proxy"", ""geo_view"", ""geojson_view"", ""shp_view"", ""wmts_view"", ""xloader"", ""datastore"", ""pdf_view"", ""dcat"", ""dcat_json_interface"", ""structured_data"", ""scheming_datasets"", ""hierarchy_display"", ""hierarchy_form"", ""envvars""]"
2026-10-05,narathiwatgdcataloggoth,https://narathiwat.gdcatalog.go.th,401,0,86,2.10.10,"[""thaigdc2fa"", ""thai_gdc"", ""showcase"", ""stats"", ""opendstats"", ""googleanalytics"", ""activity"", ""image_view"", ""datatables_view"", ""text_view"", ""webpage_view"", ""resource_proxy"", ""geo_view"", ""geojson_view"", ""shp_view"", ""wmts_view"", ""xloader"", ""datastore"", ""pdf_view"", ""dcat"", ""dcat_json_interface"", ""structured_data"", ""scheming_datasets"", ""scheming_groups"", ""hierarchy_display"", ""hierarchy_form"", ""envvars""]"
2026-10-05,napdgtes,https://nap.dgt.es,0,0,0,,
2026-10-05,nanlocalgdcataloggoth,https://nan-local.gdcatalog.go.th,14,7,3,2.10.10,"[""thaigdc2fa"", ""thai_gdc"", ""showcase"", ""stats"", ""opendstats"", ""activity"", ""image_view"", ""datatables_view"", ""text_view"", ""webpage_view"", ""resource_proxy"", ""geo_view"", ""geojson_view"", ""shp_view"", ""wmts_view"", ""xloader"", ""datastore"", ""pdf_view"", ""dcat"", ""dcat_json_interface"", ""structured_data"", ""scheming_datasets"", ""hierarchy_display"", ""hierarchy_form"", ""envvars""]"
2026-10-05,nangdcataloggoth,https://nan.gdcatalog.go.th,256,0,42,2.10.10,"[""thaigdc2fa"", ""thai_gdc"", ""showcase"", ""stats"", ""opendstats"", ""googleanalytics"", ""activity"", ""image_view"", ""datatables_view"", ""text_view"", ""webpage_view"", ""resource_proxy"", ""geo_view"", ""geojson_view"", ""shp_view"", ""wmts_view"", ""xloader"", ""datastore"", ""pdf_view"", ""dcat"", ""dcat_json_interface"", ""structured_data"", ""scheming_datasets"", ""scheming_groups"", ""hierarchy_display"", ""hierarchy_form"", ""envvars""]"
2026-10-05,nakhonsithammaratlocalgdcataloggoth,https://nakhonsithammarat-local.gdcatalog.go.th,0,7,4,2.10.10,"[""thaigdc2fa"", ""thai_gdc"", ""showcase"", ""stats"", ""opendstats"", ""activity"", ""image_view"", ""datatables_view"", ""text_view"", ""webpage_view"", ""resource_proxy"", ""geo_view"", ""geojson_view"", ""shp_view"", ""wmts_view"", ""xloader"", ""datastore"", ""pdf_view"", ""dcat"", ""dcat_json_interface"", ""structured_data"", ""scheming_datasets"", ""hierarchy_display"", ""hierarchy_form"", ""envvars""]"
2026-10-05,nakhonsawanlocalgdcataloggoth,https://nakhonsawan-local.gdcatalog.go.th,8,7,6,2.10.10,"[""thaigdc2fa"", ""thai_gdc"", ""showcase"", ""stats"", ""opendstats"", ""activity"", ""image_view"", ""datatables_view"", ""text_view"", ""webpage_view"", ""resource_proxy"", ""geo_view"", ""geojson_view"", ""shp_view"", ""wmts_view"", ""xloader"", ""datastore"", ""pdf_view"", ""dcat"", ""dcat_json_interface"", ""structured_data"", ""scheming_datasets"", ""hierarchy_display"", ""hierarchy_form"", ""envvars""]"
2026-10-05,nakhonsawangdcataloggoth,https://nakhonsawan.gdcatalog.go.th,537,1,66,2.10.10,"[""thaigdc2fa"", ""thai_gdc"", ""showcase"", ""stats"", ""opendstats"", ""googleanalytics"", ""activity"", ""image_view"", ""datatables_view"", ""text_view"", ""webpage_view"", ""resource_proxy"", ""geo_view"", ""geojson_view"", ""shp_view"", ""wmts_view"", ""xloader"", ""datastore"", ""pdf_view"", ""dcat"", ""dcat_json_interface"", ""structured_data"", ""scheming_datasets"", ""scheming_groups"", ""hierarchy_display"", ""hierarchy_form"", ""envvars""]"
2026-10-05,nakhonratchasimalocalgdcataloggoth,https://nakhonratchasima-local.gdcatalog.go.th,7,7,4,2.10.10,"[""thaigdc2fa"", ""thai_gdc"", ""showcase"", ""stats"", ""opendstats"", ""activity"", ""image_view"", ""datatables_view"", ""text_view"", ""webpage_view"", ""resource_proxy"", ""geo_view"", ""geojson_view"", ""shp_view"", ""wmts_view"", ""xloader"", ""datastore"", ""pdf_view"", ""dcat"", ""dcat_json_interface"", ""structured_data"", ""scheming_datasets"", ""hierarchy_display"", ""hierarchy_form"", ""envvars""]"
2026-10-05,nakhonratchasimagdcataloggoth,https://nakhonratchasima.gdcatalog.go.th,634,0,88,2.10.10,"[""thaigdc2fa"", ""thai_gdc"", ""showcase"", ""stats"", ""opendstats"", ""googleanalytics"", ""activity"", ""image_view"", ""datatables_view"", ""text_view"", ""webpage_view"", ""resource_proxy"", ""geo_view"", ""geojson_view"", ""shp_view"", ""wmts_view"", ""xloader"", ""datastore"", ""pdf_view"", ""dcat"", ""dcat_json_interface"", ""structured_data"", ""scheming_datasets"", ""scheming_groups"", ""hierarchy_display"", ""hierarchy_form"", ""envvars""]"
2026-10-05,nakhonphanomlocalgdcataloggoth,https://nakhonphanom-local.gdcatalog.go.th,0,7,0,2.10.10,"[""thaigdc2fa"", ""thai_gdc"", ""showcase"", ""stats"", ""opendstats"", ""activity"", ""image_view"", ""datatables_view"", ""text_view"", ""webpage_view"", ""resource_proxy"", ""geo_view"", ""geojson_view"", ""shp_view"", ""wmts_view"", ""xloader"", ""datastore"", ""pdf_view"", ""dcat"", ""dcat_json_interface"", ""structured_data"", ""scheming_datasets"", ""hierarchy_display"", ""hierarchy_form"", ""envvars""]"
2026-10-05,nakhonpathomgdcataloggoth,https://nakhonpathom.gdcatalog.go.th,420,0,64,2.10.10,"[""thaigdc2fa"", ""thai_gdc"", ""showcase"", ""stats"", ""opendstats"", ""googleanalytics"", ""activity"", ""image_view"", ""datatables_view"", ""text_view"", ""webpage_view"", ""resource_proxy"", ""geo_view"", ""geojson_view"", ""shp_view"", ""wmts_view"", ""xloader"", ""datastore"", ""pdf_view"", ""dcat"", ""dcat_json_interface"", ""structured_data"", ""scheming_datasets"", ""scheming_groups"", ""hierarchy_display"", ""hierarchy_form"", ""envvars""]"
2026-10-05,nakhonphanomgdcataloggoth,https://nakhonphanom.gdcatalog.go.th,303,0,68,2.10.10,"[""thaigdc2fa"", ""thai_gdc"", ""showcase"", ""stats"", ""opendstats"", ""googleanalytics"", ""activity"", ""image_view"", ""datatables_view"", ""text_view"", ""webpage_view"", ""resource_proxy"", ""geo_view"", ""geojson_view"", ""shp_view"", ""wmts_view"", ""xloader"", ""datastore"", ""pdf_view"", ""dcat"", ""dcat_json_interface"", ""structured_data"", ""scheming_datasets"", ""scheming_groups"", ""hierarchy_display"", ""hierarchy_form"", ""envvars""]"
2026-10-05,nakhonpathomlocalgdcataloggoth,https://nakhonpathom-local.gdcatalog.go.th,0,7,2,2.10.10,"[""thaigdc2fa"", ""thai_gdc"", ""showcase"", ""stats"", ""opendstats"", ""activity"", ""image_view"", ""datatables_view"", ""text_view"", ""webpage_view"", ""resource_proxy"", ""geo_view"", ""geojson_view"", ""shp_view"", ""wmts_view"", ""xloader"", ""datastore"", ""pdf_view"", ""dcat"", ""dcat_json_interface"", ""structured_data"", ""scheming_datasets"", ""hierarchy_display"", ""hierarchy_form"", ""envvars""]"
2026-10-05,nakhonnayoklocalgdcataloggoth,https://nakhonnayok-local.gdcatalog.go.th,0,7,0,2.10.10,"[""thaigdc2fa"", ""thai_gdc"", ""showcase"", ""stats"", ""opendstats"", ""activity"", ""image_view"", ""datatables_view"", ""text_view"", ""webpage_view"", ""resource_proxy"", ""geo_view"", ""geojson_view"", ""shp_view"", ""wmts_view"", ""xloader"", ""datastore"", ""pdf_view"", ""dcat"", ""dcat_json_interface"", ""structured_data"", ""scheming_datasets"", ""hierarchy_display"", ""hierarchy_form"", ""envvars""]"
2026-10-05,nakhonnayokgdcataloggoth,https://nakhonnayok.gdcatalog.go.th,269,0,44,2.10.10,"[""thaigdc2fa"", ""thai_gdc"", ""showcase"", ""stats"", ""opendstats"", ""googleanalytics"", ""activity"", ""image_view"", ""datatables_view"", ""text_view"", ""webpage_view"", ""resource_proxy"", ""geo_view"", ""geojson_view"", ""shp_view"", ""wmts_view"", ""xloader"", ""datastore"", ""pdf_view"", ""dcat"", ""dcat_json_interface"", ""structured_data"", ""scheming_datasets"", ""scheming_groups"", ""hierarchy_display"", ""hierarchy_form"", ""envvars""]"
2026-10-05,mukdahanlocalgdcataloggoth,https://mukdahan-local.gdcatalog.go.th,0,7,0,2.10.10,"[""thaigdc2fa"", ""thai_gdc"", ""showcase"", ""stats"", ""opendstats"", ""activity"", ""image_view"", ""datatables_view"", ""text_view"", ""webpage_view"", ""resource_proxy"", ""geo_view"", ""geojson_view"", ""shp_view"", ""wmts_view"", ""xloader"", ""datastore"", ""pdf_view"", ""dcat"", ""dcat_json_interface"", ""structured_data"", ""scheming_datasets"", ""hierarchy_display"", ""hierarchy_form"", ""envvars""]"
2026-10-05,mukdahangdcataloggoth,https://mukdahan.gdcatalog.go.th,226,0,47,2.10.10,"[""thaigdc2fa"", ""thai_gdc"", ""showcase"", ""stats"", ""opendstats"", ""googleanalytics"", ""activity"", ""image_view"", ""datatables_view"", ""text_view"", ""webpage_view"", ""resource_proxy"", ""geo_view"", ""geojson_view"", ""shp_view"", ""wmts_view"", ""xloader"", ""datastore"", ""pdf_view"", ""dcat"", ""dcat_json_interface"", ""structured_data"", ""scheming_datasets"", ""scheming_groups"", ""hierarchy_display"", ""hierarchy_form"", ""envvars""]"
2026-10-05,mldataopendataai,https://mldata.opendata.ai/dataset/,0,0,0,,
2026-10-05,metastorempcdfmpgde,https://metastore.mpcdf.mpg.de,118,0,4,2.10.10,"[""ldap"", ""metastore_theme"", ""scheming_datasets"", ""scheming_nerf_index"", ""mpcdf"", ""hierarchy_display"", ""hierarchy_form""]"
2026-10-05,mistralcathpccinecait,https://mistral-cat.hpc.cineca.it,6,3,1,2.11.4,"[""image_view"", ""text_view"", ""datatables_view"", ""datastore"", ""resource_proxy"", ""spatial_metadata"", ""spatial_query"", ""geo_view"", ""mistral"", ""dcat"", ""dcat_rdf_harvester"", ""dcat_json_harvester"", ""dcat_json_interface"", ""structured_data"", ""harvest"", ""ckan_harvester"", ""activity"", ""envvars""]"
2026-10-05,mahasarakhamlocalgdcataloggoth,https://mahasarakham-local.gdcatalog.go.th,0,7,2,2.10.10,"[""thaigdc2fa"", ""thai_gdc"", ""showcase"", ""stats"", ""opendstats"", ""activity"", ""image_view"", ""datatables_view"", ""text_view"", ""webpage_view"", ""resource_proxy"", ""geo_view"", ""geojson_view"", ""shp_view"", ""wmts_view"", ""xloader"", ""datastore"", ""pdf_view"", ""dcat"", ""dcat_json_interface"", ""structured_data"", ""scheming_datasets"", ""hierarchy_display"", ""hierarchy_form"", ""envvars""]"
2026-10-05,mahasarakhamgdcataloggoth,https://mahasarakham.gdcatalog.go.th,630,0,73,2.10.10,"[""thaigdc2fa"", ""thai_gdc"", ""showcase"", ""stats"", ""opendstats"", ""googleanalytics"", ""activity"", ""image_view"", ""datatables_view"", ""text_view"", ""webpage_view"", ""resource_proxy"", ""geo_view"", ""geojson_view"", ""shp_view"", ""wmts_view"", ""xloader"", ""datastore"", ""pdf_view"", ""dcat"", ""dcat_json_interface"", ""structured_data"", ""scheming_datasets"", ""scheming_groups"", ""hierarchy_display"", ""hierarchy_form"", ""envvars""]"
2026-10-05,lopburilocalgdcataloggoth,https://lopburi-local.gdcatalog.go.th,0,7,1,2.10.10,"[""thaigdc2fa"", ""thai_gdc"", ""showcase"", ""stats"", ""opendstats"", ""activity"", ""image_view"", ""datatables_view"", ""text_view"", ""webpage_view"", ""resource_proxy"", ""geo_view"", ""geojson_view"", ""shp_view"", ""wmts_view"", ""xloader"", ""datastore"", ""pdf_view"", ""dcat"", ""dcat_json_interface"", ""structured_data"", ""scheming_datasets"", ""hierarchy_display"", ""hierarchy_form"", ""envvars""]"
2026-10-05,maehongsonlocalgdcataloggoth,https://maehongson-local.gdcatalog.go.th,0,7,2,2.10.10,"[""thaigdc2fa"", ""thai_gdc"", ""showcase"", ""stats"", ""opendstats"", ""activity"", ""image_view"", ""datatables_view"", ""text_view"", ""webpage_view"", ""resource_proxy"", ""geo_view"", ""geojson_view"", ""shp_view"", ""wmts_view"", ""xloader"", ""datastore"", ""pdf_view"", ""dcat"", ""dcat_json_interface"", ""structured_data"", ""scheming_datasets"", ""hierarchy_display"", ""hierarchy_form"", ""envvars""]"
2026-10-05,maehongsongdcataloggoth,https://maehongson.gdcatalog.go.th,407,0,67,2.10.10,"[""thaigdc2fa"", ""thai_gdc"", ""showcase"", ""stats"", ""opendstats"", ""googleanalytics"", ""activity"", ""image_view"", ""datatables_view"", ""text_view"", ""webpage_view"", ""resource_proxy"", ""geo_view"", ""geojson_view"", ""shp_view"", ""wmts_view"", ""xloader"", ""datastore"", ""pdf_view"", ""dcat"", ""dcat_json_interface"", ""structured_data"", ""scheming_datasets"", ""scheming_groups"", ""hierarchy_display"", ""hierarchy_form"", ""envvars""]"
2026-10-05,lopburigdcataloggoth,https://lopburi.gdcatalog.go.th,644,0,62,2.10.10,"[""thaigdc2fa"", ""thai_gdc"", ""showcase"", ""stats"", ""opendstats"", ""googleanalytics"", ""activity"", ""image_view"", ""datatables_view"", ""text_view"", ""webpage_view"", ""resource_proxy"", ""geo_view"", ""geojson_view"", ""shp_view"", ""wmts_view"", ""xloader"", ""datastore"", ""pdf_view"", ""dcat"", ""dcat_json_interface"", ""structured_data"", ""scheming_datasets"", ""scheming_groups"", ""hierarchy_display"", ""hierarchy_form"", ""envvars""]"
2026-10-05,loeilocalgdcataloggoth,https://loei-local.gdcatalog.go.th,0,7,0,2.10.10,"[""thaigdc2fa"", ""thai_gdc"", ""showcase"", ""stats"", ""opendstats"", ""activity"", ""image_view"", ""datatables_view"", ""text_view"", ""webpage_view"", ""resource_proxy"", ""geo_view"", ""geojson_view"", ""shp_view"", ""wmts_view"", ""xloader"", ""datastore"", ""pdf_view"", ""dcat"", ""dcat_json_interface"", ""structured_data"", ""scheming_datasets"", ""hierarchy_display"", ""hierarchy_form"", ""envvars""]"
2026-10-05,lcrdigitalcommonscom,https://lcrdigitalcommons.com,58,0,17,2.11.3,"[""activity"", ""datastore"", ""xloader"", ""s3filestore"", ""resource_proxy"", ""pdf_view"", ""datatables_view"", ""text_view"", ""video_view"", ""audio_view"", ""image_view"", ""webpage_view"", ""scheming_datasets"", ""scheming_groups"", ""scheming_organizations"", ""charts_view"", ""charts_builder_view"", ""geo_view"", ""geojson_view"", ""wmts_view"", ""resourcesfilter"", ""search_facets"", ""tracking"", ""stats"", ""visualizer"", ""cdchelp"", ""mcpchatbot""]"
2026-10-05,loeigdcataloggoth,https://loei.gdcatalog.go.th,318,0,57,2.10.10,"[""thaigdc2fa"", ""thai_gdc"", ""showcase"", ""stats"", ""opendstats"", ""googleanalytics"", ""activity"", ""image_view"", ""datatables_view"", ""text_view"", ""webpage_view"", ""resource_proxy"", ""geo_view"", ""geojson_view"", ""shp_view"", ""wmts_view"", ""xloader"", ""datastore"", ""pdf_view"", ""dcat"", ""dcat_json_interface"", ""structured_data"", ""scheming_datasets"", ""scheming_groups"", ""hierarchy_display"", ""hierarchy_form"", ""envvars""]"
2026-10-05,lamphunlocalgdcataloggoth,https://lamphun-local.gdcatalog.go.th,60,7,8,2.10.10,"[""thaigdc2fa"", ""thai_gdc"", ""showcase"", ""stats"", ""opendstats"", ""activity"", ""image_view"", ""datatables_view"", ""text_view"", ""webpage_view"", ""resource_proxy"", ""geo_view"", ""geojson_view"", ""shp_view"", ""wmts_view"", ""xloader"", ""datastore"", ""pdf_view"", ""dcat"", ""dcat_json_interface"", ""structured_data"", ""scheming_datasets"", ""hierarchy_display"", ""hierarchy_form"", ""envvars""]"
2026-10-05,lamphungdcataloggoth,https://lamphun.gdcatalog.go.th,370,0,60,2.10.10,"[""thaigdc2fa"", ""thai_gdc"", ""showcase"", ""stats"", ""opendstats"", ""googleanalytics"", ""activity"", ""image_view"", ""datatables_view"", ""text_view"", ""webpage_view"", ""resource_proxy"", ""geo_view"", ""geojson_view"", ""shp_view"", ""wmts_view"", ""xloader"", ""datastore"", ""pdf_view"", ""dcat"", ""dcat_json_interface"", ""structured_data"", ""scheming_datasets"", ""scheming_groups"", ""hierarchy_display"", ""hierarchy_form"", ""envvars""]"
2026-10-05,lampanglocalgdcataloggoth,https://lampang-local.gdcatalog.go.th,520,7,4,2.10.10,"[""thaigdc2fa"", ""thai_gdc"", ""showcase"", ""stats"", ""opendstats"", ""activity"", ""image_view"", ""datatables_view"", ""text_view"", ""webpage_view"", ""resource_proxy"", ""geo_view"", ""geojson_view"", ""shp_view"", ""wmts_view"", ""xloader"", ""datastore"", ""pdf_view"", ""dcat"", ""dcat_json_interface"", ""structured_data"", ""scheming_datasets"", ""hierarchy_display"", ""hierarchy_form"", ""envvars""]"
2026-10-05,lampanggdcataloggoth,https://lampang.gdcatalog.go.th,425,0,59,2.10.10,"[""thaigdc2fa"", ""thai_gdc"", ""showcase"", ""stats"", ""opendstats"", ""googleanalytics"", ""activity"", ""image_view"", ""datatables_view"", ""text_view"", ""webpage_view"", ""resource_proxy"", ""geo_view"", ""geojson_view"", ""shp_view"", ""wmts_view"", ""xloader"", ""datastore"", ""pdf_view"", ""dcat"", ""dcat_json_interface"", ""structured_data"", ""scheming_datasets"", ""scheming_groups"", ""hierarchy_display"", ""hierarchy_form"", ""envvars""]"
2026-10-05,ladamaslaimburgit,https://ladamas.laimburg.it/,5,1,4,2.10.4,"[""envvars"", ""image_view"", ""text_view"", ""datatables_view"", ""datastore"", ""datapusher""]"
2026-10-05,krabilocalgdcataloggoth,https://krabi-local.gdcatalog.go.th,0,7,0,2.10.10,"[""thaigdc2fa"", ""thai_gdc"", ""showcase"", ""stats"", ""opendstats"", ""activity"", ""image_view"", ""datatables_view"", ""text_view"", ""webpage_view"", ""resource_proxy"", ""geo_view"", ""geojson_view"", ""shp_view"", ""wmts_view"", ""xloader"", ""datastore"", ""pdf_view"", ""dcat"", ""dcat_json_interface"", ""structured_data"", ""scheming_datasets"", ""hierarchy_display"", ""hierarchy_form"", ""envvars""]"
2026-10-05,krabigdcataloggoth,https://krabi.gdcatalog.go.th,386,0,60,2.10.10,"[""thaigdc2fa"", ""thai_gdc"", ""showcase"", ""stats"", ""opendstats"", ""googleanalytics"", ""activity"", ""image_view"", ""datatables_view"", ""text_view"", ""webpage_view"", ""resource_proxy"", ""geo_view"", ""geojson_view"", ""shp_view"", ""wmts_view"", ""xloader"", ""datastore"", ""pdf_view"", ""dcat"", ""dcat_json_interface"", ""structured_data"", ""scheming_datasets"", ""scheming_groups"", ""hierarchy_display"", ""hierarchy_form"", ""envvars""]"
2026-10-05,klimakonformdmpgeotudresdende,https://klimakonform-dmp.geo.tu-dresden.de,64,0,8,2.11.4,"[""stats"", ""text_view"", ""image_view"", ""resource_proxy"", ""datastore"", ""spatial_metadata"", ""geo_view"", ""geojson_view"", ""wmts_view"", ""shp_view"", ""scheming_datasets"", ""klimakonform"", ""dashboard_preview"", ""viewhelpers"", ""dcat"", ""structured_data"", ""noregistration""]"
2026-10-05,khonkaenlocalgdcataloggoth,https://khonkaen-local.gdcatalog.go.th,0,7,3,2.10.10,"[""thaigdc2fa"", ""thai_gdc"", ""showcase"", ""stats"", ""opendstats"", ""activity"", ""image_view"", ""datatables_view"", ""text_view"", ""webpage_view"", ""resource_proxy"", ""geo_view"", ""geojson_view"", ""shp_view"", ""wmts_view"", ""xloader"", ""datastore"", ""pdf_view"", ""dcat"", ""dcat_json_interface"", ""structured_data"", ""scheming_datasets"", ""hierarchy_display"", ""hierarchy_form"", ""envvars""]"
2026-10-05,khonkaengdcataloggoth,https://khonkaen.gdcatalog.go.th,521,0,40,2.10.10,"[""thaigdc2fa"", ""thai_gdc"", ""showcase"", ""stats"", ""opendstats"", ""googleanalytics"", ""activity"", ""image_view"", ""datatables_view"", ""text_view"", ""webpage_view"", ""resource_proxy"", ""geo_view"", ""geojson_view"", ""shp_view"", ""wmts_view"", ""xloader"", ""datastore"", ""pdf_view"", ""dcat"", ""dcat_json_interface"", ""structured_data"", ""scheming_datasets"", ""scheming_groups"", ""hierarchy_display"", ""hierarchy_form"", ""envvars""]"
2026-10-05,kbsgeoproprojecteu,https://kbs.geoproproject.eu,0,0,0,2.10.0a,"[""stats"", ""text_view"", ""image_view"", ""recline_view""]"
2026-10-05,kanchanaburilocalgdcataloggoth,https://kanchanaburi-local.gdcatalog.go.th,0,7,3,2.10.10,"[""thaigdc2fa"", ""thai_gdc"", ""showcase"", ""stats"", ""opendstats"", ""activity"", ""image_view"", ""datatables_view"", ""text_view"", ""webpage_view"", ""resource_proxy"", ""geo_view"", ""geojson_view"", ""shp_view"", ""wmts_view"", ""xloader"", ""datastore"", ""pdf_view"", ""dcat"", ""dcat_json_interface"", ""structured_data"", ""scheming_datasets"", ""hierarchy_display"", ""hierarchy_form"", ""envvars""]"
2026-10-05,katalogdatakemenpargoid,https://katalogdata.kemenpar.go.id,59,0,45,2.9.5,"[""envvars"", ""stats"", ""image_view"", ""text_view"", ""recline_view"", ""scheming_datasets"", ""resourceauthorizer"", ""resource_proxy"", ""geo_view"", ""harvest"", ""ckan_harvester"", ""csw_harvester"", ""spatial_metadata"", ""spatial_query"", ""resourcedictionary"", ""datastore"", ""datapusher"", ""pages"", ""showcase"", ""pdf_view"", ""officedocs_view"", ""geojson_view"", ""shp_view"", ""wmts_view"", ""datatables_view"", ""dcat"", ""dcat_rdf_harvester"", ""dcat_json_harvester"", ""dcat_json_interface"", ""structured_data"", ""oaipmh_harvester"", ""sdbi"", ""satudataapi""]"
2026-10-05,katalogdatacilegongoid,https://katalogdata.cilegon.go.id/,692,1,37,2.10.5,"[""activity"", ""datastore"", ""datatables_view"", ""resource_proxy"", ""stats"", ""recline_view"", ""pdf_view"", ""geo_view"", ""userlock""]"
2026-10-05,kanchanaburigdcataloggoth,https://kanchanaburi.gdcatalog.go.th,480,0,85,2.10.10,"[""thaigdc2fa"", ""thai_gdc"", ""showcase"", ""stats"", ""opendstats"", ""googleanalytics"", ""activity"", ""image_view"", ""datatables_view"", ""text_view"", ""webpage_view"", ""resource_proxy"", ""geo_view"", ""geojson_view"", ""shp_view"", ""wmts_view"", ""xloader"", ""datastore"", ""pdf_view"", ""dcat"", ""dcat_json_interface"", ""structured_data"", ""scheming_datasets"", ""scheming_groups"", ""hierarchy_display"", ""hierarchy_form"", ""envvars""]"
2026-10-05,kamphaengphetlocalgdcataloggoth,https://kamphaengphet-local.gdcatalog.go.th,0,7,2,2.10.10,"[""thaigdc2fa"", ""thai_gdc"", ""showcase"", ""stats"", ""opendstats"", ""activity"", ""image_view"", ""datatables_view"", ""text_view"", ""webpage_view"", ""resource_proxy"", ""geo_view"", ""geojson_view"", ""shp_view"", ""wmts_view"", ""xloader"", ""datastore"", ""pdf_view"", ""dcat"", ""dcat_json_interface"", ""structured_data"", ""scheming_datasets"", ""hierarchy_display"", ""hierarchy_form"", ""envvars""]"
2026-10-05,kamphaengphetgdcataloggoth,https://kamphaengphet.gdcatalog.go.th,338,0,59,2.10.10,"[""thaigdc2fa"", ""thai_gdc"", ""showcase"", ""stats"", ""opendstats"", ""googleanalytics"", ""activity"", ""image_view"", ""datatables_view"", ""text_view"", ""webpage_view"", ""resource_proxy"", ""geo_view"", ""geojson_view"", ""shp_view"", ""wmts_view"", ""xloader"", ""datastore"", ""pdf_view"", ""dcat"", ""dcat_json_interface"", ""structured_data"", ""scheming_datasets"", ""scheming_groups"", ""hierarchy_display"", ""hierarchy_form"", ""envvars""]"
2026-10-05,intranetcaibesopendatacatalegdataset,https://intranet.caib.es/opendatacataleg/dataset,0,0,0,,
2026-10-05,kalasingdcataloggoth,https://kalasin.gdcatalog.go.th,408,0,55,2.10.10,"[""thaigdc2fa"", ""thai_gdc"", ""showcase"", ""stats"", ""opendstats"", ""googleanalytics"", ""activity"", ""image_view"", ""datatables_view"", ""text_view"", ""webpage_view"", ""resource_proxy"", ""geo_view"", ""geojson_view"", ""shp_view"", ""wmts_view"", ""xloader"", ""datastore"", ""pdf_view"", ""dcat"", ""dcat_json_interface"", ""structured_data"", ""scheming_datasets"", ""scheming_groups"", ""hierarchy_display"", ""hierarchy_form"", ""envvars""]"
2026-10-05,inforepositoriosedfgovbr,https://inforepositorio.se.df.gov.br,49,18,7,2.10.4,"[""envvars"", ""image_view"", ""text_view"", ""recline_view"", ""datastore"", ""datapusher"", ""resource_proxy"", ""geo_view"", ""geojson_view"", ""wmts_view"", ""shp_view"", ""spatial_metadata"", ""spatial_query"", ""scheming_datasets"", ""scheming_groups"", ""scheming_organizations"", ""officedocs_view"", ""recline_grid_view"", ""recline_map_view"", ""webpage_view"", ""pdf_view"", ""pages"", ""dashboard_preview"", ""navigablemap"", ""choroplethmap""]"
2026-10-05,indicadorescdmxgobmx,https://indicadores.cdmx.gob.mx,0,0,0,,
2026-10-05,ihpwinsunescoorg,https://ihp-wins.unesco.org,454,259,237,2.10.9,"[""envvars"", ""image_view"", ""text_view"", ""recline_view"", ""datastore"", ""datapusher"", ""theme_ejemplo""]"
2026-10-05,ibestatesedatosappscatalogo,https://ibestat.es/edatos/apps/catalogo/,14411,22,1,2.11.4,"[""stats"", ""activity"", ""image_view"", ""text_view"", ""resource_proxy"", ""datatables_view"", ""datastore"", ""gobcangroups"", ""gobcan_harvester"", ""geojson_view"", ""shp_view"", ""harvest"", ""ckan_harvester"", ""dcat"", ""dcat_rdf_harvester"", ""dcat_json_harvester"", ""dcat_json_interface"", ""structured_data"", ""cas"", ""edatosscheming"", ""xloader"", ""scheming_datasets"", ""scheming_groups"", ""scheming_organizations"", ""fluent"", ""edatostheme"", ""edatosshowcase"", ""envvars""]"
2026-10-05,hcschrrohiostateedu,https://hcs.chrr.ohio-state.edu,439,0,0,2.10.10,"[""envvars"", ""image_view"", ""text_view"", ""datatables_view"", ""chrrpermissions"", ""datastore"", ""xloader"", ""saml2auth"", ""hcsvocab"", ""osubux"", ""pdf_view"", ""video_view""]"
2026-10-05,housingdataexchangeahdaporg,https://housing-data-exchange.ahdap.org,105,0,25,2.10.4,"[""stats"", ""text_view"", ""image_view"", ""recline_view"", ""activity"", ""citydatatheme"", ""resource_proxy"", ""spatial_metadata"", ""spatial_query"", ""geo_view"", ""geojson_view"", ""spatialUI""]"
2026-10-05,guideorientationspotmq,https://guideorientation.spot.mq,61,0,18,2.9.9,"[""envvars"", ""image_view"", ""text_view"", ""recline_view"", ""datastore"", ""datapusher"", ""dcat""]"
2026-10-05,gdcdtammophgoth,https://gdc.dtam.moph.go.th,43,5,18,2.10.7,"[""thai_gdc"", ""showcase"", ""stats"", ""opendstats"", ""activity"", ""image_view"", ""datatables_view"", ""text_view"", ""webpage_view"", ""resource_proxy"", ""geo_view"", ""geojson_view"", ""shp_view"", ""xloader"", ""datastore"", ""pdf_view"", ""dcat"", ""dcat_json_interface"", ""structured_data"", ""scheming_datasets"", ""hierarchy_display"", ""hierarchy_form""]"
2026-10-05,gdcatalognxpoorth,https://gdcatalog.nxpo.or.th,18,5,1,2.10.7,"[""thai_gdc"", ""showcase"", ""stats"", ""opendstats"", ""activity"", ""image_view"", ""datatables_view"", ""text_view"", ""webpage_view"", ""resource_proxy"", ""geo_view"", ""geojson_view"", ""shp_view"", ""xloader"", ""datastore"", ""pdf_view"", ""dcat"", ""dcat_json_interface"", ""structured_data"", ""scheming_datasets"", ""hierarchy_display"", ""hierarchy_form"", ""envvars""]"
2026-10-05,gdcatalogenergygoth,https://gdcatalog.energy.go.th,228,5,89,2.10.7,"[""thai_gdc"", ""showcase"", ""stats"", ""opendstats"", ""activity"", ""image_view"", ""datatables_view"", ""text_view"", ""webpage_view"", ""resource_proxy"", ""geo_view"", ""geojson_view"", ""shp_view"", ""xloader"", ""datastore"", ""pdf_view"", ""dcat"", ""dcat_json_interface"", ""structured_data"", ""scheming_datasets"", ""hierarchy_display"", ""hierarchy_form""]"
2026-10-05,gdcatalogegatcoth,https://gdcatalog.egat.co.th,15,2,1,2.10.7,"[""thai_gdc"", ""showcase"", ""stats"", ""opendstats"", ""activity"", ""image_view"", ""datatables_view"", ""text_view"", ""webpage_view"", ""resource_proxy"", ""geo_view"", ""geojson_view"", ""shp_view"", ""xloader"", ""datastore"", ""pdf_view"", ""dcat"", ""dcat_json_interface"", ""structured_data"", ""scheming_datasets"", ""hierarchy_display"", ""hierarchy_form""]"
2026-10-05,gdcatalogdltgoth,https://gdcatalog.dlt.go.th,14,4,3,2.10.7,"[""thai_gdc"", ""showcase"", ""stats"", ""opendstats"", ""activity"", ""image_view"", ""datatables_view"", ""text_view"", ""webpage_view"", ""resource_proxy"", ""geo_view"", ""geojson_view"", ""shp_view"", ""xloader"", ""datastore"", ""pdf_view"", ""dcat"", ""dcat_json_interface"", ""structured_data"", ""scheming_datasets"", ""hierarchy_display"", ""hierarchy_form"", ""thaigdc2fa""]"
2026-10-05,gdcatalogdftgoth,https://gdcatalog.dft.go.th,142,9,16,2.10.7,"[""bt_theme"", ""thai_gdc"", ""showcase"", ""stats"", ""opendstats"", ""activity"", ""image_view"", ""datatables_view"", ""text_view"", ""webpage_view"", ""resource_proxy"", ""geo_view"", ""geojson_view"", ""shp_view"", ""xloader"", ""datastore"", ""pdf_view"", ""dcat"", ""dcat_json_interface"", ""structured_data"", ""scheming_datasets"", ""hierarchy_display"", ""hierarchy_form"", ""thaigdc2fa""]"
2026-10-05,espaidedadesdadesscat,https://espaidedades.dadess.cat,15,7,12,2.11.0,"[""activity"", ""datatables_view"", ""datastore"", ""image_view"", ""text_view"", ""video_view"", ""webpage_view"", ""stats"", ""hierarchy_display"", ""hierarchy_form"", ""hierarchy_group_form"", ""coopdevs_espaidedades_theme"", ""charts_view"", ""charts_builder_view"", ""geo_view"", ""geojson_view"", ""structured_data"", ""apilogger""]"
2026-10-05,gdcatalogairportsgoth,https://gdcatalog.airports.go.th/,11,2,2,2.9.9,"[""envvars"", ""discovery"", ""search_suggestions"", ""stats"", ""opendstats"", ""doat"", ""image_view"", ""text_view"", ""recline_view"", ""resource_proxy"", ""webpage_view"", ""datastore"", ""xloader"", ""scheming_datasets"", ""pdf_view"", ""hierarchy_display"", ""hierarchy_form"", ""dcat"", ""dcat_json_interface"", ""structured_data""]"
2026-10-05,fair3rfr,https://fair3r.fr/,4,1,4,2.12.0,"[""stats"", ""text_view"", ""image_view"", ""dsaudit"", ""activity"", ""tabledesigner"", ""datatables_view"", ""datastore"", ""xloader"", ""pdf_view"", ""dcat"", ""structured_data"", ""croissant"", ""oaipmh_provider"", ""better_stats"", ""fair3r"", ""doi"", ""pages"", ""plotly_explorer"", ""contact""]"
2026-10-05,dulieumocaobanggovvn,https://dulieumo.caobang.gov.vn,9,0,0,2.10.4,"[""ssoidp"", ""vnpt_theme"", ""swaggerui"", ""permission_group"", ""activity"", ""datastore"", ""xloader"", ""image_view"", ""pdf_view"", ""officedocs_view"", ""recline_view"", ""datatables_view"", ""pages"", ""managedatasets"", ""users"", ""comments"", ""api"", ""rating"", ""smtp"", ""contact_us"", ""report"", ""manage_ip_addresses"", ""logs"", ""error_page_conf"", ""gis"", ""search_suggestions"", ""geo_view"", ""geojson_view"", ""wmts_view"", ""shp_view"", ""resource_proxy"", ""igroupform_custom"", ""iorganizationform_custom"", ""downloadall"", ""tracking""]"
2026-10-05,donostiaeusdatosabiertos,https://www.donostia.eus/datosabiertos/,143,22,1,2.11.2,"[""activity"", ""stats"", ""datastore"", ""datapusher_plus"", ""scheming_datasets"", ""scheming_groups"", ""scheming_organizations"", ""fluent"", ""resource_proxy"", ""text_view"", ""pdf_view"", ""datatables_view"", ""geo_view"", ""shp_view"", ""geojson_view"", ""wmts_view"", ""dcat"", ""dcat_json_interface"", ""structured_data"", ""spatial_metadata"", ""spatial_query"", ""donostiaopendata"", ""linechart"", ""barchart"", ""piechart"", ""tracking""]"
2026-10-05,donneesonicseuqatca,https://donnees.onicse.uqat.ca,22,4,7,2.11.4,"[""envvars"", ""activity"", ""image_view"", ""text_view"", ""datatables_view"", ""datastore"", ""xloader"", ""onicse_theme""]"
2026-10-05,donneesiriuca,https://donnees.iriu.ca,48332,12,251,2.10.10,"[""iriu_theme"", ""activity""]"
2026-10-05,donneesdataasccsagcca,https://donnees-data.asc-csa.gc.ca,0,0,0,,
2026-10-05,doinioznl,https://doi.nioz.nl,230,0,1,2.12.0,"[""image_view"", ""text_view"", ""datatables_view"", ""datastore"", ""datapusher"", ""scheming_datasets"", ""activity"", ""envvars"", ""dasacl"", ""driftwood""]"
2026-10-05,diwdatasetdiwgoth,https://diw-dataset.diw.go.th,13,0,1,2.10.7,"[""thai_gdc"", ""showcase"", ""stats"", ""opendstats"", ""activity"", ""image_view"", ""datatables_view"", ""text_view"", ""webpage_view"", ""resource_proxy"", ""geo_view"", ""geojson_view"", ""shp_view"", ""xloader"", ""datastore"", ""pdf_view"", ""dcat"", ""dcat_json_interface"", ""structured_data"", ""scheming_datasets"", ""hierarchy_display"", ""hierarchy_form""]"
2026-10-05,digitwingeoecomarro,https://digitwin.geoecomar.ro/,1,0,1,2.10.4,"[""activity"", ""datastore"", ""datapusher"", ""webpage_view"", ""text_view"", ""image_view"", ""recline_view"", ""resource_proxy"", ""geo_view"", ""geojson_view"", ""wmts_view"", ""shp_view"", ""pdf_view"", ""officedocs_view"", ""pages"", ""harvest"", ""ckan_harvester"", ""recline_map_view"", ""recline_graph_view"", ""recline_grid_view"", ""dcat"", ""dcat_rdf_harvester"", ""dcat_json_harvester"", ""dcat_json_interface"", ""structured_data"", ""zenodo""]"
2026-10-05,demodatashadescom,https://demo.datashades.com,188,20,0,2.10.11,"[""jmh"", ""admin_panel"", ""admin_panel_log"", ""admin_panel_doi"", ""admin_panel_example"", ""admin_panel_cron"", ""stats"", ""image_view"", ""datatables_view"", ""officedocs_view"", ""video_view"", ""audio_view"", ""webpage_view"", ""datastore"", ""resource_proxy"", ""xloader"", ""scheming_datasets"", ""spatial_metadata"", ""spatial_query"", ""resformat"", ""pages"", ""transmute"", ""harvest_basket"", ""harvest"", ""demo_ckan_harvester"", ""demo_socrata_harvester"", ""seed_harvester"", ""flakes"", ""files"", ""files_manager"", ""s3_exporter"", ""activity"", ""ondc"", ""pdf_view"", ""pygments_view"", ""ap_doi"", ""wysiwyg"", ""editable_config"", ""collection"", ""mailcraft"", ""tour"", ""charts_view"", ""charts_builder_view"", ""unfold"", ""content"", ""menu"", ""media""]"
2026-10-05,datosumes,https://datos.um.es,281,0,2,2.11.3,"[""activity"", ""image_view"", ""datatables_view"", ""dcat"", ""tema_um"", ""karajan"", ""fixurl"", ""stats_um""]"
2026-10-05,datossegeplangobgt,https://datos.segeplan.gob.gt,0,0,0,,
2026-10-05,datosmadrides,https://datos.madrid.es,673,55,1,2.9.11,"[""stats"", ""text_view"", ""image_view"", ""recline_view"", ""showcase"", ""datastore"", ""xloader"", ""resource_proxy"", ""spatial_metadata"", ""spatial_query"", ""geo_view"", ""shp_view"", ""geojson_view"", ""wmts_view"", ""scheming_datasets"", ""scheming_groups"", ""scheming_organizations"", ""pages"", ""harvest"", ""ckan_harvester"", ""madridthemes"", ""dcat"", ""dcat_rdf_harvester"", ""structured_data"", ""pdf_view"", ""comments"", ""madridcarrousel"", ""madridgeorss_view"", ""madridsparql"", ""madridopenapi"", ""madridform_contact"", ""madridform_reuse"", ""madridxloader_status"", ""saml2auth"", ""madrid_actions"", ""envvars""]"
2026-10-05,datosodepagobcl,https://datos.odepa.gob.cl,6,3,1,,
2026-10-05,datoslegislaturaneuquengobar,https://datos.legislaturaneuquen.gob.ar,18,4,2,2.9.4,"[""stats"", ""datastore"", ""neuquen_theme"", ""recline_view"", ""pdf_view"", ""recline_grid_view"", ""recline_graph_view"", ""recline_map_view"", ""text_view"", ""image_view""]"
2026-10-05,datosmisionesgobar,https://www.datos.misiones.gob.ar,2,15,7,2.11.3,"[""activity"", ""datastore"", ""stats"", ""resource_proxy"", ""datatables_view"", ""text_view"", ""image_view"", ""audio_view"", ""video_view"", ""webpage_view"", ""xloader"", ""geojson_view""]"
2026-10-05,datoshcdngobar,https://datos.hcdn.gob.ar,29,13,5,2.7.2,"[""stats"", ""text_view"", ""image_view"", ""recline_view"", ""resource_proxy"", ""datastore"", ""datapusher"", ""recline_grid_view"", ""recline_graph_view"", ""recline_map_view"", ""linechart"", ""barchart"", ""piechart"", ""basicgrid"", ""pdf_view"", ""hcdn_theme""]"
2026-10-05,datosgobmx,https://datos.gob.mx,1767,28,189,2.11.6,"[""envvars"", ""stats"", ""resource_proxy"", ""datastore"", ""xloader"", ""text_view"", ""image_view"", ""datatables_view"", ""atdt""]"
2026-10-05,datosestadisticaspr,https://datos.estadisticas.pr,0,0,0,,
2026-10-05,datosconredgobgt,https://datos.conred.gob.gt,9,2,1,2.9.11,"[""stats"", ""text_view"", ""image_view"", ""recline_view"", ""datastore"", ""datapusher""]"
2026-10-05,datoschdueroes,https://datos.chduero.es,28,7,7,2.9.11,"[""datastore"", ""chd_theme"", ""stats"", ""text_view"", ""image_view"", ""recline_view"", ""resource_proxy"", ""pdf_view"", ""webpage_view"", ""recline_grid_view"", ""recline_graph_view"", ""datatables_view"", ""scheming_datasets"", ""scheming_groups"", ""scheming_organizations"", ""chd_scheming"", ""pages"", ""googleanalytics"", ""fluent"", ""xloader"", ""geo_view"", ""geojson_view"", ""wmts_view"", ""shp_view"", ""dcat"", ""chd_dcat"", ""chd_report""]"
2026-10-05,datosabiertosvenadotuertogobar,https://datos-abiertos.venadotuerto.gob.ar,27,5,8,2.10.4,"[""envvars"", ""image_view"", ""text_view"", ""datatables_view"", ""datastore"", ""datapusher"", ""pad_theme""]"
2026-10-05,datosabiertosterritoriointeligentejcyles,https://datosabiertos.territoriointeligente.jcyl.es,0,6,10,,"[""nti_metadata"", ""stats"", ""text_view"", ""image_view"", ""datastore"", ""resource_proxy"", ""webpage_view"", ""datatables_view"", ""scheming_datasets"", ""harvest"", ""ckan_harvester"", ""dcat"", ""dcat_rdf_harvester"", ""dcat_json_harvester"", ""dcat_json_interface"", ""structured_data"", ""spatial_metadata"", ""spatial_query"", ""geo_view"", ""csw_harvester"", ""scheming_groups"", ""scheming_organizations"", ""fluent"", ""qa"", ""archiver"", ""report"", ""xloader"", ""jcyl""]"
2026-10-05,datoscchscsices,https://datos.cchs.csic.es,0,0,0,,
2026-10-05,datosabiertosvalledelcaucagovco,https://datosabiertos.valledelcauca.gov.co,50,26,27,2.10.4,"[""activity"", ""datastore"", ""datapusher"", ""datatables_view"", ""geojson_view"", ""wmts_view"", ""shp_view"", ""geo_view"", ""Odata_Api"", ""shp_to_geojson"", ""PowerBI"", ""csv_to_geojson_dataset_resource""]"
2026-10-05,datosabiertosmuniguarcogocr,https://datosabiertos.muniguarco.go.cr/,4,0,13,2.9.8,"[""envvars"", ""stats"", ""image_view"", ""text_view"", ""recline_view"", ""datastore"", ""datapusher"", ""c3charts"", ""pdf_view"", ""pages"", ""resource_proxy"", ""geo_view"", ""geojson_view"", ""wmts_view"", ""shp_view"", ""example_theme""]"
2026-10-05,datosabiertosconectiaalcalaguadairaes,https://datosabiertos.conectia.alcalaguadaira.es/,0,1,3,2.11.0a0,"[""activity"", ""datapusher"", ""datastore"", ""text_view"", ""image_view"", ""recline_view"", ""pdf_view"", ""pages""]"
2026-10-05,datosabiertoschiclanaogovsystemcom,https://datosabiertos-chiclana.ogovsystem.com/,30,14,1,2.9.2,"[""stats"", ""text_view"", ""image_view"", ""recline_view""]"
2026-10-05,datosabiertoschiclanaes,https://datosabiertos.chiclana.es,30,14,1,2.9.2,"[""stats"", ""text_view"", ""image_view"", ""recline_view""]"
2026-10-05,datosabiertoscarchigobec,https://datosabiertos.carchi.gob.ec,1614,82,11,2.3.2,"[""stats"", ""text_view"", ""image_view"", ""recline_view"", ""carchi_theme""]"
2026-10-05,datosabiertosbcieorg,https://datosabiertos.bcie.org,7,6,1,2.11.5,"[""bcie"", ""push_errors"", ""image_view"", ""pdf_view"", ""datastore"", ""datatables_view"", ""xloader"", ""tracking"", ""api_tracking"", ""announcements"", ""scheming_datasets"", ""scheming_groups"", ""scheming_organizations"", ""resource_proxy"", ""geo_view"", ""dashboard"", ""saml2auth"", ""activity"", ""iati_generator"", ""bcie_charts"", ""charts_view"", ""charts_builder_view"", ""validate""]"
2026-10-05,datosabiertosaytosanlorenzoes,https://datosabiertos.aytosanlorenzo.es/,49,22,1,2.11.4,"[""envvars"", ""slescorial"", ""scheming_datasets"", ""scheming_groups"", ""scheming_organizations"", ""image_view"", ""text_view"", ""datatables_view"", ""datastore"", ""xloader"", ""resource_proxy"", ""geo_view"", ""geojson_view"", ""wmts_view"", ""shp_view"", ""harvest"", ""ckan_harvester"", ""dcat"", ""dcat_rdf_harvester"", ""spatial_metadata"", ""spatial_query""]"
2026-10-05,datiunionevallesavioit,https://dati.unionevallesavio.it,0,0,0,,
2026-10-05,datisianit,https://dati.sian.it,0,0,0,,
2026-10-05,datiretecivicabzit,https://dati.retecivica.bz.it,930,17,32,2.10.7,"[""stats"", ""resource_proxy"", ""pdf_view"", ""text_view"", ""image_view"", ""recline_view"", ""datatables_view"", ""provbz"", ""azure_auth_b2c"", ""activity"", ""harvest"", ""ckan_harvester"", ""spatial_metadata"", ""spatial_query"", ""dcat"", ""dcat_json_interface"", ""structured_data"", ""multilang"", ""multilang_harvester"", ""multilang_resources"", ""dcatapit_pkg"", ""dcatapit_org"", ""dcatapit_config"", ""dcatapit_vocabulary"", ""dcatapit_harvester"", ""dcatapit_csw_harvester"", ""dcatapit_harvest_list"", ""geonetwork_harvester"", ""provbz_harvester"", ""categorie"", ""pages""]"
2026-10-05,datiregioneliguriait,https://dati.regione.liguria.it,123,13,1,2.9.9,"[""stats"", ""harvest"", ""structured_data"", ""dcat"", ""dcat_json_interface"", ""multilang"", ""dcatapit_pkg"", ""dcatapit_org"", ""dcatapit_config"", ""dcatapit_vocabulary"", ""liguria""]"
2026-10-05,datilnblv,https://dati.lnb.lv,25,9,1,2.11.4,"[""image_view"", ""text_view"", ""datatables_view"", ""datastore"", ""datapusher"", ""envvars""]"
2026-10-05,datiporttarantoit,https://dati.port.taranto.it,9,0,1,2.10.5,"[""stats"", ""text_view"", ""image_view"", ""recline_view"", ""datastore"", ""adsp_theme""]"
2026-10-05,datilammatoscanait,https://dati.lamma.toscana.it,117,5,4,2.2.1,"[""datastore"", ""stats"", ""text_preview"", ""recline_preview"", ""harvest"", ""ckan_harvester"", ""spatial_metadata"", ""spatial_query"", ""csw_harvester"", ""lamma_theme"", ""mapstore_preview"", ""geostore_harvester"", ""geonetwork_harvester""]"
2026-10-05,datieneait,https://dati.enea.it,20,13,1,2.10.11,"[""envvars"", ""datastore"", ""datapusher"", ""datatables_view"", ""image_view"", ""text_view"", ""recline_view"", ""harvest"", ""ckan_harvester"", ""dcat"", ""dcat_rdf_harvester"", ""dcat_json_harvester"", ""dcat_json_interface"", ""structured_data"", ""dcatapit_pkg"", ""dcatapit_org"", ""dcatapit_config"", ""dcatapit_theme_group_mapper""]"
2026-10-05,daticomunenapoliit,https://dati.comune.napoli.it,37,14,1,2.9.9,"[""stats"", ""text_view"", ""image_view"", ""recline_view"", ""datastore"", ""datapusher"", ""harvest"", ""ckan_harvester"", ""structured_data"", ""dcat"", ""dcat_json_interface"", ""dcat_rdf_harvester"", ""multilang"", ""dcatapit_pkg"", ""dcatapit_org"", ""dcatapit_config"", ""dcatapit_harvest_list"", ""dcatapit_harvester"", ""dcatapit_vocabulary"", ""oauth2""]"
2026-10-05,daticomunelecceit,https://dati.comune.lecce.it,480,13,2,2.6.6,"[""stats"", ""resource_proxy"", ""dcat"", ""dcat_json_interface"", ""multilang"", ""structured_data"", ""dcatapit_pkg"", ""dcatapit_org"", ""dcatapit_config"", ""dcatapit_subcatalog_facets"", ""dcatapit_theme_group_mapper"", ""geo_view"", ""harvest"", ""ckan_harvester"", ""dcat_rdf_harvester"", ""dcat_json_harvester"", ""dcatapit_ckan_harvester"", ""dcatapit_harvest_list"", ""dcatapit_harvester"", ""recline_preview"", ""image_view"", ""webpage_view"", ""pdf_view"", ""text_view"", ""geojson_view""]"
2026-10-05,datiagenziaitaliameteoit,https://dati.agenziaitaliameteo.it,6,3,1,2.11.4,"[""image_view"", ""text_view"", ""datatables_view"", ""datastore"", ""resource_proxy"", ""spatial_metadata"", ""spatial_query"", ""geo_view"", ""mistral"", ""dcat"", ""dcat_rdf_harvester"", ""dcat_json_harvester"", ""dcat_json_interface"", ""structured_data"", ""harvest"", ""ckan_harvester"", ""activity"", ""envvars""]"
2026-10-05,daticomunedelicetofgit,https://dati.comune.deliceto.fg.it/,0,0,0,,
2026-10-05,daticomunefeit,https://dati.comune.fe.it,255,13,2,2.8.9,"[""datastore"", ""datapusher"", ""stats"", ""text_view"", ""image_view"", ""recline_view"", ""recline_grid_view"", ""recline_graph_view"", ""dcat"", ""dcat_json_interface"", ""structured_data"", ""harvest"", ""ckan_harvester"", ""multilang"", ""multilang_harvester"", ""dcatapit_pkg"", ""dcatapit_org"", ""dcatapit_config"", ""dcatapit_theme_group_mapper"", ""resource_proxy"", ""geo_view"", ""geojson_view"", ""wmts_view"", ""ferraratheme""]"
2026-10-05,daticomunecatanzaroit,https://dati.comune.catanzaro.it,16,3,2,2.10.4,"[""stats"", ""text_view"", ""image_view"", ""recline_view""]"
2026-10-05,datiadspmamit,https://dati.adspmam.it,11,4,1,2.11.4,"[""image_view"", ""text_view"", ""datatables_view"", ""datastore"", ""datapusher"", ""envvars"", ""pages""]"
2026-10-05,datenbuergernetzbzit,http://daten.buergernetz.bz.it,930,17,32,2.10.7,"[""stats"", ""resource_proxy"", ""pdf_view"", ""text_view"", ""image_view"", ""recline_view"", ""datatables_view"", ""provbz"", ""azure_auth_b2c"", ""activity"", ""harvest"", ""ckan_harvester"", ""spatial_metadata"", ""spatial_query"", ""dcat"", ""dcat_json_interface"", ""structured_data"", ""multilang"", ""multilang_harvester"", ""multilang_resources"", ""dcatapit_pkg"", ""dcatapit_org"", ""dcatapit_config"", ""dcatapit_vocabulary"", ""dcatapit_harvester"", ""dcatapit_csw_harvester"", ""dcatapit_harvest_list"", ""geonetwork_harvester"", ""provbz_harvester"", ""categorie"", ""pages""]"
2026-10-05,datawtoorg,https://data.wto.org/,84,4,13,2.11.5,"[""image_view"", ""text_view"", ""datatables_view"", ""datastore"", ""datapusher"", ""envvars"", ""wto_theme"", ""scheming_groups"", ""scheming_organizations"", ""scheming_datasets""]"
2026-10-05,datatrcaca,https://data.trca.ca,0,0,0,,
2026-10-05,datawaarismijnstemlokaalnl,https://data.waarismijnstemlokaal.nl,18,0,1,2.11.3,"[""image_view"", ""text_view"", ""datatables_view"", ""datastore"", ""datapusher"", ""envvars""]"
2026-10-05,datatsriorth,https://data.tsri.or.th,7,0,7,2.9.9,"[""envvars"", ""discovery"", ""search_suggestions"", ""thai_gdc"", ""stats"", ""opendstats"", ""image_view"", ""text_view"", ""recline_view"", ""resource_proxy"", ""webpage_view"", ""datastore"", ""xloader"", ""scheming_datasets"", ""pdf_view"", ""hierarchy_display"", ""hierarchy_form"", ""dcat"", ""dcat_json_interface"", ""structured_data""]"
2026-10-05,datatobakabgoid,https://data.tobakab.go.id,9,0,44,2.11.6,"[""image_view"", ""text_view"", ""datatables_view"", ""datastore"", ""datapusher"", ""envvars""]"
2026-10-05,datasvkse,https://data.svk.se,10,2,2,2.11.6,"[""dlxschema"", ""sqlalchemythread"", ""uwsgistats"", ""stats"", ""text_view"", ""image_view"", ""officedocs_view"", ""pdf_view"", ""dcat"", ""dcat_json_interface"", ""dsaudit"", ""activity"", ""svk_scheming"", ""superset"", ""psbthemealt"", ""schema_field_groups"", ""scheming_datasets"", ""scheming_groups"", ""scheming_organizations"", ""scheming_nerf_index"", ""spatial_metadata"", ""spatial_query"", ""linkeddata"", ""fluent"", ""tabledesigner"", ""datastore"", ""datatables_view"", ""data_decoration"", ""datapusher"", ""incremental_datapusher"", ""geo_view"", ""geojson_view"", ""resource_proxy"", ""oidc_pkce"", ""cookieconsent"", ""security"", ""svk"", ""pages"", ""accept_languages"", ""kpidashboard"", ""kpi_collect"", ""kpi_stat_view"", ""metric_resource_format"", ""metric_broken_links"", ""metric_groups_by_type"", ""broken_links"", ""tabledesigner_hashcolumns""]"
2026-10-05,datasumbarprovgoid,https://data.sumbarprov.go.id,3165,1,88,2.9.11,"[""envvars"", ""stats"", ""image_view"", ""text_view"", ""recline_view"", ""scheming_datasets"", ""resourceauthorizer"", ""resource_proxy"", ""geo_view"", ""harvest"", ""ckan_harvester"", ""csw_harvester"", ""spatial_metadata"", ""spatial_query"", ""resourcedictionary"", ""datastore"", ""datapusher"", ""pages"", ""showcase"", ""pdf_view"", ""officedocs_view"", ""geojson_view"", ""shp_view"", ""wmts_view"", ""datatables_view"", ""dcat"", ""dcat_rdf_harvester"", ""dcat_json_harvester"", ""dcat_json_interface"", ""structured_data"", ""oaipmh_harvester""]"
2026-10-05,datasintanggoid,https://data.sintang.go.id,707,8,35,2.9.9,"[""envvars"", ""stats"", ""image_view"", ""text_view"", ""recline_view"", ""scheming_datasets"", ""resourceauthorizer"", ""resource_proxy"", ""geo_view"", ""harvest"", ""ckan_harvester"", ""csw_harvester"", ""spatial_metadata"", ""spatial_query"", ""resourcedictionary"", ""datastore"", ""datapusher"", ""pages"", ""showcase"", ""pdf_view"", ""officedocs_view"", ""geojson_view"", ""shp_view"", ""wmts_view"", ""datatables_view"", ""dcat"", ""dcat_rdf_harvester"", ""dcat_json_harvester"", ""dcat_json_interface"", ""structured_data"", ""oaipmh_harvester""]"
2026-10-05,datasimeuluekabgoid,https://data.simeuluekab.go.id,840,15,49,2.7.4,"[""stats"", ""text_view"", ""image_view"", ""recline_view"", ""datastore"", ""datapusher"", ""apihelper"", ""kotakab_aceh""]"
2026-10-05,datasetspalukotagoid,https://datasets.palukota.go.id,0,0,0,,
2026-10-05,datasetskaurkabgoid,https://datasets.kaurkab.go.id,140,0,31,2.11.4,"[""image_view"", ""text_view"", ""datatables_view"", ""datastore"", ""datapusher"", ""envvars""]"
2026-10-05,datasetlumbunghutanharapanid,https://dataset.lumbung.hutanharapan.id,1,20,19,2.11.0a0,"[""ldap"", ""viewhelpers"", ""dashboard_preview"", ""pdf_view"", ""resource_proxy"", ""navigablemap"", ""choroplethmap"", ""image_view"", ""activity"", ""datastore"", ""datapusher"", ""datatables_view"", ""webpage_view"", ""text_view"", ""recline_map_view"", ""recline_grid_view"", ""recline_view"", ""audio_view"", ""gallery"", ""gallery_image"", ""gallery_iiif"", ""tif_imageview"", ""scheming_datasets"", ""geo_view"", ""hierarchy_display"", ""hierarchy_form"", ""hierarchy_group_form"", ""officedocs_view""]"
2026-10-05,datasetliveegovmd,https://dataset.live.egov.md,1296,17,72,2.10.4,"[""stats"", ""activity"", ""pages"", ""envvars"", ""image_view"", ""text_view"", ""datastore"", ""datatables_view"", ""xloader"", ""saml2auth"", ""dategovmd_theme""]"
2026-10-05,datasetjogjakotagoid,https://dataset.jogjakota.go.id,1015,49,59,2.9.5,"[""envvars"", ""image_view"", ""text_view"", ""recline_view"", ""datastore"", ""datapusher""]"
2026-10-05,datasedfgovbr,https://data.se.df.gov.br,18,5,8,2.10.4,"[""envvars"", ""image_view"", ""text_view"", ""recline_view"", ""datastore"", ""datapusher"", ""resource_proxy"", ""geo_view"", ""geojson_view"", ""wmts_view"", ""shp_view"", ""spatial_metadata"", ""spatial_query"", ""scheming_datasets"", ""scheming_groups"", ""scheming_organizations"", ""officedocs_view"", ""recline_grid_view"", ""recline_map_view"", ""webpage_view"", ""pdf_view"", ""pages"", ""dashboard_preview"", ""navigablemap"", ""choroplethmap""]"
2026-10-05,datasalatigagoid,https://data.salatiga.go.id,1611,9,76,2.9.5,"[""envvars"", ""stats"", ""image_view"", ""text_view"", ""recline_view"", ""scheming_datasets"", ""resourceauthorizer"", ""resource_proxy"", ""geo_view"", ""harvest"", ""ckan_harvester"", ""csw_harvester"", ""spatial_metadata"", ""spatial_query"", ""resourcedictionary"", ""datastore"", ""datapusher"", ""pages"", ""showcase"", ""pdf_view"", ""officedocs_view"", ""geojson_view"", ""shp_view"", ""wmts_view"", ""datatables_view"", ""dcat"", ""dcat_rdf_harvester"", ""dcat_json_harvester"", ""dcat_json_interface"", ""structured_data"", ""oaipmh_harvester""]"
2026-10-05,datarvgovua,https://data.rv.gov.ua,0,0,0,,
2026-10-05,dataresearchdatafinderquteduau,https://data.researchdatafinder.qut.edu.au,342,3,0,,"[""qutschema"", ""recline_view"", ""recline_grid_view"", ""recline_graph_view"", ""recline_map_view"", ""datatables_view"", ""webpage_view"", ""pdf_view"", ""image_view"", ""text_view"", ""video_view"", ""resource_proxy"", ""theme_qut"", ""datastore"", ""stats"", ""googleanalytics"", ""oidc_pkce"", ""activity"", ""rdf_integration"", ""xloader"", ""audio_view"", ""geo_view"", ""archiveview"", ""privateorg"", ""mediated"", ""debugtools""]"
2026-10-05,datardgoth,https://data.rd.go.th,16,1,1,2.10.7,"[""thai_gdc"", ""showcase"", ""stats"", ""opendstats"", ""datatables_view"", ""scheming_datasets"", ""hierarchy_display"", ""hierarchy_form"", ""activity"", ""image_view"", ""text_view"", ""webpage_view"", ""pdf_view"", ""geo_view"", ""geojson_view"", ""shp_view"", ""xloader"", ""datastore"", ""dcat"", ""dcat_json_interface"", ""structured_data""]"
2026-10-05,dataradauzhgorodgovua,https://data.rada-uzhgorod.gov.ua,72,30,21,2.12.0,"[""envvars"", ""datatables_view"", ""text_view"", ""image_view"", ""scheming_datasets"", ""datastore"", ""xloader"", ""validation"", ""report"", ""archiver"", ""showcase"", ""pages"", ""datarequests"", ""versions"", ""multilingual_group"", ""multilingual_tag"", ""contact"", ""dataexplorer_map_view"", ""dataexplorer_table_view"", ""dataexplorer_web_view"", ""uzhgorod"", ""moderation"", ""activity"", ""stats""]"
2026-10-05,datapurworejokabgoid,https://data.purworejokab.go.id,3050,39,28,2.10.3,"[""activity"", ""datastore"", ""xloader"", ""datatables_view"", ""text_view"", ""image_view"", ""video_view"", ""audio_view"", ""webpage_view"", ""resource_proxy"", ""pdf_view"", ""linechart"", ""barchart"", ""piechart"", ""visualize"", ""geojson_view"", ""wmts_view"", ""shp_view"", ""dashboard_preview"", ""navigablemap"", ""choroplethmap"", ""officedocs_view"", ""kominfotheme""]"
2026-10-05,datapresovsk,https://data.presov.sk,0,1,1,2.11.0,"[""image_view"", ""text_view"", ""envvars"", ""harvest"", ""ckan_harvester"", ""dcat"", ""dcat_rdf_harvester"", ""dcat_json_harvester"", ""dcat_json_interface"", ""structured_data"", ""datahub_harvester""]"
2026-10-05,dataportalponderfuleu,https://dataportal.ponderful.eu,700,5,0,2.10.3,"[""activity"", ""stats"", ""text_view"", ""image_view"", ""recline_view"", ""datastore"", ""xloader"", ""spatial_metadata"", ""spatial_query"", ""harvest"", ""ckan_harvester"", ""csw_harvester"", ""waf_harvester"", ""doc_harvester"", ""dcat"", ""dcat_rdf_harvester"", ""dcat_json_harvester"", ""dcat_json_interface"", ""resource_proxy"", ""geo_view"", ""geojson_view"", ""wmts_view"", ""googleanalytics"", ""ponderful_theme"", ""aquacross_metadata"", ""contact""]"
2026-10-05,dataportalgovtc,https://dataportal.gov.tc,94,18,25,2.8.5,"[""stats"", ""text_view"", ""image_view"", ""recline_view"", ""datastore"", ""datapusher"", ""saerischema"", ""saeritheme"", ""restricted""]"
2026-10-05,dataportalaquacrosseu,https://dataportal.aquacross.eu,700,5,0,2.10.3,"[""activity"", ""stats"", ""text_view"", ""image_view"", ""recline_view"", ""datastore"", ""xloader"", ""spatial_metadata"", ""spatial_query"", ""harvest"", ""ckan_harvester"", ""csw_harvester"", ""waf_harvester"", ""doc_harvester"", ""dcat"", ""dcat_rdf_harvester"", ""dcat_json_harvester"", ""dcat_json_interface"", ""resource_proxy"", ""geo_view"", ""geojson_view"", ""wmts_view"", ""googleanalytics"", ""ponderful_theme"", ""aquacross_metadata"", ""contact""]"
2026-10-05,dataportalmaterialdigitalde,https://dataportal.material-digital.de,193,4,63,2.11.3,"[""sso"", ""matolabtheme"", ""multiuploadform"", ""markdown_view"", ""image_view"", ""text_view"", ""pdf_view"", ""webpage_view"", ""excelforms"", ""tabledesigner"", ""datatables_view"", ""datastore"", ""fuseki"", ""csvtocsvw"", ""csvwmapandtransform"", ""dcat"", ""structured_data"", ""harvest"", ""ckan_harvester"", ""dcat_rdf_harvester"", ""scheming_datasets"", ""citeproc""]"
2026-10-05,datapekalongankabgoid,https://data.pekalongankab.go.id,2591,14,57,2.9.1,"[""stats"", ""text_view"", ""image_view"", ""recline_view""]"
2026-10-05,datapayakumbuhkotagoid,https://data.payakumbuhkota.go.id,0,0,0,,
2026-10-05,dataparigimoutongkabgoid,https://data.parigimoutongkab.go.id,36,3,34,2.9.11,"[""envvars"", ""stats"", ""security"", ""image_view"", ""text_view"", ""recline_view"", ""resource_proxy"", ""geo_view"", ""harvest"", ""ckan_harvester"", ""csw_harvester"", ""spatial_metadata"", ""spatial_query"", ""scheming_organizations"", ""create_typed_package"", ""pdf_view"", ""officedocs_view"", ""geojson_view"", ""shp_view"", ""wmts_view"", ""datatables_view"", ""resourcedictionary"", ""datastore"", ""datapusher"", ""pages"", ""showcase"", ""waf_harvester"", ""doc_harvester"", ""dcat"", ""dcat_rdf_harvester"", ""dcat_json_harvester"", ""dcat_json_interface"", ""structured_data""]"
2026-10-05,dataopendevelopmentcambodianetdataset,https://data.opendevelopmentcambodia.net/dataset/,0,0,0,,
2026-10-05,dataopendevelopmentmyanmarnetdataset,https://data.opendevelopmentmyanmar.net/dataset/,0,0,0,,
2026-10-05,dataopendataam,https://data.opendata.am,823,12,8,,"[""activity""]"
2026-10-05,dataopcinatesanjba,https://data.opcina-tesanj.ba,31,6,1,2.11.5,"[""opcina_theme"", ""image_view"", ""text_view"", ""tabledesigner"", ""datatables_view"", ""datastore"", ""datapusher"", ""scheming_datasets"", ""charts_view"", ""charts_builder_view"", ""opcina_map_view"", ""tracking"", ""opcina_analytics"", ""envvars""]"
2026-10-05,dataombudsmangoth,https://data.ombudsman.go.th,13,0,1,2.10.7,"[""thai_gdc"", ""showcase"", ""stats"", ""opendstats"", ""activity"", ""image_view"", ""datatables_view"", ""text_view"", ""webpage_view"", ""resource_proxy"", ""geo_view"", ""geojson_view"", ""shp_view"", ""xloader"", ""datastore"", ""pdf_view"", ""dcat"", ""dcat_json_interface"", ""structured_data"", ""scheming_datasets"", ""hierarchy_display"", ""hierarchy_form""]"
2026-10-05,datanswgovauckan,https://data.nsw.gov.au/data,17168,14,245,2.11.5,"[""datastore"", ""xloader"", ""dcat"", ""structured_data"", ""nsw"", ""agls"", ""nswdesignsystem"", ""googleanalytics"", ""scheming_datasets"", ""ga-report"", ""resource_proxy"", ""spatial_metadata"", ""spatial_query"", ""saml"", ""toolbelt"", ""clamav"", ""activity"", ""tracking"", ""let_me_in"", ""unfold"", ""admin_panel"", ""text_view"", ""datatables_view"", ""image_view"", ""pdf_view"", ""officedocs_view"", ""pygments_view"", ""charts_view"", ""or_facet"", ""composite_search"", ""default_composite_search"", ""search_tweaks_advanced_search"", ""drupal_api""]"
2026-10-05,datanskhr,https://data.nsk.hr,1,0,1,,"[""nsktheme"", ""activity"", ""stats"", ""tabledesigner"", ""text_view"", ""image_view"", ""datatables_view"", ""datastore""]"
2026-10-05,datanepaleconomicforumorg,https://data.nepaleconomicforum.org,0,0,1,2.9.5,"[""stats"", ""text_view"", ""image_view"", ""datatables_view"", ""recline_view"", ""datastore"", ""datapusher"", ""linechart"", ""barchart"", ""piechart"", ""basicgrid"", ""gridtemplate"", ""contact_us_plugin""]"
2026-10-05,dataneolaiacampuseu,https://data.neolaiacampus.eu,0,0,0,,
2026-10-05,datanckuedutw,https://data.ncku.edu.tw,105,9,45,2.0,"[""stats"", ""json_preview"", ""recline_preview"", ""nckumetadata"", ""datastore"", ""resource_proxy"", ""pdf_preview"", ""nckutemplatehelper""]"
2026-10-05,datanaganrayakabgoid,https://data.naganrayakab.go.id,617,12,45,2.7.4,"[""stats"", ""text_view"", ""image_view"", ""recline_view"", ""datastore"", ""datapusher"", ""apihelper"", ""kotakab_aceh""]"
2026-10-05,datamukachevoradagovua,https://data.mukachevo-rada.gov.ua,143,22,7,2.8.3,"[""moderation"", ""stats"", ""text_view"", ""image_view"", ""recline_view"", ""datastore"", ""datapusher"", ""multilingual_group"", ""multilingual_tag"", ""issues"", ""contact"", ""datarequests"", ""scheming_datasets"", ""validation"", ""pages"", ""port_theme"", ""showcase"", ""qa"", ""archiver"", ""report""]"
2026-10-05,datanaturalcapitalalliancestanfordedu,https://data.naturalcapitalalliance.stanford.edu,65,2,1,2.11.2,"[""or_facet"", ""googleanalytics"", ""envvars"", ""natcap"", ""tracking"", ""image_view"", ""text_view"", ""datatables_view"", ""datastore"", ""datapusher"", ""mappreview"", ""spatial_metadata"", ""spatial_query"", ""stats"", ""activity"", ""scheming_datasets"", ""zipexpand"", ""sitemap""]"
2026-10-05,datamenaradagovua,https://data.menarada.gov.ua,193,21,7,2.11.0a0,"[""activity"", ""datastore"", ""datapusher"", ""harvest"", ""ckan_harvester"", ""extrafields"", ""recline_view"", ""officedocs_view""]"
2026-10-05,datamanggaraikabgoid,https://data.manggaraikab.go.id,162,0,54,2.11.5,"[""my_homepage"", ""stats"", ""resource_proxy"", ""text_view"", ""image_view"", ""webpage_view"", ""pdf_view"", ""datatables_view"", ""scheming_datasets"", ""activity"", ""datastore"", ""xloader"", ""pdf_webpage_view""]"
2026-10-05,datamalevizigovgr,https://data.malevizi.gov.gr/,4,2,1,2.11.0,"[""stats"", ""text_view"", ""datatables_view"", ""image_view"", ""resource_proxy"", ""geo_view"", ""datastore"", ""pdf_view"", ""custom_theme"", ""xloader""]"
2026-10-05,datamalangkotagoid,https://data.malangkota.go.id,82317,29,114,2.9.5,"[""stats"", ""text_view"", ""image_view"", ""recline_view""]"
2026-10-05,datamaitaiinth,https://data.mait.ai.in.th,7,0,0,2.9.5,"[""s3filestore"", ""medaisso"", ""thaigdc_governance"", ""thai_gdc"", ""stats"", ""opendstats"", ""text_view"", ""image_view"", ""recline_view"", ""resource_proxy"", ""datastore"", ""xloader"", ""webpage_view"", ""pdf_view"", ""papaya"", ""scheming_datasets"", ""hierarchy_display"", ""hierarchy_form"", ""dcat"", ""dcat_json_interface"", ""structured_data"", ""pages""]"
2026-10-05,datalutskradagovua,https://data.lutskrada.gov.ua,163,24,48,2.8.3,"[""stats"", ""text_view"", ""image_view"", ""recline_view"", ""datastore"", ""datapusher"", ""multilingual_group"", ""multilingual_tag"", ""issues"", ""contact"", ""datarequests"", ""scheming_datasets"", ""validation"", ""pages"", ""port_theme"", ""showcase"", ""qa"", ""archiver"", ""report""]"
2026-10-05,datalodagovua,https://data.loda.gov.ua,0,0,0,,
2026-10-05,datalkppgoid,https://data.lkpp.go.id,46,0,1,2.10.5,"[""activity"", ""image_view"", ""text_view"", ""recline_view"", ""datastore"", ""datapusher"", ""dcat"", ""dcat_rdf_harvester"", ""dcat_json_harvester"", ""dcat_json_interface"", ""harvest""]"
2026-10-05,datalibrarytuacth,https://data.library.tu.ac.th,28,4,4,2.9.9,"[""discovery"", ""search_suggestions"", ""thai_gdc"", ""stats"", ""opendstats"", ""text_view"", ""image_view"", ""recline_view"", ""resource_proxy"", ""datastore"", ""xloader"", ""webpage_view"", ""pdf_view"", ""scheming_datasets"", ""hierarchy_display"", ""hierarchy_form"", ""dcat"", ""dcat_json_interface"", ""structured_data""]"
2026-10-05,datalhokseumawekotagoid,https://data.lhokseumawekota.go.id,1553,29,34,2.7.4,"[""stats"", ""text_view"", ""image_view"", ""recline_view"", ""datastore"", ""datapusher"", ""apihelper"", ""kotakab_aceh"", ""sitemap""]"
2026-10-05,datalatihsiatwebid,https://datalatih.siat.web.id/,196,6,19,2.7.4,"[""stats"", ""text_view"", ""image_view"", ""recline_view"", ""datastore"", ""datapusher"", ""apihelper"", ""kotakab_aceh_sentral"", ""odata""]"
2026-10-05,datalebongkabgoid,https://data.lebongkab.go.id,24,19,40,2.10.4,"[""image_view"", ""text_view"", ""recline_view"", ""datastore"", ""datapusher""]"
2026-10-05,datakyivcitygovua,https://data.kyivcity.gov.ua,95,0,0,2.11.3,"[""envvars"", ""image_view"", ""text_view"", ""datatables_view"", ""datastore"", ""datapusher"", ""resource_versioning"", ""ua_portal_design"", ""s3filestore"", ""harvest"", ""ckan_harvester"", ""keycloak"", ""scheming_datasets"", ""pages"", ""googleanalytics"", ""tracking"", ""resource_proxy"", ""geojson_view"", ""dataexplorer_view"", ""activity""]"
2026-10-05,datalaosopendevelopmentmekongnet,https://data.laos.opendevelopmentmekong.net/dataset/,0,0,0,,
2026-10-05,datakutaibaratkabgoid,https://data.kutaibaratkab.go.id,2216,1,75,2.9.11,"[""stats"", ""text_view"", ""image_view"", ""recline_view""]"
2026-10-05,datakendalkabgoid,https://data.kendalkab.go.id,1473,0,68,2.9.2,"[""stats"", ""text_view"", ""image_view"", ""recline_view"", ""datastore""]"
2026-10-05,datakdlkclacuk,https://data.kdl.kcl.ac.uk,0,0,0,,
2026-10-05,datakemenimipasgoid,https://data.kemenimipas.go.id,82,3,5,2.9.11,"[""scheming_datasets"", ""envvars"", ""stats"", ""image_view"", ""text_view"", ""recline_view"", ""resource_proxy"", ""geo_view"", ""harvest"", ""ckan_harvester"", ""csw_harvester"", ""spatial_metadata"", ""spatial_query"", ""scheming_organizations"", ""create_typed_package"", ""pdf_view"", ""officedocs_view"", ""geojson_view"", ""shp_view"", ""wmts_view"", ""datatables_view"", ""resourcedictionary"", ""datastore"", ""datapusher"", ""pages"", ""showcase"", ""waf_harvester"", ""doc_harvester"", ""dcat"", ""dcat_rdf_harvester"", ""dcat_json_harvester"", ""dcat_json_interface"", ""structured_data""]"
2026-10-05,datajatengprovgoid,https://data.jatengprov.go.id,211883,38,80,2.9.5,"[""envvars"", ""stats"", ""image_view"", ""text_view"", ""recline_view"", ""scheming_datasets"", ""resourceauthorizer"", ""resource_proxy"", ""geo_view"", ""harvest"", ""ckan_harvester"", ""csw_harvester"", ""spatial_metadata"", ""spatial_query"", ""create_typed_package"", ""resourcedictionary"", ""datastore"", ""datapusher"", ""pages"", ""showcase"", ""pdf_view"", ""officedocs_view"", ""geojson_view"", ""shp_view"", ""wmts_view"", ""datatables_view"", ""dcat"", ""dcat_rdf_harvester"", ""dcat_json_harvester"", ""dcat_json_interface"", ""structured_data"", ""oaipmh_harvester""]"
2026-10-05,datakavalagovgr,https://data.kavala.gov.gr,0,0,0,,
2026-10-05,dataiaeaorg,https://data.iaea.org/,36,3,1,2.11.5,"[""envvars"", ""stats"", ""text_view"", ""image_view"", ""datastore"", ""xloader"", ""activity"", ""resource_proxy"", ""datatables_view"", ""webpage_view"", ""dataexplorer"", ""recline_map_view"", ""validation"", ""cloudstorage"", ""harvest"", ""ckan_harvester"", ""visualize"", ""pdf_view"", ""geo_view"", ""geojson_view"", ""wmts_view"", ""shp_view"", ""pages"", ""dcat"", ""dcat_rdf_harvester"", ""dcat_json_harvester"", ""dcat_json_interface"", ""structured_data"", ""scheming_datasets"", ""scheming_groups"", ""scheming_organizations"", ""iaea"", ""saml2auth"", ""charts_view"", ""charts_builder_view""]"
2026-10-05,datahousingagencyie,https://data.housingagency.ie,9,0,1,2.10.11,"[""dlxschema"", ""sqlalchemythread"", ""uwsgistats"", ""stats"", ""text_view"", ""image_view"", ""officedocs_view"", ""pdf_view"", ""dcat"", ""dcat_json_interface"", ""psbthemealt"", ""schema_field_groups"", ""scheming_datasets"", ""scheming_nerf_index"", ""spatial_metadata"", ""spatial_query"", ""harvest"", ""ckan_harvester"", ""csw_harvester"", ""waf_harvester"", ""doc_harvester"", ""datatables_view"", ""datastore"", ""datapusher"", ""dietstars"", ""geo_view"", ""geojson_view"", ""resource_proxy"", ""twitterwidget"", ""fluent"", ""esri_arcgis_harvester"", ""cookieconsent"", ""security"", ""activity""]"
2026-10-05,datagovgr,https://data.gov.gr,22634,0,0,2.11.3,"[""orgreport"", ""testexception"", ""tables"", ""logs"", ""harvest"", ""attica_opendata_harvester"", ""bank_of_greece_harvester"", ""apd_kritis_harvester"", ""ekan_dcat_harvester"", ""dkan_ckan_harvester"", ""core_ckan_harvester"", ""custom_dcat_harvester"", ""announcements"", ""dsaudit"", ""activity"", ""pdf_view"", ""cloudstorage"", ""azurefilestore"", ""azure_translator"", ""excelforms"", ""tabledesigner"", ""datatables_view"", ""datastore"", ""showcase"", ""report"", ""tagless_report"", ""qa"", ""archiver"", ""dcat"", ""relationships"", ""pages"", ""hvd_validator"", ""data_gov_gr"", ""enrich_search_capabilities"", ""data_gov_gr_spatial"", ""scheming_datasets"", ""keycloak"", ""scheming_organizations"", ""fluent"", ""vocabulary_admin"", ""spatial_metadata"", ""spatial_query"", ""csw_harvester"", ""xloader"", ""downloadall"", ""barchart"", ""piechart"", ""charts_view"", ""stats"", ""tracking"", ""resource_proxy"", ""matomo"", ""geojson_view"", ""geo_view"", ""sdgmap_view"", ""ktimatologio_view"", ""contact"", ""comments"", ""image_view"", ""video_view"", ""audio_view"", ""webpage_view"", ""csvinvite"", ""manage_tags"", ""wms_capabilities_harvester"", ""oai_pmh_dcat_harvester""]"
2026-10-05,datagrobogangoid,https://data.grobogan.go.id,829,32,62,2.7.2,"[""stats"", ""text_view"", ""image_view"", ""recline_view"", ""datastore"", ""harvest"", ""ckan_harvester""]"
2026-10-05,datagssstonybrookedu,https://data.gss.stonybrook.edu/,88,2,2,2.11.0,"[""image_view"", ""text_view"", ""datatables_view"", ""webpage_view"", ""datastore"", ""datapusher"", ""envvars""]"
2026-10-05,datagovmk,https://data.gov.mk,781,0,0,2.10.9,"[""activity"", ""qa"", ""archiver"", ""validation"", ""datagovmk"", ""report"", ""disqus"", ""stats"", ""text_view"", ""image_view"", ""datatables_view"", ""webpage_view"", ""officedocs_view"", ""pdf_view"", ""datastore"", ""xloader"", ""or_facet"", ""odata"", ""spatial_metadata"", ""spatial_query"", ""showcase"", ""harvest"", ""dcat"", ""dcat_json_interface"", ""structured_data"", ""charts_view"", ""charts_builder_view"", ""googleanalytics"", ""chat"", ""pages"", ""likes"", ""requestdata"", ""scheming_datasets"", ""scheming_organizations"", ""scheming_groups"", ""mk_dcatap"", ""organogram"", ""issues"", ""fluent"", ""datarequests"", ""custom_sitemap""]"
2026-10-05,datagmobca,https://data.gmob.ca,668,0,76,2.11.0,"[""activity"", ""pdf_view"", ""text_view"", ""image_view"", ""video_view"", ""audio_view"", ""datatables_view"", ""gmob_theme"", ""resource_bulkdelete"", ""multiupload"", ""storageindicator"", ""sitemap""]"
2026-10-05,datafineartsgoth,https://data.finearts.go.th,17,8,54,2.9.5,"[""discovery"", ""search_suggestions"", ""thai_gdc"", ""stats"", ""text_view"", ""image_view"", ""recline_view"", ""resource_proxy"", ""datastore"", ""xloader"", ""webpage_view"", ""recline_grid_view"", ""recline_graph_view"", ""recline_map_view"", ""pdf_view"", ""dga_stats"", ""noregistration"", ""scheming_datasets"", ""hierarchy_display"", ""hierarchy_form"", ""dcat"", ""dcat_json_interface"", ""structured_data""]"
2026-10-05,dataektgr,https://data.ekt.gr,256,0,1,2.11.6,"[""image_view"", ""text_view"", ""datatables_view"", ""datastore"", ""datapusher"", ""envvars"", ""harvest"", ""dcat"", ""dcat_rdf_harvester"", ""dcat_json_harvester"", ""dcat_json_interface"", ""ektdcat"", ""keycloak_proxy_auth""]"
2026-10-05,dataegmahidolacth,https://data.eg.mahidol.ac.th,9,15,32,2.10.7,"[""myorg"", ""thai_gdc"", ""showcase"", ""stats"", ""opendstats"", ""activity"", ""image_view"", ""datatables_view"", ""text_view"", ""webpage_view"", ""resource_proxy"", ""geo_view"", ""geojson_view"", ""shp_view"", ""xloader"", ""datastore"", ""pdf_view"", ""dcat"", ""dcat_json_interface"", ""structured_data"", ""scheming_datasets"", ""hierarchy_display"", ""hierarchy_form"", ""envvars""]"
2026-10-05,datadanubiusrieeu,https://data.danubius-ri.eu/,244,0,2,2.11.2,"[""danubius_theme"", ""saml2auth"", ""activity"", ""datastore"", ""xloader"", ""spatial_metadata"", ""spatial_query"", ""resource_proxy"", ""datatables_view"", ""image_view"", ""text_view"", ""pdf_view"", ""video_view"", ""audio_view"", ""geo_view"", ""geojson_view"", ""wmts_view"", ""shp_view"", ""harvest"", ""ckan_harvester"", ""dcat"", ""dcat_rdf_harvester"", ""structured_data"", ""scheming_datasets"", ""stats"", ""oai_pmh_harvester""]"
2026-10-05,datacitysendaijp,https://data.city.sendai.jp,16,13,29,2.10.7,"[""stats"", ""text_view"", ""image_view"", ""datatables_view"", ""datastore"", ""datapusher"", ""custom_theme""]"
2026-10-05,datadairikabgoid,https://data.dairikab.go.id,116,10,26,2.10.9,"[""activity"", ""datastore"", ""xloader"", ""datatables_view"", ""text_view"", ""image_view"", ""video_view"", ""audio_view"", ""webpage_view"", ""recline_graph_view"", ""enforcepublish"", ""dairicustom""]"
2026-10-05,datachrrohiostateedu,https://data.chrr.ohio-state.edu,6,1,0,2.10.10,"[""envvars"", ""image_view"", ""text_view"", ""recline_view"", ""datatables_view"", ""chrrpermissions"", ""datastore"", ""xloader"", ""saml2auth"", ""osubux"", ""doi"", ""chrr_idatasetform"", ""pdf_view"", ""video_view""]"
2026-10-05,datacatmoralcenterorth,https://datacat.moralcenter.or.th,26,0,1,2.10.7,"[""thai_gdc"", ""showcase"", ""stats"", ""opendstats"", ""activity"", ""image_view"", ""datatables_view"", ""text_view"", ""webpage_view"", ""resource_proxy"", ""geo_view"", ""geojson_view"", ""shp_view"", ""xloader"", ""datastore"", ""pdf_view"", ""dcat"", ""dcat_json_interface"", ""structured_data"", ""scheming_datasets"", ""hierarchy_display"", ""hierarchy_form""]"
2026-10-05,datacatalogtatorth,https://datacatalog.tat.or.th,20,10,1,2.10.7,"[""thai_gdc"", ""showcase"", ""stats"", ""opendstats"", ""activity"", ""image_view"", ""datatables_view"", ""text_view"", ""webpage_view"", ""resource_proxy"", ""geo_view"", ""geojson_view"", ""shp_view"", ""xloader"", ""datastore"", ""pdf_view"", ""dcat"", ""dcat_json_interface"", ""structured_data"", ""scheming_datasets"", ""hierarchy_display"", ""hierarchy_form"", ""googleanalytics""]"
2026-10-05,datacatalogditpgoth,https://datacatalog.ditp.go.th,18,3,15,2.10.7,"[""thai_gdc"", ""showcase"", ""stats"", ""opendstats"", ""activity"", ""image_view"", ""datatables_view"", ""text_view"", ""webpage_view"", ""resource_proxy"", ""geo_view"", ""geojson_view"", ""shp_view"", ""xloader"", ""datastore"", ""pdf_view"", ""dcat"", ""dcat_json_interface"", ""structured_data"", ""scheming_datasets"", ""hierarchy_display"", ""hierarchy_form"", ""envvars""]"
2026-10-05,datacatalogsenategoth,https://datacatalog.senate.go.th,52,3,19,2.10.7,"[""thai_gdc"", ""showcase"", ""stats"", ""opendstats"", ""activity"", ""image_view"", ""datatables_view"", ""text_view"", ""webpage_view"", ""resource_proxy"", ""geo_view"", ""geojson_view"", ""shp_view"", ""xloader"", ""datastore"", ""pdf_view"", ""dcat"", ""dcat_json_interface"", ""structured_data"", ""scheming_datasets"", ""hierarchy_display"", ""hierarchy_form"", ""envvars""]"
2026-10-05,datacatalogbdegoth,https://datacatalog.bde.go.th,59,6,15,2.10.7,"[""thai_gdc"", ""showcase"", ""stats"", ""opendstats"", ""activity"", ""image_view"", ""datatables_view"", ""text_view"", ""webpage_view"", ""resource_proxy"", ""geo_view"", ""geojson_view"", ""shp_view"", ""xloader"", ""datastore"", ""pdf_view"", ""dcat"", ""dcat_json_interface"", ""structured_data"", ""scheming_datasets"", ""hierarchy_display"", ""hierarchy_form""]"
2026-10-05,datacarpathiagovua,https://data.carpathia.gov.ua,0,0,0,,
2026-10-05,datacanthogovvn,https://data.cantho.gov.vn,223,12,13,2.10.4,"[""ssogoogle"", ""ssoidp"", ""guide"", ""vnpt_theme"", ""permission_group"", ""activity"", ""datastore"", ""xloader"", ""datatables_view"", ""image_view"", ""pdf_view"", ""recline_view"", ""seo"", ""pages"", ""managedatasets"", ""statistics"", ""users"", ""harvest"", ""ckan_harvester"", ""comments"", ""api"", ""rating"", ""smtp"", ""contact_us"", ""report"", ""config_language"", ""manage_ip_addresses"", ""logs"", ""error_page_conf"", ""import_font"", ""gis"", ""search_suggestions"", ""geo_view"", ""geojson_view"", ""wmts_view"", ""shp_view"", ""resource_proxy"", ""datarequests"", ""multi_resource"", ""iresourcecontroller"", ""iuploader_custom"", ""sync_resource"", ""tracking_all""]"
2026-10-05,databpipgoid,https://data.bpip.go.id,56,1,6,2.9.5,"[""envvars"", ""stats"", ""image_view"", ""text_view"", ""recline_view"", ""resource_proxy"", ""geo_view"", ""harvest"", ""ckan_harvester"", ""csw_harvester"", ""spatial_metadata"", ""spatial_query"", ""datastore"", ""datapusher"", ""pages"", ""showcase"", ""scheming_datasets"", ""pdf_view"", ""officedocs_view"", ""geojson_view"", ""shp_view"", ""wmts_view"", ""datatables_view"", ""dcat"", ""dcat_rdf_harvester"", ""dcat_json_harvester"", ""dcat_json_interface"", ""structured_data""]"
2026-10-05,databnpbgoid,https://data.bnpb.go.id,468,0,68,2.9.11,"[""envvars"", ""stats"", ""image_view"", ""text_view"", ""recline_view"", ""usertracking"", ""sdbi"", ""security"", ""resourceauthorizer"", ""collaborator_orgs"", ""resource_proxy"", ""geo_view"", ""harvest"", ""ckan_harvester"", ""csw_harvester"", ""structured_data"", ""spatial_metadata"", ""spatial_query"", ""resourcedictionary"", ""datastore"", ""datapusher"", ""pages"", ""showcase"", ""pdf_view"", ""officedocs_view"", ""geojson_view"", ""shp_view"", ""wmts_view"", ""datatables_view"", ""dcat"", ""dcat_rdf_harvester"", ""dcat_json_harvester"", ""dcat_json_interface"", ""structured_data""]"
2026-10-05,databengkuluselatankabgoid,https://data.bengkuluselatankab.go.id,0,0,0,,
2026-10-05,databioplatformscom,https://data.bioplatforms.com,0,0,0,,
2026-10-05,databireuenkabgoid,https://data.bireuenkab.go.id,0,0,0,,
2026-10-05,databengkuluprovgoid,https://data.bengkuluprov.go.id,584,12,43,,
2026-10-05,databenermeriahkabgoid,https://data.benermeriahkab.go.id,0,0,0,,
2026-10-05,databeltimgoid,https://data.beltim.go.id,790,52,34,2.9.9,"[""envvars"", ""stats"", ""image_view"", ""text_view"", ""recline_view"", ""scheming_datasets"", ""resourceauthorizer"", ""resource_proxy"", ""geo_view"", ""harvest"", ""ckan_harvester"", ""csw_harvester"", ""spatial_metadata"", ""spatial_query"", ""resourcedictionary"", ""datastore"", ""datapusher"", ""pages"", ""showcase"", ""pdf_view"", ""officedocs_view"", ""geojson_view"", ""shp_view"", ""wmts_view"", ""datatables_view"", ""dcat"", ""dcat_rdf_harvester"", ""dcat_json_harvester"", ""dcat_json_interface"", ""structured_data"", ""oaipmh_harvester""]"
2026-10-05,databelitunggoid,https://data.belitung.go.id,0,0,0,,
2026-10-05,databatangkabgoid,https://data.batangkab.go.id,10078,0,57,2.7.4,"[""datastore"", ""stats"", ""text_view"", ""image_view"", ""recline_view""]"
2026-10-05,databanyumaskabgoid,https://data.banyumaskab.go.id,2671,15,70,2.7.2,"[""stats"", ""text_view"", ""image_view"", ""recline_view"", ""datastore"", ""datapusher""]"
2026-10-05,dataauroralinkeddataes,https://data.aurora.linkeddata.es,28,258,3,2.7.0a,"[""stats"", ""text_view"", ""image_view"", ""recline_view"", ""scheming_datasets"", ""repeating""]"
2026-10-05,dataarchivesigma2no,https://data.archive.sigma2.no,994,0,0,2.10.4,"[""envvars"", ""activity"", ""image_view"", ""text_view"", ""recline_view"", ""spatial_metadata"", ""spatial_query"", ""oauth2"", ""sigma2"", ""authz_service"", ""doi"", ""scheming_datasets"", ""scheming_groups"", ""noanonaccess""]"
2026-10-05,dataarcadiaadaptationeu,https://data.arcadia-adaptation.eu,68,13,5,2.11.4,"[""activity"", ""dcat"", ""dcat_rdf_harvester"", ""structured_data"", ""ark"", ""arcadiatheme""]"
2026-10-05,dataaggloroyanfr,https://data.agglo-royan.fr,12,8,2,2.10.5,"[""stats"", ""text_view"", ""image_view"", ""recline_grid_view"", ""recline_graph_view"", ""pdf_view"", ""dcat"", ""dcat_rdf_harvester"", ""dcat_json_harvester"", ""dcat_json_interface"", ""datastore"", ""datapusher"", ""harvest"", ""ckan_harvester"", ""themeCara"", ""activity"", ""oidc_pkce""]"
2026-10-05,dataagamkabgoid,https://data.agamkab.go.id,0,0,0,,
2026-10-05,dataacehtimurkabgoid,https://data.acehtimurkab.go.id,799,12,61,2.7.4,"[""stats"", ""text_view"", ""image_view"", ""recline_view"", ""datastore"", ""datapusher"", ""apihelper"", ""kotakab_aceh""]"
2026-10-05,dataacehprovgoid,https://data.acehprov.go.id,4175,47,49,2.7.4,"[""stats"", ""text_view"", ""image_view"", ""recline_view"", ""recline_graph_view"", ""recline_map_view"", ""datastore"", ""datapusher"", ""hierarchy_display"", ""hierarchy_form"", ""theme_bs2RFV"", ""apihelper"", ""sitemap"", ""odata""]"
2026-10-05,dataacehbesarkabgoid,https://data.acehbesarkab.go.id,28,8,35,2.7.4,"[""stats"", ""text_view"", ""image_view"", ""recline_view"", ""datastore"", ""datapusher"", ""apihelper"", ""kotakab_aceh"", ""sitemap""]"
2026-10-05,dataacehbaratdayakabgoid,https://data.acehbaratdayakab.go.id,298,12,40,2.7.4,"[""stats"", ""text_view"", ""image_view"", ""recline_view"", ""datastore"", ""datapusher"", ""apihelper"", ""kotakab_abdya"", ""sitemap""]"
2026-10-05,danubedataeu,https://danube-data.eu/,7,9,22,2.11.3,"[""image_view"", ""text_view"", ""datatables_view"", ""datastore"", ""datapusher"", ""envvars""]"
2026-10-05,dadosunbbr,https://dados.unb.br,65,11,2,2.11.5,"[""image_view"", ""text_view"", ""datatables_view"", ""datastore"", ""datapusher"", ""envvars""]"
2026-10-05,dadosufvjmedubr,https://dados.ufvjm.edu.br,36,4,1,2.9.0a,"[""stats"", ""text_view"", ""image_view"", ""recline_view"", ""datastore"", ""datapusher"", ""recline_graph_view"", ""noregistration""]"
2026-10-05,dadosufpeledubr,https://dados.ufpel.edu.br,34,3,9,2.8.6,"[""stats"", ""text_view"", ""image_view"", ""recline_view"", ""datastore"", ""resource_proxy"", ""datapusher"", ""pdf_view""]"
2026-10-05,dadosufpabr,https://dados.ufpa.br,13,2,1,2.11.4,"[""image_view"", ""text_view"", ""datatables_view"", ""datastore"", ""datapusher"", ""envvars""]"
2026-10-05,dadosscgovbr,https://dados.sc.gov.br,111,27,25,2.8.3,"[""stats"", ""text_view"", ""image_view"", ""recline_view"", ""webpage_view""]"
2026-10-05,dadoslnccbr,https://dados.lncc.br,3,26,1,2.11.5,"[""stats"", ""text_view"", ""image_view"", ""activity"", ""datastore"", ""xloader""]"
2026-10-05,dadosiftoedubr,https://dados.ifto.edu.br,4,0,1,2.11.4,"[""image_view"", ""text_view"", ""datatables_view"", ""datastore"", ""datapusher"", ""envvars""]"
2026-10-05,dadosmogidascruzesspgovbr,https://dados.mogidascruzes.sp.gov.br,88,4,29,2.10.0,"""envvars image_view text_view recline_view datastore"""
2026-10-05,dadosifrredubr,https://dados.ifrr.edu.br,29,6,1,2.8.1,"[""stats"", ""text_view"", ""image_view"", ""recline_view"", ""datastore"", ""datapusher""]"
2026-10-05,dadosiffedubr,https://dados.iff.edu.br,13,9,1,2.8.7,"[""stats"", ""text_view"", ""image_view"", ""recline_grid_view"", ""recline_graph_view"", ""recline_map_view"", ""datastore""]"
2026-10-05,dadosesposendept,https://dados.esposende.pt,2,0,1,2.11.5,"[""image_view"", ""text_view"", ""datatables_view"", ""datastore"", ""datapusher"", ""envvars""]"
2026-10-05,dadosabertosurbisprefeituraspgovbr,https://dadosabertos.urbis.prefeitura.sp.gov.br,44,1,1,2.11.6,"[""codata"", ""scheming_datasets"", ""image_view"", ""text_view"", ""pdf_view"", ""datatables_view"", ""datastore"", ""datapusher"", ""envvars"", ""resource_proxy"", ""geo_view"", ""geojson_view"", ""shp_view"", ""spatial_metadata"", ""spatial_query""]"
2026-10-05,dadosemelpt,https://dados.emel.pt,7,7,1,2.10.8,"[""activity"", ""datastore"", ""datapusher"", ""image_view"", ""recline_view"", ""webpage_view"", ""text_view"", ""recline_map_view"", ""datatables_view"", ""recline_grid_view"", ""spatial_metadata"", ""spatial_query"", ""envvars"", ""resource_proxy"", ""geo_view"", ""pages"", ""visualize"", ""stats""]"
2026-10-05,dadosabertosufdparedubr,https://dadosabertos.ufdpar.edu.br,15,2,1,2.11.0,"[""image_view"", ""text_view"", ""datatables_view"", ""activity"", ""datastore"", ""datapusher"", ""portal_ufdpar""]"
2026-10-05,dadosabertostcegogovbr,https://dadosabertos.tce.go.gov.br,63,0,2,2.9.10,"[""envvars"", ""image_view"", ""text_view"", ""recline_view"", ""datastore"", ""datapusher""]"
2026-10-05,dadosabertosspspgovbr,https://dadosabertos.sp.gov.br,452,21,53,2.11.3,"[""harvest"", ""ckan_harvester"", ""prodesp"", ""keycloak"", ""rating"", ""activity"", ""scheming_datasets"", ""envvars"", ""image_view"", ""text_view"", ""datastore"", ""tracking""]"
2026-10-05,dadosabertospresidenciagovbr,https://dadosabertos.presidencia.gov.br,0,0,0,,
2026-10-05,dadosabertosmtgovbr,https://dadosabertos.mt.gov.br,0,0,0,,
2026-10-05,dadosabertosgogovbr,https://dadosabertos.go.gov.br,447,25,51,2.9.5,"[""stats"", ""text_view"", ""image_view"", ""csrf_filter"", ""resource_proxy"", ""datastore"", ""xloader"", ""recline_grid_view""]"
2026-10-05,dadosabertoscmportopt,https://dadosabertos.cm-porto.pt/,69,0,5,2.11.6,"[""image_view"", ""text_view"", ""datatables_view"", ""datastore"", ""datapusher"", ""envvars"", ""scheming_datasets"", ""scheming_nerf_index"", ""cmporto_index"", ""stats"", ""tracking"", ""activity"", ""composite"", ""repeating"", ""multilingual_dataset"", ""multilingual_group"", ""multilingual_tag"", ""matomo""]"
2026-10-05,dadosabertoscimvdlpt,https://dadosabertos.cimvdl.pt,90,6,15,2.11.5,"[""stats"", ""text_view"", ""image_view"", ""datatables_view"", ""datastore"", ""harvest"", ""ckan_harvester"", ""dcat"", ""dcat_rdf_harvester"", ""dcat_json_harvester"", ""dcat_json_interface"", ""spatial_metadata"", ""spatial_query"", ""cimvdl_theme""]"
2026-10-05,dadosabertoscascaispt,https://dadosabertos.cascais.pt,56,6,2,2.10.0,"[""stats"", ""text_view"", ""image_view"", ""dcat"", ""scheming_datasets"", ""validation"", ""geo_view"", ""geojson_view"", ""resource_proxy"", ""datastore"", ""datapusher"", ""datatables_view"", ""customtheme"", ""azure_auth"", ""better_stats"", ""multilingual_group"", ""multilingual_tag"", ""multilingual_resource""]"
2026-10-05,dadosabertosartesspspgovbr,https://dadosabertos.artesp.sp.gov.br/,47,7,1,2.11.6,"[""webpage_view"", ""xloader"", ""image_view"", ""datatables_view"", ""ldap"", ""artesp_theme"", ""scheming_datasets"", ""datastore"", ""pdf_view"", ""video_view"", ""text_view"", ""audio_view"", ""structured_data"", ""dcat"", ""resource_proxy"", ""unfold"", ""tracking"", ""geo_view""]"
2026-10-05,cryptodatacenter,https://cryptodata.center,4201,1,13,,"[""activity""]"
2026-10-05,connecteddatanationalgridcouk,https://connecteddata.nationalgrid.co.uk/,92,6,2,2.9.8,"[""stats"", ""wpd_dcat"", ""dcat"", ""restricted_api"", ""wpd_utils"", ""wpd_site_action_log"", ""wpd_user_email_verification"", ""wpd_restricted_api"", ""wpd_templates"", ""text_view"", ""image_view"", ""recline_view"", ""datastore"", ""datapusher"", ""wpd"", ""googleanalytics"", ""security""]"
2026-10-05,ckanurbanedatenplattformpotsdamde,https://ckan.urbanedatenplattform-potsdam.de,120,17,3,2.11.0,"[""envvars"", ""activity"", ""image_view"", ""datatables_view"", ""datastore"", ""datapusher""]"
2026-10-05,ckantaccutexasedu,https://ckan.tacc.utexas.edu,232,8,14,2.11.6,"[""datatables_view"", ""text_view"", ""image_view"", ""audio_view"", ""video_view"", ""webpage_view"", ""pdf_view"", ""datapusher"", ""scheming_datasets"", ""scheming_groups"", ""scheming_organizations"", ""openapi"", ""dso_scheming"", ""tacc_theme"", ""showcase"", ""oauth2"", ""spatial_metadata"", ""spatial_query"", ""geo_view"", ""tapisfilestore"", ""potree"", ""envvars""]"
2026-10-05,ckanumotudelftnl,https://ckan.umo.tudelft.nl/,0,0,5,2.11.2,"[""envvars"", ""activity"", ""image_view"", ""text_view"", ""datatables_view"", ""datastore"", ""umotheme"", ""scheming_datasets"", ""umoauthorization"", ""umometadata"", ""umodatastore"", ""umoapi"", ""umoauthentication"", ""oidc_pkce""]"
2026-10-05,ckanstellapssgreensupplychaineu,https://ckan-stella-pss.greensupplychain.eu,28,0,2,2.11.4,"[""image_view"", ""text_view"", ""datatables_view"", ""datastore"", ""datapusher"", ""envvars"", ""dcat"", ""structured_data"", ""scheming_datasets""]"
2026-10-05,ckansampangkabgoid,https://ckan.sampangkab.go.id,748,15,72,2.9.9,"[""stats"", ""text_view"", ""image_view"", ""recline_view"", ""spatial_metadata"", ""spatial_query"", ""resource_proxy"", ""geoview"", ""geojson_view"", ""wms_view""]"
2026-10-05,ckansabasiio,https://ckan.sabasi.io,81,9,15,2.11.6,"[""s3filestore"", ""harvest"", ""auth"", ""ckan_harvester"", ""scheming_organizations"", ""dcat"", ""dcat_json_interface"", ""structured_data"", ""hierarchy_display"", ""hierarchy_group_form"", ""datastore"", ""activity"", ""envvars""]"
2026-10-05,ckanrimesint,https://ckan.rimes.int/,88,11,46,2.10.4,"[""envvars"", ""image_view"", ""text_view"", ""recline_view"", ""datastore"", ""datapusher""]"
2026-10-05,ckanpuertosdetenerifeorg,https://ckan.puertosdetenerife.org/,69,0,1,2.11.6,"[""envvars"", ""image_view"", ""text_view"", ""datastore"", ""datapusher"", ""pages"", ""tema""]"
2026-10-05,ckanprefmiyazakilgjp,https://ckan.pref.miyazaki.lg.jp,4937,0,1,2.10.5,"[""stats"", ""text_view"", ""image_view"", ""harvest"", ""ckan_harvester"", ""spatial_metadata"", ""spatial_query""]"
2026-10-05,ckanpeprmobidecfr,https://ckan.pepr-mobidec.fr,7,9,16,2.10.3,"""envvars image_view text_view recline_view datastore datapusher keycloak"""
2026-10-05,ckannishiawakuramulabojp,https://ckan.nishiawakura-mulabo.jp,10,17,4,2.11.3,"[""image_view"", ""text_view"", ""datatables_view"", ""pdf_view"", ""markdown_view"", ""datastore"", ""datapusher"", ""s3filestore"", ""spatial_metadata"", ""spatial_query"", ""resource_proxy"", ""geojson_view"", ""shp_view"", ""envvars""]"
2026-10-05,ckanodptorg,https://ckan.odpt.org,0,0,0,,
2026-10-05,ckanmmhkcz,https://ckan.mmhk.cz,51,2,4,2.4.1,"[""stats"", ""text_view"", ""image_view"", ""recline_view"", ""datastore"", ""harvest"", ""ckan_harvester"", ""spatial_metadata"", ""spatial_query"", ""resource_proxy"", ""geojson_view""]"
2026-10-05,ckanmontevideogubuy,https://ckan.montevideo.gub.uy,159,16,29,2.9.9,"[""envvars"", ""image_view"", ""text_view"", ""recline_view"", ""harvest"", ""ckan_harvester"", ""temaim"", ""ldap""]"
2026-10-05,ckanmbaacuk,https://ckan.mba.ac.uk/,5,1,4,2.11.4,"[""activity"", ""msal"", ""sciencetheme"", ""attribution"", ""dcat"", ""dcat_rdf_harvester"", ""structured_data"", ""harvest"", ""ckan_harvester"", ""sitemap""]"
2026-10-05,ckanmeghalayadataportalcom,https://ckan.meghalayadataportal.com,58,0,2,2.11.5,"[""s3filestore"", ""activity"", ""idp"", ""datapusher_plus"", ""datastore"", ""dcat"", ""scheming_datasets"", ""datatables_view"", ""expire_api_token"", ""citeproc""]"
2026-10-05,ckanmadiphsorg,https://ckan.madiphs.org/,193,0,19,2.10.1,"[""activity"", ""scheming_datasets"", ""pages"", ""madiphs_theme"", ""spatial_metadata"", ""spatial_query"", ""stats""]"
2026-10-05,ckanippufrnbr,https://ckan.ipp.ufrn.br,9,4,1,2.11.4,"[""inctlabplan"", ""scheming_datasets"", ""charts_view"", ""webpage_view"", ""charts_builder_view"", ""gpkg_view"", ""shp_view"", ""geojson_view"", ""image_view"", ""wmts_view"", ""text_view"", ""datatables_view"", ""datastore"", ""datapusher"", ""envvars""]"
2026-10-05,ckankupferdigitalorg,https://ckan.kupferdigital.org,194,5,6,2.11.3,"[""showcase"", ""resource_proxy"", ""datastore"", ""stats"", ""pages"", ""dcat"", ""dcatde"", ""dcat_json_interface"", ""structured_data"", ""harvest"", ""ckan_harvester"", ""spatial_metadata"", ""spatial_query"", ""datapusher"", ""text_view"", ""image_view"", ""webpage_view"", ""geo_view"", ""geojson_view"", ""wmts_view"", ""shp_view"", ""video_view"", ""audio_view"", ""dataexplorer_view"", ""dataexplorer_chart_view"", ""dataexplorer_map_view"", ""dataexplorer_table_view"", ""saml2auth""]"
2026-10-05,ckanislandis,https://ckan.island.is,4,1,3,2.10.9,"[""envvars"", ""stats"", ""text_view"", ""image_view"", ""datastore"", ""datapusher""]"
2026-10-05,ckanhealthdatanl,https://ckan.healthdata.nl,667,0,10,2.11.5,"[""envvars"", ""scheming_datasets"", ""scheming_organizations"", ""gdi_userportal"", ""gdi_userportalharvester"", ""dcat"", ""dataset_series"", ""dcat_json_interface"", ""harvest"", ""ckan_harvester"", ""dcat_rdf_harvester"", ""dcat_json_harvester"", ""fluent"", ""fairdatapointharvester"", ""activity""]"
2026-10-05,ckanhalalgoid,https://ckan.halal.go.id,72,0,1,2.10.10,"[""image_view"", ""text_view"", ""datatables_view"", ""datastore"", ""datapusher"", ""envvars"", ""s3filestore""]"
2026-10-05,ckangeomasterpt,https://ckan.geomaster.pt,11,2,89,2.11.3,"[""qa"", ""archiver"", ""report"", ""dcat"", ""dcat_rdf_harvester"", ""dcat_json_harvester"", ""dcat_json_interface"", ""structured_data"", ""image_view"", ""scheming_datasets"", ""datastore"", ""xloader"", ""datatables_view"", ""spatial_metadata"", ""spatial_query"", ""resource_proxy"", ""geo_view"", ""barchart"", ""linechart"", ""piechart"", ""scheming_organizations""]"
2026-10-05,ckanfeoymparistofi,https://ckanfeo.ymparisto.fi,644,0,4,2.10.8,"[""activity"", ""harvest"", ""ckan_harvester"", ""csw_harvester"", ""spatial_metadata"", ""spatial_query"", ""metax_harvester"", ""laji_harvester""]"
2026-10-05,ckanfdmunigreifswaldde,https://ckan.fdm.uni-greifswald.de,41,24,87,2.11.4,"[""spatial_metadata"", ""spatial_query"", ""resource_proxy"", ""image_view"", ""text_view"", ""geojson_view"", ""shp_view"", ""wmts_view"", ""datatables_view"", ""datastore"", ""envvars"", ""geo_view"", ""saml2auth"", ""theme_uni_greifswald"", ""edit_control"", ""ugw_schemes"", ""scheming_datasets"", ""storage_bridge""]"
2026-10-05,ckanenergydatardtunifi,https://ckan.energydata.rd.tuni.fi/,32,6,4,2.9.6,"[""stats"", ""text_view"", ""image_view"", ""recline_view"", ""datastore"", ""datapusher"", ""dcat"", ""dcat_json_interface"", ""structured_data"", ""pages"", ""tau_energy_data_catalog""]"
2026-10-05,ckandemiadsbisitees,https://ckan.demia-ds.bisite.es,110,0,1,2.11.4,"[""image_view"", ""text_view"", ""datatables_view"", ""datastore"", ""datapusher"", ""envvars"", ""demia"", ""oidc_pkce""]"
2026-10-05,ckandatenplattformheidelbergde,https://ckan.datenplattform.heidelberg.de,51,13,5,2.9.7,"[""stats"", ""text_view"", ""image_view"", ""webpage_view"", ""recline_view"", ""recline_grid_view"", ""datastore"", ""dcat"", ""dcatde"", ""dcat_rdf_harvester"", ""dcat_json_harvester"", ""dcat_json_interface"", ""structured_data"", ""harvest"", ""dcatde_rdf_harvester"", ""ckan_harvester"", ""pdf_view"", ""geo_view"", ""geojson_view"", ""wmts_view"", ""shp_view"", ""officedocs_view"", ""layout"", ""pages"", ""oauth2""]"
2026-10-05,ckancampuslivinglabinfumes,https://ckan-campuslivinglab.inf.um.es/,97,0,13,2.10.1,"[""envvars"", ""image_view"", ""text_view"", ""recline_view"", ""datastore"", ""datapusher""]"
2026-10-05,ckancasacciaeneait,https://ckan.casaccia.enea.it,20,13,1,2.10.11,"[""envvars"", ""datastore"", ""datapusher"", ""datatables_view"", ""image_view"", ""text_view"", ""recline_view"", ""harvest"", ""ckan_harvester"", ""dcat"", ""dcat_rdf_harvester"", ""dcat_json_harvester"", ""dcat_json_interface"", ""structured_data"", ""dcatapit_pkg"", ""dcatapit_org"", ""dcatapit_config"", ""dcatapit_theme_group_mapper""]"
2026-10-05,ckanacchealthdatanl,https://ckan-acc.healthdata.nl,834,0,16,2.11.5,"[""envvars"", ""scheming_datasets"", ""scheming_organizations"", ""gdi_userportal"", ""gdi_userportalharvester"", ""dcat"", ""dataset_series"", ""dcat_json_interface"", ""harvest"", ""ckan_harvester"", ""dcat_rdf_harvester"", ""dcat_json_harvester"", ""fluent"", ""fairdatapointharvester"", ""activity""]"
2026-10-05,citydataadaunsweduau,https://citydata.ada.unsw.edu.au/,62,0,1,2.9.11,"[""stats"", ""text_view"", ""image_view"", ""recline_view"", ""resource_proxy"", ""spatial_metadata"", ""spatial_query"", ""geo_view"", ""geojson_view"", ""spatialUI"", ""citydatatheme""]"
2026-10-05,chumphonlocalgdcataloggoth,https://chumphon-local.gdcatalog.go.th,24,7,3,2.10.10,"[""thaigdc2fa"", ""thai_gdc"", ""showcase"", ""stats"", ""opendstats"", ""activity"", ""image_view"", ""datatables_view"", ""text_view"", ""webpage_view"", ""resource_proxy"", ""geo_view"", ""geojson_view"", ""shp_view"", ""wmts_view"", ""xloader"", ""datastore"", ""pdf_view"", ""dcat"", ""dcat_json_interface"", ""structured_data"", ""scheming_datasets"", ""hierarchy_display"", ""hierarchy_form"", ""envvars""]"
2026-10-05,chorizomarinespeedorg,https://chorizo.marinespeed.org/,37,0,5,2.10.0,"""envvars image_view text_view recline_view datastore datapusher"""
2026-10-05,chonburilocalgdcataloggoth,https://chonburi-local.gdcatalog.go.th,214,7,11,2.10.10,"[""thaigdc2fa"", ""thai_gdc"", ""showcase"", ""stats"", ""opendstats"", ""activity"", ""image_view"", ""datatables_view"", ""text_view"", ""webpage_view"", ""resource_proxy"", ""geo_view"", ""geojson_view"", ""shp_view"", ""wmts_view"", ""xloader"", ""datastore"", ""pdf_view"", ""dcat"", ""dcat_json_interface"", ""structured_data"", ""scheming_datasets"", ""hierarchy_display"", ""hierarchy_form"", ""envvars""]"
2026-10-05,chiangrailocalgdcataloggoth,https://chiangrai-local.gdcatalog.go.th,173,7,15,2.10.10,"[""thaigdc2fa"", ""thai_gdc"", ""showcase"", ""stats"", ""opendstats"", ""activity"", ""image_view"", ""datatables_view"", ""text_view"", ""webpage_view"", ""resource_proxy"", ""geo_view"", ""geojson_view"", ""shp_view"", ""wmts_view"", ""xloader"", ""datastore"", ""pdf_view"", ""dcat"", ""dcat_json_interface"", ""structured_data"", ""scheming_datasets"", ""hierarchy_display"", ""hierarchy_form"", ""envvars""]"
2026-10-05,chiangraigdcataloggoth,https://chiangrai.gdcatalog.go.th,378,0,64,2.10.10,"[""thaigdc2fa"", ""thai_gdc"", ""showcase"", ""stats"", ""opendstats"", ""googleanalytics"", ""activity"", ""image_view"", ""datatables_view"", ""text_view"", ""webpage_view"", ""resource_proxy"", ""geo_view"", ""geojson_view"", ""shp_view"", ""wmts_view"", ""xloader"", ""datastore"", ""pdf_view"", ""dcat"", ""dcat_json_interface"", ""structured_data"", ""scheming_datasets"", ""scheming_groups"", ""hierarchy_display"", ""hierarchy_form"", ""envvars""]"
2026-10-05,chiangmailocalgdcataloggoth,https://chiangmai-local.gdcatalog.go.th,11,7,12,2.10.10,"[""thaigdc2fa"", ""thai_gdc"", ""showcase"", ""stats"", ""opendstats"", ""activity"", ""image_view"", ""datatables_view"", ""text_view"", ""webpage_view"", ""resource_proxy"", ""geo_view"", ""geojson_view"", ""shp_view"", ""wmts_view"", ""xloader"", ""datastore"", ""pdf_view"", ""dcat"", ""dcat_json_interface"", ""structured_data"", ""scheming_datasets"", ""hierarchy_display"", ""hierarchy_form"", ""envvars""]"
2026-10-05,chiangmaigdcataloggoth,https://chiangmai.gdcatalog.go.th,500,0,71,2.10.10,"[""thaigdc2fa"", ""thai_gdc"", ""showcase"", ""stats"", ""opendstats"", ""googleanalytics"", ""activity"", ""image_view"", ""datatables_view"", ""text_view"", ""webpage_view"", ""resource_proxy"", ""geo_view"", ""geojson_view"", ""shp_view"", ""wmts_view"", ""xloader"", ""datastore"", ""pdf_view"", ""dcat"", ""dcat_json_interface"", ""structured_data"", ""scheming_datasets"", ""scheming_groups"", ""hierarchy_display"", ""hierarchy_form"", ""envvars""]"
2026-10-05,chanthaburilocalgdcataloggoth,https://chanthaburi-local.gdcatalog.go.th,100,7,4,2.10.10,"[""thaigdc2fa"", ""thai_gdc"", ""showcase"", ""stats"", ""opendstats"", ""activity"", ""image_view"", ""datatables_view"", ""text_view"", ""webpage_view"", ""resource_proxy"", ""geo_view"", ""geojson_view"", ""shp_view"", ""wmts_view"", ""xloader"", ""datastore"", ""pdf_view"", ""dcat"", ""dcat_json_interface"", ""structured_data"", ""scheming_datasets"", ""hierarchy_display"", ""hierarchy_form"", ""envvars""]"
2026-10-05,chaiyaphumlocalgdcataloggoth,https://chaiyaphum-local.gdcatalog.go.th,2,7,2,2.10.10,"[""thaigdc2fa"", ""thai_gdc"", ""showcase"", ""stats"", ""opendstats"", ""activity"", ""image_view"", ""datatables_view"", ""text_view"", ""webpage_view"", ""resource_proxy"", ""geo_view"", ""geojson_view"", ""shp_view"", ""wmts_view"", ""xloader"", ""datastore"", ""pdf_view"", ""dcat"", ""dcat_json_interface"", ""structured_data"", ""scheming_datasets"", ""hierarchy_display"", ""hierarchy_form"", ""envvars""]"
2026-10-05,chaiyaphumgdcataloggoth,https://chaiyaphum.gdcatalog.go.th,343,0,55,2.10.10,"[""thaigdc2fa"", ""thai_gdc"", ""showcase"", ""stats"", ""opendstats"", ""googleanalytics"", ""activity"", ""image_view"", ""datatables_view"", ""text_view"", ""webpage_view"", ""resource_proxy"", ""geo_view"", ""geojson_view"", ""shp_view"", ""wmts_view"", ""xloader"", ""datastore"", ""pdf_view"", ""dcat"", ""dcat_json_interface"", ""structured_data"", ""scheming_datasets"", ""scheming_groups"", ""hierarchy_display"", ""hierarchy_form"", ""envvars""]"
2026-10-05,chachoengsaolocalgdcataloggoth,https://chachoengsao-local.gdcatalog.go.th,0,7,4,2.10.10,"[""thaigdc2fa"", ""thai_gdc"", ""showcase"", ""stats"", ""opendstats"", ""activity"", ""image_view"", ""datatables_view"", ""text_view"", ""webpage_view"", ""resource_proxy"", ""geo_view"", ""geojson_view"", ""shp_view"", ""wmts_view"", ""xloader"", ""datastore"", ""pdf_view"", ""dcat"", ""dcat_json_interface"", ""structured_data"", ""scheming_datasets"", ""hierarchy_display"", ""hierarchy_form"", ""envvars""]"
2026-10-05,chainatlocalgdcataloggoth,https://chainat-local.gdcatalog.go.th,0,7,0,2.10.10,"[""thaigdc2fa"", ""thai_gdc"", ""showcase"", ""stats"", ""opendstats"", ""activity"", ""image_view"", ""datatables_view"", ""text_view"", ""webpage_view"", ""resource_proxy"", ""geo_view"", ""geojson_view"", ""shp_view"", ""wmts_view"", ""xloader"", ""datastore"", ""pdf_view"", ""dcat"", ""dcat_json_interface"", ""structured_data"", ""scheming_datasets"", ""hierarchy_display"", ""hierarchy_form"", ""envvars""]"
2026-10-05,catalogzoothailandorg,https://catalog.zoothailand.org,18,5,18,2.10.7,"[""zpot"", ""thai_gdc"", ""showcase"", ""stats"", ""opendstats"", ""activity"", ""image_view"", ""datatables_view"", ""text_view"", ""webpage_view"", ""resource_proxy"", ""geo_view"", ""geojson_view"", ""shp_view"", ""xloader"", ""datastore"", ""pdf_view"", ""dcat"", ""dcat_json_interface"", ""structured_data"", ""scheming_datasets"", ""hierarchy_display"", ""hierarchy_form""]"
2026-10-05,centroserviziopendataarionlinecloud,https://centroservizi-opendata.arionline.cloud/,25,13,3,2.10.3,"[""envvars"", ""datatables_view"", ""image_view"", ""text_view"", ""recline_view"", ""datastore"", ""datapusher"", ""harvest"", ""ckan_harvester"", ""dcat"", ""dcat_rdf_harvester"", ""dcat_json_harvester"", ""dcat_json_interface"", ""structured_data"", ""dcatapit_pkg"", ""dcatapit_org"", ""dcatapit_config"", ""dcatapit_theme_group_mapper"", ""dcatapit_ckan_harvester"", ""dcatapit_harvester""]"
2026-10-05,cataloguetools4mspeu,https://catalogue.tools4msp.eu,525,7,10,2.9.6b,"[""stats"", ""text_view"", ""image_view"", ""recline_view"", ""branding"", ""schemas"", ""scheming_datasets"", ""spatial_metadata"", ""spatial_query"", ""datastore"", ""datapusher""]"
2026-10-05,cataloguredjenazemljahr,https://catalog.uredjenazemlja.hr,125,7,3,2.10.0a,"[""stats"", ""text_view"", ""image_view"", ""recline_view"", ""pdf_view"", ""sso_plugin"", ""webpage_view"", ""harvest"", ""resource_proxy"", ""geo_view"", ""ckan_harvester"", ""dcat"", ""dcat_json_interface"", ""structured_data""]"
2026-10-05,cataloguedatainfrastructuregovau,https://catalogue.data.infrastructure.gov.au/,449,113,3,,
2026-10-05,catalogroyalraingoth,https://catalog.royalrain.go.th,0,0,0,,
2026-10-05,catalogsacitorth,https://catalog.sacit.or.th,10,4,4,2.9.5,"[""envvars"", ""discovery"", ""search_suggestions"", ""thai_gdc"", ""stats"", ""image_view"", ""text_view"", ""recline_view"", ""resource_proxy"", ""webpage_view"", ""datastore"", ""xloader"", ""dga_stats"", ""noregistration"", ""scheming_datasets"", ""pdf_view"", ""hierarchy_display"", ""hierarchy_form"", ""dcat"", ""dcat_json_interface"", ""structured_data""]"
2026-10-05,catalogricethailandgoth,https://catalog.ricethailand.go.th,20,8,13,2.10.7,"[""thai_gdc"", ""showcase"", ""stats"", ""opendstats"", ""activity"", ""image_view"", ""datatables_view"", ""text_view"", ""webpage_view"", ""resource_proxy"", ""geo_view"", ""geojson_view"", ""shp_view"", ""xloader"", ""datastore"", ""pdf_view"", ""dcat"", ""dcat_json_interface"", ""structured_data"", ""scheming_datasets"", ""hierarchy_display"", ""hierarchy_form""]"
2026-10-05,catalogresearchncpfasnetworkcom,https://catalog.research.ncpfasnetwork.com/,178,1,3,2.11.5,"[""activity"", ""datastore"", ""spatial_metadata"", ""spatial_query"", ""image_view"", ""datatables_view"", ""xloader"", ""pdf_view"", ""scheming_datasets"", ""googleanalytics"", ""custom""]"
2026-10-05,catalogparliamentgoth,https://catalog.parliament.go.th,11,1,30,2.9.5,"[""discovery"", ""search_suggestions"", ""thai_gdc"", ""stats"", ""opendstats"", ""text_view"", ""image_view"", ""recline_view"", ""resource_proxy"", ""datastore"", ""xloader"", ""webpage_view"", ""scheming_datasets"", ""hierarchy_display"", ""hierarchy_form"", ""pdf_view"", ""dcat"", ""dcat_json_interface"", ""structured_data""]"
2026-10-05,catalogrdpbgoth,https://catalog.rdpb.go.th,12,10,18,2.10.7,"[""thai_gdc"", ""showcase"", ""stats"", ""opendstats"", ""activity"", ""image_view"", ""datatables_view"", ""text_view"", ""webpage_view"", ""resource_proxy"", ""geo_view"", ""geojson_view"", ""shp_view"", ""xloader"", ""datastore"", ""pdf_view"", ""dcat"", ""dcat_json_interface"", ""structured_data"", ""scheming_datasets"", ""hierarchy_display"", ""hierarchy_form""]"
2026-10-05,catalogodatosabiertosgobpe,https://catalogo.datosabiertos.gob.pe/,4464,16,359,2.11.4,"[""datastore"", ""resource_proxy"", ""text_view"", ""pdf_view"", ""image_view"", ""datatables_view"", ""activity"", ""cnd""]"
2026-10-05,catalogodatosnlgobmx,https://catalogodatos.nl.gob.mx/,132,16,86,2.10.4,"[""activity"", ""pages""]"
2026-10-05,catalogoaegoth,https://catalog.oae.go.th,202,8,24,2.10.7,"[""thai_gdc"", ""showcase"", ""stats"", ""opendstats"", ""activity"", ""image_view"", ""datatables_view"", ""text_view"", ""webpage_view"", ""resource_proxy"", ""geo_view"", ""geojson_view"", ""shp_view"", ""xloader"", ""datastore"", ""pdf_view"", ""dcat"", ""dcat_json_interface"", ""structured_data"", ""scheming_datasets"", ""hierarchy_display"", ""hierarchy_form"", ""harvest"", ""ckan_harvester""]"
2026-10-05,catalognorthslopescienceorg,https://catalog.northslopescience.org,0,0,0,,
2026-10-05,catalogibecnrit,https://catalog.ibe.cnr.it/,2171,3,3,2.10.4,"[""activity"", ""datastore"", ""datatables_view"", ""text_view"", ""resource_proxy"", ""recline_view"", ""recline_grid_view"", ""recline_map_view"", ""webpage_view"", ""geo_view""]"
2026-10-05,catalogfdamophgoth,https://catalog.fda.moph.go.th,53,5,18,2.10.7,"[""thai_gdc"", ""showcase"", ""stats"", ""opendstats"", ""activity"", ""image_view"", ""datatables_view"", ""text_view"", ""webpage_view"", ""resource_proxy"", ""geo_view"", ""geojson_view"", ""shp_view"", ""xloader"", ""datastore"", ""pdf_view"", ""dcat"", ""dcat_json_interface"", ""structured_data"", ""scheming_datasets"", ""hierarchy_display"", ""hierarchy_form""]"
2026-10-05,cataloggrowthfundgr,https://catalog.growthfund.gr,45,11,20,2.9.3,"[""stats"", ""text_view"", ""webpage_view"", ""image_view"", ""recline_view"", ""recline_grid_view"", ""recline_graph_view"", ""recline_map_view"", ""datastore"", ""datapusher"", ""dcat"", ""dcat_rdf_harvester"", ""dcat_json_harvester"", ""dcat_json_interface"", ""structured_data"", ""harvest"", ""ckan_harvester"", ""cp_theme""]"
2026-10-05,catalogfpogoth,https://catalog.fpo.go.th,15,3,8,2.10.7,"[""thai_gdc"", ""showcase"", ""stats"", ""opendstats"", ""activity"", ""image_view"", ""datatables_view"", ""text_view"", ""webpage_view"", ""resource_proxy"", ""geo_view"", ""geojson_view"", ""shp_view"", ""xloader"", ""datastore"", ""pdf_view"", ""dcat"", ""dcat_json_interface"", ""structured_data"", ""scheming_datasets"", ""hierarchy_display"", ""hierarchy_form""]"
2026-10-05,catalogeeforth,https://catalog.eef.or.th,1,0,15,2.10.7,"[""thai_gdc"", ""showcase"", ""stats"", ""opendstats"", ""activity"", ""geo_view"", ""geojson_view"", ""shp_view"", ""xloader"", ""datastore"", ""pdf_view"", ""structured_data"", ""scheming_datasets"", ""scheming_groups"", ""hierarchy_display"", ""hierarchy_form""]"
2026-10-05,catalogdmfgoth,https://catalog.dmf.go.th,41,6,2,2.10.7,"[""thai_gdc"", ""showcase"", ""stats"", ""opendstats"", ""activity"", ""image_view"", ""datatables_view"", ""text_view"", ""webpage_view"", ""resource_proxy"", ""geo_view"", ""geojson_view"", ""shp_view"", ""xloader"", ""datastore"", ""pdf_view"", ""dcat"", ""dcat_json_interface"", ""structured_data"", ""scheming_datasets"", ""hierarchy_display"", ""hierarchy_form""]"
2026-10-05,catalogdigitrafficfi,https://catalog.digitraffic.fi,13,1,13,2.11.4,"[""datastore"", ""dcat"", ""digitraffic_core"", ""envvars"", ""scheming_datasets"", ""scheming_groups"", ""scheming_organizations"", ""entraid_authenticator"", ""digitraffic_fluent"", ""digitraffic_opentelemetry""]"
2026-10-05,catalogdgadatagoth,https://catalog-dga.data.go.th,47,1,29,2.10.7,"[""thai_gdc"", ""dquality"", ""showcase"", ""stats"", ""opendstats"", ""activity"", ""image_view"", ""datatables_view"", ""text_view"", ""webpage_view"", ""resource_proxy"", ""geo_view"", ""geojson_view"", ""shp_view"", ""xloader"", ""datastore"", ""pdf_view"", ""dcat"", ""dcat_json_interface"", ""structured_data"", ""scheming_datasets"", ""hierarchy_display"", ""hierarchy_form"", ""envvars""]"
2026-10-05,catalogdataplatformyamanashijp,https://catalog.dataplatform-yamanashi.jp,304,47,268,2.9.5,"[""envvars"", ""image_view"", ""text_view"", ""recline_view"", ""datastore"", ""datapusher"", ""oauth2""]"
2026-10-05,catalogcpddatagoth,https://catalog-cpd.data.go.th,43,0,1,2.10.7,"[""dquality"", ""thai_gdc"", ""showcase"", ""stats"", ""opendstats"", ""activity"", ""image_view"", ""datatables_view"", ""text_view"", ""webpage_view"", ""resource_proxy"", ""geo_view"", ""geojson_view"", ""shp_view"", ""xloader"", ""datastore"", ""pdf_view"", ""dcat"", ""dcat_json_interface"", ""structured_data"", ""scheming_datasets"", ""hierarchy_display"", ""hierarchy_form"", ""envvars""]"
2026-10-05,catalogdatapatrasgr,https://catalog.data.patras.gr,80,5,1,2.11.4,"[""dcat"", ""structured_data"", ""scheming_datasets"", ""image_view"", ""text_view"", ""datatables_view"", ""datastore"", ""envvars"", ""opendata_theme"", ""xloader"", ""resource_proxy"", ""mymapview"", ""charts_view"", ""activity"", ""stats""]"
2026-10-05,catalogbosaigojp,https://catalog.bosai.go.jp,51623,0,659,2.9.13,"[""stats"", ""text_view"", ""image_view"", ""recline_view"", ""harvest"", ""ckan_harvester"", ""dcat"", ""dcat_rdf_harvester"", ""dcat_json_harvester"", ""dcat_json_interface"", ""structured_data"", ""spatial_metadata"", ""spatial_query"", ""sip4ddata"", ""sip4dview"", ""sip4dharvest"", ""sip4d_arcgis_harvest"", ""saml2auth""]"
2026-10-05,catalogacfsdatagoth,https://catalog-acfs.data.go.th,26,6,1,2.9.9,"[""envvars"", ""discovery"", ""search_suggestions"", ""thai_gdc"", ""stats"", ""opendstats"", ""image_view"", ""text_view"", ""recline_view"", ""resource_proxy"", ""webpage_view"", ""datastore"", ""xloader"", ""scheming_datasets"", ""pdf_view"", ""hierarchy_display"", ""hierarchy_form"", ""dcat"", ""dcat_json_interface"", ""structured_data""]"
2026-10-05,buriramlocalgdcataloggoth,https://buriram-local.gdcatalog.go.th,0,7,2,2.10.10,"[""thaigdc2fa"", ""thai_gdc"", ""showcase"", ""stats"", ""opendstats"", ""activity"", ""image_view"", ""datatables_view"", ""text_view"", ""webpage_view"", ""resource_proxy"", ""geo_view"", ""geojson_view"", ""shp_view"", ""wmts_view"", ""xloader"", ""datastore"", ""pdf_view"", ""dcat"", ""dcat_json_interface"", ""structured_data"", ""scheming_datasets"", ""hierarchy_display"", ""hierarchy_form"", ""envvars""]"
2026-10-05,buriramgdcataloggoth,https://buriram.gdcatalog.go.th,316,0,48,2.10.10,"[""thaigdc2fa"", ""thai_gdc"", ""showcase"", ""stats"", ""opendstats"", ""googleanalytics"", ""activity"", ""image_view"", ""datatables_view"", ""text_view"", ""webpage_view"", ""resource_proxy"", ""geo_view"", ""geojson_view"", ""shp_view"", ""wmts_view"", ""xloader"", ""datastore"", ""pdf_view"", ""dcat"", ""dcat_json_interface"", ""structured_data"", ""scheming_datasets"", ""scheming_groups"", ""hierarchy_display"", ""hierarchy_form"", ""envvars""]"
2026-10-05,buengkanlocalgdcataloggoth,https://buengkan-local.gdcatalog.go.th,0,7,58,2.10.10,"[""thaigdc2fa"", ""thai_gdc"", ""showcase"", ""stats"", ""opendstats"", ""activity"", ""image_view"", ""datatables_view"", ""text_view"", ""webpage_view"", ""resource_proxy"", ""geo_view"", ""geojson_view"", ""shp_view"", ""wmts_view"", ""xloader"", ""datastore"", ""pdf_view"", ""dcat"", ""dcat_json_interface"", ""structured_data"", ""scheming_datasets"", ""hierarchy_display"", ""hierarchy_form"", ""envvars""]"
2026-10-05,buengkangdcataloggoth,https://buengkan.gdcatalog.go.th,482,0,57,2.10.10,"[""thaigdc2fa"", ""thai_gdc"", ""showcase"", ""stats"", ""opendstats"", ""googleanalytics"", ""activity"", ""image_view"", ""datatables_view"", ""text_view"", ""webpage_view"", ""resource_proxy"", ""geo_view"", ""geojson_view"", ""shp_view"", ""wmts_view"", ""xloader"", ""datastore"", ""pdf_view"", ""dcat"", ""dcat_json_interface"", ""structured_data"", ""scheming_datasets"", ""scheming_groups"", ""hierarchy_display"", ""hierarchy_form"", ""envvars""]"
2026-10-05,bsosdataumdedu,https://bsos-data.umd.edu,0,0,0,,
2026-10-05,bochumopendataruhr,https://bochum.opendata.ruhr,104,13,19,2.10.5,"[""envvars"", ""resource_proxy"", ""datastore"", ""xloader"", ""image_view"", ""text_view"", ""recline_view"", ""spatial_metadata"", ""spatial_query"", ""harvest"", ""ckan_harvester"", ""dcat"", ""dcatde"", ""dcat_rdf_harvester"", ""dcatde_rdf_harvester"", ""dcat_json_harvester"", ""dcat_json_interface"", ""structured_data"", ""geo_view"", ""geojson_view"", ""navigablemap"", ""choroplethmap"", ""pages"", ""pdf_view"", ""rvr"", ""scheming_datasets"", ""scheming_organizations""]"
2026-10-05,bridgeinuackr,https://bridge.inu.ac.kr,9,4,1,2.11.0,"[""activity"", ""excelforms"", ""example_theme"", ""tabledesigner"", ""image_view"", ""datatables_view"", ""datastore"", ""datapusher""]"
2026-10-05,awsisakvotestorg,https://awsis.akvotest.org,0,0,3,2.11.4,"[""image_view"", ""text_view"", ""datastore"", ""envvars"", ""resource_proxy"", ""stats"", ""webpage_view"", ""linechart"", ""barchart"", ""piechart"", ""geojson_view"", ""datapusher_plus"", ""hierarchy_form"", ""hierarchy_group_form"", ""hierarchy_display"", ""spatial_query"", ""spatial_metadata"", ""choroplethmap"", ""pdf_view"", ""contact"", ""visualize"", ""datatables_view"", ""awsis""]"
2026-10-05,backofficegisvisitgreecegr,https://backoffice-gis.visitgreece.gr,15,0,1,2.11.5,"[""image_view"", ""text_view"", ""datatables_view"", ""datastore"", ""datapusher"", ""envvars"", ""spatial_metadata"", ""spatial_query"", ""geo_view"", ""geojson_view""]"
2026-10-05,aspalopendataconsulmediait,https://aspal-opendata.consulmedia.it,15,0,1,2.11.5,"[""activity"", ""image_view"", ""text_view"", ""datatables_view"", ""datastore"", ""dcat"", ""dcatapit_pkg"", ""dcatapit_org"", ""dcatapit_config"", ""dcatapit_vocabulary"", ""bootstrapitalia_theme"", ""xloader""]"
2026-10-05,archivouesedusv,https://archivo.ues.edu.sv,2,5,17,2.10.9,"[""activity"", ""stats"", ""datastore"", ""xloader"", ""s3filestore"", ""image_view"", ""datatables_view"", ""text_view"", ""video_view"", ""audio_view"", ""webpage_view"", ""pdf_view"", ""resource_proxy"", ""officedocs_view"", ""ldap"", ""hierarchy_display"", ""hierarchy_form"", ""hierarchy_group_form"", ""archivo_theme""]"
2026-10-05,archivecetetissacin,https://archive-cete.tiss.ac.in,150,0,15,2.9.9,"[""stats"", ""text_view"", ""image_view"", ""recline_view"", ""datastore"", ""datapusher"", ""pdf_view"", ""officedocs_view"", ""multiuploader""]"
2026-10-05,archivecetetissedu,https://archive-cete.tiss.edu,150,0,15,2.9.9,"[""stats"", ""text_view"", ""image_view"", ""recline_view"", ""datastore"", ""datapusher"", ""pdf_view"", ""officedocs_view"", ""multiuploader""]"
2026-10-05,antiresistcatalogunibasch,https://antiresist-catalog.unibas.ch,19,6,34,2.10.3,"[""activity"", ""datastore"", ""xloader"", ""datatables_view"", ""text_view"", ""image_view"", ""pdf_view"", ""pages"", ""scheming_datasets"", ""resource_indexer"", ""plain_resource_indexer"", ""pdf_resource_indexer"", ""antiresist_catalog_theme""]"
2026-10-05,apinesoenergy,https://api.neso.energy/,131,0,16,2.8.7,"[""envvars"", ""showcase"", ""s3filestore"", ""image_view"", ""text_view"", ""recline_view"", ""recline_grid_view"", ""recline_map_view"", ""recline_graph_view"", ""webpage_view"", ""pdf_view"", ""geojson_view"", ""recline_grid"", ""recline_graph"", ""recline_map"", ""nationalgrid"", ""datastore"", ""aircan_connector"", ""resource_proxy"", ""hierarchy_form"", ""hierarchy_display"", ""dcat"", ""dcat_json_interface"", ""structured_data"", ""scheming_datasets"", ""noanonaccess"", ""googleanalytics"", ""oauth2"", ""security""]"
2026-10-05,angthonglocalgdcataloggoth,https://angthong-local.gdcatalog.go.th,0,7,0,2.10.10,"[""thaigdc2fa"", ""thai_gdc"", ""showcase"", ""stats"", ""opendstats"", ""activity"", ""image_view"", ""datatables_view"", ""text_view"", ""webpage_view"", ""resource_proxy"", ""geo_view"", ""geojson_view"", ""shp_view"", ""wmts_view"", ""xloader"", ""datastore"", ""pdf_view"", ""dcat"", ""dcat_json_interface"", ""structured_data"", ""scheming_datasets"", ""hierarchy_display"", ""hierarchy_form"", ""envvars""]"
2026-10-05,angthonggdcataloggoth,https://angthong.gdcatalog.go.th,361,1,56,2.10.10,"[""thaigdc2fa"", ""thai_gdc"", ""showcase"", ""stats"", ""opendstats"", ""googleanalytics"", ""activity"", ""image_view"", ""datatables_view"", ""text_view"", ""webpage_view"", ""resource_proxy"", ""geo_view"", ""geojson_view"", ""shp_view"", ""wmts_view"", ""xloader"", ""datastore"", ""pdf_view"", ""dcat"", ""dcat_json_interface"", ""structured_data"", ""scheming_datasets"", ""scheming_groups"", ""hierarchy_display"", ""hierarchy_form"", ""envvars""]"
2026-10-05,amnatcharoenlocalgdcataloggoth,https://amnatcharoen-local.gdcatalog.go.th,0,7,1,2.10.10,"[""thaigdc2fa"", ""thai_gdc"", ""showcase"", ""stats"", ""opendstats"", ""activity"", ""image_view"", ""datatables_view"", ""text_view"", ""webpage_view"", ""resource_proxy"", ""geo_view"", ""geojson_view"", ""shp_view"", ""wmts_view"", ""xloader"", ""datastore"", ""pdf_view"", ""dcat"", ""dcat_json_interface"", ""structured_data"", ""scheming_datasets"", ""hierarchy_display"", ""hierarchy_form"", ""envvars""]"
2026-10-05,amnatcharoengdcataloggoth,https://amnatcharoen.gdcatalog.go.th,378,0,64,2.10.10,"[""thaigdc2fa"", ""thai_gdc"", ""showcase"", ""stats"", ""opendstats"", ""googleanalytics"", ""activity"", ""image_view"", ""datatables_view"", ""text_view"", ""webpage_view"", ""resource_proxy"", ""geo_view"", ""geojson_view"", ""shp_view"", ""wmts_view"", ""xloader"", ""datastore"", ""pdf_view"", ""dcat"", ""dcat_json_interface"", ""structured_data"", ""scheming_datasets"", ""scheming_groups"", ""hierarchy_display"", ""hierarchy_form"", ""envvars""]"
2026-10-05,aidainformaticsbuuacth,https://aida.informatics.buu.ac.th,56,14,12,2.10.7,"[""thai_gdc"", ""showcase"", ""stats"", ""opendstats"", ""activity"", ""image_view"", ""datatables_view"", ""text_view"", ""webpage_view"", ""resource_proxy"", ""geo_view"", ""geojson_view"", ""shp_view"", ""xloader"", ""datastore"", ""pdf_view"", ""dcat"", ""dcat_json_interface"", ""structured_data"", ""scheming_datasets"", ""hierarchy_display"", ""hierarchy_form"", ""envvars"", ""aida""]"
2026-10-05,agrihubgislrgtumde,https://agrihub.gis.lrg.tum.de,351,22,40,,"[""envvars"", ""image_view"", ""text_view"", ""webpage_view"", ""datastore"", ""tracking"", ""activity"", ""security"", ""hierarchy_display"", ""hierarchy_form"", ""relation"", ""spatial_metadata"", ""spatial_query"", ""datesearch"", ""scheme_sddi"", ""theme_sddi"", ""scheming_datasets"", ""geo_view"", ""geojson_view"", ""wmts_view"", ""shp_view"", ""heroslideradmin"", ""dcat"", ""dcat_json_interface"", ""clamav""]"
2026-10-05,agridataansdsn,https://agridata.ansd.sn,0,0,0,,
2026-10-05,agefmadbackofficedata4citizencom,https://agefmad-backoffice.data4citizen.com,61,0,18,2.9.9,"[""envvars"", ""image_view"", ""text_view"", ""recline_view"", ""datastore"", ""datapusher"", ""dcat""]"
2026-10-05,acikverikadikoybeltr,https://acikveri.kadikoy.bel.tr,160,12,28,2.9.5,"[""stats"", ""text_view"", ""image_view"", ""recline_view"", ""pdf_view"", ""officedocs_view"", ""datastore"", ""datapusher"", ""showcase"", ""datarequests"", ""multilingual_group"", ""geo_view"", ""qgovext""]"
2026-10-05,acikyesilbursabeltr,https://acikyesil.bursa.bel.tr,49,16,5,,"[""akillisehirler"", ""image_view"", ""text_view"", ""datatables_view"", ""datastore"", ""xloader"", ""geo_view"", ""shp_view"", ""geojson_view"", ""resource_proxy"", ""webpage_view"", ""pdf_view"", ""tracking"", ""googleanalytics"", ""security"", ""envvars""]"
2026-10-05,acikverigaziantepbeltr,https://acikveri.gaziantep.bel.tr,0,0,0,,
2026-10-05,acikverisakaryabeltr,https://veri.sakarya.bel.tr,307,22,8,2.9.9,"[""envvars"", ""image_view"", ""text_view"", ""datatables_view"", ""datastore"", ""xloader"", ""resource_proxy"", ""resource_type_validation"", ""recline_view"", ""recline_grid_view"", ""recline_graph_view"", ""recline_map_view"", ""webpage_view"", ""geo_view"", ""pdf_view"", ""qgovext"", ""shp_view"", ""data_requests""]"
2026-10-05,acikverikutahyabeltr,https://acikveri.kutahya.bel.tr,344,16,1,,"[""akillisehirler"", ""image_view"", ""text_view"", ""datatables_view"", ""datastore"", ""xloader"", ""geo_view"", ""shp_view"", ""geojson_view"", ""resource_proxy"", ""webpage_view"", ""pdf_view"", ""tracking"", ""googleanalytics"", ""security"", ""envvars""]"
2026-10-05,acikveriuskudarbeltr,https://acikveri.uskudar.bel.tr,7,16,1,,"[""akillisehirler"", ""image_view"", ""text_view"", ""datatables_view"", ""datastore"", ""xloader"", ""geo_view"", ""shp_view"", ""geojson_view"", ""resource_proxy"", ""webpage_view"", ""pdf_view"", ""tracking"", ""googleanalytics"", ""security"", ""envvars""]"
2026-10-05,opendataparlamentodeandaluciaes,https://opendata.parlamentodeandalucia.es,94,0,5,,"[""stats"", ""text_view"", ""image_view"", ""recline_view"", ""resource_proxy"", ""datastore"", ""datapusher"", ""pdf_view"", ""officedocs_view"", ""contact"", ""pages"", ""qa"", ""archiver"", ""report"", ""scheming_datasets"", ""custom""]"
2026-10-05,datavisualisingballaratorgau,https://data.visualisingballarat.org.au,949,6,4,2.9.5,"[""stats"", ""text_view"", ""image_view"", ""recline_view"", ""webpage_view"", ""resource_proxy"", ""geojson_view"", ""geo_view"", ""spatial_metadata"", ""spatial_query"", ""pages"", ""cc_logo"", ""expose_purl"", ""dcat"", ""dcat_json_interface"", ""structured_data"", ""datastore"", ""recline_grid_view"", ""recline_graph_view"", ""recline_map_view"", ""cerdi_theme""]"
2026-10-05,saeosssansaorgza,https://saeoss.sansa.org.za,91,0,8,2.9.11,"[""text_view"", ""image_view"", ""recline_view"", ""harvest"", ""ckan_harvester"", ""csw_harvester"", ""spatial_harvest_metadata_api"", ""spatial_metadata"", ""spatial_query"", ""resource_proxy"", ""geo_view"", ""geojson_view"", ""wmts_view"", ""shp_view"", ""scheming_datasets"", ""pages"", ""saeoss"", ""saeoss_harvesting""]"
2026-10-05,datamahakamulukabgoid,https://data.mahakamulukab.go.id,788,0,31,2.10.5,"[""activity"", ""mahulu"", ""datastore"", ""recline_view"", ""recline_graph_view""]"
2026-10-05,ckanaliseaorg,https://ckan.ali-sea.org,0,0,0,,
2026-10-05,opendatabcgovua,https://opendata-bc.gov.ua,0,0,0,,
2026-10-05,dataforestgoth,https://data.forest.go.th,0,0,0,,
2026-10-05,algecirasopendataenmapacom,https://algeciras-opendata.enmapa.com/,0,0,0,,
2026-10-05,opendataterrassacat,https://opendata.terrassa.cat,0,0,0,,
2026-10-05,dataprimariatmro,https://data.primariatm.ro,0,10,3,2.10.11,"[""image_view"", ""text_view"", ""datatables_view"", ""datastore"", ""resource_proxy"", ""datapusher"", ""envvars"", ""primariatm_theme""]"
2026-10-05,osmdatacatalogalbertaca,https://osmdatacatalog.alberta.ca,964,11,11,2.11.3,"[""activity"", ""datastore"", ""datapusher"", ""goa_theme"", ""pdf_view"", ""resource_proxy"", ""geo_view"", ""stats"", ""image_view"", ""webpage_view"", ""text_view"", ""scheming_datasets"", ""datatables_view"", ""email_notification"", ""officedocs_view"", ""googleanalytics""]"
2026-10-05,datosculturagobar,https://datos.cultura.gob.ar,0,0,0,,
2026-10-05,datosparanagobar,https://datos.parana.gob.ar,0,0,0,,
2026-10-05,openafricanet,https://open.africa,6982,79,195,2.11.4,"[""envvars"", ""image_view"", ""text_view"", ""datastore"", ""datapusher"", ""openafrica"", ""s3filestore"", ""datarequests"", ""showcase"", ""harvest"", ""ckan_harvester"", ""stats"", ""datatables_view""]"
2026-10-05,opendatacityniigatalgjp,https://opendata.city.niigata.lg.jp,488,21,1,2.9.5,"[""datastore"", ""stats""]"
2026-10-05,acikverimarmarisbeltr,https://acikveri.marmaris.bel.tr,0,0,0,,
2026-10-05,acikveridenizlibeltr,https://acikveri.denizli.bel.tr,0,0,0,,
2026-10-05,znrrgrzgovzm,https://znrr.grz.gov.zm,92,11,18,2.10.4,"[""zarr"", ""fjelltopp_theme"", ""activity"", ""scheming_datasets"", ""blob_storage"", ""authz_service"", ""pdf_view"", ""officedocs_view"", ""image_view"", ""text_view"", ""recline_view"", ""datastore"", ""versions"", ""dcat"", ""short_urls"", ""datapusher""]"
2026-10-05,opendataalrogoth,http://opendata.alro.go.th,0,0,0,,
2026-10-05,wwwjuntadeandaluciaes,https://www.juntadeandalucia.es/datosabiertos/portal,832,0,103,2.10.1,"[""envvars"", ""activity"", ""stats"", ""text_view"", ""image_view"", ""recline_view"", ""recline_map_view"", ""recline_grid_view"", ""recline_graph_view"", ""datastore"", ""datapusher"", ""resource_proxy"", ""harvest"", ""ckan_harvester"", ""dcat"", ""dcat_json_interface"", ""dcat_rdf_harvester"", ""structured_data"", ""federator_view"", ""jda"", ""openapi_view"", ""geo_view""]"
2026-10-05,datagovme,https://data.gov.me,913,15,0,2.11.0,"[""image_view"", ""text_view"", ""datatables_view"", ""datastore"", ""datapusher"", ""envvars"", ""tracking"", ""harvest"", ""pages"", ""activity"", ""stats"", ""webpage_view"", ""linechart"", ""barchart"", ""piechart"", ""visualize"", ""pdf_view"", ""video_view"", ""contact"", ""geo_view"", ""shp_view"", ""showcase"", ""comments"", ""googleanalytics"", ""datagov"", ""rating"", ""dcat"", ""dcat_rdf_harvester"", ""dcat_json_harvester""]"
2026-10-05,datacitysumotolgjp,https://data.city.sumoto.lg.jp,5,2,2,2.10.7,"[""stats"", ""text_view"", ""image_view"", ""datatables_view"", ""datastore"", ""datapusher"", ""custom_theme""]"
2026-10-05,dataegovgojp,https://data.e-gov.go.jp/data,18143,17,23,2.9.5,"[""text_view"", ""image_view"", ""recline_view"", ""resource_proxy"", ""recline_grid_view"", ""recline_graph_view"", ""recline_map_view"", ""video_view"", ""audio_view"", ""webpage_view"", ""multilingual_dataset"", ""multilingual_group"", ""multilingual_tag"", ""showcase"", ""dcat"", ""dcat_json_interface"", ""structured_data"", ""odata"", ""fluent"", ""linechart"", ""barchart"", ""piechart"", ""basicgrid"", ""datastore"", ""xloader"", ""datasetslist_theme"", ""scheming_datasets"", ""scheming_groups"", ""scheming_organizations"", ""openapi_view""]"
2026-10-05,dataingvit,https://data.ingv.it/,845,1679,1,2.8.9,"[""ingv"", ""designers_italia"", ""stats"", ""text_view"", ""image_view"", ""recline_view"", ""spatial_metadata"", ""spatial_query"", ""harvest"", ""ckan_harvester"", ""multilang"", ""multilang_harvester"", ""dcat"", ""dcat_rdf_harvester"", ""dcat_json_harvester"", ""dcat_json_interface"", ""dcatapit_pkg"", ""dcatapit_org"", ""dcatapit_config"", ""dcatapit_harvester"", ""dcatapit_ckan_harvester"", ""dcatapit_csw_harvester"", ""dcatapit_harvest_list"", ""dcatapit_subcatalog_facets"", ""dcatapit_theme_group_mapper""]"
2026-10-05,statistikmerantikabgoid,https://statistik.merantikab.go.id,1228,13,36,2.9.6,"[""stats"", ""text_view"", ""image_view"", ""recline_view""]"
2026-10-05,datasabangkotagoid,https://data.sabangkota.go.id,304,13,41,2.9.2,"[""stats"", ""text_view"", ""image_view"", ""recline_view"", ""datastore"", ""datapusher"", ""resource_proxy""]"
2026-10-05,datoscnbsgobhn,https://datos.cnbs.gob.hn,39,1,9,2.11.5,"[""activity"", ""datastore"", ""datapusher_plus"", ""datatables_view"", ""cnbs_theme""]"
2026-10-05,datosabiertosmspasgobgt,https://datosabiertos.mspas.gob.gt,20,12,1,2.9.5,"[""stats"", ""text_view"", ""image_view"", ""recline_view"", ""datastore"", ""mspas""]"
2026-10-05,procurdatde,https://procurdat.de,94882,0,1,2.11.6,"[""image_view"", ""text_view"", ""datatables_view"", ""datastore"", ""datapusher"", ""envvars"", ""harvest"", ""ckan_harvester"", ""myharvester"", ""pages"", ""fluent"", ""scheming_datasets"", ""procurdattheme"", ""regx"", ""prompty""]"
2026-10-05,repodainstorg,https://repo.dainst.org,64,1,13,2.10.4,"[""envvars"", ""image_view"", ""text_view"", ""recline_view"", ""datastore"", ""datapusher"", ""datatables_view"", ""cuprit"", ""doi"", ""dcat"", ""dcat_json_interface"", ""structured_data"", ""ldap"", ""thesauri_harvester""]"
2026-10-05,ckan2dataarniabfcfr,https://ckan2.data.arnia-bfc.fr,2263,14,93,2.11.4,"[""datastore"", ""image_view"", ""text_view"", ""harvest"", ""ckan_harvester"", ""csw_harvester"", ""dcat_patch"", ""dcat"", ""dcat_json_harvester"", ""dcat_rdf_harvester"", ""xloader"", ""harvest_xloader"", ""dataload_router"", ""datatables_view"", ""geo_view"", ""geojson_view"", ""wmts_view"", ""shp_view"", ""spatial_metadata"", ""spatial_query"", ""spatial_harvest_metadata_api"", ""activity"", ""tracking"", ""ogc"", ""showcase"", ""composite"", ""admin_tools""]"
2026-10-05,dadosturismogovbr,https://dados.turismo.gov.br,0,0,0,,
2026-10-05,acikverikarabaglarbeltr,https://acikveri.karabaglar.bel.tr,0,0,0,,
2026-10-05,nakhonsithammaratgdcataloggoth,https://nakhonsithammarat.gdcatalog.go.th,277,0,44,2.10.10,"[""thaigdc2fa"", ""thai_gdc"", ""showcase"", ""stats"", ""opendstats"", ""googleanalytics"", ""activity"", ""image_view"", ""datatables_view"", ""text_view"", ""webpage_view"", ""resource_proxy"", ""geo_view"", ""geojson_view"", ""shp_view"", ""wmts_view"", ""xloader"", ""datastore"", ""pdf_view"", ""dcat"", ""dcat_json_interface"", ""structured_data"", ""scheming_datasets"", ""scheming_groups"", ""hierarchy_display"", ""hierarchy_form"", ""envvars""]"
2026-10-05,kalasinlocalgdcataloggoth,https://kalasin-local.gdcatalog.go.th,0,7,2,2.10.10,"[""thaigdc2fa"", ""thai_gdc"", ""showcase"", ""stats"", ""opendstats"", ""activity"", ""image_view"", ""datatables_view"", ""text_view"", ""webpage_view"", ""resource_proxy"", ""geo_view"", ""geojson_view"", ""shp_view"", ""wmts_view"", ""xloader"", ""datastore"", ""pdf_view"", ""dcat"", ""dcat_json_interface"", ""structured_data"", ""scheming_datasets"", ""hierarchy_display"", ""hierarchy_form"", ""envvars""]"
2026-10-05,hrdigdcataloggoth,https://hrdi.gdcatalog.go.th,22,6,6,2.10.10,"[""thaigdc2fa"", ""thai_gdc"", ""showcase"", ""stats"", ""opendstats"", ""activity"", ""image_view"", ""datatables_view"", ""text_view"", ""webpage_view"", ""resource_proxy"", ""geo_view"", ""geojson_view"", ""shp_view"", ""wmts_view"", ""xloader"", ""datastore"", ""pdf_view"", ""dcat"", ""dcat_json_interface"", ""structured_data"", ""scheming_datasets"", ""hierarchy_display"", ""hierarchy_form"", ""envvars""]"
2026-10-05,demogdcataloggoth,https://demo.gdcatalog.go.th,108,22,38,2.10.10,"[""thaigdc2fa"", ""thai_gdc"", ""showcase"", ""stats"", ""opendstats"", ""googleanalytics"", ""activity"", ""image_view"", ""datatables_view"", ""text_view"", ""webpage_view"", ""resource_proxy"", ""geo_view"", ""geojson_view"", ""shp_view"", ""wmts_view"", ""xloader"", ""datastore"", ""pdf_view"", ""dcat"", ""dcat_json_interface"", ""structured_data"", ""scheming_datasets"", ""hierarchy_display"", ""hierarchy_form"", ""envvars""]"
2026-10-05,catalogipthailandgoth,https://catalog.ipthailand.go.th,46,5,20,2.10.7,"[""thai_gdc"", ""showcase"", ""stats"", ""opendstats"", ""activity"", ""image_view"", ""datatables_view"", ""text_view"", ""webpage_view"", ""resource_proxy"", ""geo_view"", ""geojson_view"", ""shp_view"", ""xloader"", ""datastore"", ""pdf_view"", ""dcat"", ""dcat_json_interface"", ""structured_data"", ""scheming_datasets"", ""hierarchy_display"", ""hierarchy_form"", ""envvars""]"
2026-10-05,datacatalogdcygoth,https://datacatalog.dcy.go.th,0,0,0,,
2026-10-05,chumphongdcataloggoth,https://chumphon.gdcatalog.go.th,333,0,47,2.10.10,"[""thaigdc2fa"", ""thai_gdc"", ""showcase"", ""stats"", ""opendstats"", ""googleanalytics"", ""activity"", ""image_view"", ""datatables_view"", ""text_view"", ""webpage_view"", ""resource_proxy"", ""geo_view"", ""geojson_view"", ""shp_view"", ""wmts_view"", ""xloader"", ""datastore"", ""pdf_view"", ""dcat"", ""dcat_json_interface"", ""structured_data"", ""scheming_datasets"", ""scheming_groups"", ""hierarchy_display"", ""hierarchy_form"", ""envvars""]"
2026-10-05,chonburigdcataloggoth,https://chonburi.gdcatalog.go.th,384,0,73,2.10.10,"[""thaigdc2fa"", ""thai_gdc"", ""showcase"", ""stats"", ""opendstats"", ""googleanalytics"", ""activity"", ""image_view"", ""datatables_view"", ""text_view"", ""webpage_view"", ""resource_proxy"", ""geo_view"", ""geojson_view"", ""shp_view"", ""wmts_view"", ""xloader"", ""datastore"", ""pdf_view"", ""dcat"", ""dcat_json_interface"", ""structured_data"", ""scheming_datasets"", ""scheming_groups"", ""hierarchy_display"", ""hierarchy_form"", ""envvars""]"
2026-10-05,chanthaburigdcataloggoth,https://chanthaburi.gdcatalog.go.th,355,0,50,2.10.10,"[""thaigdc2fa"", ""thai_gdc"", ""showcase"", ""stats"", ""opendstats"", ""googleanalytics"", ""activity"", ""image_view"", ""datatables_view"", ""text_view"", ""webpage_view"", ""resource_proxy"", ""geo_view"", ""geojson_view"", ""shp_view"", ""wmts_view"", ""xloader"", ""datastore"", ""pdf_view"", ""dcat"", ""dcat_json_interface"", ""structured_data"", ""scheming_datasets"", ""scheming_groups"", ""hierarchy_display"", ""hierarchy_form"", ""envvars""]"
2026-10-05,chainatgdcataloggoth,https://chainat.gdcatalog.go.th,328,0,37,2.10.10,"[""thaigdc2fa"", ""thai_gdc"", ""showcase"", ""stats"", ""opendstats"", ""googleanalytics"", ""activity"", ""image_view"", ""datatables_view"", ""text_view"", ""webpage_view"", ""resource_proxy"", ""geo_view"", ""geojson_view"", ""shp_view"", ""wmts_view"", ""xloader"", ""datastore"", ""pdf_view"", ""dcat"", ""dcat_json_interface"", ""structured_data"", ""scheming_datasets"", ""scheming_groups"", ""hierarchy_display"", ""hierarchy_form"", ""envvars""]"
2026-10-05,chachoengsaogdcataloggoth,https://chachoengsao.gdcatalog.go.th,416,1,56,2.10.10,"[""thaigdc2fa"", ""thai_gdc"", ""showcase"", ""stats"", ""opendstats"", ""googleanalytics"", ""activity"", ""image_view"", ""datatables_view"", ""text_view"", ""webpage_view"", ""resource_proxy"", ""geo_view"", ""geojson_view"", ""shp_view"", ""wmts_view"", ""xloader"", ""datastore"", ""pdf_view"", ""dcat"", ""dcat_json_interface"", ""structured_data"", ""scheming_datasets"", ""scheming_groups"", ""hierarchy_display"", ""hierarchy_form"", ""envvars""]"
2026-10-05,opendataunivaqit,https://opendata.univaq.it,16,6,1,2.9.9,"[""stats"", ""text_view"", ""image_view"", ""datatables_view"", ""webpage_view"", ""datastore"", ""datapusher"", ""tema_univaq"", ""choroplethmap"", ""dcat"", ""harvest"", ""ckan_harvester"", ""multilang"", ""dcatapit_pkg"", ""dcatapit_org"", ""dcatapit_config"", ""dcatapit_theme_group_mapper"", ""saml2auth""]"
2026-10-05,daticomunecopertinoleit,https://dati.comune.copertino.le.it,16,0,1,2.6.8,"[""stats"", ""datastore"", ""datapusher"", ""text_view"", ""image_view"", ""recline_view"", ""spatial_metadata"", ""spatial_query"", ""harvest"", ""ckan_harvester"", ""multilang"", ""multilang_harvester"", ""dcat"", ""dcat_rdf_harvester"", ""dcat_json_harvester"", ""dcat_json_interface"", ""dcatapit_pkg"", ""dcatapit_org"", ""dcatapit_config"", ""dcatapit_harvester"", ""dcatapit_ckan_harvester"", ""dcatapit_csw_harvester"", ""dcatapit_harvest_list"", ""dcatapit_subcatalog_facets"", ""dcatapit_theme_group_mapper""]"
2026-10-05,daliabocnrit,https://dalia-bo.cnr.it/,246,21,38,2.9.3,"[""stats"", ""text_view"", ""image_view"", ""recline_view"", ""datastore"", ""datapusher"", ""scheming_groups"", ""scheming_organizations"", ""delia_theme"", ""hierarchy_display"", ""pdf_view"", ""doi"", ""scheming_datasets""]"
2026-10-05,datatanahdatargoid,https://data.tanahdatar.go.id,308,0,27,2.10.4,"[""activity"", ""datastore"", ""xloader"", ""datatables_view"", ""image_view"", ""audio_view"", ""video_view""]"
2026-10-05,satudatadpdgoid,https://satudata.dpd.go.id/,29,0,1,2.9.8,"[""stats"", ""text_view"", ""image_view"", ""recline_view""]"
2026-10-05,datosinegobgt,https://datos.ine.gob.gt,0,0,0,2.9.5,"[""inegt"", ""stats"", ""recline_view"", ""recline_grid_view"", ""recline_graph_view"", ""recline_map_view"", ""text_view"", ""image_view"", ""webpage_view"", ""datastore"", ""datapusher"", ""pages"", ""hierarchy_display"", ""hierarchy_form"", ""archiver"", ""report"", ""qa""]"
2026-10-05,datahubbvcentrecaca,https://datahub.bvcentre.ca,118,40,25,2.11.5,"[""image_view"", ""text_view"", ""datatables_view"", ""datastore"", ""envvars"", ""xloader"", ""pdf_view"", ""resource_proxy"", ""geo_view"", ""shp_view"", ""bvrc_theme"", ""scheming_datasets""]"
2026-10-05,ppnscgovbr,https://ppn.sc.gov.br,1319,0,19,2.10.1,"[""activity"", ""hierarchy_display"", ""hierarchy_form"", ""example_theme"", ""scheming_datasets"", ""scheming_nerf_index""]"
2026-10-05,dataportalclimatecentrebe,https://data-portal.climatecentre.be,120,0,33,2.11.6,"[""image_view"", ""text_view"", ""datatables_view"", ""webpage_view"", ""datastore"", ""datapusher"", ""tracking"", ""harvest"", ""ckan_harvester"", ""dcat"", ""dcat_rdf_harvester"", ""structured_data"", ""scheming_datasets"", ""scheming_groups"", ""scheming_organizations"", ""bcc_theme"", ""envvars""]"
2026-10-05,opendatakuburayakabgoid,https://opendata.kuburayakab.go.id,2900,23,34,2.9.6,"[""stats"", ""text_view"", ""image_view"", ""recline_view"", ""pdf_view"", ""recline_grid_view"", ""recline_graph_view"", ""recline_map_view"", ""webpage_view"", ""resource_proxy"", ""harvest"", ""ckan_harvester"", ""datastore"", ""xloader"", ""dcat"", ""dcat_rdf_harvester"", ""dcat_json_harvester"", ""dcat_json_interface"", ""structured_data"", ""spatial_metadata"", ""spatial_query"", ""csw_harvester"", ""spatial_harvest_metadata_api"", ""scheming_datasets"", ""scheming_groups"", ""scheming_organizations"", ""showcase"", ""validation"", ""pages"", ""geo_view""]"
2026-10-05,datakepahiangkabgoid,https://data.kepahiangkab.go.id,140,0,24,2.10.1,"[""satudata_theme"", ""kepahiang_theme"", ""showcase"", ""activity"", ""pages"", ""scheming_datasets"", ""scheming_groups"", ""scheming_organizations""]"
2026-10-05,universidad-nacional-de-cordoba-datos-abiertos,https://datosabiertos.unc.edu.ar/,163,7,1,2.11.5,"[""push_errors"", ""unckan"", ""image_view"", ""pdf_view"", ""datastore"", ""datatables_view"", ""xloader"", ""activity"", ""tracking"", ""api_tracking"", ""superset"", ""announcements"", ""dbquery"", ""citeproc"", ""charts_view"", ""charts_builder_view""]"
2026-10-05,humanitarian-data-exchange-hdx,https://data.humdata.org,28248,253,409,2.11.4,"[""hdx_smtp_assumerole"", ""hdx_dataviz"", ""dcat"", ""dcat_json_interface"", ""structured_data"", ""expire_api_token"", ""hdx_hxl_preview"", ""hdx_office_preview"", ""ytp_request"", ""hdx_pages"", ""hdx_choropleth_map_view"", ""hdx_geopreview_view"", ""hdx_chart_views"", ""hdx_service_checker"", ""hdx_analytics"", ""hdx_search"", ""sitemap"", ""hdx_org_group"", ""hdx_group"", ""hdx_package"", ""hdx_user_extra"", ""hdx_mail_validate"", ""hdx_users"", ""hdx_theme"", ""security"", ""requestdata"", ""s3filestore"", ""showcase"", ""stats"", ""resource_proxy"", ""text_view"", ""datastore"", ""activity"", ""datapusher_plus""]"
2026-10-05,nasa-open-data-portal,https://data.nasa.gov,36406,0,1,2.11.6,"[""image_view"", ""text_view"", ""datatables_view"", ""datastore"", ""datapusher"", ""envvars"", ""video_view"", ""audio_view"", ""webpage_view"", ""activity"", ""tracking"", ""harvest"", ""ckan_harvester"", ""datajson"", ""datajson_harvest"", ""s3filestore"", ""launchpadlogin"", ""nasatheme""]"
2026-10-05,idb-open-data,https://data.iadb.org/,1591,0,1,2.11.5,"[""iadb"", ""iadb_poolparty"", ""iadb_dcat"", ""iadb_datastore"", ""search_autocomplete"", ""image_view"", ""text_view"", ""tabledesigner"", ""datatables_view"", ""webpage_view"", ""officedocs_view"", ""pdf_view"", ""pygments_view"", ""dcat"", ""structured_data"", ""scheming_nerf_index"", ""scheming_datasets"", ""fluent"", ""charts_view"", ""charts_builder_view"", ""xloader"", ""datastore"", ""harvest"", ""ckan_harvester"", ""doi"", ""activity"", ""or_facet"", ""saml"", ""event_audit"", ""files"", ""snap"", ""flakes"", ""pages""]"
2026-10-05,government-of-yukon,https://open.yukon.ca,3862,17,27,2.12.0,"[""yukon"", ""theming"", ""activity"", ""scheming_datasets"", ""envvars"", ""saml"", ""ingest"", ""harvest"", ""ckan_harvester"", ""fpx""]"
2026-10-05,boston-open-data,https://data.boston.gov,235,16,45,2.9.11,"[""stats"", ""resource_proxy"", ""ags_fs_view"", ""ags_ms_view"", ""geo_view"", ""geojson_view"", ""wmts_view"", ""shp_view"", ""c3charts"", ""og_datatables_view"", ""officedocs_view"", ""pdf_view"", ""webpage_view"", ""markdown_view"", ""in_app_reporting"", ""metabase_card_view"", ""metabase_dashboard_view"", ""harvest"", ""datajson"", ""dcat"", ""dcat_rdf_harvester"", ""dcat_json_harvester"", ""dcat_json_interface"", ""structured_data"", ""waf_harvester"", ""custom_harvest"", ""package_search_harvester"", ""datagov_harvester"", ""spatial_metadata"", ""boston_schema"", ""scheming_datasets"", ""fluent"", ""bostonma_theme"", ""opengov_custom_theme"", ""opengov_custom_css"", ""opengov_custom_homepage"", ""opengov_custom_footer"", ""image_view"", ""cloudstorage"", ""odata"", ""opengov_datastore"", ""datastore"", ""xloader"", ""pages"", ""showcase"", ""subscribe"", ""security"", ""opengov_auth"", ""featuredviews"", ""heroslideradmin"", ""googleanalytics"", ""sitemap"", ""portal_metrics""]"
2026-10-05,rdm-inesctec-pt,https://rdm.inesctec.pt,171,4,1,2.10.3,"[""activity"", ""datastore""]"
2026-10-05,office-of-the-general-treasurer-data-portal,https://data.treasury.ri.gov,468,6,6,,"[""activity""]"
2026-10-05,opendata-dsd-go-th-opendata-dsd-go-th,https://opendata.dsd.go.th,24,5,1,2.10.7,"[""thai_gdc"", ""showcase"", ""stats"", ""opendstats"", ""activity"", ""image_view"", ""datatables_view"", ""text_view"", ""webpage_view"", ""resource_proxy"", ""geo_view"", ""geojson_view"", ""shp_view"", ""xloader"", ""datastore"", ""pdf_view"", ""dcat"", ""dcat_json_interface"", ""structured_data"", ""scheming_datasets"", ""hierarchy_display"", ""hierarchy_form""]"
2026-10-05,ldd-ckan-ldd-ckan,https://lddcatalog.ldd.go.th,30,7,10,2.10.7,"[""thai_gdc"", ""showcase"", ""stats"", ""opendstats"", ""activity"", ""image_view"", ""datatables_view"", ""text_view"", ""webpage_view"", ""resource_proxy"", ""geo_view"", ""geojson_view"", ""shp_view"", ""xloader"", ""datastore"", ""pdf_view"", ""dcat"", ""dcat_json_interface"", ""structured_data"", ""scheming_datasets"", ""hierarchy_display"", ""hierarchy_form""]"
2026-10-05,dmh-data-catalog-dmh-data-catalog,https://catalog.dmh.go.th,300,3,50,2.10.7,"[""thai_gdc"", ""showcase"", ""stats"", ""opendstats"", ""activity"", ""image_view"", ""datatables_view"", ""text_view"", ""webpage_view"", ""resource_proxy"", ""geo_view"", ""geojson_view"", ""shp_view"", ""xloader"", ""datastore"", ""pdf_view"", ""dcat"", ""dcat_json_interface"", ""structured_data"", ""scheming_datasets"", ""hierarchy_display"", ""hierarchy_form""]"
2026-10-05,opendata-euroinfosicilia-opendata-euroinfosicilia,https://opendata.euroinfosicilia.it,106,13,1,2.10.3,"[""envvars"", ""image_view"", ""text_view"", ""recline_view"", ""datastore"", ""datapusher""]"
2026-10-05,open-data-lazio-open-data-lazio,https://dati.lazio.it,406,12,15,2.9.11,"[""stats"", ""resource_proxy"", ""image_view"", ""text_view"", ""recline_view"", ""pdf_view"", ""webpage_view"", ""geo_view"", ""geojson_view"", ""multilingual_dataset"", ""multilingual_group"", ""datatables_view"", ""datastore"", ""datapusher"", ""harvest"", ""ckan_harvester"", ""dcat"", ""dcat_rdf_harvester"", ""structured_data"", ""spatial_metadata"", ""multilang"", ""multilang_harvester"", ""dcatapit_pkg"", ""dcatapit_org"", ""dcatapit_config"", ""dcatapit_harvest_list"", ""dcatapit_harvester"", ""dcatapit_csw_harvester"", ""dcatapit_vocabulary"", ""opendata_theme"", ""saml2auth"", ""envvars""]"
2026-10-05,open-data-portal-south-tyrol-open-data-portal-south-tyrol,https://data.civis.bz.it,930,17,32,2.10.7,"[""stats"", ""resource_proxy"", ""pdf_view"", ""text_view"", ""image_view"", ""recline_view"", ""datatables_view"", ""provbz"", ""azure_auth_b2c"", ""activity"", ""harvest"", ""ckan_harvester"", ""spatial_metadata"", ""spatial_query"", ""dcat"", ""dcat_json_interface"", ""structured_data"", ""multilang"", ""multilang_harvester"", ""multilang_resources"", ""dcatapit_pkg"", ""dcatapit_org"", ""dcatapit_config"", ""dcatapit_vocabulary"", ""dcatapit_harvester"", ""dcatapit_csw_harvester"", ""dcatapit_harvest_list"", ""geonetwork_harvester"", ""provbz_harvester"", ""categorie"", ""pages""]"
2026-10-05,open-data-poa-dados-abertos-poa,https://dadosabertos.poa.br,62,10,25,2.7.2,"[""stats"", ""text_view"", ""image_view"", ""recline_view"", ""webpage_view"", ""pdf_view"", ""recline_map_view"", ""resource_proxy"", ""datastore"", ""datapusher"", ""viewhelpers"", ""dashboard_preview"", ""linechart"", ""barchart"", ""piechart"", ""basicgrid"", ""navigablemap"", ""choroplethmap"", ""tema_datapoa"", ""geo_view"", ""geojson_view"", ""wmts_view""]"
2026-10-05,one-data-balikpapan-satu-data-balikpapan,https://data.balikpapan.go.id,1258,11,39,2.11.4,"[""stats"", ""text_view"", ""image_view"", ""activity"", ""datastore"", ""xloader"", ""harvest"", ""ckan_harvester"", ""waf_harvester"", ""doc_harvester"", ""geo_view"", ""geojson_view"", ""wmts_view"", ""shp_view"", ""spatial_metadata"", ""spatial_query"", ""csw_harvester"", ""pages"", ""pdf_view"", ""dcat"", ""tracking"", ""dcat_json_harvester"", ""datatables_view""]"
2026-10-05,icane-open-data-portal-portal-open-data-icane,https://datos.icane.es,257,14,1,2.11.3,"[""image_view"", ""text_view"", ""datatables_view"", ""datastore"", ""datapusher"", ""envvars"", ""dcat"", ""federgob""]"
2026-10-05,rivas-rivas,https://datosabiertos.rivasciudad.es,7,13,1,,"[""stats"", ""text_view"", ""image_view"", ""recline_view"", ""datastore"", ""resource_proxy"", ""recline_graph_view"", ""recline_grid_view"", ""recline_map_view"", ""webpage_view"", ""scheming_datasets"", ""harvest"", ""ckan_harvester"", ""structured_data"", ""spatial_metadata"", ""spatial_query"", ""geo_view"", ""multilingual_dataset"", ""multilingual_group"", ""multilingual_tag"", ""csw_harvester"", ""scheming_groups"", ""scheming_organizations"", ""rivas"", ""xloader"", ""linechart"", ""barchart"", ""piechart"", ""dashboard_preview""]"
2026-10-05,prtr-retc,https://datosretc.mma.gob.cl,17,5,1,,"[""pages"", ""activity"", ""datastore""]"
2026-10-05,ontario-data-catalogue-ontario-data-catalogue,https://data.ontario.ca,2964,1,30,2.9.7,"[""ontario_theme_external"", ""ontario_theme"", ""validation"", ""scheming_datasets"", ""scheming_organizations"", ""scheming_groups"", ""fluent"", ""datastore"", ""stats"", ""text_view"", ""image_view"", ""recline_view"", ""xloader"", ""msal""]"
2026-10-05,open-data-portal-of-the-city-of-sao-paulo-portal-de-dados-abertos-da-cidade-de-sao-paulo,https://dados.prefeitura.sp.gov.br,488,16,81,2.7.7,"[""stats"", ""text_view"", ""image_view"", ""resource_proxy"", ""pdf_view"", ""webpage_view"", ""recline_grid_view"", ""recline_graph_view"", ""recline_map_view"", ""recline_view"", ""prodam_tema_exemplo"", ""datastore"", ""datapusher""]"
2026-10-05,culture-data-portal-portal-de-dados-da-cultura,http://dados.cultura.gov.br,63,4,8,2.4.0,"[""datastore"", ""stats"", ""text_view"", ""image_view"", ""recline_view"", ""temacultura""]"
2026-10-05,ibama-ibama,https://dadosabertos.ibama.gov.br,79,1,1,2.10.4,"[""stats"", ""text_view"", ""image_view"", ""recline_view""]"
2026-10-05,open-data-of-the-city-of-prijedor-otvoreni-podaci-grada-prijedor,https://opendataprijedor.ba,191,17,19,2.9.5,"[""stats"", ""text_view"", ""image_view"", ""recline_view"", ""datastore"", ""datapusher"", ""pages"", ""resource_proxy"", ""geo_view"", ""pdf_view"", ""webpage_view""]"
2026-10-05,open-data-portal-queensland-government-open-data-portal-queensland-government,https://www.data.qld.gov.au,188879,0,0,,"[""stats"", ""resource_proxy"", ""image_view"", ""audio_view"", ""video_view"", ""datatables_view"", ""datastore"", ""data_qld"", ""data_qld_google_analytics"", ""dcat"", ""structured_data"", ""validation"", ""resource_type_validation"", ""validation_schema_generator"", ""qgovext"", ""auth"", ""report"", ""datarequests"", ""ytp_comments"", ""csrf_filter"", ""scheming_datasets"", ""qa"", ""archiver"", ""harvest"", ""ckan_harvester"", ""resource_visibility"", ""ssm_config"", ""xloader"", ""s3filestore"", ""oidc_pkce"", ""activity""]"
2026-10-05,open-tourism-data-datos-abiertos-de-turismo,https://datos.yvera.gob.ar,15,7,3,2.7.6,"[""stats"", ""text_view"", ""image_view"", ""recline_view"", ""hierarchy_display"", ""hierarchy_form"", ""dcat"", ""structured_data"", ""gobar_theme"", ""datastore"", ""datapusher"", ""seriestiempoarexplorer"", ""googleanalytics""]"
2026-10-05,open-data-from-the-secretary-of-energy-datos-abiertos-de-la-secretaria-de-energia,http://datos.energia.gob.ar,177,20,21,2.7.4,"[""stats"", ""text_view"", ""image_view"", ""recline_view"", ""viewhelpers"", ""linechart"", ""barchart"", ""piechart"", ""hierarchy_display"", ""hierarchy_form"", ""gobar_theme"", ""googleanalytics"", ""seriestiempoarexplorer"", ""datajson_harvest"", ""datajson"", ""harvest"", ""ckan_harvester"", ""datapusher"", ""datastore""]"
2026-10-05,datosabiertosmalagaeu,http://datosabiertos.malaga.eu,0,0,0,,
2026-10-05,hakai-data-catalogue,https://catalogue.hakai.org,301,0,1,2.9.11,"[""envvars"", ""stats"", ""text_view"", ""image_view"", ""recline_view"", ""datastore"", ""datapusher"", ""scheming_datasets"", ""scheming_organizations"", ""scheming_groups"", ""scheming_nerf_index"", ""fluent"", ""harvest"", ""ckan_harvester"", ""csw_harvester"", ""waf_harvester"", ""doc_harvester"", ""ckan_schema_harvester"", ""spatial_metadata"", ""spatial_query"", ""spatial_harvest_metadata_api"", ""cioos_harvest"", ""cioos_theme"", ""dcat"", ""structured_data"", ""resource_proxy"", ""geo_view"", ""geojson_view"", ""wmts_view"", ""ckan_spatial_harvester""]"
2026-10-05,wifire-commons-data-catalog,https://wifire-data.sdsc.edu,3726,0,32,2.11.6,"[""dcat"", ""dcat_rdf_harvester"", ""dcat_json_harvester"", ""structured_data"", ""harvest"", ""ckan_harvester"", ""spatial_metadata"", ""spatial_query"", ""geo_view"", ""geojson_view"", ""resource_proxy"", ""hidegroups"", ""wifire"", ""activity"", ""envvars""]"
2026-10-05,hand-in-hand-platform-fao-catalog,https://data.apps.fao.org/catalog,0,0,0,,
2026-10-05,ckannationalhealthorth,http://ckan.nationalhealth.or.th,0,21,15,2.9.9,"[""envvars"", ""stats"", ""image_view"", ""text_view"", ""recline_view"", ""resource_proxy"", ""webpage_view"", ""datastore"", ""xloader"", ""thai_gdc"", ""scheming_datasets"", ""pdf_view"", ""hierarchy_display"", ""hierarchy_form"", ""dcat"", ""dcat_json_interface"", ""structured_data""]"
2026-10-05,moldova-open-data-portal,https://dataset.gov.md,1296,17,72,2.10.4,"[""stats"", ""activity"", ""pages"", ""envvars"", ""image_view"", ""text_view"", ""datastore"", ""datatables_view"", ""xloader"", ""saml2auth"", ""dategovmd_theme""]"
2026-10-05,emilia-romagna-territory-data-catalog,https://datacatalog.regione.emilia-romagna.it/catalogCTA,782,70,8,2.5.2,"[""datastore"", ""resource_proxy"", ""stats"", ""text_view"", ""image_view"", ""recline_view"", ""recline_grid_view"", ""harvest"", ""ckan_harvester"", ""dcat"", ""dcat_rdf_harvester"", ""dcat_json_harvester"", ""dcat_json_interface"", ""dashboard"", ""spatial_metadata"", ""spatial_query"", ""shp_view"", ""webpage_view"", ""black_list"", ""iam"", ""dcatapit_org"", ""dcatapit_pkg"", ""dcatapit_config"", ""dcatapit_harvester"", ""metadaticustom"", ""piwik"", ""datapusher"", ""geo_view""]"
2026-10-05,opendata-nasu-nasu-regional-settlement-self-reliance-area-open-data-catalog,https://opendata-nasu.opendatastack.jp,488,25,71,2.5.1,"[""stats"", ""text_view"", ""image_view"", ""spatial_metadata"", ""spatial_query"", ""datastore"", ""datapusher"", ""resource_proxy"", ""pdf_view"", ""geo_view"", ""recline_grid_view"", ""recline_graph_view"", ""recline_map_view"", ""webpage_view"", ""geojson_view"", ""googleanalytics"", ""harvest"", ""ckan_harvester"", ""pages"", ""recline_view"", ""cloud_connector"", ""example_theme"", ""officedocs_view""]"
2026-10-05,one-data-portal-sisada-pematangsiantar-city,https://sisada.pematangsiantar.go.id,493,15,35,2.9.7,"[""stats"", ""resource_proxy"", ""datastore"", ""datapusher"", ""recline_view"", ""image_view"", ""webpage_view"", ""text_view"", ""recline_graph_view"", ""recline_grid_view"", ""pdf_view""]"
2026-10-05,arpae-emilia-romagna-data,https://dati.arpae.it,254,37,1,2.10.8,"[""dcat"", ""dcat_json_interface"", ""dcat_rdf_harvester"", ""image_view"", ""text_view"", ""recline_view"", ""datastore"", ""datapusher"", ""envvars"", ""datatables_view"", ""noregistration""]"
2026-10-05,edxnetldoegov,https://edx.netl.doe.gov,18008,1,13,3.0.0,"[""stats"", ""image_view"", ""spatial_metadata"", ""spatial_query"", ""text_view"", ""audio_view"", ""video_view"", ""assistant_nav_plugin""]"
2026-10-05,etda-data-catalog,https://opendata.etda.or.th,62,5,17,2.10.7,"[""thai_gdc"", ""showcase"", ""stats"", ""opendstats"", ""activity"", ""image_view"", ""datatables_view"", ""text_view"", ""webpage_view"", ""resource_proxy"", ""geo_view"", ""geojson_view"", ""shp_view"", ""xloader"", ""datastore"", ""pdf_view"", ""dcat"", ""dcat_json_interface"", ""structured_data"", ""scheming_datasets"", ""hierarchy_display"", ""hierarchy_form""]"
2026-10-05,quebec-data-open-data-from-quebec,https://donneesquebec.ca,1611,12,144,2.11.5,"[""dqc_theme"", ""dqc_stats"", ""dqc_hierarchy"", ""hierarchy_display"", ""dqc_scheming"", ""scheming_datasets"", ""scheming_organizations"", ""dqc_showcase"", ""showcase"", ""dcat"", ""activity"", ""structured_data"", ""resource_proxy"", ""geo_view"", ""geojson_view"", ""wmts_view"", ""shp_view"", ""xloader"", ""datastore"", ""webpage_view"", ""datatables_view"", ""stats"", ""text_view"", ""image_view"", ""dqc_googleanalytics"", ""tracking""]"
2026-10-05,mot-data-catalog,https://datagov.mot.go.th,639,8,40,2.10.7,"[""mot"", ""thai_gdc"", ""showcase"", ""stats"", ""opendstats"", ""activity"", ""image_view"", ""datatables_view"", ""text_view"", ""webpage_view"", ""resource_proxy"", ""geo_view"", ""geojson_view"", ""shp_view"", ""xloader"", ""datastore"", ""pdf_view"", ""dcat"", ""dcat_json_interface"", ""structured_data"", ""scheming_datasets"", ""hierarchy_display"", ""hierarchy_form"", ""harvest"", ""ckan_harvester""]"
2026-10-05,datitoscanait,https://dati.toscana.it,12452,20,104,2.10.4,"[""opendata_theme_overrides"", ""datastore"", ""harvest"", ""ckan_harvester"", ""spatial_metadata"", ""spatial_query"", ""csw_harvester"", ""dcat"", ""dcat_rdf_harvester"", ""toscana_harvest"", ""spod_harvester"", ""metarepo_harvester"", ""dcat_json_harvester"", ""dcat_json_interface"", ""dcatapit_pkg"", ""dcatapit_org"", ""dcatapit_config"", ""dcatapit_theme_group_mapper"", ""dcatapit_ckan_harvester"", ""structured_data"", ""multilang"", ""datitoscana_reports"", ""resource_proxy"", ""pdf_view"", ""geo_view"", ""shp_view"", ""wmts_view"", ""text_view"", ""image_view"", ""dataexplorer_view"", ""officedocs_view"", ""opendata_theme"", ""xloader"", ""qa"", ""report"", ""pages"", ""stats"", ""contact"", ""envvars""]"
2026-10-05,measure-up-data-catalog,https://catalog.riits.net,17,0,5,2.8.3,"[""oauth2"", ""stats"", ""text_view"", ""image_view"", ""recline_view"", ""geodatagov"", ""datagovtheme"", ""harvest"", ""ckan_harvester"", ""spatial_metadata"", ""geodatagov_miscs"", ""privatedatasets"", ""report""]"
2026-10-05,machida-city-open-data-catalog-site,https://opendata.city.machida.tokyo.jp,144,15,1,2.9.11,"[""datastore"", ""stats""]"
2026-10-05,alcala-de-henares-open-data-portal,https://opendata.ayto-alcaladehenares.es,44,10,1,2.9.2,"[""stats"", ""text_view"", ""image_view"", ""recline_view""]"
2026-10-05,ufersa-open-data,https://dadosabertos.ufersa.edu.br,13,6,1,2.11.6,"[""activity"", ""image_view"", ""text_view"", ""datatables_view"", ""pdf_view"", ""datastore"", ""datapusher"", ""envvars"", ""harvest"", ""ckan_harvester""]"
2026-10-05,gifu-prefecture-open-data-catalog-site,https://gifu-opendata.pref.gifu.lg.jp,1882,27,65,2.11.3,"[""activity"", ""datastore"", ""stats"", ""pdf_view"", ""gifutheme""]"
2026-10-05,dadosabertosinssgovbr,https://dadosabertos.inss.gov.br,36,2,1,2.10.0a,"[""stats"", ""text_view"", ""image_view"", ""recline_view""]"
2026-10-05,new-zealand-s-biological-heritage-data-repository,https://data.bioheritage.nz,104,4,5,2.10.4,"[""activity"", ""recline_grid_view"", ""recline_map_view"", ""recline_graph_view"", ""datastore"", ""resource_proxy"", ""datapusher"", ""webpage_view"", ""image_view"", ""text_view"", ""recline_view"", ""geo_view"", ""geojson_view"", ""wmts_view"", ""nzbh"", ""harvest"", ""dcat"", ""dcat_json_interface"", ""officedocs_view"", ""spatial_metadata"", ""spatial_query"", ""repeating"", ""pdf_view"", ""envvars""]"
2026-10-05,senckenberg-data-catalog,https://dataportal.senckenberg.de,392,1,67,2.9.11,"[""image_view"", ""text_view"", ""recline_view"", ""datastore"", ""datapusher"", ""sbg"", ""dcat"", ""structured_data"", ""restricted"", ""envvars"", ""ldap""]"
2026-10-05,dit-data-catalog,https://datacatalog.dit.go.th,9,0,2,2.10.7,"[""thai_gdc"", ""showcase"", ""stats"", ""opendstats"", ""activity"", ""image_view"", ""datatables_view"", ""text_view"", ""webpage_view"", ""resource_proxy"", ""geo_view"", ""geojson_view"", ""shp_view"", ""xloader"", ""datastore"", ""pdf_view"", ""dcat"", ""dcat_json_interface"", ""structured_data"", ""scheming_datasets"", ""hierarchy_display"", ""hierarchy_form"", ""envvars""]"
2026-10-05,international-institute-of-tropical-agriculture,http://data.iita.org,3495,5,2,2.7.11,"[""stats"", ""text_view"", ""image_view"", ""recline_view"", ""datastore"", ""datapusher"", ""iitatheming"", ""scheming_datasets"", ""pdf_view"", ""restricted"", ""composite"", ""googleanalytics"", ""ckanbase""]"
2026-10-05,nationaal-georegister-data-catalog,https://data.overheid.nl/data,20803,0,33,2.8.12,"[""donl-auth"", ""donl-ui"", ""donl-schema"", ""donl-rdf"", ""donl-taxonomies""]"
2026-10-05,opsi-open-data-slovenia,https://podatki.gov.si,9039,4,5794,2.2b,"[""datarequests"", ""comments"", ""archiver"", ""dgu_publisher_form"", ""dgu_publishers"", ""dgu_auth_api"", ""dgu_form"", ""dgu_theme"", ""cswserver"", ""harvest"", ""opsi_csw_harvester"", ""gemini_csw_harvester"", ""opsi_pcaxis_harvester"", ""oaipmh"", ""ddi_harvester"", ""gemini_doc_harvester"", ""gemini_waf_harvester"", ""spatial_harvest_metadata_api"", ""spatial_query"", ""qa"", ""synchronous_search"", ""dgu_search"", ""dgu_dataset_form"", ""spatial_metadata"", ""dgu_api"", ""datapreview"", ""dgu_inventory"", ""hierarchy_display"", ""report"", ""dgu_report"", ""dgu_drupal_auth"", ""inventory_harvester"", ""ckan_harvester"", ""dcat_rdf_harvester"", ""dkan_harvester"", ""dcat_json_harvester"", ""taxonomy"", ""social"", ""datastore"", ""datapusher"", ""recline_preview"", ""resource_proxy"", ""geojson_view"", ""rq"", ""downloadall""]"
2026-10-05,agriculture-littorale-data-catalog,http://data.agriculturelittorale.fr,2797,6,3,2.9.5,"[""stats"", ""text_view"", ""image_view"", ""recline_view"", ""spatial_metadata"", ""spatial_query"", ""taxonomy"", ""scheming_datasets"", ""resource_proxy"", ""geo_view"", ""alf_theme"", ""restricted"", ""composite""]"
2026-10-05,savenow-sddi-catalog,http://catalog.savenow.de,81,27,19,,"[""envvars"", ""image_view"", ""text_view"", ""webpage_view"", ""datastore"", ""tracking"", ""activity"", ""security"", ""hierarchy_display"", ""hierarchy_form"", ""relation"", ""spatial_metadata"", ""spatial_query"", ""datesearch"", ""scheme_sddi"", ""theme_sddi"", ""scheming_datasets"", ""geo_view"", ""geojson_view"", ""wmts_view"", ""shp_view"", ""heroslideradmin"", ""dcat"", ""dcat_json_interface"", ""clamav""]"
2026-10-05,ufpe-open-data-portal,https://dados.ufpe.br,17,10,1,2.9.5,"[""stats"", ""text_view"", ""image_view"", ""recline_view"", ""datastore"", ""datapusher"", ""recline_grid_view"", ""googleanalytics"", ""ldap"", ""ufpe_theme"", ""pages""]"
2026-10-05,fukuoka-prefecture-open-data-catalog,https://data.bodik.jp,18482,21,386,,
2026-10-05,malaga-open-data-portal,https://datosabiertos.malaga.eu,0,0,0,,
2026-10-05,cioos-pacific-ocean-data-catalogue,https://catalogue.cioospacific.ca,2353,0,13,2.9.11,"[""envvars"", ""stats"", ""text_view"", ""image_view"", ""recline_view"", ""datastore"", ""datapusher"", ""scheming_datasets"", ""scheming_organizations"", ""scheming_groups"", ""scheming_nerf_index"", ""fluent"", ""harvest"", ""ckan_harvester"", ""csw_harvester"", ""waf_harvester"", ""doc_harvester"", ""ckan_schema_harvester"", ""ckan_spatial_harvester"", ""spatial_metadata"", ""spatial_query"", ""spatial_harvest_metadata_api"", ""cioos_theme"", ""cioos_harvest"", ""ckan_cioos_harvester"", ""dcat"", ""structured_data"", ""resource_proxy"", ""geo_view"", ""geojson_view"", ""wmts_view"", ""datastream_harvester""]"
2026-10-05,miyazaki-prefecture-statistics-data-catalog,https://data.stat.pref.miyazaki.lg.jp,511,16,25,2.11.3,"[""stats"", ""text_view"", ""image_view"", ""miyazaki_stat_theme""]"
2026-10-05,eu-language-technology-data,https://sprogteknologi.dk,216,0,43,2.11.3,"[""text_view"", ""image_view"", ""harvest"", ""ckan_harvester"", ""dcat_ap_dk"", ""dcat"", ""dcat_rdf_harvester"", ""dcat_json_harvester"", ""dcat_json_interface"", ""structured_data"", ""envvars"", ""tracking"", ""sprogtek_scheming"", ""pages"", ""scheming_datasets"", ""fluent"", ""sitemap""]"
2026-10-05,ncar-ucar-data-catalog,https://data.ucar.edu,23293,6,13,2.11.4,"[""activity"", ""dsetsearch"", ""harvest"", ""waf_harvester"", ""spatial_harvest_metadata_api"", ""spatial_metadata"", ""spatial_query"", ""repo_info"", ""extentsearch"", ""datesearch"", ""sitemap""]"
2026-10-05,faa-data-catalog,https://catalog.data.faa.gov,6,0,1,2.11.4,"[""activity"", ""saml2auth"", ""faa_theme"", ""faaextrafields""]"
2026-10-05,bc-data-catalogue,https://catalogue.data.gov.bc.ca,3363,26,244,2.9.5,"[""envvars"", ""image_view"", ""text_view"", ""recline_view"", ""datastore"", ""datapusher"", ""edc_rss"", ""sso"", ""bcgov_schema"", ""scheming_datasets"", ""scheming_groups"", ""scheming_organizations"", ""edc_dataset""]"
2026-10-05,integrated-ocean-observing-system-catalog,http://data.ioos.us,31138,1,23,2.11.5,"[""envvars"", ""image_view"", ""text_view"", ""ckan_harvester"", ""csw_harvester"", ""dcat"", ""dcat_json_harvester"", ""dcat_json_interface"", ""dcat_rdf_harvester"", ""harvest"", ""ioos_theme"", ""ioos_waf"", ""spatial_metadata"", ""spatial_query"", ""structured_data"", ""waf_harvester""]"
2026-10-05,activity-catalog-of-the-round-table-gis-association,https://katalog.rundertischgis.de,96,20,90,2.8.4,"[""stats"", ""text_view"", ""image_view"", ""recline_view"", ""scheming_datasets"", ""hierarchy_display"", ""hierarchy_form"", ""spatial_metadata"", ""spatial_query"", ""resource_proxy"", ""geojson_view"", ""repeating"", ""composite"", ""display_group"", ""form_group"", ""relation"", ""disqus"", ""temporalsearch"", ""userautoaddgroup"", ""restricted""]"
2026-10-05,department-of-alternative-energy-development-and-efficiency-data-catalog,https://pei.dede.go.th,127,10,22,2.10.7,"[""thai_gdc"", ""stats"", ""opendstats"", ""activity"", ""image_view"", ""datatables_view"", ""text_view"", ""webpage_view"", ""resource_proxy"", ""xloader"", ""datastore"", ""pdf_view"", ""dcat"", ""dcat_json_interface"", ""structured_data"", ""scheming_datasets"", ""hierarchy_display"", ""hierarchy_form""]"
2026-10-05,open-data-catalog-site,https://data.city.fukuyama.hiroshima.jp,57,10,15,2.9.1,"[""envvars"", ""image_view"", ""text_view"", ""recline_view"", ""datastore"", ""datapusher""]"
2026-10-05,sso-data-catalog,https://catalog.sso.go.th,81,6,8,2.10.7,"[""thai_gdc"", ""showcase"", ""stats"", ""opendstats"", ""activity"", ""image_view"", ""datatables_view"", ""text_view"", ""webpage_view"", ""resource_proxy"", ""geo_view"", ""geojson_view"", ""shp_view"", ""xloader"", ""datastore"", ""pdf_view"", ""dcat"", ""dcat_json_interface"", ""structured_data"", ""scheming_datasets"", ""hierarchy_display"", ""hierarchy_form"", ""envvars""]"
2026-10-05,dharmasraya-regency-data-portal,https://satudata.dharmasrayakab.go.id,424,8,96,2.9.11,"[""envvars"", ""stats"", ""image_view"", ""text_view"", ""recline_view"", ""scheming_datasets"", ""resourceauthorizer"", ""resource_proxy"", ""geo_view"", ""harvest"", ""ckan_harvester"", ""csw_harvester"", ""spatial_metadata"", ""spatial_query"", ""resourcedictionary"", ""datastore"", ""datapusher"", ""pages"", ""showcase"", ""pdf_view"", ""officedocs_view"", ""geojson_view"", ""shp_view"", ""wmts_view"", ""datatables_view"", ""dcat"", ""dcat_rdf_harvester"", ""dcat_json_harvester"", ""dcat_json_interface"", ""structured_data"", ""oaipmh_harvester""]"
2026-10-05,ce-data-hub,https://datahub.digicirc.eu,281,23,3,2.9.2,"[""stats"", ""text_view"", ""image_view"", ""recline_view"", ""recline_grid_view"", ""recline_map_view"", ""datastore"", ""spatial_metadata"", ""spatial_query""]"
2026-10-05,buenos-aires-justice-data,https://datos.tsjbaires.gov.ar,15,3,1,2.11.0,"[""activity"", ""tsjbaires_theme"", ""stats"", ""text_view"", ""image_view"", ""datatables_view"", ""webpage_view""]"
2026-10-05,natal-urban-mobility-data-portal,http://dados.natal.br,19,1,1,2.7.3,"[""pdf_view"", ""resource_proxy"", ""recline_view"", ""stats"", ""text_view"", ""image_view"", ""datastore"", ""datapusher"", ""geo_view"", ""pages"", ""harvest"", ""ckan_harvester""]"
2026-10-05,sagamihara-city-open-data-catalog-site,https://opendata.city.sagamihara.kanagawa.jp,114,11,27,2.9.3,"[""stats"", ""text_view"", ""image_view"", ""recline_view""]"
2026-10-05,girona-open-data,https://www.girona.cat/opendata,53,8,13,2.0.1,"[""stats"", ""json_preview"", ""recline_preview"", ""datastore"", ""spatial_metadata"", ""spatial_query"", ""datapreview""]"
2026-10-05,fisheries-and-oceans-canada-data-catalog,https://catalogue.ogsl.ca,432,0,60,2.9.11,"[""image_view"", ""text_view"", ""recline_view"", ""datastore"", ""envvars""]"
2026-10-05,manaaki-whenua-landcare-research-datastore,https://datastore.landcareresearch.co.nz,565,12,26,2.10.4,"[""mwlr_tracking"", ""mwlr_datastore"", ""activity"", ""datapusher_plus"", ""datastore"", ""geo_view"", ""geojson_view"", ""image_view"", ""pdf_view"", ""ldap"", ""recline_view"", ""scheming_datasets"", ""shp_view"", ""spatial_metadata"", ""spatial_query"", ""text_view"", ""datatables_view"", ""stats"", ""envvars""]"
2026-10-05,suomi-fi-service-interconnection-catalog,https://liityntakatalogi.suomi.fi,1481,0,599,2.11.5,"[""apply_permissions_for_service"", ""apicatalog"", ""sitesearch"", ""scheming_datasets"", ""scheming_organizations"", ""fluent"", ""openapi_view"", ""apicatalog_pages"", ""pages"", ""apicatalog_admin_dashboard"", ""apicatalog_harvesterstatus"", ""harvest"", ""xroad_harvester"", ""text_view"", ""wsdl_view"", ""validate_links"", ""xroad_integration"", ""sentry"", ""forcetranslation"", ""markdown_editor"", ""activity""]"
2026-10-05,dutch-base-registries-data-catalog,https://geocatalogus.nl,16,0,2,2.8.3,"[""envvars"", ""image_view"", ""text_view"", ""recline_view"", ""datastore"", ""datapusher""]"
2026-10-05,lwf-envidat-data-portal,https://www.envidat.ch,868,27,92,2.11.3,"[""passwordless_api"", ""expire_api_token"", ""hierarchy_display"", ""envidat_theme"", ""spatial_metadata"", ""spatial_query"", ""scheming_datasets"", ""scheming_organizations"", ""composite"", ""restricted"", ""blind_review"", ""cloudstorage"", ""interoperability"", ""envvars""]"
2026-10-05,nso-data-catalog,https://catalog.nso.go.th,0,0,0,,
2026-10-05,tgo-carbon-credit-data-catalog,https://opendata.tgo.or.th,15,3,5,2.9.9,"[""discovery"", ""search_suggestions"", ""thai_gdc"", ""stats"", ""opendstats"", ""text_view"", ""image_view"", ""recline_view"", ""resource_proxy"", ""datastore"", ""xloader"", ""webpage_view"", ""pdf_view"", ""scheming_datasets"", ""hierarchy_display"", ""hierarchy_form"", ""dcat"", ""dcat_json_interface"", ""structured_data""]"
2026-10-05,hungarian-open-data-catalog,https://opendata.hu,71,13,8,2.0,"[""stats"", ""json_preview"", ""recline_preview"", ""pdf_preview"", ""recline_preview"", ""datastore"", ""resource_proxy""]"
2026-10-05,intaros-data-catalogue,https://catalog-intaros.nersc.no,190,10,38,2.11.2,"[""stats"", ""text_view"", ""image_view"", ""datatables_view"", ""pdf_view"", ""datastore"", ""resource_proxy"", ""pages"", ""harvest"", ""ckan_harvester"", ""spatial_metadata"", ""spatial_query"", ""intarosmeta"", ""seaice_theme"", ""googleanalytics""]"
2026-10-05,chofu-city-open-data-catalog,https://catalog.data.metro.tokyo.lg.jp,9702,16,98,2.11.4,"[""stats"", ""text_view"", ""image_view"", ""datatables_view"", ""datastore"", ""datapusher"", ""custom_theme"", ""event_log"", ""csv_imexporter""]"
2026-10-05,government-data-catalog,https://gdcatalog.go.th,25117,6,200,2.9.2,"[""thaigdcsso"", ""discovery"", ""search_suggestions"", ""gdc_portal"", ""stats"", ""text_view"", ""image_view"", ""recline_view"", ""resource_proxy"", ""datastore"", ""xloader"", ""geo_view"", ""geojson_view"", ""webpage_view"", ""shp_view"", ""wmts_view"", ""cesium_viewer"", ""pdf_view"", ""dcat"", ""dcat_json_interface"", ""structured_data"", ""dga_stats"", ""thai_gdc"", ""noregistration"", ""scheming_datasets"", ""scheming_groups"", ""hierarchy_display"", ""hierarchy_form"", ""googleanalytics""]"
2026-10-05,villanueva-de-la-serena-data-catalog,https://catalogo.villanuevadelaserena.es,47,22,5,2.5.1,"[""dataproxy"", ""dataproxy_view"", ""harvest"", ""ckan_harvester"", ""qa"", ""archiver"", ""report"", ""stats"", ""sparql"", ""text_view"", ""image_view"", ""recline_view"", ""datastore"", ""datapusher"", ""resource_proxy"", ""spatial_metadata"", ""spatial_query"", ""geo_view"", ""geojson_view"", ""wmts_view"", ""dcat"", ""dcat_rdf_harvester"", ""dcat_json_harvester"", ""dcat_json_interface"", ""csw_harvester"", ""disqus"", ""opendata_theme"", ""officedocs_view"", ""pdf_view"", ""solr_highlighting"", ""drupal7"", ""datesearch""]"
2026-10-05,usgs-3dep-data-catalog,https://nationaldataplatform.org/catalog,5988,0,146,2.10.1,"[""envvars"", ""image_view"", ""text_view"", ""recline_view"", ""datastore"", ""datapusher"", ""harvest"", ""ckan_harvester"", ""dcat_json_harvester"", ""dcat_rdf_harvester"", ""ndp"", ""keycloak"", ""resource_proxy"", ""geo_view"", ""webpage_view""]"
2026-10-05,center-of-excellence-in-biological-sciences,https://data.tcels.or.th,11,1,1,2.10.7,"[""thai_gdc"", ""showcase"", ""stats"", ""opendstats"", ""activity"", ""image_view"", ""datatables_view"", ""text_view"", ""webpage_view"", ""resource_proxy"", ""geo_view"", ""geojson_view"", ""shp_view"", ""xloader"", ""datastore"", ""pdf_view"", ""dcat"", ""dcat_json_interface"", ""structured_data"", ""scheming_datasets"", ""hierarchy_display"", ""hierarchy_form""]"
2026-10-05,comunidad-de-madrid-data-catalog,https://datos.comunidad.madrid/catalogo,2263,22,2,2.9.0,"[""stats"", ""text_view"", ""image_view"", ""recline_view"", ""datastore"", ""dcat"", ""structured_data"", ""recline_map_view"", ""recline_graph_view"", ""webpage_view"", ""linechart"", ""barchart"", ""piechart"", ""basicgrid"", ""cmad"", ""resource_proxy"", ""geojson_view"", ""datapusher"", ""ldap""]"
2026-10-05,cioos-atlantic-data-catalogue,https://catalogue.cioosatlantic.ca,351,0,27,2.9.11,"[""stats"", ""text_view"", ""image_view"", ""recline_view"", ""datastore"", ""datapusher"", ""scheming_datasets"", ""scheming_organizations"", ""scheming_groups"", ""scheming_nerf_index"", ""fluent"", ""harvest"", ""ckan_harvester"", ""csw_harvester"", ""waf_harvester"", ""doc_harvester"", ""ckan_schema_harvester"", ""spatial_metadata"", ""spatial_query"", ""spatial_harvest_metadata_api"", ""cioos_harvest"", ""cioos_theme"", ""ckan_cioos_harvester"", ""dcat"", ""structured_data"", ""resource_proxy"", ""geo_view"", ""geojson_view"", ""wmts_view"", ""ckan_spatial_harvester"", ""datastream_harvester"", ""envvars""]"
2026-10-05,catalog-platform-smart-cities-and-regions-bavaria,https://catalog.gis.lrg.tum.de,37,33,24,2.8.4,"[""stats"", ""text_view"", ""image_view"", ""recline_view"", ""scheming_datasets"", ""hierarchy_display"", ""hierarchy_form"", ""spatial_metadata"", ""spatial_query"", ""resource_proxy"", ""geojson_view"", ""repeating"", ""composite"", ""display_group"", ""form_group"", ""disqus"", ""temporalsearch"", ""userautoaddgroup"", ""restricted"", ""relation"", ""gdpr""]"
2026-10-05,dataccrpcorg,https://data.ccrpc.org,349,8,3,2.11.2,"[""stats"", ""text_view"", ""image_view"", ""resource_proxy"", ""geojson_view"", ""webpage_view"", ""spatial_metadata"", ""spatial_query"", ""harvest"", ""ckan_harvester"", ""dcat"", ""dcat_rdf_harvester"", ""dcat_json_harvester"", ""dcat_json_interface"", ""structured_data"", ""datajson"", ""googleanalytics"", ""rpctheme"", ""pages""]"
2026-10-05,national-university-of-mongolia-open-data,https://data.num.edu.mn,31,9,7,2.8.1,"[""stats"", ""text_view"", ""image_view"", ""recline_view"", ""num_theme"", ""showcase""]"
2026-10-05,kanagawa-prefecture-open-data-catalog,https://catalog.opendata.pref.kanagawa.jp,814,19,15,2.10.7,"[""stats"", ""text_view"", ""image_view"", ""datatables_view"", ""datastore"", ""datapusher"", ""custom_theme"", ""userdatasets"", ""harvest"", ""ckan_harvester""]"
2026-10-05,dpim-data-catalog,https://catalog.dpim.go.th,33,7,13,2.10.7,"[""thai_gdc"", ""showcase"", ""stats"", ""opendstats"", ""activity"", ""image_view"", ""datatables_view"", ""text_view"", ""webpage_view"", ""resource_proxy"", ""geo_view"", ""geojson_view"", ""shp_view"", ""xloader"", ""datastore"", ""pdf_view"", ""dcat"", ""dcat_json_interface"", ""structured_data"", ""scheming_datasets"", ""hierarchy_display"", ""hierarchy_form"", ""thaigdc2fa""]"
2026-10-05,ufms-open-data-portal,https://dadosabertos.ufms.br,38,7,1,2.9.5,"[""stats"", ""text_view"", ""image_view"", ""recline_view"", ""ldap"", ""datastore"", ""datapusher""]"
2026-10-05,open-information-kfar-saba,https://kfar-saba.datacity.org.il,33,10,3,2.8.12,"[""stats"", ""text_view"", ""image_view"", ""recline_view"", ""datastore"", ""xloader"", ""resource_proxy"", ""s3filestore"", ""geojson_view"", ""datacity"", ""scheming_datasets"", ""scheming_groups"", ""pages""]"
2026-10-05,opendata-beta-university-of-bologna,https://dati.unibo.it,34,0,5,2.6.9,"[""stats"", ""text_view"", ""image_view"", ""recline_view"", ""pdf_view"", ""datastore"", ""datapusher"", ""rich_dataset"", ""rich_resource"", ""scheming_datasets"", ""scheming_organizations"", ""scheming_groups"", ""fluent"", ""dcat"", ""pages"", ""officedocs_view""]"
2026-10-05,univasf-open-data-portal,https://dados.univasf.edu.br,66,12,1,2.10.4,"[""envvars"", ""stats"", ""text_view"", ""image_view"", ""recline_view"", ""recline_grid_view"", ""datastore"", ""datapusher"", ""resource_proxy""]"
2026-10-05,cioos-pacific-data-catalog,https://catalogue.cioos.ca,4088,0,6,2.9.11,"[""stats"", ""text_view"", ""image_view"", ""recline_view"", ""datastore"", ""datapusher"", ""scheming_datasets"", ""scheming_organizations"", ""scheming_groups"", ""scheming_nerf_index"", ""fluent"", ""harvest"", ""ckan_harvester"", ""csw_harvester"", ""waf_harvester"", ""doc_harvester"", ""ckan_schema_harvester"", ""spatial_metadata"", ""spatial_query"", ""spatial_harvest_metadata_api"", ""cioos_harvest"", ""cioos_theme"", ""ckan_cioos_harvester"", ""dcat"", ""structured_data"", ""resource_proxy"", ""geo_view"", ""geojson_view"", ""wmts_view"", ""ckan_spatial_harvester"", ""datastream_harvester"", ""envvars""]"
2026-10-05,dsi-thailand-data-catalog,https://ckan.dsi.go.th,14,3,4,2.10.7,"[""thai_gdc"", ""showcase"", ""stats"", ""opendstats"", ""activity"", ""image_view"", ""datatables_view"", ""text_view"", ""webpage_view"", ""resource_proxy"", ""geo_view"", ""geojson_view"", ""shp_view"", ""xloader"", ""datastore"", ""pdf_view"", ""dcat"", ""dcat_json_interface"", ""structured_data"", ""scheming_datasets"", ""hierarchy_display"", ""hierarchy_form""]"
2026-10-05,h-mat-materials-data-hub,https://data.h-mat.org,31,0,87,2.9.9,"[""stats"", ""text_view"", ""image_view"", ""recline_view"", ""officedocs_view"", ""pdf_view"", ""hierarchy"", ""hmat_theme"", ""lightmat_theme"", ""oauth2"", ""s3filestore"", ""googleanalytics""]"
2026-10-05,water-pathogens-data-portal,https://data.waterpathogens.org,48,6,4,2.8.3,"[""stats"", ""text_view"", ""image_view"", ""recline_view"", ""k2p_theme"", ""datapusher"", ""datastore"", ""visualize"", ""viewhelpers"", ""spatial_metadata"", ""spatial_query""]"
2026-10-05,schleswig-holstein-govdata-portal,https://ckan.govdata.de,168729,13,76,2.10.11,"[""activity"", ""stats"", ""text_view"", ""image_view"", ""recline_view"", ""harvest"", ""dcat"", ""dcat_rdf_harvester"", ""structured_data"", ""dcatde"", ""dcatde_rdf_harvester"", ""govdatade"", ""search_index_hook""]"
2026-10-05,citizen-data-portal,https://data.data4citizen.jp,411,21,79,2.10.4,"[""envvars"", ""image_view"", ""text_view"", ""recline_view"", ""recline_grid_view"", ""recline_graph_view"", ""recline_map_view"", ""datatables_view"", ""datastore"", ""datapusher"", ""activity""]"
2026-10-05,mexico-open-data-portal,http://datos.codeandomexico.org,9761,12,87,2.9.11,"[""datamx_theme"", ""stats"", ""text_view"", ""image_view"", ""recline_view"", ""datastore"", ""datapusher"", ""resource_proxy"", ""scheming_datasets"", ""pdf_view"", ""geojson_view"", ""geo_view""]"
2026-10-05,the-public-knowledge-workshop-data-portal,https://opendata.hasadna.org.il,14,9,6,2.8.12,"[""stats"", ""text_view"", ""image_view"", ""recline_view"", ""datastore"", ""xloader"", ""resource_proxy"", ""s3filestore"", ""geojson_view"", ""datacity"", ""scheming_datasets"", ""scheming_groups"", ""pages""]"
2026-10-05,hellenic-research-data-repository,https://hardmin.heal-link.gr,39,0,265,2.10.8,"[""hdx_theme"", ""hdx_search"", ""hdx_package"", ""hdx_org_group"", ""hdx_pages"", ""ytp_request"", ""hierarchy_display"", ""oauth2"", ""activity"", ""stats"", ""text_view"", ""image_view"", ""expire_api_token"", ""resource_proxy""]"
2026-10-05,open-information-portal-ma-ale-adumim,https://maale-adummim.datacity.org.il,32,12,2,2.8.12,"[""stats"", ""text_view"", ""image_view"", ""recline_view"", ""datastore"", ""xloader"", ""resource_proxy"", ""s3filestore"", ""geojson_view"", ""datacity"", ""scheming_datasets"", ""scheming_groups"", ""pages""]"
2026-10-05,gender-data-lab,https://data.genderdatalab.org,12,0,7,2.9.9,"[""envvars"", ""stats"", ""text_view"", ""image_view"", ""recline_view"", ""recline_grid_view"", ""recline_graph_view"", ""datastore"", ""xloader"", ""geo_view"", ""genderdatalab_theme""]"
2026-10-05,greenpeace-data-portal-environmental-data,https://daten.greenpeace.de,34,6,1,2.10.11,"[""greenpeace"", ""dcat"", ""dcat_json_interface"", ""structured_data"", ""image_view"", ""text_view"", ""webpage_view"", ""pdf_view"", ""geo_view"", ""doi"", ""datapusher"", ""datastore"", ""resource_proxy"", ""pages"", ""dataexplorer_view"", ""dataexplorer_table_view"", ""dataexplorer_chart_view"", ""dataexplorer_map_view"", ""dataexplorer_web_view"", ""scheming_datasets"", ""activity"", ""s3filestore"", ""envvars""]"
2026-10-05,bbmp-open-data-portal,https://data.opencity.in,1099,8,76,2.11.4,"[""activity"", ""resource_proxy"", ""datastore"", ""xloader"", ""datatables_view"", ""pdf_view"", ""image_view"", ""text_view"", ""video_view"", ""geo_view"", ""opencity""]"
2026-10-05,national-astronomical-research-institute,https://data.narit.or.th,10,6,1,2.10.7,"[""thai_gdc"", ""showcase"", ""stats"", ""opendstats"", ""activity"", ""image_view"", ""datatables_view"", ""text_view"", ""webpage_view"", ""resource_proxy"", ""geo_view"", ""geojson_view"", ""shp_view"", ""xloader"", ""datastore"", ""pdf_view"", ""dcat"", ""dcat_json_interface"", ""structured_data"", ""scheming_datasets"", ""hierarchy_display"", ""hierarchy_form"", ""thaigdc2fa""]"
2026-10-05,open-data-of-the-national-innovation-agency,https://opendata.nia.or.th,24,1,1,2.10.7,"[""thai_gdc"", ""showcase"", ""stats"", ""opendstats"", ""activity"", ""image_view"", ""datatables_view"", ""text_view"", ""webpage_view"", ""resource_proxy"", ""geo_view"", ""geojson_view"", ""shp_view"", ""xloader"", ""datastore"", ""pdf_view"", ""dcat"", ""dcat_json_interface"", ""structured_data"", ""scheming_datasets"", ""hierarchy_display"", ""hierarchy_form""]"
2026-10-05,clariah-labs-dataset-registry,https://mediasuitedata.clariah.nl,94,7,62,2.8.2,"[""datastore""]"
2026-10-05,columbia-basin-water-hub,https://data.cbwaterhub.ca,452,12,55,2.11.6,"[""activity"", ""waterhub"", ""hierarchy_display"", ""scheming_datasets"", ""scheming_organizations"", ""stats"", ""text_view"", ""image_view"", ""datatables_view"", ""webpage_view"", ""pdf_view"", ""charts_view"", ""charts_builder_view"", ""datastore"", ""xloader"", ""geo_view"", ""geojson_view"", ""mapsearch"", ""officedocs_view"", ""check_link"", ""collection"", ""ingest"", ""pages"", ""flakes"", ""wh_doi"", ""editable_config""]"
2026-10-05,ifmg-open-data,https://dadosabertos.ifmg.edu.br,24,0,1,2.12.0,"[""envvars"", ""ldap"", ""activity"", ""datastore"", ""stats"", ""text_view"", ""image_view"", ""datatables_view"", ""webpage_view""]"
2026-10-05,infrabel-transport-data-portal,https://transportdata.be,194,0,0,2.11.6,"[""image_view"", ""text_view"", ""datatables_view"", ""datastore"", ""activity"", ""ytp_request"", ""hidegroups"", ""mailchimp"", ""benap"", ""pages"", ""scheming_datasets"", ""scheming_organizations"", ""fluent"", ""dcat"", ""dcat_be_napits"", ""clamav"", ""envvars"", ""harvest"", ""benap_dcat_rdf_harvester""]"
2026-10-05,deformability-cytometry-open-repository,https://dcor.mpl.mpg.de,2769,11,32,2.11.5,"[""stats"", ""text_view"", ""image_view"", ""dcor_depot"", ""dcor_schemas"", ""dc_serve"", ""dc_view"", ""dc_log_view"", ""dcor_theme""]"
2026-10-05,staging-futr-hub-ckan-portal,https://ckan.staging.futr-hub.de,5,5,45,2.11.5,"[""envvars"", ""xloader"", ""datastore"", ""activity"", ""dcat"", ""dcatde"", ""scheming_datasets"", ""harvest"", ""ckan_harvester"", ""oauth"", ""theming"", ""pages"", ""footer"", ""image_view"", ""text_view"", ""webpage_view"", ""geo_view"", ""geojson_view"", ""wmts_view"", ""shp_view"", ""pdf_view"", ""datatables_view"", ""resource_proxy"", ""piechart"", ""linechart"", ""barchart""]"
2026-10-05,argentina-open-data,https://datos.gob.ar,1287,14,45,2.11.5,"[""image_view"", ""text_view"", ""datatables_view"", ""datastore"", ""datapusher"", ""spatial_metadata"", ""spatial_query"", ""resource_proxy"", ""geo_view"", ""geojson_view"", ""wmts_view"", ""shp_view"", ""gobar_theme"", ""series_explorer"", ""harvest"", ""gobar_ckan_harvester"", ""ckan_harvester"", ""xlsx_harvester"", ""scheming_datasets"", ""dcat"", ""spatial_widget_ar"", ""hierarchy_display"", ""hierarchy_form"", ""hierarchy_group_form"", ""googleanalytics"", ""envvars""]"
2026-10-05,mexico-open-data,https://datamx.io,9761,12,87,2.9.11,"[""datamx_theme"", ""stats"", ""text_view"", ""image_view"", ""recline_view"", ""datastore"", ""datapusher"", ""resource_proxy"", ""scheming_datasets"", ""pdf_view"", ""geojson_view"", ""geo_view""]"
2026-10-05,data-portal-of-the-parliament-of-the-canary-islands,https://datos.parcan.es,4621,22,1,2.8.2,"[""stats"", ""text_view"", ""image_view"", ""recline_grid_view"", ""recline_graph_view"", ""recline_map_view"", ""datastore"", ""dcat"", ""dcat_rdf_harvester"", ""harvest"", ""ckan_harvester"", ""scheming_datasets"", ""fluent"", ""federador"", ""parcan"", ""datapusher""]"
2026-10-05,digitalni-a-informacni-agentura-data,https://ckan.issi.gov.cz,9,0,5,2.9.7,"[""envvars"", ""image_view"", ""text_view"", ""recline_view"", ""datastore"", ""datapusher"", ""spatial_metadata"", ""spatial_query"", ""resource_proxy"", ""geo_view"", ""geojson_view"", ""wmts_view"", ""shp_view"", ""issi_theme""]"
2026-10-05,sapporo-city-data-portal,https://ckan.hoda.jp,458,12,84,2.8.9,"[""image_view"", ""text_view"", ""recline_view"", ""resource_proxy"", ""datastore"", ""harvest"", ""ckan_harvester""]"
2026-10-05,pangaea-data-discovery-portal,https://b2find.eudat.eu,1473955,6,96,2.9.8,"[""stats"", ""text_view"", ""image_view"", ""recline_view"", ""b2find"", ""oaipmh""]"
2026-10-05,water-jpi-open-data,http://opendata.waterjpi.eu,0,7,302,2.8.3,"[""stats"", ""text_view"", ""image_view"", ""recline_view"", ""spatial_metadata"", ""spatial_query"", ""dcat"", ""campania_theme"", ""harvest"", ""ckan_harvester"", ""oaipmh""]"
2026-10-05,uffs-open-data,https://dados.uffs.edu.br,24,8,1,2.9.7,"[""stats"", ""text_view"", ""image_view"", ""recline_view"", ""datastore"", ""datapusher"", ""example_theme"", ""ldap""]"
2026-10-05,aceh-jaya-open-data,https://data.acehjayakab.go.id,187,13,39,2.7.4,"[""stats"", ""text_view"", ""image_view"", ""recline_view"", ""datastore"", ""datapusher"", ""apihelper"", ""kotakab_aceh""]"
2026-10-05,open-state-data-portal,http://data.openstate.eu,90,13,1,2.8.3,"[""stats"", ""text_view"", ""image_view"", ""recline_view"", ""datastore"", ""datapusher"", ""dcat"", ""dcat_json_interface"", ""structured_data""]"
2026-10-05,trafikverket-traffic-data,https://trafficdata.se,50,0,15,2.10.7,"[""stats"", ""text_view"", ""image_view"", ""recline_view"", ""spapresets"", ""scheming_datasets"", ""spatheming"", ""pages"", ""dcat"", ""spadcatprofile"", ""honeypot"", ""requestorg""]"
2026-10-05,futr-hub-ckan-portal,https://ckan.futr-hub.de,5,5,40,2.11.5,"[""envvars"", ""xloader"", ""datastore"", ""activity"", ""dcat"", ""dcatde"", ""scheming_datasets"", ""harvest"", ""ckan_harvester"", ""oauth"", ""theming"", ""pages"", ""footer"", ""image_view"", ""text_view"", ""webpage_view"", ""geo_view"", ""geojson_view"", ""wmts_view"", ""shp_view"", ""pdf_view"", ""datatables_view"", ""resource_proxy"", ""piechart"", ""linechart"", ""barchart""]"
2026-10-05,information-to-the-people-data-portal,https://odata.org.il,11580,4665,51,2.8.1,"[""stats"", ""text_view"", ""image_view"", ""recline_view"", ""odata_org_il"", ""file_uploader_ui"", ""datapackage_pipelines"", ""upload_via_email"", ""datastore"", ""xloader""]"
2026-10-05,idp-india-s-extensive-public-datasets,https://ckan.indiadataportal.com,0,0,0,,
2026-10-05,ecosis-spectral-library,https://data.ecosis.org,220,10,55,2.10.1,"[""stats"", ""ecosis"", ""text_view"", ""image_view""]"
2026-10-05,city-data-platform,https://catalog.citydata.in.th,0,0,0,,
2026-10-05,uk-data-service-ckan,https://statistics.ukdataservice.ac.uk,906,0,4,2.11.4,"[""stats"", ""text_view"", ""image_view"", ""resource_proxy"", ""xloader"", ""pages"", ""harvest"", ""ckan_harvester"", ""geo_view"", ""datatables_view"", ""customised_fields_from_tag_vocabulary"", ""ukdstheme"", ""dataset_geo_display"", ""dcat"", ""dcat_rdf_harvester"", ""dcat_json_harvester"", ""dcat_json_interface"", ""structured_data"", ""ukds_custom_dcat_profiles"", ""cookie_banner"", ""matomo_js"", ""envvars""]"
2026-10-05,morocco-open-data-portal,https://www.data.gov.ma/data,695,23,49,2.9.11,"[""duo"", ""duo_dataset"", ""duo_organization"", ""duo_group"", ""stats"", ""text_preview"", ""recline_preview"", ""datastore"", ""multilingual_group"", ""multilingual_tag"", ""pdf_view"", ""officedocs_view"", ""comments"", ""showcase"", ""egov"", ""validation"", ""scheming_datasets"", ""scheming_groups"", ""scheming_organizations""]"
2026-10-05,open-data-platform-kaaw,https://opendata.kaaw.de,13,0,25,2.11.2,"[""activity"", ""datastore"", ""xloader"", ""datatables_view"", ""image_view"", ""pages""]"
2026-10-05,interact-data-portal,https://dataportal.eu-interact.org,2259,10,30,2.11.5,"[""datapusher"", ""harvest"", ""ckan_harvester"", ""envvars"", ""image_view"", ""text_view"", ""datastore"", ""interact_theme"", ""interact_stations_harvester"", ""interact_organizations_harvester"", ""xml_list_of_jsonld_harvester"", ""scheming_organizations"", ""scheming_datasets"", ""scheming_groups"", ""dcat"", ""gem_harvester"", ""stations"", ""collaborators"", ""svartberget_harvester"", ""jsonld_harvester"", ""geonetwork_harvester"", ""sites_harvester"", ""luke_harvester"", ""pangea_harvester"", ""geo_view"", ""pages"", ""sitemap"", ""spatial_metadata"", ""spatial_query"", ""interact_harvesters"", ""gem_bulk_harvester"", ""nordicana_harvester"", ""dcat_rdf_harvester"", ""structured_data""]"
2026-10-05,world-bank-trust-funds-iati-data,https://iatiregistry.org,13967,2120,2120,,
2026-10-05,marine-spatial-data-hub,https://gis-hub.ca,0,16,0,,
2026-10-05,amerigeoss-community-platform-datahub,https://data.amerigeoss.org,650618,81,77,2.11.6,"[""activity"", ""harvest"", ""ckan_harvester"", ""scheming_datasets"", ""pdf_view"", ""resource_proxy"", ""geo_view"", ""geojson_view"", ""wmts_view"", ""shp_view"", ""spatial_metadata"", ""csw_harvester"", ""waf_harvester"", ""doc_harvester"", ""spatial_query"", ""text_view"", ""image_view"", ""webpage_view"", ""datastore"", ""stats"", ""fgdc_theme"", ""dcat"", ""dcat_rdf_harvester"", ""structured_data"", ""dcat_json_harvester"", ""dcat_json_interface"", ""datapusher_plus"", ""datatables_view"", ""video_view"", ""audio_view""]"
2026-10-05,americaview-ckan,https://ckan.americaview.org,255,6,42,2.8.4,"[""stats"", ""webpage_view"", ""text_view"", ""image_view"", ""recline_view"", ""pages"", ""datasetthumbnail""]"
2026-10-05,sze-data-repository,https://datarepo.mathso.sze.hu,39,0,6,,"[""activity"", ""stats"", ""text_view"", ""image_view"", ""datatables_view"", ""datastore"", ""xloader""]"
2026-10-05,winchester-va-open-data,https://opendata.winchesterva.gov,686,9,2,2.9.11,"[""stats"", ""resource_proxy"", ""ags_fs_view"", ""ags_ms_view"", ""geo_view"", ""geojson_view"", ""wmts_view"", ""shp_view"", ""c3charts"", ""og_datatables_view"", ""officedocs_view"", ""pdf_view"", ""recline_map_view"", ""webpage_view"", ""markdown_view"", ""in_app_reporting"", ""metabase_card_view"", ""metabase_dashboard_view"", ""harvest"", ""datajson"", ""dcat"", ""dcat_rdf_harvester"", ""dcat_json_harvester"", ""dcat_json_interface"", ""structured_data"", ""custom_harvest"", ""package_search_harvester"", ""datagov_harvester"", ""opengov_custom_theme"", ""opengov_custom_css"", ""opengov_custom_header"", ""opengov_custom_homepage"", ""opengov_custom_footer"", ""image_view"", ""cloudstorage"", ""odata"", ""datastore"", ""xloader"", ""extractor"", ""opengov_pages"", ""pages"", ""opengov_stories"", ""showcase"", ""subscribe"", ""security"", ""opengov_auth"", ""featuredviews"", ""heroslideradmin"", ""googleanalytics"", ""sitemap"", ""portal_metrics""]"
2026-10-05,probolinggo-regency-one-data,http://satudata.probolinggokab.go.id,904,0,25,2.9.8,"[""stats"", ""text_view"", ""image_view"", ""recline_view"", ""datastore"", ""datapusher"", ""probolinggo_theme""]"
2026-10-05,sectoral-statistical-data,https://statistik.ponorogo.go.id,3890,0,68,2.9.6,"[""datastore"", ""image_view"", ""webpage_view"", ""text_view"", ""recline_grid_view"", ""recline_view"", ""recline_graph_view""]"
2026-10-05,pesisir-selatan-data-portal,https://data.pesisirselatankab.go.id,209,22,40,2.11.6,"[""sisda_theme"", ""image_view"", ""text_view"", ""datatables_view"", ""datastore"", ""datapusher"", ""envvars""]"
2026-10-05,padang-city-government-one-data,https://satudata.padang.go.id,451,0,52,2.11.5,"[""image_view"", ""text_view"", ""datatables_view"", ""datastore"", ""datapusher"", ""envvars"", ""sp_theme""]"
2026-10-05,las-torres-de-cotillas-data,https://datosabiertos.lastorresdecotillas.es,7,94,10,2.10.1,"[""activity"", ""hierarchy_display"", ""hierarchy_form"", ""hierarchy_group_form"", ""torres_cotillas_theme""]"
2026-10-05,dvrpc-data-portal,https://catalog.dvrpc.org,233,0,1,2.9.11,"[""stats"", ""datatables_view"", ""image_view"", ""datapusher"", ""resource_proxy"", ""dvrpc_theme"", ""datastore"", ""dvrpc_package"", ""dvrpc_chained_action"", ""scheming_datasets"", ""pdf_view"", ""geojson_view"", ""customuserprivileges"", ""showcase"", ""oauth2"", ""harvest"", ""ckan_harvester"", ""dcat"", ""dcat_rdf_harvester"", ""dcat_json_harvester"", ""dcat_json_interface"", ""structured_data""]"
2026-10-05,sidoarjo-regency-open-data,http://opendata.sidoarjokab.go.id,6960,17,65,2.11.3,"[""envvars"", ""activity"", ""image_view"", ""text_view"", ""datatables_view"", ""datastore"", ""xloader"", ""stats"", ""webpage_view"", ""resource_proxy""]"
2026-10-05,open-data-aoc-consortium,https://dadesobertes.seu-e.cat,915,23,85,2.10.8,"[""datastore"", ""xloader"", ""stats"", ""aoc_theme"", ""aoc_metadata"", ""aoc_views"", ""activity"", ""datatables_view"", ""image_view"", ""text_view"", ""resource_proxy"", ""geo_view"", ""recline_view"", ""recline_grid_view"", ""recline_graph_view"", ""recline_map_view"", ""dataexplorer_view"", ""dataexplorer_map_view"", ""scheming_organizations"", ""scheming_groups"", ""scheming_datasets"", ""fluent"", ""scheming_nerf_index"", ""dcat"", ""dcat_json_harvester"", ""dcat_json_interface"", ""envvars""]"
2026-10-05,aids-data-repository,https://adr.unaids.org,599,1,60,2.11.4,"[""activity"", ""unaids"", ""fork"", ""scheming_datasets"", ""blob_storage"", ""saml2auth"", ""emailasusername"", ""restricted"", ""authz_service"", ""stats"", ""resource_proxy"", ""datastore"", ""datapusher"", ""validation"", ""ytp_request"", ""pages"", ""dhis2harvester_plugin"", ""dhis2_pivot_tables_harvester"", ""harvest"", ""versions"", ""text_view"", ""image_view"", ""datatables_view"", ""geo_view"", ""geojson_view"", ""auth""]"
2026-10-05,ballarat-open-data,https://ballaratopendata.org.au,476,9,3,2.9.5,"[""stats"", ""text_view"", ""image_view"", ""recline_view"", ""webpage_view"", ""resource_proxy"", ""geojson_view"", ""geo_view"", ""shp_view"", ""wmts_view"", ""spatial_metadata"", ""spatial_query"", ""datastore"", ""recline_grid_view"", ""recline_graph_view"", ""recline_map_view"", ""xloader"", ""harvest"", ""ckan_harvester"", ""waf_harvester"", ""csw_harvester"", ""doc_harvester"", ""magda_harvester"", ""opendatasoft_harvester"", ""proxy"", ""expose_purl"", ""cc_logo"", ""cerdi_metadata"", ""googleanalytics"", ""contact"", ""ballarat_opendata_theme""]"
2026-10-05,wa-government-open-data,https://catalogue.data.wa.gov.au,2917,65,65,2.11.5,"[""datawagovau_theme"", ""wa_data_dictionary"", ""wa_res_archive"", ""cloudstorage"", ""activity"", ""search_tweaks"", ""search_tweaks_query_relevance"", ""search_tweaks_field_relevance"", ""search_tweaks_spellcheck"", ""search_tweaks_advanced_search"", ""composite_search"", ""default_composite_search"", ""search_autocomplete"", ""or_facet"", ""resource_indexer"", ""pdf_resource_indexer"", ""plain_resource_indexer"", ""spatial_metadata"", ""spatial_query"", ""geo_view"", ""geojson_view"", ""wmts_view"", ""dcat"", ""text_view"", ""image_view"", ""officedocs_view"", ""datatables_view"", ""pdf_view"", ""webpage_view"", ""resource_proxy"", ""datastore"", ""showcase"", ""googleanalytics"", ""xloader"", ""tracking"", ""scheming_datasets"", ""hierarchy_display"", ""hierarchy_form"", ""msal"", ""login_throttle"", ""core_fix""]"
2026-10-05,buenos-aires-data,https://data.buenosaires.gob.ar,454,8,37,2.11.0,"[""stats"", ""activity"", ""datastore"", ""hierarchy_display"", ""hierarchy_form"", ""gobar_theme""]"
2026-10-05,one-data-east-kalimantan,https://data.kaltimprov.go.id,13248,44,58,,"[""activity"", ""datatables_view"", ""datastore"", ""xloader"", ""harvest"", ""ckan_harvester"", ""tracking"", ""dcat"", ""dcat_json_harvester"", ""stats""]"
2026-10-05,kampar-one-data,https://data.kamparkab.go.id,577,9,32,2.9.5,"[""stats"", ""text_view"", ""image_view"", ""recline_view""]"
2026-10-05,tanjung-jabung-barat-regency-one-data,https://data.tanjabbarkab.go.id,768,16,54,2.10.4,"[""dcor_theme""]"
2026-10-05,city-of-york-open-data,https://data.yorkopendata.org,1375,32,3,2.11.5,"[""image_view"", ""text_view"", ""datastore"", ""xloader"", ""yodauthentication"", ""yodresourcemeta"", ""theme"", ""s3filestore"", ""activity"", ""stats"", ""spatial_metadata"", ""resource_proxy"", ""geo_view"", ""geojson_view"", ""dataexplorer_view"", ""dataexplorer_table_view"", ""dataexplorer_chart_view"", ""dataexplorer_map_view"", ""dataexplorer_web_view"", ""pdf_view"", ""envvars""]"
2026-10-05,emilia-romagna-open-data,https://dati.emilia-romagna.it,2921,14,61,2.8.9,"[""datastore"", ""stats"", ""text_view"", ""image_view"", ""recline_view"", ""multilang"", ""harvest"", ""eurovoc"", ""ckan_harvester"", ""dcat"", ""dcat_json_harvester"", ""dcat_json_interface"", ""dcat_rdf_harvester"", ""dcatapit_pkg"", ""dcatapit_org"", ""dcatapit_config"", ""dcatapit_harvester"", ""dcatapit_theme_group_mapper"", ""structured_data"", ""resource_proxy"", ""widgets"", ""opendatarer""]"
2026-10-05,arganda-del-rey-town-hall-open-data-portal,https://datosabiertos.ayto-arganda.es,1006,22,1,2.8.7,"[""datastore"", ""datapusher"", ""stats"", ""text_view"", ""image_view"", ""recline_view"", ""recline_map_view"", ""recline_graph_view"", ""webpage_view"", ""resource_proxy"", ""pdf_view"", ""shp_view"", ""geo_view"", ""navigablemap"", ""choroplethmap"", ""linechart"", ""barchart"", ""piechart"", ""viewhelpers"", ""dashboard_preview"", ""basicgrid"", ""geojson_view"", ""pages"", ""showcase"", ""argandadelrey"", ""surrey"", ""surreyfacet"", ""odata"", ""dcat"", ""structured_data"", ""federadorNTI"", ""contact""]"
2026-10-05,victorian-government-data,https://discover.data.vic.gov.au,5600,16,81,,
2026-10-05,quebec-open-data,https://donneesquebec.ca/recherche/fr,1611,12,144,2.11.5,"[""dqc_theme"", ""dqc_stats"", ""dqc_hierarchy"", ""hierarchy_display"", ""dqc_scheming"", ""scheming_datasets"", ""scheming_organizations"", ""dqc_showcase"", ""showcase"", ""dcat"", ""activity"", ""structured_data"", ""resource_proxy"", ""geo_view"", ""geojson_view"", ""wmts_view"", ""shp_view"", ""xloader"", ""datastore"", ""webpage_view"", ""datatables_view"", ""stats"", ""text_view"", ""image_view"", ""dqc_googleanalytics"", ""tracking""]"
2026-10-05,toyama-city-open-data,https://opdt.city.toyama.lg.jp,133,13,1,2.10.1,"[""activity"", ""pages"", ""datatables_view"", ""image_view"", ""text_view"", ""video_view"", ""audio_view"", ""webpage_view"", ""pdf_view"", ""recline_view""]"
2026-10-05,valencia-open-data,https://opendata.vlci.valencia.es,280,22,2,,"[""nti_metadata"", ""stats"", ""text_view"", ""image_view"", ""recline_view"", ""datastore"", ""resource_proxy"", ""recline_graph_view"", ""recline_grid_view"", ""recline_map_view"", ""webpage_view"", ""scheming_datasets"", ""harvest"", ""ckan_harvester"", ""dcat"", ""dcat_rdf_harvester"", ""dcat_json_harvester"", ""dcat_json_interface"", ""structured_data"", ""spatial_metadata"", ""spatial_query"", ""geo_view"", ""multilingual_dataset"", ""multilingual_group"", ""multilingual_tag"", ""csw_harvester"", ""scheming_groups"", ""scheming_organizations"", ""fluent"", ""qa"", ""archiver"", ""report"", ""valencia"", ""xloader""]"
2026-10-05,rishon-lezion-open-data,https://rishonlezion.datacity.org.il,8,12,2,2.8.12,"[""stats"", ""text_view"", ""image_view"", ""recline_view"", ""datastore"", ""xloader"", ""resource_proxy"", ""s3filestore"", ""geojson_view"", ""datacity"", ""scheming_datasets"", ""scheming_groups"", ""pages""]"
2026-10-05,barcelona-open-data,https://opendata-ajuntament.barcelona.cat/data,555,0,25,2.6.9,"[""stats"", ""text_view"", ""image_view"", ""recline_view"", ""datastore"", ""datapusher"", ""pdf_view"", ""resource_proxy"", ""webpage_view"", ""geo_view"", ""geojson_view"", ""officedocs_view"", ""scheming_datasets"", ""scheming_groups"", ""scheming_organizations"", ""fluent"", ""hierarchy_display"", ""odatabcn"", ""qa"", ""archiver"", ""report"", ""federagobes"", ""editfields""]"
2026-10-05,open-data-portal-of-the-central-bank-of-brazil,https://dadosabertos.bcb.gov.br,4261,6,51,2.10.10,"[""image_view"", ""text_view"", ""recline_view"", ""datastore"", ""ldap"", ""pages"", ""bcbdadosabertos"", ""scheming_datasets"", ""activity"", ""envvars""]"
2026-10-05,open-data-portal-of-the-cabildo-de-el-hierro,https://datosabiertos.elhierro.es,4,22,10,2.8.2,"[""oauth2"", ""ceh_comment"", ""qa"", ""datastore"", ""stats"", ""scds_theme"", ""highlighting"", ""social"", ""text_view"", ""image_view"", ""recline_view"", ""recline_grid_view"", ""recline_graph_view"", ""recline_map_view"", ""webpage_view"", ""pdf_view"", ""resource_proxy"", ""dcat"", ""harvest"", ""ckan_harvester"", ""dcat_rdf_harvester"", ""dcat_json_harvester"", ""dcat_json_interface"", ""structured_data"", ""datapusher"", ""datesearch"", ""sparql_interface"", ""discovery"", ""tag_cloud"", ""navigablemap"", ""choroplethmap"", ""geo_view"", ""geojson_view"", ""wmts_view"", ""shp_view"", ""googleanalytics""]"
2026-10-05,central-bank-of-brazil-open-data-portal,https://opendata.bcb.gov.br,2860,2,48,2.10.10,"[""image_view"", ""text_view"", ""recline_view"", ""datastore"", ""ldap"", ""pages"", ""bcbdadosabertos"", ""scheming_datasets"", ""activity"", ""envvars""]"
2026-10-05,quescren-data-portal,https://desq.quescren.ca,229,0,5,2.9.11,"[""stats"", ""text_view"", ""image_view"", ""recline_view"", ""desq"", ""hidegroups"", ""scheming_datasets"", ""scheming_organizations"", ""fluent"", ""scheming_nerf_index""]"
2026-10-05,kobe-city-open-data-portal,https://catalog.city.kobe.lg.jp,120,9,370,2.9.5,"[""stats"", ""text_view"", ""image_view"", ""recline_view"", ""custom_theme"", ""datastore"", ""datapusher""]"
2026-10-05,city-of-tampa-fl-open-data,https://opendata.tampa.gov,28,0,31,2.9.11,"[""stats"", ""resource_proxy"", ""ags_fs_view"", ""ags_ms_view"", ""geo_view"", ""geojson_view"", ""wmts_view"", ""shp_view"", ""c3charts"", ""og_datatables_view"", ""officedocs_view"", ""pdf_view"", ""recline_map_view"", ""webpage_view"", ""markdown_view"", ""in_app_reporting"", ""metabase_card_view"", ""metabase_dashboard_view"", ""harvest"", ""datajson"", ""dcat"", ""dcat_rdf_harvester"", ""dcat_json_harvester"", ""dcat_json_interface"", ""structured_data"", ""waf_harvester"", ""custom_harvest"", ""package_search_harvester"", ""datagov_harvester"", ""opengov_custom_theme"", ""opengov_custom_css"", ""opengov_custom_header"", ""opengov_custom_homepage"", ""opengov_custom_footer"", ""image_view"", ""cloudstorage"", ""odata"", ""opengov_datastore"", ""datastore"", ""xloader"", ""extractor"", ""opengov_pages"", ""pages"", ""opengov_stories"", ""showcase"", ""subscribe"", ""security"", ""opengov_auth"", ""featuredviews"", ""heroslideradmin"", ""googleanalytics"", ""sitemap"", ""portal_metrics""]"
2026-10-05,puertollano-open-data,https://datosabiertos.puertollano.es,10,14,1,2.9.2,"[""stats"", ""text_view"", ""image_view"", ""recline_view""]"
2026-10-05,northwest-territories-open-data,https://opendata.gov.nt.ca,341,15,12,2.9.8,"[""envvars"", ""stats"", ""text_view"", ""image_view"", ""recline_view"", ""xloader"", ""datastore"", ""recline_graph_view"", ""recline_grid_view"", ""recline_map_view"", ""scheming_datasets"", ""scheming_organizations"", ""scheming_groups"", ""harvest"", ""ckan_harvester"", ""spatial_metadata"", ""spatial_query"", ""waf_harvester"", ""csw_harvester"", ""doc_harvester"", ""dcat"", ""dcat_rdf_harvester"", ""dcat_json_harvester"", ""gnwt"", ""resource_proxy"", ""ldap""]"
2026-10-05,ko-obrzeg-gis-open-data,http://opendata.gis.kolobrzeg.pl,71,14,5,2.10.4,"[""activity"", ""datastore""]"
2026-10-05,cigets-public-data,https://dados.face.ufg.br,66,0,6,2.10.1,"[""envvars"", ""image_view"", ""text_view"", ""recline_view"", ""datastore"", ""datapusher""]"
2026-10-05,sugar-land-s-open-data-portal,https://data.sugarlandtx.gov,139,8,26,2.9.11,"[""stats"", ""resource_proxy"", ""ags_fs_view"", ""ags_ms_view"", ""geo_view"", ""geojson_view"", ""wmts_view"", ""shp_view"", ""c3charts"", ""og_datatables_view"", ""officedocs_view"", ""pdf_view"", ""recline_map_view"", ""webpage_view"", ""markdown_view"", ""in_app_reporting"", ""metabase_card_view"", ""metabase_dashboard_view"", ""harvest"", ""datajson"", ""dcat"", ""dcat_rdf_harvester"", ""dcat_json_harvester"", ""dcat_json_interface"", ""structured_data"", ""waf_harvester"", ""custom_harvest"", ""package_search_harvester"", ""datagov_harvester"", ""sugarland_theme"", ""opengov_custom_theme"", ""opengov_custom_css"", ""opengov_custom_header"", ""opengov_custom_homepage"", ""opengov_custom_footer"", ""image_view"", ""cloudstorage"", ""odata"", ""opengov_datastore"", ""datastore"", ""xloader"", ""extractor"", ""opengov_pages"", ""pages"", ""opengov_stories"", ""showcase"", ""subscribe"", ""security"", ""opengov_auth"", ""featuredviews"", ""heroslideradmin"", ""googleanalytics"", ""sitemap"", ""portal_metrics""]"
2026-10-05,city-of-jackson-open-data,https://open.jacksonms.gov,33,5,1,2.9.11,"[""stats"", ""resource_proxy"", ""ags_fs_view"", ""ags_ms_view"", ""geo_view"", ""geojson_view"", ""wmts_view"", ""shp_view"", ""c3charts"", ""og_datatables_view"", ""officedocs_view"", ""pdf_view"", ""recline_map_view"", ""webpage_view"", ""markdown_view"", ""in_app_reporting"", ""metabase_card_view"", ""metabase_dashboard_view"", ""harvest"", ""datajson"", ""dcat"", ""dcat_rdf_harvester"", ""dcat_json_harvester"", ""dcat_json_interface"", ""structured_data"", ""waf_harvester"", ""custom_harvest"", ""package_search_harvester"", ""datagov_harvester"", ""opengov_custom_theme"", ""opengov_custom_css"", ""opengov_custom_header"", ""opengov_custom_homepage"", ""opengov_custom_footer"", ""image_view"", ""cloudstorage"", ""odata"", ""datastore"", ""xloader"", ""extractor"", ""opengov_pages"", ""pages"", ""opengov_stories"", ""showcase"", ""subscribe"", ""security"", ""opengov_auth"", ""featuredviews"", ""heroslideradmin"", ""googleanalytics"", ""sitemap"", ""portal_metrics""]"
2026-10-05,gayo-lues-open-data,https://data.gayolueskab.go.id,0,0,0,,
2026-10-05,pidie-jaya-open-data,https://data.pidiejayakab.go.id,258,12,49,2.7.4,"[""stats"", ""text_view"", ""image_view"", ""recline_view"", ""datastore"", ""datapusher"", ""apihelper"", ""kotakab_aceh"", ""sitemap""]"
2026-10-05,pidie-regency-open-data,https://data.pidiekab.go.id,580,39,59,2.7.4,"[""stats"", ""text_view"", ""image_view"", ""recline_view"", ""datastore"", ""datapusher"", ""apihelper"", ""kotakab_aceh""]"
2026-10-05,demak-regency-open-data,https://data.demakkab.go.id,27983,10,79,2.11.4,"[""stats"", ""text_view"", ""image_view"", ""datatables_view"", ""datastore"", ""demaktheme""]"
2026-10-05,brazilian-forest-service-data-portal,https://dados.florestal.gov.br,60,23,4,2.10.4,"[""envvars"", ""image_view"", ""text_view"", ""recline_view"", ""datastore"", ""datapusher""]"
2026-10-05,ufs-organizational-processes-data,https://processosorganizacionais.ufs.br,0,0,0,,
2026-10-05,open-data-ufam,https://dadosabertos.ufam.edu.br,82,15,1,2.9.5,"[""stats"", ""text_view"", ""image_view"", ""recline_view"", ""datastore"", ""datapusher""]"
2026-10-05,gera-open-data-portal,https://opendata.gera.de,2,1,2,2.10.9,"[""image_view"", ""text_view"", ""recline_view"", ""envvars""]"
2026-10-05,geosphere-austria-data-hub,https://data.hub.geosphere.at,112,23,4,2.11.3,"[""image_view"", ""text_view"", ""datatables_view"", ""datastore"", ""envvars""]"
2026-10-05,ufsj-open-data-portal,http://dados.ufsj.edu.br,12,11,1,2.5.2,"[""stats"", ""text_view"", ""image_view"", ""recline_view"", ""webpage_view"", ""recline_grid_view"", ""datastore"", ""datapusher"", ""example_theme"", ""noregistration""]"
2026-10-05,ufgd-open-data,https://dadosabertos.ufgd.edu.br,0,0,0,,
2026-10-05,ufrb-open-data,https://dados.ufrb.edu.br,55,7,1,2.7.0a,"[""stats"", ""text_view"", ""image_view"", ""recline_view"", ""datastore""]"
2026-10-05,uff-open-data-portal,https://dados.uff.br,23,5,1,2.7.2,"[""stats"", ""text_view"", ""image_view"", ""recline_view"", ""uff_theme"", ""datastore"", ""datapusher"", ""pdf_view""]"
2026-10-05,ufg-open-data,https://dados.ufg.br,34,7,1,2.9.0a,"[""stats"", ""text_view"", ""image_view"", ""recline_view"", ""ldap"", ""ufg_theme"", ""datastore""]"
2026-10-05,open-data-ufscar,https://dados.ufscar.br,9,5,1,2.10.10,"[""envvars"", ""image_view"", ""text_view"", ""recline_view"", ""datastore"", ""datapusher""]"
2026-10-05,ufv-open-data-portal,https://dados.ufv.br,54,6,1,2.8.1,"[""stats"", ""text_view"", ""image_view"", ""recline_view"", ""datastore"", ""datapusher"", ""webpage_view""]"
2026-10-05,federal-university-of-juiz-de-fora-data-portal,https://dados.ufjf.br,31,7,1,2.10.10,"[""activity"", ""datastore"", ""xloader""]"
2026-10-05,grupo-xcaret-sustainability-data,https://xtoria.grupoxcaret.com,49,15,12,2.9.9,"[""envvars"", ""image_view"", ""text_view"", ""recline_view"", ""datastore"", ""datapusher"", ""contact"", ""bulkupload"", ""xcaret"", ""saml2auth"", ""pages"", ""scheming_datasets"", ""pdf_view"", ""zip_view""]"
2026-10-05,plymouth-data-place,http://dataplay.org.uk,174,7,10,2.10.8,"[""activity"", ""text_view"", ""image_view"", ""pdf_view"", ""geo_view"", ""geojson_view"", ""datatables_view"", ""datastore"", ""xloader"", ""resource_proxy"", ""recline_view"", ""recline_grid_view"", ""recline_graph_view"", ""tdp"", ""pcc""]"
2026-10-05,moers-open-data-portal,https://offenesdatenportal.de,1122,14,14,2.11.0,"[""stats"", ""datastore"", ""xloader"", ""resource_proxy"", ""showcase"", ""text_view"", ""image_view"", ""datatables_view"", ""geo_view"", ""geojson_view"", ""shp_view"", ""pdf_view"", ""dcat"", ""dcatde"", ""krzn""]"
2026-10-05,detroit-open-data-portal,https://detroitdata.org,1617,0,93,2.10.4,"[""envvars"", ""resource_proxy"", ""image_view"", ""text_view"", ""recline_view"", ""geo_view"", ""shp_view"", ""datatables_view"", ""datastore"", ""datapusher"", ""harvest"", ""ckan_harvester"", ""dcat"", ""dcat_rdf_harvester"", ""dcat_json_harvester"", ""dcat_json_interface"", ""structured_data"", ""detroit_data"", ""showcase"", ""pages"", ""scheming_groups"", ""activity""]"
2026-10-05,open-data-of-the-city-of-montreal,https://donnees.ville.montreal.qc.ca,405,12,6,2.11.5,"[""envvars"", ""activity"", ""stats"", ""resource_proxy"", ""datatables_view"", ""text_view"", ""image_view"", ""datastore"", ""xloader"", ""webpage_view"", ""harvest"", ""ckan_harvester"", ""dcat"", ""dcat_rdf_harvester"", ""dcat_json_harvester"", ""dcat_json_interface"", ""spatial_metadata"", ""spatial_query"", ""structured_data"", ""disqus"", ""montreal_theme"", ""pages"", ""showcase"", ""password_policy"", ""cloudstorage"", ""scheming_datasets""]"
2026-10-05,rostock-open-data-portal,https://opendata-hro.de,281,14,6,2.12.0,"[""activity"", ""ckan_harvester"", ""datastore"", ""datatables_view"", ""dcat"", ""dcat_rdf_harvester"", ""geojson_view"", ""harvest"", ""hro_dcatapde"", ""hro_theme"", ""resource_proxy"", ""spatial_metadata"", ""spatial_query"", ""stats"", ""structured_data""]"
2026-10-05,open-data-poa,https://dados.portoalegre.rs.gov.br,62,10,25,2.7.2,"[""stats"", ""text_view"", ""image_view"", ""recline_view"", ""webpage_view"", ""pdf_view"", ""recline_map_view"", ""resource_proxy"", ""datastore"", ""datapusher"", ""viewhelpers"", ""dashboard_preview"", ""linechart"", ""barchart"", ""piechart"", ""basicgrid"", ""navigablemap"", ""choroplethmap"", ""tema_datapoa"", ""geo_view"", ""geojson_view"", ""wmts_view""]"
2026-10-05,virginia-open-data-portal,https://data.virginia.gov,31920,17,64,2.9.11,"[""stats"", ""resource_proxy"", ""ags_fs_view"", ""ags_ms_view"", ""geo_view"", ""geojson_view"", ""wmts_view"", ""shp_view"", ""c3charts"", ""og_datatables_view"", ""officedocs_view"", ""pdf_view"", ""recline_map_view"", ""webpage_view"", ""markdown_view"", ""in_app_reporting"", ""metabase_card_view"", ""metabase_dashboard_view"", ""harvest"", ""datajson"", ""dcat"", ""dcat_rdf_harvester"", ""dcat_json_harvester"", ""dcat_json_interface"", ""structured_data"", ""waf_harvester"", ""custom_harvest"", ""package_search_harvester"", ""datagov_harvester"", ""virginia_schema"", ""scheming_datasets"", ""virginia_theme"", ""opengov_custom_theme"", ""opengov_custom_css"", ""opengov_custom_header"", ""opengov_custom_homepage"", ""opengov_custom_footer"", ""image_view"", ""cloudstorage"", ""odata"", ""opengov_datastore"", ""datastore"", ""xloader"", ""extractor"", ""contact"", ""opengov_pages"", ""pages"", ""opengov_stories"", ""showcase"", ""subscribe"", ""security"", ""opengov_auth"", ""featuredviews"", ""heroslideradmin"", ""googleanalytics"", ""sitemap"", ""portal_metrics""]"
2026-10-05,naples-economics-data-archive,http://ckan.acs.beniculturali.it,56,3,3,2.4.1,"[""stats"", ""text_view"", ""image_view"", ""recline_view"", ""datastore"", ""datapusher"", ""pdf_view""]"
2026-10-05,accounting-system-department-of-water-resources,http://ckan.dwr.go.th,48,10,9,2.10.7,"[""thai_gdc"", ""showcase"", ""stats"", ""opendstats"", ""activity"", ""image_view"", ""datatables_view"", ""text_view"", ""webpage_view"", ""resource_proxy"", ""geo_view"", ""geojson_view"", ""shp_view"", ""xloader"", ""datastore"", ""pdf_view"", ""dcat"", ""dcat_json_interface"", ""structured_data"", ""scheming_datasets"", ""hierarchy_display"", ""hierarchy_form"", ""envvars""]"
2026-10-05,gia-lai-database,http://csdlcntmgialai.gov.vn,0,14,9,2.5.3,"[""stats"", ""text_view"", ""image_view"", ""recline_view"", ""datastore"", ""pdf_view"", ""officedocs_view"", ""datamx_theme"", ""datapusher"", ""hierarchy_display"", ""hierarchy_form"", ""ord_hierarchy"", ""pages""]"
2026-10-05,ifms-open-data-portal,http://dados.ifms.edu.br,27,27,1,2.6.2,"[""datapusher"", ""datastore"", ""stats"", ""text_view"", ""image_view"", ""recline_view""]"
2026-10-05,sao-paulo-open-data-portal,http://dados.prefeitura.sp.gov.br,488,16,81,2.7.7,"[""stats"", ""text_view"", ""image_view"", ""resource_proxy"", ""pdf_view"", ""webpage_view"", ""recline_grid_view"", ""recline_graph_view"", ""recline_map_view"", ""recline_view"", ""prodam_tema_exemplo"", ""datastore"", ""datapusher""]"
2026-10-05,ufsm-open-data,http://dados.ufsm.br,0,0,0,,
2026-10-05,san-jose-ca-open-data-portal,https://data.sanjoseca.gov,171,7,19,2.9.11,"[""stats"", ""resource_proxy"", ""ags_fs_view"", ""ags_ms_view"", ""geo_view"", ""geojson_view"", ""wmts_view"", ""shp_view"", ""c3charts"", ""og_datatables_view"", ""officedocs_view"", ""pdf_view"", ""recline_map_view"", ""webpage_view"", ""markdown_view"", ""in_app_reporting"", ""metabase_card_view"", ""metabase_dashboard_view"", ""harvest"", ""datajson"", ""dcat"", ""dcat_rdf_harvester"", ""dcat_json_harvester"", ""dcat_json_interface"", ""structured_data"", ""waf_harvester"", ""custom_harvest"", ""package_search_harvester"", ""datagov_harvester"", ""sanjose_schema"", ""scheming_datasets"", ""opengov_custom_theme"", ""opengov_custom_css"", ""opengov_custom_header"", ""opengov_custom_homepage"", ""opengov_custom_footer"", ""image_view"", ""cloudstorage"", ""odata"", ""opengov_datastore"", ""datastore"", ""xloader"", ""extractor"", ""contact"", ""opengov_pages"", ""pages"", ""opengov_stories"", ""showcase"", ""subscribe"", ""security"", ""opengov_auth"", ""heroslideradmin"", ""googleanalytics"", ""sitemap"", ""portal_metrics""]"
2026-10-05,portal-of-open-data-from-the-ggm-ras,http://data.sgm.ru,50,2,1,2.7.2,"[""stats"", ""viewhelpers"", ""text_view"", ""image_view"", ""recline_view"", ""recline_grid_view"", ""datastore"", ""datapusher"", ""spatial_metadata"", ""spatial_query"", ""spatialUI"", ""pdf_view"", ""webpage_view"", ""piechart"", ""pages"", ""hierarchy_display"", ""hierarchy_form"", ""findfull"", ""exhibit"", ""list"", ""listdeposits"", ""listmono"", ""sgm_help"", ""sgm_monographic""]"
2026-10-05,open-data-caba-legislature,http://datos.legislatura.gob.ar,52,10,2,2.7.5,"[""stats"", ""text_view"", ""image_view"", ""recline_view"", ""hierarchy_display"", ""hierarchy_form"", ""dcat"", ""structured_data"", ""gobar_theme"", ""datastore"", ""datapusher"", ""seriestiempoarexplorer"", ""googleanalytics""]"
2026-10-05,badajoz-provincial-council-development-open-data,https://datosabiertos.dip-badajoz.es,107,13,4,2.7.2,"[""dcat"", ""dcat_rdf_harvester"", ""harvest"", ""ckan_harvester"", ""resource_proxy"", ""dietstars"", ""datarequests"", ""recline_grid_view"", ""pages"", ""discovery"", ""tag_cloud"", ""feedback"", ""guilfordnc-theme"", ""geojsonview"", ""stats"", ""text_view"", ""image_view"", ""datastore"", ""datapusher"", ""recline_graph_view"", ""linechart"", ""barchart"", ""piechart"", ""basicgrid"", ""pdf_view"", ""recline_view"", ""googleanalytics""]"
2026-10-05,mercedes-open-data,https://datosabiertos.mercedes.gob.ar,313,21,24,2.7.6,"[""stats"", ""text_view"", ""image_view"", ""recline_view"", ""hierarchy_display"", ""hierarchy_form"", ""dcat"", ""structured_data"", ""gobar_theme"", ""datastore"", ""datapusher"", ""seriestiempoarexplorer"", ""googleanalytics""]"
2026-10-05,sesmim-knowledge-portal,http://edu.mrpam.gov.mn,301,5,9,2.8.1,"[""stats"", ""text_view"", ""image_view"", ""recline_view"", ""recline_grid_view"", ""recline_graph_view"", ""pdf_view"", ""resource_proxy"", ""sesmim""]"
2026-10-05,municipality-of-goya-open-data-portal,http://goy-cte-datos.paisdigital.modernizacion.gob.ar,122,0,62,2.7.5,"[""stats"", ""text_view"", ""image_view"", ""recline_view"", ""hierarchy_display"", ""hierarchy_form"", ""dcat"", ""structured_data"", ""gobar_theme"", ""datastore"", ""datapusher"", ""googleanalytics""]"
2026-10-05,lujan-open-data,http://luj-bue-datos.paisdigital.innovacion.gob.ar,182,12,14,2.7.6,"[""stats"", ""text_view"", ""image_view"", ""recline_view"", ""hierarchy_display"", ""hierarchy_form"", ""dcat"", ""structured_data"", ""gobar_theme"", ""datastore"", ""datapusher"", ""seriestiempoarexplorer"", ""googleanalytics""]"
2026-10-05,portale-open-data-comune-di-messina,https://opendata.comune.messina.it,114,13,6,2.10.3,"[""envvars"", ""datatables_view"", ""image_view"", ""text_view"", ""recline_view"", ""datastore"", ""datapusher"", ""harvest"", ""ckan_harvester"", ""dcat"", ""dcat_rdf_harvester"", ""dcat_json_harvester"", ""dcat_json_interface"", ""structured_data"", ""dcatapit_pkg"", ""dcatapit_org"", ""dcatapit_config"", ""dcatapit_theme_group_mapper""]"
2026-10-05,sitcan-open-data,https://opendata.sitcan.es,174,10,12,2.10.4,"[""stats"", ""image_view"", ""resource_proxy"", ""dcat"", ""dcat_rdf_harvester"", ""dcat_json_harvester"", ""dcat_json_interface""]"
2026-10-05,municipality-of-ezeiza-open-data-portal-buenos-aires,http://pe.181.209.63.227.nip.io,0,2,3,2.7.5,"[""stats"", ""text_view"", ""image_view"", ""recline_view"", ""hierarchy_display"", ""hierarchy_form"", ""dcat"", ""structured_data"", ""gobar_theme"", ""datastore"", ""datapusher"", ""googleanalytics""]"
2026-10-05,merit-mongolia-data-portal,http://portal.merit.mn,201,3,13,2.8.1,"[""stats"", ""text_view"", ""image_view"", ""recline_view"", ""recline_grid_view"", ""recline_graph_view"", ""pdf_view"", ""resource_proxy"", ""merit""]"
2026-10-05,tunisia-culture-open-data,http://www.openculture.gov.tn,328,12,18,2.5.3,"[""resource_proxy"", ""stats"", ""text_view"", ""image_view"", ""recline_view"", ""recline_map_view"", ""webpage_view"", ""datastore"", ""datapusher"", ""disqus"", ""harvest"", ""ckan_harvester"", ""pages"", ""pdf_view"", ""dcat"", ""dcat_rdf_harvester"", ""dcat_json_harvester"", ""dcat_json_interface"", ""geojson_view"", ""spatial_metadata"", ""spatial_query"", ""linechart"", ""barchart"", ""piechart"", ""basicgrid"", ""navigablemap"", ""choroplethmap"", ""panamatheme"", ""contact"", ""archiver"", ""report"", ""qa"", ""gallery_view"", ""rating"", ""googleanalytics"", ""datarequests"", ""noregistration""]"
2026-10-05,izmir-metropolitan-municipality-open-data-portal,https://acikveri.bizizmir.com,250,10,37,2.8.5,"[""stats"", ""text_view"", ""image_view"", ""recline_view"", ""datastore"", ""datapusher"", ""pdf_view"", ""showcase"", ""datarequests"", ""webpage_view"", ""resource_proxy"", ""geo_view"", ""datasetrestore"", ""staledatasetreport"", ""adminusers"", ""auditlog"", ""adminoverview"", ""populardatasets"", ""datarequestmanager""]"
2026-10-05,open-data-ni,https://admin.opendatani.gov.uk,1113,9,86,2.10.11,"[""stats"", ""resource_proxy"", ""image_view"", ""text_view"", ""dataexplorer_view"", ""dataexplorer_table_view"", ""dataexplorer_chart_view"", ""dataexplorer_map_view"", ""dataexplorer_web_view"", ""datastore"", ""datapusher"", ""activity"", ""harvest"", ""ckan_harvester"", ""pages"", ""opendatani"", ""scheming_datasets"", ""googleanalytics"", ""dcat_rdf_harvester"", ""nisra_jsondcat"", ""hierarchy_display"", ""hierarchy_form"", ""dcat"", ""showcase"", ""datarequests"", ""contact"", ""s3filestore"", ""envvars""]"
2026-10-05,alaska-epscor-central-portal,https://catalog.epscor.alaska.edu,0,47,48,2.8.6,"[""stats"", ""text_view"", ""image_view"", ""recline_view"", ""spatial_metadata"", ""spatial_query"", ""googleanalytics"", ""harvest"", ""ckan_harvester"", ""axiom_harvester"", ""epscor""]"
2026-10-05,accounting-system-office-of-the-permanent-secretary-ministry-of-finance,https://catalog.mof.go.th,53,7,2,2.10.7,"[""thai_gdc"", ""showcase"", ""stats"", ""opendstats"", ""activity"", ""image_view"", ""datatables_view"", ""text_view"", ""webpage_view"", ""resource_proxy"", ""geo_view"", ""geojson_view"", ""shp_view"", ""xloader"", ""datastore"", ""pdf_view"", ""dcat"", ""dcat_json_interface"", ""structured_data"", ""scheming_datasets"", ""hierarchy_display"", ""hierarchy_form""]"
2026-10-05,kanazawa-city-open-data-portal,https://catalog-data.city.kanazawa.ishikawa.jp,319,10,7,2.9.4,"[""datastore"", ""datapusher"", ""stats"", ""googleanalytics"", ""text_view"", ""image_view"", ""recline_view"", ""recline_grid_view"", ""recline_map_view"", ""recline_graph_view"", ""notification"", ""oidc"", ""pdf_view""]"
2026-10-05,pba-open-data,https://catalogo.datos.gba.gob.ar,102,11,24,2.7.6,"[""stats"", ""text_view"", ""image_view"", ""recline_view"", ""hierarchy_display"", ""hierarchy_form"", ""dcat"", ""structured_data"", ""gobar_theme"", ""datastore"", ""datapusher"", ""seriestiempoarexplorer"", ""googleanalytics"", ""andinotemplate""]"
2026-10-05,uruguay-national-open-data-catalog,https://catalogodatos.gub.uy,8,22,73,2.11.5,"[""resource_proxy"", ""datastore"", ""xloader"", ""activity"", ""stats"", ""dcat"", ""harvest"", ""ckan_harvester"", ""dcat_rdf_harvester"", ""dcat_json_harvester"", ""dcat_json_interface"", ""qa"", ""googleanalytics"", ""text_view"", ""image_view"", ""datatables_view"", ""webpage_view"", ""linechart"", ""barchart"", ""piechart"", ""geo_view"", ""shp_view"", ""pdf_view"", ""geojson_view"", ""spatial_metadata"", ""spatial_query"", ""showcase"", ""agesic"", ""report"", ""repo_info"", ""iduruguay""]"
2026-10-05,san-diego-county-data,https://civicdata.com,422,2,1,2.9.9,"[""text_view"", ""recline_view"", ""recline_grid_view"", ""recline_graph_view"", ""recline_map_view"", ""image_view"", ""resource_proxy"", ""stats"", ""datastore"", ""datapusher"", ""geojson_view"", ""spatial_metadata"", ""spatial_query"", ""custom_api"", ""custom_extension""]"
2026-10-05,open-data-portal-of-the-city-of-mendoza,https://ckan.ciudaddemendoza.gob.ar,180,13,33,2.7.6,"[""stats"", ""text_view"", ""image_view"", ""recline_view"", ""hierarchy_display"", ""hierarchy_form"", ""dcat"", ""structured_data"", ""gcbaandinotheme"", ""gobar_theme"", ""datastore"", ""datapusher"", ""seriestiempoarexplorer"", ""googleanalytics""]"
2026-10-05,gerontomics-aging-research-data,https://ckan.dev.aging-research.group,2,0,6,2.7.2,"[""sysbio_state"", ""sysbio_package"", ""sysbio_gerontomics"", ""sysbio_theme"", ""stats"", ""resource_proxy"", ""text_view"", ""image_view"", ""recline_view""]"
2026-10-05,emac-exoplanet-data-repository,https://ckan.emac.gsfc.nasa.gov,34,7,12,2.11.4,"[""image_view"", ""text_view"", ""datatables_view"", ""datastore"", ""datapusher"", ""envvars""]"
2026-10-05,open-data-from-the-rio-de-janeiro-botanical-garden-research-institute,https://ckan.jbrj.gov.br,0,0,0,,
2026-10-05,mots-thailand-data-portal,https://ckan.mots.go.th,0,0,0,,
2026-10-05,gdansk-open-data,https://ckan.multimediagdansk.pl,66,11,5,2.10.4,"[""activity"", ""datastore"", ""datapusher"", ""image_view"", ""recline_view"", ""text_view"", ""datatables_view""]"
2026-10-05,akita-prefecture-open-data,https://ckan.pref.akita.lg.jp,264,17,12,2.10.5,"[""feedback"", ""stats"", ""text_view"", ""image_view"", ""recline_grid_view"", ""recline_graph_view"", ""recline_map_view"", ""webpage_view"", ""geojson_view"", ""datastore"", ""xloader"", ""officedocs_view"", ""googleanalytics"", ""dcat"", ""dcat_rdf_harvester"", ""structured_data"", ""derivatives""]"
2026-10-05,tirana-open-data-portal,https://ckan.tirana.al,251,11,15,2.8.4,"[""stats"", ""text_view"", ""image_view"", ""recline_view"", ""recline_grid_view"", ""recline_graph_view"", ""recline_map_view"", ""webpage_view"", ""spatial_metadata"", ""harvest"", ""ckan_harvester"", ""datastore"", ""datapusher"", ""resource_proxy"", ""geojson_view"", ""viewhelpers"", ""dashboard_preview"", ""linechart"", ""barchart"", ""piechart"", ""ags_fs_view"", ""ags_ms_view""]"
2026-10-05,salou-open-data-portal,https://dadesobertes.salou.cat,36,5,1,2.11.5,"[""envvars"", ""datastore"", ""datapusher"", ""stats"", ""activity"", ""text_view"", ""image_view"", ""datatables_view"", ""salou_theme""]"
2026-10-05,valls-open-data-portal,https://dadesobertes.valls.cat,26,22,4,2.11.5,"[""image_view"", ""text_view"", ""datastore"", ""datapusher"", ""envvars"", ""datatables_view"", ""webpage_view"", ""pdf_view"", ""resource_proxy"", ""geo_view"", ""geojson_view"", ""wmts_view"", ""shp_view"", ""navigablemap"", ""choroplethmap"", ""spatial_metadata"", ""spatial_query"", ""activity""]"
2026-10-05,open-data-portal-of-the-ministry-of-agriculture-and-livestock,https://dados.agricultura.gov.br,13,1,2,2.6.9,"[""stats"", ""text_view"", ""image_view"", ""recline_view""]"
2026-10-05,antt-open-data-portal,https://dados.antt.gov.br,106,8,1,2.8.3,"[""stats"", ""text_view"", ""image_view"", ""pdf_view"", ""datapusher"", ""datastore"", ""antt_theme"", ""googleanalytics""]"
2026-10-05,open-data-portal-cefet-rj,https://dados.cefet-rj.br,29,1,1,2.9.5,"[""image_view"", ""text_view"", ""recline_view"", ""datastore"", ""datapusher"", ""envvars""]"
2026-10-05,ciga-open-data-portal,https://dados.ciga.sc.gov.br,590,5,4,2.9.2,"[""stats"", ""text_view"", ""image_view"", ""recline_view""]"
2026-10-05,cvm-open-data-portal,https://dados.cvm.gov.br,54,18,1,2.11.0,"[""activity"", ""stats"", ""pages"", ""googleanalytics""]"
2026-10-05,espirito-santo-open-data-portal,https://dados.es.gov.br,510,30,46,2.11.5,"[""image_view"", ""text_view"", ""datatables_view"", ""datastore"", ""xloader"", ""envvars"", ""s3filestore"", ""pdf_view"", ""es"", ""oidc_pkce"", ""acessocidadaoes"", ""tracking""]"
2026-10-05,ibict-open-data,https://dados.ibict.br,0,0,0,,
2026-10-05,ifpb-open-data-portal,https://dados.ifpb.edu.br,14,8,1,2.8.2,"[""stats"", ""text_view"", ""image_view"", ""recline_view"", ""datastore"", ""datapusher""]"
2026-10-05,ifrn-open-data-portal,https://dados.ifrn.edu.br,11,0,1,2.11.5,"[""resource_proxy"", ""image_view"", ""text_view"", ""datastore"", ""datatables_view"", ""datapusher""]"
2026-10-05,ifsuldeminas-open-data-portal,https://dados.ifsuldeminas.edu.br,26,11,1,2.8.0,"[""stats"", ""text_view"", ""image_view"", ""datastore"", ""datapusher"", ""recline_view"", ""recline_grid_view"", ""resource_proxy""]"
2026-10-05,open-data-portal-of-the-state-of-minas-gerais,https://dados.mg.gov.br,101,7,18,2.9.5,"[""stats"", ""text_view"", ""image_view"", ""recline_view"", ""datastore"", ""datapusher"", ""recline_grid_view"", ""webpage_view"", ""recline_graph_view"", ""resource_proxy"", ""geo_view"", ""geojson_view"", ""shp_view"", ""googleanalytics""]"
2026-10-05,mma-open-data-portal,https://dados.mma.gov.br,40,0,1,2.6.2,"[""stats"", ""text_view"", ""image_view"", ""recline_view""]"
2026-10-05,ons-open-data,https://dados.ons.org.br,85,6,3,2.11.5,"[""ons_template"", ""sso"", ""image_view"", ""text_view"", ""activity"", ""tiagopda"", ""sitemap"", ""envvars""]"
2026-10-05,pernambuco-open-data-portal,https://dados.pe.gov.br,46,3,8,2.8.4,"[""stats"", ""text_view"", ""image_view"", ""recline_view"", ""datastore"", ""datapusher""]"
2026-10-05,ministry-of-infrastructure,https://dados.transportes.gov.br,56,13,3,2.11.6,"[""stats"", ""text_view"", ""image_view"", ""activity""]"
2026-10-05,ufca-open-data-portal,https://dados.ufca.edu.br,20,1,1,,"[""stats"", ""text_view"", ""image_view"", ""activity""]"
2026-10-05,ufcspa-open-data,https://dados.ufcspa.edu.br,33,12,1,2.6.0,"[""stats"", ""text_view"", ""image_view"", ""recline_view"", ""recline_grid_view"", ""datastore"", ""datapusher"", ""resource_proxy""]"
2026-10-05,ufmg-dados-abertos,https://dados.ufmg.br,25,0,1,2.9.2,"[""stats"", ""text_view"", ""image_view"", ""recline_view"", ""datastore"", ""datapusher""]"
2026-10-05,ufs-open-data-portal,https://dados.ufs.br,0,0,0,,
2026-10-05,unifei-open-data,http://dados.unifei.edu.br,0,6,1,2.8.0,"[""stats"", ""text_view"", ""image_view"", ""recline_view"", ""datastore"", ""datapusher"", ""unifei_theme""]"
2026-10-05,bndes-open-data-portal,https://dadosabertos.bndes.gov.br,47,26,1,2.11.3,"[""image_view"", ""pdf_view"", ""text_view"", ""datatables_view"", ""datastore"", ""stats"", ""tracking"", ""envvars""]"
2026-10-05,capes-open-data,https://dadosabertos.capes.gov.br,93,30,4,2.9.5,"[""stats"", ""text_view"", ""image_view"", ""recline_view"", ""datastore"", ""resource_proxy"", ""datapusher"", ""webpage_view"", ""pdf_view"", ""capes_template""]"
2026-10-05,ifal-open-data-portal,https://dadosabertos.ifal.edu.br,48,9,1,2.8.7,"[""stats"", ""text_view"", ""image_view"", ""recline_view"", ""datastore"", ""datapusher"", ""resource_proxy""]"
2026-10-05,open-data-ufpb,https://dadosabertos.ufpb.br,23,3,1,2.9.5,"[""stats"", ""text_view"", ""image_view"", ""recline_view""]"
2026-10-05,west-aceh-open-data,https://data.acehbaratkab.go.id,731,22,56,2.7.4,"[""stats"", ""text_view"", ""image_view"", ""recline_view"", ""datastore"", ""datapusher"", ""apihelper"", ""kotakab_aceh_sentral""]"
2026-10-05,digitwin-databank,https://data.beta.geodan.nl,146,76,29,2.11.5,"[""envvars"", ""text_view"", ""image_view"", ""datatables_view"", ""datastore"", ""datapusher"", ""cesium_view"", ""geodan_theme"", ""resource_proxy"", ""geo_view"", ""wmts_view"", ""geojson_view"", ""shp_view"", ""hierarchy_display"", ""hierarchy_group_form""]"
2026-10-05,city-of-birmingham,https://data.birminghamal.gov,118,16,22,2.9.11,"[""stats"", ""resource_proxy"", ""ags_fs_view"", ""ags_ms_view"", ""geo_view"", ""geojson_view"", ""wmts_view"", ""shp_view"", ""c3charts"", ""og_datatables_view"", ""officedocs_view"", ""pdf_view"", ""recline_map_view"", ""webpage_view"", ""markdown_view"", ""in_app_reporting"", ""metabase_card_view"", ""metabase_dashboard_view"", ""harvest"", ""datajson"", ""dcat"", ""dcat_rdf_harvester"", ""dcat_json_harvester"", ""dcat_json_interface"", ""structured_data"", ""waf_harvester"", ""custom_harvest"", ""package_search_harvester"", ""datagov_harvester"", ""opengov_custom_theme"", ""opengov_custom_css"", ""opengov_custom_header"", ""opengov_custom_homepage"", ""opengov_custom_footer"", ""image_view"", ""cloudstorage"", ""odata"", ""datastore"", ""xloader"", ""extractor"", ""contact"", ""opengov_pages"", ""pages"", ""opengov_stories"", ""showcase"", ""subscribe"", ""security"", ""opengov_auth"", ""featuredviews"", ""heroslideradmin"", ""googleanalytics"", ""sitemap"", ""portal_metrics""]"
2026-10-05,california-open-data,https://data.ca.gov,4665,8,62,2.9.11,"[""stats"", ""resource_proxy"", ""ags_fs_view"", ""ags_ms_view"", ""geo_view"", ""geojson_view"", ""wmts_view"", ""shp_view"", ""c3charts"", ""og_datatables_view"", ""officedocs_view"", ""pdf_view"", ""recline_map_view"", ""webpage_view"", ""markdown_view"", ""in_app_reporting"", ""metabase_card_view"", ""metabase_dashboard_view"", ""harvest"", ""harvest_notification"", ""datajson"", ""dcat"", ""dcat_rdf_harvester"", ""dcat_json_harvester"", ""dcat_json_interface"", ""structured_data"", ""waf_harvester"", ""custom_harvest"", ""package_search_harvester"", ""datagov_harvester"", ""cademo_schema"", ""scheming_datasets"", ""cademo_theme"", ""opengov_custom_theme"", ""opengov_custom_css"", ""opengov_custom_header"", ""opengov_custom_homepage"", ""opengov_custom_footer"", ""image_view"", ""cloudstorage"", ""odata"", ""opengov_datastore"", ""datastore"", ""xloader"", ""extractor"", ""contact"", ""opengov_pages"", ""pages"", ""opengov_stories"", ""showcase"", ""subscribe"", ""security"", ""opengov_auth"", ""featuredviews"", ""heroslideradmin"", ""googleanalytics"", ""google_tag_manager"", ""sitemap"", ""portal_metrics""]"
2026-10-05,capitol-data-portal,https://data.capitol.texas.gov,907,4,1,2.8.2,"[""stats"", ""text_view"", ""image_view"", ""recline_view""]"
2026-10-05,california-health-and-human-services-open-data-portal,https://data.chhs.ca.gov,483,7,16,2.9.11,"[""stats"", ""resource_proxy"", ""ags_fs_view"", ""ags_ms_view"", ""geo_view"", ""geojson_view"", ""wmts_view"", ""shp_view"", ""c3charts"", ""og_datatables_view"", ""officedocs_view"", ""pdf_view"", ""recline_map_view"", ""webpage_view"", ""markdown_view"", ""in_app_reporting"", ""metabase_card_view"", ""metabase_dashboard_view"", ""harvest"", ""harvest_notification"", ""datajson"", ""dcat"", ""dcat_rdf_harvester"", ""dcat_json_harvester"", ""dcat_json_interface"", ""structured_data"", ""waf_harvester"", ""custom_harvest"", ""package_search_harvester"", ""datagov_harvester"", ""chhs_schema"", ""scheming_datasets"", ""chhs_theme"", ""opengov_custom_theme"", ""opengov_custom_css"", ""opengov_custom_header"", ""opengov_custom_homepage"", ""opengov_custom_footer"", ""image_view"", ""cloudstorage"", ""odata"", ""datastore"", ""xloader"", ""downloadall"", ""extractor"", ""contact"", ""opengov_pages"", ""pages"", ""opengov_stories"", ""showcase"", ""subscribe"", ""security"", ""opengov_auth"", ""featuredviews"", ""twitter"", ""cataloginventory"", ""googleanalytics"", ""sitemap"", ""portal_metrics""]"
2026-10-05,yokohama-city-open-data-portal,https://data.city.yokohama.lg.jp,648,12,47,2.9.11,"[""text_view"", ""image_view"", ""recline_view"", ""pdf_view"", ""datastore"", ""datapusher"", ""custom_theme""]"
2026-10-05,city-of-denton-open-data,https://data.cityofdenton.com,32,12,9,2.9.11,"[""stats"", ""resource_proxy"", ""ags_fs_view"", ""ags_ms_view"", ""geo_view"", ""geojson_view"", ""wmts_view"", ""shp_view"", ""c3charts"", ""og_datatables_view"", ""officedocs_view"", ""pdf_view"", ""recline_map_view"", ""webpage_view"", ""markdown_view"", ""in_app_reporting"", ""metabase_card_view"", ""metabase_dashboard_view"", ""harvest"", ""datajson"", ""dcat"", ""dcat_rdf_harvester"", ""dcat_json_harvester"", ""dcat_json_interface"", ""structured_data"", ""custom_harvest"", ""package_search_harvester"", ""datagov_harvester"", ""opengov_custom_theme"", ""opengov_custom_css"", ""opengov_custom_header"", ""opengov_custom_homepage"", ""opengov_custom_footer"", ""image_view"", ""cloudstorage"", ""odata"", ""datastore"", ""xloader"", ""extractor"", ""pages"", ""showcase"", ""subscribe"", ""security"", ""opengov_auth"", ""featuredviews"", ""heroslideradmin"", ""googleanalytics"", ""sitemap"", ""portal_metrics""]"
2026-10-05,bolzano-opendata-portal,http://data.civis.bz.it,930,17,32,2.10.7,"[""stats"", ""resource_proxy"", ""pdf_view"", ""text_view"", ""image_view"", ""recline_view"", ""datatables_view"", ""provbz"", ""azure_auth_b2c"", ""activity"", ""harvest"", ""ckan_harvester"", ""spatial_metadata"", ""spatial_query"", ""dcat"", ""dcat_json_interface"", ""structured_data"", ""multilang"", ""multilang_harvester"", ""multilang_resources"", ""dcatapit_pkg"", ""dcatapit_org"", ""dcatapit_config"", ""dcatapit_vocabulary"", ""dcatapit_harvester"", ""dcatapit_csw_harvester"", ""dcatapit_harvest_list"", ""geonetwork_harvester"", ""provbz_harvester"", ""categorie"", ""pages""]"
2026-10-05,california-natural-resources-agency-open-data,https://data.cnra.ca.gov,21451,9,30,2.9.11,"[""stats"", ""resource_proxy"", ""ags_fs_view"", ""ags_ms_view"", ""geo_view"", ""geojson_view"", ""wmts_view"", ""shp_view"", ""c3charts"", ""og_datatables_view"", ""officedocs_view"", ""pdf_view"", ""recline_map_view"", ""webpage_view"", ""markdown_view"", ""in_app_reporting"", ""metabase_card_view"", ""metabase_dashboard_view"", ""harvest"", ""harvest_notification"", ""datajson"", ""dcat"", ""dcat_rdf_harvester"", ""dcat_json_harvester"", ""dcat_json_interface"", ""structured_data"", ""csw_harvester"", ""csw_fgdc_harvester"", ""waf_harvester"", ""doc_harvester"", ""custom_harvest"", ""package_search_harvester"", ""datagov_harvester"", ""spatial_metadata"", ""spatial_query"", ""cnra_schema"", ""scheming_datasets"", ""composite"", ""cnra_theme"", ""opengov_custom_theme"", ""opengov_custom_css"", ""opengov_custom_header"", ""opengov_custom_homepage"", ""opengov_custom_footer"", ""image_view"", ""cloudstorage"", ""odata"", ""datastore"", ""xloader"", ""extractor"", ""contact"", ""opengov_pages"", ""pages"", ""opengov_stories"", ""showcase"", ""subscribe"", ""security"", ""adfs"", ""opengov_auth"", ""featuredviews"", ""heroslideradmin"", ""orgportals"", ""googleanalytics"", ""sitemap"", ""portal_metrics""]"
2026-10-05,accounting-system-department-of-mineral-resources,http://data.dmr.go.th,0,0,0,,
2026-10-05,open-data-kyrgyzstan,https://data.gov.kg,1413,0,51,2.11.0,"[""activity"", ""datastore"", ""datapusher"", ""maintheme""]"
2026-10-05,nasa-harvest-portal,https://data.harvestportal.org,86,6,16,2.11.6,"[""envvars"", ""text_view"", ""image_view"", ""datatables_view"", ""video_view"", ""webpage_view"", ""datastore"", ""s3filestore"", ""xloader"", ""stats"", ""resource_proxy"", ""harvestportal"", ""oidc_pkce"", ""spatial_metadata"", ""spatial_query"", ""geo_view"", ""wmts_view"", ""shp_view"", ""geojson_view"", ""parquet_view"", ""activity""]"
2026-10-05,city-of-houston-open-data,https://data.houstontx.gov,94,6,28,2.9.11,"[""stats"", ""resource_proxy"", ""ags_fs_view"", ""ags_ms_view"", ""geo_view"", ""geojson_view"", ""wmts_view"", ""shp_view"", ""c3charts"", ""og_datatables_view"", ""officedocs_view"", ""pdf_view"", ""recline_map_view"", ""webpage_view"", ""markdown_view"", ""in_app_reporting"", ""metabase_card_view"", ""metabase_dashboard_view"", ""harvest"", ""datajson"", ""dcat"", ""dcat_rdf_harvester"", ""dcat_json_harvester"", ""dcat_json_interface"", ""structured_data"", ""waf_harvester"", ""custom_harvest"", ""package_search_harvester"", ""datagov_harvester"", ""opengov_custom_theme"", ""opengov_custom_css"", ""opengov_custom_header"", ""opengov_custom_homepage"", ""opengov_custom_footer"", ""image_view"", ""cloudstorage"", ""odata"", ""datastore"", ""xloader"", ""extractor"", ""contact"", ""opengov_pages"", ""pages"", ""opengov_stories"", ""showcase"", ""subscribe"", ""security"", ""opengov_auth"", ""featuredviews"", ""heroslideradmin"", ""googleanalytics"", ""google_tag_manager"", ""sitemap"", ""portal_metrics""]"
2026-10-05,ibb,http://data.ibb.gov.tr,557,9,57,2.9.11,"[""multilang"", ""ibb_theme"", ""ibb_giris"", ""image_view"", ""text_view"", ""recline_view"", ""datastore"", ""envvars"", ""pdf_view"", ""geo_view"", ""xloader"", ""showcase"", ""datarequests""]"
2026-10-05,istaka-inhil-one-independent-data,https://data.inhilkab.go.id,827,16,54,2.9.5,"[""stats"", ""text_view"", ""image_view"", ""datastore"", ""datapusher"", ""xloader"", ""recline_view"", ""recline_graph_view"", ""resource_proxy"", ""pdf_view"", ""visualize"", ""metadata"", ""datatables_view"", ""inhil_theme"", ""pages""]"
2026-10-05,kalamazoo-open-data,https://data.kalamazoocity.org,2,9,7,2.9.11,"[""stats"", ""resource_proxy"", ""ags_fs_view"", ""ags_ms_view"", ""geo_view"", ""geojson_view"", ""wmts_view"", ""shp_view"", ""c3charts"", ""og_datatables_view"", ""officedocs_view"", ""pdf_view"", ""recline_map_view"", ""webpage_view"", ""markdown_view"", ""in_app_reporting"", ""metabase_card_view"", ""metabase_dashboard_view"", ""harvest"", ""datajson"", ""dcat"", ""dcat_rdf_harvester"", ""dcat_json_harvester"", ""dcat_json_interface"", ""structured_data"", ""waf_harvester"", ""custom_harvest"", ""package_search_harvester"", ""datagov_harvester"", ""opengov_custom_theme"", ""opengov_custom_css"", ""opengov_custom_header"", ""opengov_custom_homepage"", ""opengov_custom_footer"", ""image_view"", ""cloudstorage"", ""odata"", ""datastore"", ""xloader"", ""extractor"", ""opengov_pages"", ""pages"", ""opengov_stories"", ""showcase"", ""subscribe"", ""security"", ""opengov_auth"", ""featuredviews"", ""heroslideradmin"", ""googleanalytics"", ""sitemap"", ""portal_metrics""]"
2026-10-05,city-of-milwaukee-open-data-portal,https://data.milwaukee.gov,186,6,19,2.9.11,"[""stats"", ""resource_proxy"", ""ags_fs_view"", ""ags_ms_view"", ""geo_view"", ""geojson_view"", ""wmts_view"", ""shp_view"", ""c3charts"", ""og_datatables_view"", ""officedocs_view"", ""pdf_view"", ""recline_map_view"", ""webpage_view"", ""markdown_view"", ""in_app_reporting"", ""metabase_card_view"", ""metabase_dashboard_view"", ""harvest"", ""datajson"", ""dcat"", ""dcat_rdf_harvester"", ""dcat_json_harvester"", ""dcat_json_interface"", ""structured_data"", ""custom_harvest"", ""package_search_harvester"", ""datagov_harvester"", ""milwaukeewi_theme"", ""opengov_custom_theme"", ""opengov_custom_css"", ""opengov_custom_header"", ""opengov_custom_homepage"", ""opengov_custom_footer"", ""image_view"", ""cloudstorage"", ""odata"", ""opengov_datastore"", ""datastore"", ""xloader"", ""extractor"", ""contact"", ""opengov_pages"", ""pages"", ""opengov_stories"", ""showcase"", ""subscribe"", ""security"", ""opengov_auth"", ""featuredviews"", ""heroslideradmin"", ""cataloginventory"", ""googleanalytics"", ""sitemap"", ""portal_metrics""]"
2026-10-05,nantou-county-government-open-data-platform,https://data.nantou.gov.tw,430,15,22,2.2,"[""stats"", ""text_preview"", ""recline_preview"", ""datastore"", ""tagcloud"", ""chthome"", ""chtconfig"", ""ntstats"", ""datapusher"", ""pages"", ""pdf_preview"", ""package_comment"", ""package_control"", ""cht_tgos_preview""]"
2026-10-05,natural-history-museum-data-portal,https://data.nhm.ac.uk,297,1,2,2.9.9.3,"[""nhm"", ""pdf_view"", ""graph"", ""recline_grid_view"", ""video"", ""gallery"", ""gallery_image"", ""gallery_iiif"", ""list"", ""sketchfab"", ""versioned_tiledmap"", ""gbif"", ""userdatasets"", ""status"", ""contact"", ""doi"", ""query_dois"", ""iiif"", ""stats"", ""statistics"", ""ldap"", ""dcat"", ""versioned_datastore"", ""attribution"", ""webview"", ""image_view"", ""text_view""]"
2026-10-05,northern-territory-government-open-data-portal,https://data.nt.gov.au,1075,12,22,2.11.6,"[""stats"", ""tracking"", ""fortify"", ""ntg_theme"", ""datant"", ""activity"", ""invalid_uris"", ""scheming_datasets"", ""googleanalytics"", ""saml2auth"", ""clone_dataset""]"
2026-10-05,pompano-beach-open-data,https://data.pompanobeachfl.gov,275,12,2,2.9.11,"[""stats"", ""resource_proxy"", ""ags_fs_view"", ""ags_ms_view"", ""geo_view"", ""geojson_view"", ""wmts_view"", ""shp_view"", ""c3charts"", ""og_datatables_view"", ""officedocs_view"", ""pdf_view"", ""recline_map_view"", ""webpage_view"", ""markdown_view"", ""in_app_reporting"", ""metabase_card_view"", ""metabase_dashboard_view"", ""harvest"", ""datajson"", ""dcat"", ""dcat_rdf_harvester"", ""dcat_json_harvester"", ""dcat_json_interface"", ""structured_data"", ""custom_harvest"", ""package_search_harvester"", ""datagov_harvester"", ""opengov_custom_theme"", ""opengov_custom_css"", ""opengov_custom_header"", ""opengov_custom_homepage"", ""opengov_custom_footer"", ""image_view"", ""cloudstorage"", ""odata"", ""datastore"", ""xloader"", ""extractor"", ""contact"", ""opengov_pages"", ""pages"", ""opengov_stories"", ""showcase"", ""subscribe"", ""security"", ""opengov_auth"", ""heroslideradmin"", ""googleanalytics"", ""sitemap"", ""portal_metrics""]"
2026-10-05,oklahoma-s-open-data,https://data.ok.gov,396,18,15,2.9.11,"[""stats"", ""resource_proxy"", ""ags_fs_view"", ""ags_ms_view"", ""geo_view"", ""geojson_view"", ""wmts_view"", ""shp_view"", ""c3charts"", ""og_datatables_view"", ""officedocs_view"", ""pdf_view"", ""recline_map_view"", ""webpage_view"", ""markdown_view"", ""in_app_reporting"", ""metabase_card_view"", ""metabase_dashboard_view"", ""harvest"", ""datajson"", ""dcat"", ""dcat_rdf_harvester"", ""dcat_json_harvester"", ""dcat_json_interface"", ""structured_data"", ""custom_harvest"", ""package_search_harvester"", ""datagov_harvester"", ""oklahoma_theme"", ""opengov_custom_theme"", ""opengov_custom_css"", ""opengov_custom_header"", ""opengov_custom_homepage"", ""image_view"", ""cloudstorage"", ""odata"", ""opengov_datastore"", ""datastore"", ""xloader"", ""extractor"", ""contact"", ""opengov_pages"", ""pages"", ""opengov_stories"", ""showcase"", ""subscribe"", ""security"", ""opengov_auth"", ""featuredviews"", ""heroslideradmin"", ""googleanalytics"", ""sitemap"", ""portal_metrics""]"
2026-10-05,open-data-zurich-city-of-zurich,https://data.stadt-zuerich.ch,942,21,1,2.11.6,"[""stats"", ""harvest"", ""ckan_harvester"", ""stadtzh_harvester"", ""stadtzhtheme"", ""showcase"", ""dcat"", ""datastore"", ""text_view"", ""image_view"", ""xloader"", ""structured_data"", ""stadtzh_losdharvest"", ""datatables_view"", ""ogdch_cmd"", ""s3filestore"", ""envvars""]"
2026-10-05,open-data-san-antonio,https://data.sanantonio.gov,166,11,8,2.9.11,"[""stats"", ""resource_proxy"", ""ags_fs_view"", ""ags_ms_view"", ""geo_view"", ""geojson_view"", ""wmts_view"", ""shp_view"", ""c3charts"", ""og_datatables_view"", ""officedocs_view"", ""pdf_view"", ""webpage_view"", ""markdown_view"", ""in_app_reporting"", ""metabase_card_view"", ""metabase_dashboard_view"", ""harvest"", ""datajson"", ""dcat"", ""dcat_rdf_harvester"", ""dcat_json_harvester"", ""dcat_json_interface"", ""structured_data"", ""custom_harvest"", ""package_search_harvester"", ""datagov_harvester"", ""sanantoniotx_theme"", ""opengov_custom_theme"", ""opengov_custom_css"", ""opengov_custom_header"", ""opengov_custom_homepage"", ""image_view"", ""cloudstorage"", ""odata"", ""opengov_datastore"", ""datastore"", ""xloader"", ""extractor"", ""contact"", ""opengov_pages"", ""pages"", ""opengov_stories"", ""showcase"", ""subscribe"", ""security"", ""opengov_auth"", ""featuredviews"", ""heroslideradmin"", ""googleanalytics"", ""sitemap"", ""portal_metrics""]"
2026-10-05,santa-monica-open-data,https://data.santamonica.gov,82,0,14,2.9.5,"[""envvars"", ""image_view"", ""text_view"", ""webpage_view"", ""pdf_view"", ""datastore"", ""datapusher"", ""resource_proxy"", ""auth"", ""s3filestore"", ""dataexplorer_table_view"", ""googleanalytics"", ""santamonica"", ""odata"", ""expire_api_token"", ""recline_map_view""]"
2026-10-05,skeena-salmon-data-catalogue,https://data.skeenasalmon.info,1420,33,203,2.11.4,"[""skt_theme"", ""image_view"", ""text_view"", ""datatables_view"", ""datastore"", ""envvars"", ""xloader"", ""pdf_view"", ""resource_proxy"", ""geo_view"", ""shp_view""]"
2026-10-05,spatial-hub-scotland,https://data.spatialhub.scot,503,5,0,2.11.4,"[""stats"", ""text_view"", ""image_view"", ""googleanalytics"", ""spatialhubv2"", ""wfs_checker"", ""geoserver_webservice"", ""ord_hierarchy"", ""teams_upload_hook"", ""dcat"", ""dcat_json_interface"", ""structured_data""]"
2026-10-05,sukoharjo-district-opendata,https://data.sukoharjokab.go.id,3523,12,58,2.11.2,"[""activity"", ""themepug""]"
2026-10-05,open-data-tegal-regency,https://data.tegalkab.go.id,2616,23,62,2.11.4,"[""image_view"", ""text_view"", ""datatables_view"", ""datastore"", ""datapusher"", ""envvars""]"
2026-10-05,otemachi-marunouchi-yurakucho-data-library,https://data.tokyo-omy-w.jp,23,3,5,2.10.0a,"[""stats"", ""text_view"", ""image_view"", ""recline_view"", ""addcolumn_rangetype"", ""datastore"", ""datapusher"", ""resource_proxy"", ""limit_dataset_permission_labels_for_apdev""]"
2026-10-05,research-data-repository-of-luh,https://data.uni-hannover.de,497,2,110,2.12.0,"[""activity"", ""envvars"", ""datatables_view"", ""image_view"", ""text_view"", ""pdf_view"", ""resource_proxy"", ""sitemap"", ""datastore"", ""datapusher"", ""hierarchy_display"", ""hierarchy_form"", ""dcat"", ""dcat_json_interface"", ""structured_data"", ""luhcustomization"", ""luhtheme"", ""doi""]"
2026-10-05,open-data-portal-of-the-city-of-zagreb,https://data.zagreb.hr,199,13,1,2.10.3,"[""hrtheme"", ""activity"", ""stats"", ""text_view"", ""image_view"", ""recline_view"", ""datastore"", ""resource_proxy"", ""recline_map_view"", ""recline_graph_view"", ""recline_grid_view"", ""webpage_view"", ""harvest"", ""ckan_harvester"", ""geo_view"", ""dcat"", ""dcat_json_interface"", ""dcat_json_harvester"", ""dcat_rdf_harvester"", ""pdf_view"", ""scheming_datasets"", ""scheming_organizations"", ""googleanalytics"", ""xloader""]"
2026-10-05,gstar-data-sharing-portal,https://data-portal.hpc.swin.edu.au,41,0,0,2.5.2,"[""stats"", ""text_view"", ""image_view"", ""recline_view"", ""datastore"", ""datapusher"", ""resource_proxy"", ""gstar_dataportal_theme"", ""aaf"", ""institute"", ""research_group""]"
2026-10-05,igf-pan-repository,https://dataportal.igf.edu.pl,151,44,8,2.12.0a0,"[""stats"", ""text_view"", ""image_view"", ""datastore"", ""datapusher"", ""resource_proxy"", ""blindfunc"", ""spatial_metadata"", ""spatial_query"", ""composite"", ""scheming_datasets"", ""scheming_groups"", ""scheming_organizations"", ""repeating"", ""geo_view"", ""geojson_view"", ""wmts_view"", ""shp_view"", ""restricted"", ""resource_counter"", ""email_reminder""]"
2026-10-05,opdc-data-portal,https://dataportal.opdc.go.th,66,0,14,2.10.7,"[""thai_gdc"", ""showcase"", ""stats"", ""opendstats"", ""activity"", ""image_view"", ""datatables_view"", ""text_view"", ""webpage_view"", ""resource_proxy"", ""geo_view"", ""geojson_view"", ""shp_view"", ""xloader"", ""datastore"", ""pdf_view"", ""dcat"", ""dcat_json_interface"", ""structured_data"", ""scheming_datasets"", ""hierarchy_display"", ""hierarchy_form"", ""change_error"", ""sort_option"", ""dataset_icon_image"", ""cookieconsent"", ""discovery"", ""searchhistory"", ""dashboard_collection"", ""feedback"", ""pages"", ""favorite"", ""googleanalytics"", ""opdc_theme"", ""pdfapidocs"", ""ytp_comments"", ""opdc_index""]"
2026-10-05,npra-s-data-portal-statens-vegvesen,https://dataut.vegvesen.no,87,5,1,2.11.5,"[""stats"", ""text_view"", ""image_view"", ""datatables_view"", ""dcat"", ""dcat_json_interface"", ""structured_data"", ""scheming_datasets"", ""scheming_organizations"", ""scheming_nerf_index"", ""nora"", ""datastore"", ""xloader"", ""fluent"", ""saml"", ""activity"", ""permissions"", ""permissions_manager"", ""s3filestore"", ""envvars""]"
2026-10-05,data-portal-of-the-rhine-neckar-metropolitan-region,https://daten.digitale-mrn.de,361,1,1,2.9.11,"[""image_view"", ""text_view"", ""datastore"", ""recline_view"", ""datapusher"", ""matomo"", ""ckan_harvester"", ""structured_data"", ""envvars""]"
2026-10-05,opendata-genova-smart,https://dati.comune.genova.it,0,0,0,,
2026-10-05,consip-open-data-portal,https://dati.consip.it,16,19,1,2.9.5,"[""stats"", ""image_view"", ""text_view"", ""recline_view"", ""recline_grid_view"", ""recline_graph_view"", ""datastore"", ""xloader"", ""harvest"", ""ckan_harvester"", ""pdf_view"", ""webpage_view"", ""resource_proxy"", ""geo_view"", ""geojson_view"", ""wmts_view"", ""shp_view"", ""dcat"", ""dcat_rdf_harvester"", ""dcat_json_harvester"", ""dcat_json_interface"", ""structured_data"", ""spatial_metadata"", ""spatial_query"", ""multilang"", ""multilang_harvester"", ""dcatapit_pkg"", ""dcatapit_org"", ""dcatapit_config"", ""dcatapit_subcatalog_facets"", ""dcatapit_theme_group_mapper"", ""dcatapit_ckan_harvester"", ""dcatapit_harvest_list"", ""dcatapit_harvester"", ""dcatapit_csw_harvester"", ""rating"", ""matomo"", ""ytp_comments"", ""custom_theme""]"
2026-10-05,opendata-tuscany-region,http://dati.toscana.it,12452,20,104,2.10.4,"[""opendata_theme_overrides"", ""datastore"", ""harvest"", ""ckan_harvester"", ""spatial_metadata"", ""spatial_query"", ""csw_harvester"", ""dcat"", ""dcat_rdf_harvester"", ""toscana_harvest"", ""spod_harvester"", ""metarepo_harvester"", ""dcat_json_harvester"", ""dcat_json_interface"", ""dcatapit_pkg"", ""dcatapit_org"", ""dcatapit_config"", ""dcatapit_theme_group_mapper"", ""dcatapit_ckan_harvester"", ""structured_data"", ""multilang"", ""datitoscana_reports"", ""resource_proxy"", ""pdf_view"", ""geo_view"", ""shp_view"", ""wmts_view"", ""text_view"", ""image_view"", ""dataexplorer_view"", ""officedocs_view"", ""opendata_theme"", ""xloader"", ""qa"", ""report"", ""pages"", ""stats"", ""contact"", ""envvars""]"
2026-10-05,matanza-riachuelo-basin-authority,https://datos.acumar.gob.ar,27,3,54,2.7.6,"[""stats"", ""text_view"", ""image_view"", ""recline_view"", ""hierarchy_display"", ""hierarchy_form"", ""dcat"", ""structured_data"", ""gobar_theme"", ""datastore"", ""datapusher"", ""googleanalytics""]"
2026-10-05,arsat-open-data-portal,https://datos.arsat.com.ar,13,4,14,2.7.6,"[""stats"", ""text_view"", ""image_view"", ""recline_view"", ""hierarchy_display"", ""hierarchy_form"", ""gobar_theme"", ""dcat"", ""structured_data"", ""datastore"", ""datapusher"", ""seriestiempoarexplorer"", ""googleanalytics""]"
2026-10-05,bahia-blanca-data-portal,https://datos.bahia.gob.ar,222,19,14,2.7.6,"[""stats"", ""text_view"", ""image_view"", ""recline_view"", ""hierarchy_display"", ""hierarchy_form"", ""dcat"", ""structured_data"", ""gobar_theme"", ""datastore"", ""datapusher"", ""seriestiempoarexplorer"", ""googleanalytics""]"
2026-10-05,corrientes-city-open-data-portal,https://datos.ciudaddecorrientes.gov.ar,71,8,37,2.7.5,"[""stats"", ""text_view"", ""image_view"", ""recline_view"", ""hierarchy_display"", ""hierarchy_form"", ""dcat"", ""structured_data"", ""gobar_theme"", ""datastore"", ""datapusher"", ""seriestiempoarexplorer"", ""googleanalytics""]"
2026-10-05,supreme-court-open-data,https://datos.csjn.gov.ar,306,6,1,2.5.2,"[""datastore"", ""stats"", ""text_view"", ""image_view"", ""recline_view"", ""csjn_theme""]"
2026-10-05,chilean-open-data-portal,http://datos.gob.cl,3235,24,273,2.10.4,"[""image_view"", ""text_view"", ""recline_view"", ""recline_graph_view"", ""datastore"", ""gobcl-datos-theme"", ""resource_proxy"", ""geo_view"", ""geojson_view"", ""harvest"", ""ckan_harvester"", ""stats"", ""googleanalytics"", ""video_view"", ""audio_view"", ""webpage_view"", ""pdf_view"", ""xloader"", ""scheming_datasets"", ""scheming_groups"", ""scheming_organizations"", ""activity"", ""dcat"", ""dcat_json_interface"", ""dcat_rdf_harvester"", ""spatial_metadata"", ""spatial_query"", ""spatial_harvest_metadata_api"", ""csw_harvester"", ""waf_harvester"", ""doc_harvester"", ""envvars""]"
2026-10-05,jesus-maria-data,https://datos.jesusmaria.gov.ar,38,8,21,2.7.6,"[""stats"", ""text_view"", ""image_view"", ""recline_view"", ""hierarchy_display"", ""hierarchy_form"", ""dcat"", ""structured_data"", ""gobar_theme"", ""datastore"", ""datapusher"", ""seriestiempoarexplorer"", ""googleanalytics""]"
2026-10-05,argentina-justice-data-portal,https://datos.jus.gob.ar,63,10,34,2.5.2,"[""datastore"", ""datapusher"", ""stats"", ""text_view"", ""image_view"", ""recline_grid_view"", ""hierarchy_display"", ""hierarchy_form"", ""pages"", ""reorder"", ""jusbar_theme"", ""tableau_view""]"
2026-10-05,energia-argentina-datos-abiertos,http://datos.minem.gob.ar,177,20,21,2.7.4,"[""stats"", ""text_view"", ""image_view"", ""recline_view"", ""viewhelpers"", ""linechart"", ""barchart"", ""piechart"", ""hierarchy_display"", ""hierarchy_form"", ""gobar_theme"", ""googleanalytics"", ""seriestiempoarexplorer"", ""datajson_harvest"", ""datajson"", ""harvest"", ""ckan_harvester"", ""datapusher"", ""datastore""]"
2026-10-05,open-data-from-the-secretariat-of-transport,https://datos.transporte.gob.ar,48,7,35,2.7.6,"[""stats"", ""text_view"", ""image_view"", ""recline_view"", ""hierarchy_display"", ""hierarchy_form"", ""dcat"", ""structured_data"", ""gobar_theme"", ""datastore"", ""datapusher"", ""seriestiempoarexplorer"", ""googleanalytics""]"
2026-10-05,usina-tandil-data,https://datos.usinatandil.com.ar,8,2,1,2.11.5,"[""stats"", ""text_view"", ""image_view"", ""datastore"", ""datapusher"", ""envvars"", ""datatables_view""]"
2026-10-05,veracruz-ayuntamiento-data,https://datos.veracruzmunicipio.gob.mx,381,0,15,2.10.4,"[""activity"", ""customsite""]"
2026-10-05,panama-open-data,https://datosabiertos.gob.pa,5735,18,114,,
2026-10-05,open-data-faculty-of-engineering,https://datosabiertos.ingenieria.usac.edu.gt,3,2,1,2.9.5,"[""envvars"", ""image_view"", ""text_view"", ""recline_view"", ""datastore"", ""datapusher""]"
2026-10-05,pba-statistics-open-data,https://datos.estadistica.ec.gba.gov.ar,224,12,12,2.7.6,"[""stats"", ""text_view"", ""image_view"", ""recline_view"", ""hierarchy_display"", ""hierarchy_form"", ""dcat"", ""structured_data"", ""gobar_theme"", ""datastore"", ""datapusher"", ""seriestiempoarexplorer"", ""googleanalytics""]"
2026-10-05,mendoza-open-data,https://datosabiertos.mendoza.gov.ar,204,0,33,2.7.6,"[""stats"", ""text_view"", ""image_view"", ""recline_view"", ""hierarchy_display"", ""hierarchy_form"", ""dcat"", ""structured_data"", ""gobar_theme"", ""datastore"", ""datapusher"", ""seriestiempoarexplorer"", ""googleanalytics""]"
2026-10-05,ckanymparistofi,https://ckan.ymparisto.fi/,643,1,9,2.9.0a,"[""syke_theme"", ""datastore"", ""stats"", ""text_view"", ""image_view"", ""recline_view"", ""datapusher"", ""spatial_metadata"", ""spatial_query"", ""harvest"", ""ckan_harvester"", ""csw_harvester"", ""csw_syke_harvester"", ""csw_syke_research_harvester"", ""scheming_datasets"", ""resource_proxy"", ""geo_view"", ""pages""]"
2026-10-05,dadesobertesgvaes,https://dadesobertes.gva.es,1299,22,3,,"[""activity"", ""datastore"", ""xloader"", ""harvest"", ""ckan_harvester"", ""dcat"", ""dcat_rdf_harvester"", ""structured_data"", ""tracking"", ""estadisticas"", ""spatial_metadata"", ""spatial_query"", ""csw_harvester"", ""gva_harvesting_rdf"", ""gva_harvesting_csw"", ""gva_filtro_busquedas_datosgob"", ""gva_theme"", ""stats"", ""text_view"", ""image_view"", ""webpage_view"", ""datatables_view"", ""googleanalytics"", ""scheming_datasets"", ""qa"", ""archiver"", ""gva_qa"", ""federacion"", ""report"", ""gva_report"", ""gva_extras""]"
2026-10-05,opendatasitcanes,http://opendata.sitcan.es,174,10,12,2.10.4,"[""stats"", ""image_view"", ""resource_proxy"", ""dcat"", ""dcat_rdf_harvester"", ""dcat_json_harvester"", ""dcat_json_interface""]"
2026-10-05,dataopenstateeu,https://data.openstate.eu,90,13,1,2.8.3,"[""stats"", ""text_view"", ""image_view"", ""recline_view"", ""datastore"", ""datapusher"", ""dcat"", ""dcat_json_interface"", ""structured_data""]"
2026-10-05,datosabiertosmercedesgobar,http://datosabiertos.mercedes.gob.ar,313,21,24,2.7.6,"[""stats"", ""text_view"", ""image_view"", ""recline_view"", ""hierarchy_display"", ""hierarchy_form"", ""dcat"", ""structured_data"", ""gobar_theme"", ""datastore"", ""datapusher"", ""seriestiempoarexplorer"", ""googleanalytics""]"
2026-10-05,datosacumargovar,https://datos.acumar.gov.ar,27,3,54,2.7.6,"[""stats"", ""text_view"", ""image_view"", ""recline_view"", ""hierarchy_display"", ""hierarchy_form"", ""dcat"", ""structured_data"", ""gobar_theme"", ""datastore"", ""datapusher"", ""googleanalytics""]"
2026-10-05,dataibbgovtr,https://data.ibb.gov.tr,557,9,57,2.9.11,"[""multilang"", ""ibb_theme"", ""ibb_giris"", ""image_view"", ""text_view"", ""recline_view"", ""datastore"", ""envvars"", ""pdf_view"", ""geo_view"", ""xloader"", ""showcase"", ""datarequests""]"
2026-10-05,ckancorilait,http://ckan.corila.it/,19,2,2,2.8.2,"[""stats"", ""text_view"", ""image_view"", ""recline_view"", ""datastore"", ""pdf_view"", ""resource_proxy"", ""geo_view"", ""webpage_view""]"
2026-10-05,dadosufcbr,https://dados.ufc.br,0,4,14,2.10.1,"[""stats"", ""text_view"", ""image_view"", ""activity""]"
2026-10-05,dadosufesbr,https://dados.ufes.br,5,0,1,2.10.3,"[""envvars"", ""image_view"", ""text_view"", ""recline_view"", ""datastore"", ""datapusher""]"
2026-10-05,ckanodpjigjp,https://ckan.odp.jig.jp,1517,14,49,2.9.11,"[""stats"", ""text_view"", ""image_view"", ""recline_view"", ""odp""]"
2026-10-05,geodatasandvikense,https://geodata.sandviken.se,16,0,1,2.8.5,"[""envvars"", ""saml2"", ""shp_view"", ""image_view"", ""text_view"", ""recline_view"", ""datastore"", ""datapusher"", ""resource_proxy"", ""geo_view"", ""harvest"", ""ckan_harvester"", ""spatial_metadata"", ""spatial_query"", ""spatial_harvest_metadata_api"", ""csw_harvester"", ""waf_harvester"", ""doc_harvester"", ""dcat"", ""dcat_rdf_harvester"", ""dcat_json_harvester"", ""dcat_json_interface"", ""structured_data"", ""sokigo""]"
2026-10-05,linbuedatospaisdigitalmodernizaciongobar,http://lin-bue-datos.paisdigital.modernizacion.gob.ar,153,11,12,2.7.5,"[""stats"", ""text_view"", ""image_view"", ""recline_view"", ""hierarchy_display"", ""hierarchy_form"", ""dcat"", ""structured_data"", ""gobar_theme"", ""datastore"", ""datapusher"", ""googleanalytics""]"
2026-10-05,dataportalsaeriorg,http://dataportal.saeri.org,985,19,97,2.8.2,"[""restricted"", ""saerischema"", ""saeritheme"", ""stats"", ""text_view"", ""image_view"", ""datastore"", ""datapusher"", ""recline_view"", ""recline_grid_view"", ""recline_map_view"", ""recline_graph_view"", ""pdf_view"", ""geo_view"", ""geojson_view"", ""wmts_view"", ""spatial_metadata"", ""spatial_query""]"
2026-10-05,data2cerdieduau,https://data2.cerdi.edu.au,949,6,4,2.9.5,"[""stats"", ""text_view"", ""image_view"", ""recline_view"", ""webpage_view"", ""resource_proxy"", ""geojson_view"", ""geo_view"", ""spatial_metadata"", ""spatial_query"", ""pages"", ""cc_logo"", ""expose_purl"", ""dcat"", ""dcat_json_interface"", ""structured_data"", ""datastore"", ""recline_grid_view"", ""recline_graph_view"", ""recline_map_view"", ""cerdi_theme""]"
2026-10-05,datosyveraturar,https://datos.yvera.tur.ar,15,7,3,2.7.6,"[""stats"", ""text_view"", ""image_view"", ""recline_view"", ""hierarchy_display"", ""hierarchy_form"", ""dcat"", ""structured_data"", ""gobar_theme"", ""datastore"", ""datapusher"", ""seriestiempoarexplorer"", ""googleanalytics""]"
2026-10-05,justicehubin,https://justicehub.in,201,24,12,2.8.2,"[""stats"", ""text_view"", ""image_view"", ""recline_view"", ""dcat"", ""structured_data"", ""pages"", ""datapusher"", ""datastore"", ""justicehub_theme"", ""googleanalytics"", ""issues"", ""validation"", ""scheming_datasets"", ""scheming_organizations"", ""scheming_groups"", ""composite"", ""discourse-sso"", ""table_view"", ""dataviz_view"", ""emailauth"", ""moderation"", ""pdf_view"", ""sitemap"", ""contact"", ""recline_grid_view""]"
2026-10-05,datosgobcl,https://datos.gob.cl,3235,24,273,2.10.4,"[""image_view"", ""text_view"", ""recline_view"", ""recline_graph_view"", ""datastore"", ""gobcl-datos-theme"", ""resource_proxy"", ""geo_view"", ""geojson_view"", ""harvest"", ""ckan_harvester"", ""stats"", ""googleanalytics"", ""video_view"", ""audio_view"", ""webpage_view"", ""pdf_view"", ""xloader"", ""scheming_datasets"", ""scheming_groups"", ""scheming_organizations"", ""activity"", ""dcat"", ""dcat_json_interface"", ""dcat_rdf_harvester"", ""spatial_metadata"", ""spatial_query"", ""spatial_harvest_metadata_api"", ""csw_harvester"", ""waf_harvester"", ""doc_harvester"", ""envvars""]"
2026-10-05,catalogcityutsunomiyatochigijp,https://catalog.city.utsunomiya.tochigi.jp,295,14,18,2.9.5,"[""stats"", ""text_view"", ""image_view"", ""recline_view"", ""custom_theme"", ""datastore"", ""datapusher""]"
2026-10-05,ngodataru,https://ngodata.ru,153,14,56,2.11.5,"[""activity"", ""stats"", ""text_view"", ""image_view""]"
2026-10-05,dadesobertesseuecat,http://dadesobertes.seu-e.cat,915,23,85,2.10.8,"[""datastore"", ""xloader"", ""stats"", ""aoc_theme"", ""aoc_metadata"", ""aoc_views"", ""activity"", ""datatables_view"", ""image_view"", ""text_view"", ""resource_proxy"", ""geo_view"", ""recline_view"", ""recline_grid_view"", ""recline_graph_view"", ""recline_map_view"", ""dataexplorer_view"", ""dataexplorer_map_view"", ""scheming_organizations"", ""scheming_groups"", ""scheming_datasets"", ""fluent"", ""scheming_nerf_index"", ""dcat"", ""dcat_json_harvester"", ""dcat_json_interface"", ""envvars""]"
2026-10-05,datosciudaddemendozagovar,https://datos.ciudaddemendoza.gov.ar,180,13,33,2.7.6,"[""stats"", ""text_view"", ""image_view"", ""recline_view"", ""hierarchy_display"", ""hierarchy_form"", ""dcat"", ""structured_data"", ""gcbaandinotheme"", ""gobar_theme"", ""datastore"", ""datapusher"", ""seriestiempoarexplorer"", ""googleanalytics""]"
2026-10-05,datosciudaddemendozagobar,https://datos.ciudaddemendoza.gob.ar,180,13,33,2.7.6,"[""stats"", ""text_view"", ""image_view"", ""recline_view"", ""hierarchy_display"", ""hierarchy_form"", ""dcat"", ""structured_data"", ""gcbaandinotheme"", ""gobar_theme"", ""datastore"", ""datapusher"", ""seriestiempoarexplorer"", ""googleanalytics""]"
2026-10-05,datatollno,https://data.toll.no,27,0,1,2.10.3,"""envvars image_view text_view recline_view datastore datapusher"""
2026-10-05,opendatasobraniemk,https://opendata.sobranie.mk,31,6,2,2.11.5,"[""data_requests"", ""activity"", ""datastore"", ""stats"", ""text_view"", ""datatables_view"", ""googleanalytics"", ""disqus"", ""image_view"", ""dcat"", ""harvest"", ""ckan_harvester"", ""sobranie"", ""datapusher_plus""]"
2026-10-05,datactbeus,https://data.ctb.eus,103,0,2,2.9.4,"[""stats"", ""text_view"", ""image_view"", ""recline_view"", ""ctb_theme"", ""harvest"", ""ckan_harvester"", ""dcat"", ""dcat_rdf_harvester"", ""dcat_json_harvester"", ""dcat_json_interface"", ""structured_data"", ""pages"", ""multilang""]"
2026-10-05,opendatanasuopendatastackjp,http://opendata-nasu.opendatastack.jp,488,25,71,2.5.1,"[""stats"", ""text_view"", ""image_view"", ""spatial_metadata"", ""spatial_query"", ""datastore"", ""datapusher"", ""resource_proxy"", ""pdf_view"", ""geo_view"", ""recline_grid_view"", ""recline_graph_view"", ""recline_map_view"", ""webpage_view"", ""geojson_view"", ""googleanalytics"", ""harvest"", ""ckan_harvester"", ""pages"", ""recline_view"", ""cloud_connector"", ""example_theme"", ""officedocs_view""]"
2026-10-05,dataioosus,https://data.ioos.us,31138,1,23,2.11.5,"[""envvars"", ""image_view"", ""text_view"", ""ckan_harvester"", ""csw_harvester"", ""dcat"", ""dcat_json_harvester"", ""dcat_json_interface"", ""dcat_rdf_harvester"", ""harvest"", ""ioos_theme"", ""ioos_waf"", ""spatial_metadata"", ""spatial_query"", ""structured_data"", ""waf_harvester""]"
2026-10-05,opendataunexes,https://opendata.unex.es,0,0,0,,
2026-10-05,opendataruhr,https://opendata.ruhr,3166,31,26,2.10.5,"[""envvars"", ""resource_proxy"", ""datastore"", ""xloader"", ""image_view"", ""text_view"", ""datatables_view"", ""spatial_metadata"", ""spatial_query"", ""harvest"", ""ckan_harvester"", ""dcat"", ""dcatde"", ""dcat_rdf_harvester"", ""dcatde_rdf_harvester"", ""dcat_json_harvester"", ""dcat_json_interface"", ""structured_data"", ""geo_view"", ""geojson_view"", ""navigablemap"", ""choroplethmap"", ""pages"", ""pdf_view"", ""rvr"", ""scheming_datasets"", ""scheming_organizations""]"
2026-10-05,ckanpfsapporojp,https://ckan.pf-sapporo.jp,262,12,10,2.9.11,"[""stats"", ""text_view"", ""image_view"", ""webpage_view"", ""recline_view"", ""datastore"", ""datapusher"", ""googleanalytics"", ""bodik_theme""]"
2026-10-05,sbsopendataekitistategovng,http://sbsopendata.ekitistate.gov.ng,37,17,6,2.9.1,"[""stats"", ""text_view"", ""image_view"", ""recline_view"", ""ekiti_theme""]"
2026-10-05,oasishubco,https://oasishub.co,0,32,0,2.5.6,"[""stats"", ""text_view"", ""image_view"", ""recline_view"", ""resource_proxy"", ""geojson_view"", ""geo_view"", ""s3filestore"", ""oasis"", ""ytp_comments"", ""harvest"", ""ckan_harvester"", ""scheming_datasets"", ""oasis_packages""]"
2026-10-05,open-data-stavanger-region,https://opencom.no,360,10,14,2.11.1,"[""image_view"", ""text_view"", ""datatables_view"", ""datastore"", ""datapusher"", ""geojson_view"", ""webpage_view"", ""stats"", ""tracking"", ""resource_proxy"", ""envvars""]"
2026-10-05,santa-cruz-de-tenerife-open-data,https://www.santacruzdetenerife.es/opendata,104,22,0,2.7.2,"[""stats"", ""datastore"", ""resource_proxy"", ""geojson_view"", ""recline_view"", ""pdf_view"", ""text_view"", ""viewhelpers"", ""dashboard_preview"", ""linechart"", ""barchart"", ""piechart"", ""basicgrid"", ""navigablemap"", ""choroplethmap"", ""geo_view"", ""sparql_interface"", ""harvest"", ""ckan_harvester"", ""dcat"", ""dcat_rdf_harvester"", ""federador"", ""showcase"", ""multilingual_group"", ""multilingual_dataset""]"
2026-10-05,alcoi-open-data-open-data-portal-of-alcoy,https://opendata.alcoi.org/data,32,13,1,2.7.4,"[""stats"", ""theme"", ""dcat"", ""schema"", ""datapusher"", ""resource_proxy"", ""geojson_view"", ""geo_view"", ""datastore"", ""image_view"", ""text_view"", ""recline_view"", ""webpage_view"", ""recline_grid_view"", ""recline_map_view"", ""sampleplot""]"
2026-10-05,slp-health-data-portal,https://datos.slp.gob.mx,406,0,83,2.11.2,"[""activity"", ""emailasusername""]"
2026-10-05,open-data-ministry-of-infrastructure-and-transport,https://dati.mit.gov.it/catalog,71,0,13,2.9.4,"[""envvars"", ""image_view"", ""text_view"", ""recline_view"", ""datastore"", ""xloader"", ""stats"", ""dcat"", ""dcat_rdf_harvester"", ""dcat_json_harvester"", ""dcat_json_interface"", ""structured_data"", ""spatial_metadata"", ""spatial_query"", ""mit""]"
2026-10-05,roma-capitale-open-data,https://dati.comune.roma.it/catalog,0,0,0,,
2026-10-05,wu-vienna-open-data-portal,https://data.wu.ac.at/portal,161,2,3,2.8.3,"[""stats"", ""text_view"", ""image_view"", ""recline_view"", ""datawu-theme"", ""datastore"", ""datapusher""]"
2026-10-05,south-australia-government-data,https://data.sa.gov.au/data,1929,14,107,2.9.12,"[""googleanalytics"", ""resource_indexer"", ""resformat"", ""report"", ""statsresources"", ""sa"", ""showcase"", ""ga-report"", ""resource_proxy"", ""datastore"", ""xloader"", ""agls"", ""scheming_datasets"", ""recline_view"", ""recline_graph_view"", ""recline_grid_view"", ""recline_map_view"", ""image_view"", ""text_view"", ""charts""]"
2026-10-05,renfe-open-data-portal,https://data.renfe.com,44,7,1,2.8.2,"[""stats"", ""text_view"", ""image_view"", ""recline_view"", ""webpage_view"", ""datapusher"", ""datastore"", ""renfe"", ""feedback"", ""federagobes"", ""estadisticas"", ""qa"", ""archiver"", ""report""]"
2026-10-05,international-year-of-the-salmon-data,https://data.npafc.org,89,0,1,2.9.11,"[""envvars"", ""stats"", ""text_view"", ""image_view"", ""recline_view"", ""datastore"", ""datapusher"", ""scheming_datasets"", ""scheming_organizations"", ""scheming_groups"", ""scheming_nerf_index"", ""fluent"", ""harvest"", ""ckan_harvester"", ""csw_harvester"", ""waf_harvester"", ""doc_harvester"", ""ckan_schema_harvester"", ""spatial_metadata"", ""spatial_query"", ""spatial_harvest_metadata_api"", ""cioos_harvest"", ""cioos_theme"", ""dcat"", ""structured_data"", ""resource_proxy"", ""geo_view"", ""geojson_view"", ""wmts_view"", ""ckan_spatial_harvester""]"
2026-10-05,mhsi-open-data,https://data.mhesi.go.th,50,17,16,2.10.7,"[""thai_gdc"", ""showcase"", ""stats"", ""opendstats"", ""activity"", ""image_view"", ""datatables_view"", ""text_view"", ""webpage_view"", ""resource_proxy"", ""geo_view"", ""geojson_view"", ""shp_view"", ""xloader"", ""datastore"", ""pdf_view"", ""dcat"", ""dcat_json_interface"", ""structured_data"", ""scheming_datasets"", ""hierarchy_display"", ""hierarchy_form"", ""thaigdc2fa""]"
2026-10-05,educational-data-provision-system,https://data.mdsc.hokudai.ac.jp,27,10,2,2.13.0a0,"[""activity"", ""stats"", ""text_view"", ""image_view"", ""webpage_view"", ""datastore""]"
2026-10-05,university-of-bristol-data-repository,https://data.bris.ac.uk/data,0,0,0,,
2026-10-05,portugal-justice-open-data,https://dados.justica.gov.pt,62,0,11,2.7.2,"[""stats"", ""text_view"", ""image_view"", ""recline_view"", ""datastore"", ""datapusher"", ""mjustica_theme""]"
2026-10-05,alagoas-in-data-and-information,https://dados.al.gov.br/catalogo,0,0,0,,
2026-10-05,geographic-information-system-of-western-macedonia,https://geodm.gr,0,0,0,2.2,"[""stats"", ""text_preview"", ""recline_preview"", ""datastore"", ""resource_proxy"", ""datapusher"", ""spatial_metadata"", ""spatial_query"", ""wms_preview"", ""geojson_preview"", ""ankoiauth"", ""anko""]"
2026-10-05,arpac-campania-open-data,https://dati.arpacampania.it,39,41,1,2.9.7,"[""stats"", ""text_view"", ""image_view"", ""recline_view"", ""datastore"", ""harvest"", ""ckan_harvester"", ""spatial_metadata"", ""spatial_query"", ""dcat"", ""dcat_rdf_harvester"", ""dcat_json_harvester"", ""dcat_json_interface"", ""dcatapit_pkg"", ""dcatapit_org"", ""dcatapit_config"", ""dcatapit_subcatalog_facets"", ""dcatapit_theme_group_mapper"", ""dcatapit_ckan_harvester"", ""dcatapit_harvest_list"", ""dcatapit_harvester"", ""dcatapit_csw_harvester""]"
2026-10-05,health-promotion-foundation,https://data.thaihealth.or.th,74,0,24,2.10.7,"[""thai_gdc"", ""showcase"", ""stats"", ""opendstats"", ""activity"", ""image_view"", ""datatables_view"", ""text_view"", ""webpage_view"", ""resource_proxy"", ""geo_view"", ""geojson_view"", ""shp_view"", ""xloader"", ""datastore"", ""pdf_view"", ""dcat"", ""dcat_json_interface"", ""structured_data"", ""scheming_datasets"", ""hierarchy_display"", ""hierarchy_form"", ""envvars""]"
2026-10-05,latvian-open-data-portal,https://data.gov.lv,1570,14,114,2.11.3,"[""dashboard"", ""scheming_datasets"", ""datapusher"", ""datastore"", ""csvuploadvalid"", ""dcat"", ""datatables_view"", ""image_view"", ""text_view"", ""harvest"", ""ckan_harvester"", ""dcat_rdf_harvester"", ""csw_harvester"", ""customstats"", ""datapusher_job_list"", ""datapusher_resubmit"", ""auth_eparaksts"", ""csvmetadata"", ""event_audit"", ""latvian_theme_v2""]"
2026-10-05,unifesp-open-data,https://dadosabertos.unifesp.br,0,0,0,,
2026-10-05,offenesdatenportal-de,https://www.offenesdatenportal.de,1122,14,14,2.11.0,"[""stats"", ""datastore"", ""xloader"", ""resource_proxy"", ""showcase"", ""text_view"", ""image_view"", ""datatables_view"", ""geo_view"", ""geojson_view"", ""shp_view"", ""pdf_view"", ""dcat"", ""dcatde"", ""krzn""]"
2026-10-05,open-data-portal-of-thanh-hoa-province,https://opendata.thanhhoa.gov.vn,232,15,188,2.9.5,"[""stats"", ""text_view"", ""image_view"", ""recline_view"", ""datastore"", ""resource_proxy"", ""management"", ""crawler"", ""rating"", ""postdata"", ""news"", ""notifies"", ""sso"", ""dashboard"", ""access_rights"", ""theme"", ""xloader"", ""openapi_view"", ""pdf_view"", ""officedocs_view"", ""geo_view"", ""geojson_view"", ""wmts_view"", ""shp_view""]"
2026-10-05,upv-data-transparency-portal,https://upvtransparent.upv.es,97,3,0,2.6.3,"[""stats"", ""text_view"", ""image_view"", ""multilingual_dataset"", ""multilingual_group"", ""multilingual_tag"", ""resource_proxy"", ""viewhelpers"", ""dashboard_preview"", ""dcat"", ""dcat_json_interface"", ""upv_theme"", ""datastore"", ""datapusher"", ""recline_view"", ""recline_grid_view"", ""recline_graph_view"", ""webpage_view""]"
2026-10-05,city-of-karlsruhe,https://transparenz.karlsruhe.de,151,13,4,2.11.3,"[""ka"", ""stats"", ""image_view"", ""text_view"", ""webpage_view"", ""datatables_view"", ""datastore"", ""xloader"", ""activity"", ""geojson_view"", ""pdf_view"", ""resource_proxy"", ""pages"", ""dcat"", ""dcatde"", ""harvest"", ""extractor"", ""showcase"", ""citehelp"", ""similar_datasets"", ""solr_query_config"", ""ka_weather_harvester"", ""ka_geo_harvester"", ""ka_afsta_harvester"", ""ka_poi_harvester"", ""ckan_harvester"", ""matomo_dsgvo"", ""structured_data"", ""envvars""]"
2026-10-05,open-data-of-the-national-gas-regulatory-entity,https://transparencia.enargas.gob.ar,3,1,1,2.7.4,"[""datajson_harvest"", ""datajson"", ""harvest"", ""ckan_harvester"", ""stats"", ""text_view"", ""image_view"", ""recline_view"", ""hierarchy_display"", ""hierarchy_form"", ""gobar_theme"", ""datastore"", ""datapusher"", ""googleanalytics""]"
2026-10-05,transparency-portal-hamburg,https://suche.transparenz.hamburg.de,246136,14,6,2.10.11,"[""resource_proxy"", ""dcat"", ""dcat_rdf_harvester"", ""dcat_json_harvester"", ""dcat_json_interface"", ""dcatde"", ""stats"", ""text_view"", ""recline_view"", ""harvest"", ""distributed_harvest"", ""ckan_harvester"", ""spatial_metadata"", ""spatial_query"", ""spatial_harvest_metadata_api"", ""hmdktoinforeg_harvester"", ""zs_parladb_harvester"", ""allris_CCEGOV_harvester"", ""allris_bezirk__harvester"", ""oktagon_harvester"", ""bacom_harvester_new"", ""workflow_harvester"", ""imis_harvester"", ""statistik_nord_harvester"", ""inforeg_metadata_api"", ""hmbtg_template"", ""hmbtg_helper"", ""hmbtg_search"", ""no_groups"", ""inforeg_solr_search"", ""solr_highlighting"", ""hmbtgdashboard"", ""fast_search_solr_highlighting"", ""file_proxy"", ""log_proxy"", ""request_logger"", ""hmbtg_geo"", ""hmbtg_feed""]"
2026-10-05,provincial-statistical-system,https://sep.tucuman.gob.ar,231,31,113,2.7.5,"[""stats"", ""text_view"", ""image_view"", ""recline_view"", ""hierarchy_display"", ""hierarchy_form"", ""dcat"", ""structured_data"", ""gobar_theme"", ""datastore"", ""datapusher"", ""seriestiempoarexplorer"", ""googleanalytics""]"
2026-10-05,participatory-lab-climate-data,https://repository.participatorylab.org,196,23,6,2.7.9,"[""stats"", ""text_view"", ""image_view"", ""recline_view"", ""resource_proxy"", ""datastore"", ""datapusher"", ""multilingual_dataset"", ""multilingual_group"", ""multilingual_tag"", ""spatial_metadata"", ""spatial_query"", ""geo_view"", ""geojson_view"", ""wmts_view"", ""pdf_view""]"
2026-10-05,data-place-plymouth,https://plymouth.thedata.place,174,7,10,2.10.8,"[""activity"", ""text_view"", ""image_view"", ""pdf_view"", ""geo_view"", ""geojson_view"", ""datatables_view"", ""datastore"", ""xloader"", ""resource_proxy"", ""recline_view"", ""recline_grid_view"", ""recline_graph_view"", ""tdp"", ""pcc""]"
2026-10-05,city-of-phoenix-open-data,https://phoenixopendata.com,145,9,17,2.9.11,"[""stats"", ""resource_proxy"", ""ags_fs_view"", ""ags_ms_view"", ""geo_view"", ""geojson_view"", ""wmts_view"", ""shp_view"", ""c3charts"", ""og_datatables_view"", ""officedocs_view"", ""pdf_view"", ""recline_map_view"", ""webpage_view"", ""markdown_view"", ""in_app_reporting"", ""metabase_card_view"", ""metabase_dashboard_view"", ""harvest"", ""datajson"", ""dcat"", ""dcat_rdf_harvester"", ""dcat_json_harvester"", ""dcat_json_interface"", ""structured_data"", ""waf_harvester"", ""custom_harvest"", ""package_search_harvester"", ""datagov_harvester"", ""phoenixaz_theme"", ""opengov_custom_theme"", ""opengov_custom_css"", ""opengov_custom_header"", ""opengov_custom_homepage"", ""opengov_custom_footer"", ""image_view"", ""cloudstorage"", ""odata"", ""opengov_datastore"", ""datastore"", ""xloader"", ""extractor"", ""contact"", ""opengov_pages"", ""pages"", ""opengov_stories"", ""showcase"", ""subscribe"", ""security"", ""opengov_auth"", ""featuredviews"", ""heroslideradmin"", ""googleanalytics"", ""sitemap"", ""portal_metrics""]"
2026-10-05,gdynia-open-data,https://otwartedane.gdynia.pl,260,23,21,2.6.1,"[""stats"", ""text_view"", ""image_view"", ""recline_view"", ""datastore"", ""gdynia"", ""multilingual_group"", ""datapusher""]"
2026-10-05,vnpt-it-economic-management-board-open-data,https://opendata.vnptit.vn,19,10,16,2.10.4,"[""ssogoogle"", ""ssoidp"", ""guide"", ""vnpt_theme"", ""permission_group"", ""activity"", ""datastore"", ""xloader"", ""image_view"", ""pdf_view"", ""officedocs_view"", ""recline_view"", ""datatables_view"", ""seo"", ""seo_group"", ""seo_org"", ""pages"", ""managedatasets"", ""users"", ""harvest"", ""ckan_harvester"", ""comments"", ""api"", ""rating"", ""smtp"", ""contact_us"", ""report"", ""config_language"", ""manage_ip_addresses"", ""logs"", ""error_page_conf"", ""import_font"", ""gis"", ""search_suggestions"", ""geo_view"", ""geojson_view"", ""wmts_view"", ""shp_view"", ""resource_proxy"", ""datarequests"", ""iresourcecontroller"", ""iuploader_custom"", ""igroupform_custom"", ""iorganizationform_custom"", ""sync_resource"", ""ocr"", ""customers"", ""swaggerui"", ""downloadall"", ""tracking"", ""statics_all""]"
2026-10-05,nuremberg-public-transport-open-data,https://opendata.vag.de,13,1,1,2.10.4,"[""stats"", ""text_view"", ""image_view"", ""recline_view"", ""datastore"", ""envvars"", ""pages"", ""vag"", ""googleanalytics"", ""datapusher""]"
2026-10-05,university-of-bari,https://opendata.uniba.it,105,17,1,2.10.3,"[""envvars"", ""datatables_view"", ""image_view"", ""text_view"", ""recline_view"", ""datastore"", ""datapusher"", ""harvest"", ""ckan_harvester"", ""dcat"", ""dcat_rdf_harvester"", ""dcat_json_harvester"", ""dcat_json_interface"", ""structured_data"", ""dcatapit_pkg"", ""dcatapit_org"", ""dcatapit_config"", ""dcatapit_theme_group_mapper""]"
2026-10-05,university-of-granada-open-data,https://opendata.ugr.es,65,11,3,2.9.5,"[""stats"", ""text_view"", ""webpage_view"", ""image_view"", ""pdf_view"", ""recline_view"", ""datastore"", ""datapusher"", ""resource_proxy"", ""dcat"", ""dcat_rdf_harvester"", ""dcat_json_harvester"", ""dcat_json_interface"", ""structured_data"", ""harvest"", ""ckan_harvester""]"
2026-10-05,transport-open-data-home-page-transport-open-data,https://opendata.transport.nsw.gov.au,230,0,0,2.11.3,"[""activity"", ""image_view"", ""text_view"", ""datatables_view"", ""datastore"", ""datapusher"", ""pdf_view"", ""resource_proxy"", ""geojson_view"", ""webpage_view"", ""googleanalytics"", ""tfnsw_theme"", ""tfnsw_customauth"", ""tfnsw_discourse"", ""tfnsw_openapiview"", ""tfnsw_s3browse"", ""tfnsw_subscriptions"", ""tfnsw_metrics"", ""tfnsw_userreg"", ""tfnsw_arcgisview"", ""tfnsw_adjustableiframeview"", ""tfnsw_powerbiview""]"
2026-10-05,thai-industrial-standards-institute,https://opendata.tisi.go.th,17,4,12,2.10.7,"[""thai_gdc"", ""showcase"", ""stats"", ""opendstats"", ""activity"", ""image_view"", ""datatables_view"", ""text_view"", ""webpage_view"", ""resource_proxy"", ""geo_view"", ""geojson_view"", ""shp_view"", ""xloader"", ""datastore"", ""pdf_view"", ""dcat"", ""dcat_json_interface"", ""structured_data"", ""scheming_datasets"", ""hierarchy_display"", ""hierarchy_form""]"
2026-10-05,swiss-open-data-portal,https://opendata.swiss,16542,14,176,2.11.6,"[""ogdch"", ""ogdch_users"", ""ogdch_pkg"", ""ogdch_res"", ""s3filestore"", ""ogdch_group"", ""ogdch_org"", ""ogdch_showcase"", ""ogdch_cmd"", ""ogdch_archive"", ""ogdch_subscribe"", ""ogdch_middleware"", ""stats"", ""harvest"", ""geocat_harvester"", ""geocat_ech0271_harvester"", ""harvester_dashboard"", ""scheming_datasets"", ""scheming_groups"", ""scheming_organizations"", ""fluent"", ""ogdch_dcat"", ""dcat_ch_i14y_rdf_harvester"", ""dcat_ch_rdf_harvester"", ""dcat_json_interface"", ""resource_proxy"", ""text_view"", ""pdf_view"", ""datatables_view"", ""datastore"", ""ogdch_xloader"", ""structured_data"", ""sentry"", ""password_policy"", ""activity"", ""envvars""]"
2026-10-05,slavutsk-city-council-open-data-portal,https://opendata.slavuta-mvk.gov.ua,248,12,34,2.11.5,"[""scheming_datasets"", ""scheming_groups"", ""scheming_organizations"", ""stats"", ""text_view"", ""image_view"", ""datastore"", ""datapusher_plus"", ""datatables_view"", ""resource_proxy"", ""pdf_view"", ""webpage_view"", ""geo_view"", ""geojson_view"", ""video_view""]"
2026-10-05,san-joaquin-county-open-data,https://opendata.sjgov.org,90,5,4,2.9.11,"[""stats"", ""resource_proxy"", ""ags_fs_view"", ""ags_ms_view"", ""geo_view"", ""geojson_view"", ""wmts_view"", ""shp_view"", ""c3charts"", ""og_datatables_view"", ""officedocs_view"", ""pdf_view"", ""recline_map_view"", ""webpage_view"", ""markdown_view"", ""in_app_reporting"", ""metabase_card_view"", ""metabase_dashboard_view"", ""harvest"", ""datajson"", ""dcat"", ""dcat_rdf_harvester"", ""dcat_json_harvester"", ""dcat_json_interface"", ""structured_data"", ""waf_harvester"", ""custom_harvest"", ""package_search_harvester"", ""datagov_harvester"", ""spatial_metadata"", ""spatial_query"", ""opengov_custom_theme"", ""opengov_custom_css"", ""opengov_custom_header"", ""opengov_custom_homepage"", ""opengov_custom_footer"", ""image_view"", ""cloudstorage"", ""odata"", ""datastore"", ""xloader"", ""extractor"", ""contact"", ""opengov_pages"", ""pages"", ""opengov_stories"", ""showcase"", ""subscribe"", ""security"", ""opengov_auth"", ""featuredviews"", ""heroslideradmin"", ""googleanalytics"", ""sitemap"", ""portal_metrics""]"
2026-10-05,schleswig-holstein-open-data,https://opendata.schleswig-holstein.de,32356,13,131,2.11.6,"[""dcat"", ""dcatde"", ""harvest"", ""dcatde_rdf_harvester"", ""odsh"", ""odsh_autocomplete"", ""odsh_dcat_harvest"", ""odsh_collections"", ""report"", ""spatial_metadata"", ""spatial_query"", ""structured_data"", ""sitemap""]"
2026-10-05,barcelona-port-open-data-portal,https://opendata.portdebarcelona.cat,79,7,2,2.8.2,"[""stats"", ""text_view"", ""image_view"", ""recline_view"", ""recline_graph_view"", ""datastore"", ""multilingual_dataset"", ""multilingual_group"", ""multilingual_tag"", ""c3charts""]"
2026-10-05,penghu-county-government-data-open-platform,https://opendata.penghu.gov.tw,507,18,37,2.11.4,"[""activity"", ""image_view"", ""datatables_view"", ""text_view"", ""resource_proxy"", ""datastore"", ""tracking"", ""penghu_theme"", ""xloader"", ""pages""]"
2026-10-05,office-of-the-basic-education-commission-ckan,https://opendata.obec.go.th,78,6,20,2.10.8,"[""thai_gdc"", ""showcase"", ""stats"", ""opendstats"", ""activity"", ""image_view"", ""datatables_view"", ""text_view"", ""webpage_view"", ""resource_proxy"", ""geo_view"", ""geojson_view"", ""shp_view"", ""xloader"", ""datastore"", ""pdf_view"", ""dcat"", ""dcat_json_interface"", ""structured_data"", ""scheming_datasets"", ""hierarchy_display"", ""hierarchy_form""]"
2026-10-05,national-research-council-of-thailand,https://opendata.nrct.go.th,294,0,10,2.9.11,"[""text_view"", ""image_view"", ""recline_view"", ""datastore"", ""pages"", ""scheming_datasets"", ""scheming_groups"", ""datapusher"", ""hierarchy_display"", ""hierarchy_form"", ""pdf_view"", ""downloadall"", ""resource_proxy"", ""geojson_view"", ""shp_view"", ""noregistration"", ""cat_theme""]"
2026-10-05,nhsbsa-open-data-portal,https://opendata.nhsbsa.net,2170,0,9,2.11.6,"[""pages"", ""issues"", ""activity"", ""restricted"", ""nhs"", ""image_view"", ""text_view"", ""datatables_view"", ""datastore"", ""bigquery"", ""scheming_datasets"", ""scheming_groups"", ""scheming_organizations"", ""dataexplorer"", ""dcat"", ""aircan_connector"", ""authz_service"", ""oauth2"", ""security"", ""datapub"", ""blob_storage"", ""envvars""]"
2026-10-05,open-data-portal-for-emenscr,https://opendata.nesdc.go.th,1668,24,355,2.8.5,"[""stats"", ""resource_proxy"", ""text_view"", ""image_view"", ""recline_view"", ""geo_view"", ""geojson_view"", ""viewhelpers"", ""webpage_view"", ""shp_view"", ""openapi_view"", ""pdf_view"", ""datastore"", ""datapusher"", ""feedback"", ""pages"", ""dcat"", ""dcat_json_interface"", ""structured_data"", ""harvest"", ""ckan_harvester"", ""hierarchy_display"", ""hierarchy_form"", ""uploadbutton"", ""dundee"", ""scheming_datasets"", ""issues"", ""validation""]"
2026-10-05,ministry-of-foreign-and-european-affairs-of-the-slovak-republic,https://opendata.mzv.sk,34,6,1,2.11.3,"[""image_view"", ""text_view"", ""datatables_view"", ""datastore"", ""xloader"", ""dcat"", ""scheming_datasets"", ""fluent"", ""dcat_ap_sk"", ""mzv_theme""]"
2026-10-05,open-data-portal-munich,https://opendata.muenchen.de,337,13,31,2.9.9,"[""image_view"", ""text_view"", ""recline_view"", ""recline_map_view"", ""recline_graph_view"", ""recline_grid_view"", ""webpage_view"", ""datastore"", ""xloader"", ""ogdmunich"", ""pages"", ""showcase"", ""resource_proxy"", ""geo_view"", ""geojson_view"", ""wmts_view"", ""shp_view"", ""harvest"", ""ckan_harvester"", ""csw_harvester"", ""dcat"", ""dcatde"", ""dcat_rdf_harvester"", ""dcat_json_harvester"", ""dcat_json_interface"", ""structured_data"", ""spatial_metadata"", ""spatial_query"", ""scheming_datasets"", ""keycloak"", ""clamav"", ""envvars""]"
2026-10-05,open-data-portal-of-the-city-of-leipzig,https://opendata.leipzig.de,411,13,37,2.10.7,"[""odp_le_theme"", ""odp_le_harvester"", ""odp_le_dcatapde"", ""showcase"", ""resource_proxy"", ""datastore"", ""stats"", ""pages"", ""dcat"", ""dcatde"", ""dcat_json_interface"", ""structured_data"", ""harvest"", ""ckan_harvester"", ""scheming_datasets"", ""scheming_groups"", ""scheming_organizations"", ""spatial_metadata"", ""spatial_query"", ""datapusher"", ""text_view"", ""image_view"", ""webpage_view"", ""geo_view"", ""geojson_view"", ""wmts_view"", ""shp_view"", ""video_view"", ""audio_view"", ""dataexplorer_view"", ""dataexplorer_chart_view"", ""dataexplorer_map_view"", ""dataexplorer_table_view""]"
2026-10-05,kebumen-regency-open-data,https://opendata.kebumenkab.go.id,11873,0,34,2.11.0,"[""activity""]"
2026-10-05,sitcabgc-reusable-spatial-data,https://opendata.idegrancanaria.es,21,6,19,2.10.5,"[""datapusher""]"
2026-10-05,hawaii-open-data,https://opendata.hawaii.gov,977,19,39,2.9.11,"[""stats"", ""resource_proxy"", ""ags_fs_view"", ""ags_ms_view"", ""geo_view"", ""geojson_view"", ""wmts_view"", ""shp_view"", ""c3charts"", ""og_datatables_view"", ""officedocs_view"", ""pdf_view"", ""recline_map_view"", ""webpage_view"", ""markdown_view"", ""in_app_reporting"", ""metabase_card_view"", ""metabase_dashboard_view"", ""harvest"", ""datajson"", ""dcat"", ""dcat_rdf_harvester"", ""dcat_json_harvester"", ""dcat_json_interface"", ""structured_data"", ""waf_harvester"", ""custom_harvest"", ""package_search_harvester"", ""datagov_harvester"", ""opengov_custom_theme"", ""opengov_custom_css"", ""opengov_custom_header"", ""opengov_custom_homepage"", ""opengov_custom_footer"", ""image_view"", ""cloudstorage"", ""odata"", ""opengov_datastore"", ""datastore"", ""xloader"", ""extractor"", ""contact"", ""opengov_pages"", ""pages"", ""opengov_stories"", ""showcase"", ""subscribe"", ""security"", ""opengov_auth"", ""featuredviews"", ""heroslideradmin"", ""googleanalytics"", ""sitemap"", ""portal_metrics""]"
2026-10-05,government-of-jersey-open-data,https://opendata.gov.je,117,11,17,2.8.12,"[""stats"", ""text_view"", ""image_view"", ""recline_view"", ""datastore"", ""opendataje"", ""xloader""]"
2026-10-05,halandri-open-data,https://opendata.chalandri.gr,12,12,3,2.10.1,"[""activity"", ""text_view"", ""image_view"", ""recline_view"", ""resource_proxy"", ""datastore"", ""pdf_view"", ""geo_view"", ""geojson_view"", ""wmts_view"", ""shp_view"", ""spatial_metadata"", ""spatial_query""]"
2026-10-05,opendata-rimini,https://opendata.comune.rimini.it,72,9,1,2.8.1,"[""stats"", ""resource_proxy"", ""text_view"", ""image_view"", ""webpage_view"", ""recline_view"", ""recline_grid_view"", ""recline_graph_view"", ""recline_map_view"", ""pdf_view"", ""datastore"", ""harvest"", ""ckan_harvester"", ""dcat"", ""dcat_rdf_harvester"", ""dcat_json_harvester"", ""dcat_json_interface"", ""structured_data"", ""spatial_metadata"", ""spatial_query"", ""multilang"", ""multilang_harvester"", ""dcatapit_pkg"", ""dcatapit_org"", ""dcatapit_config"", ""dcatapit_theme_group_mapper"", ""dcatapit_ckan_harvester"", ""dcatapit_harvest_list"", ""dcatapit_harvester"", ""dcatapit_csw_harvester"", ""riminiconfig"", ""geo_view"", ""geojson_view"", ""wmts_view"", ""datapusher"", ""googleanalytics""]"
2026-10-05,opendata-municipality-of-reggio-emilia,https://opendata.comune.re.it,248,13,5,2.10.9,"[""activity"", ""stats"", ""datatables_view"", ""image_view"", ""text_view"", ""recline_view"", ""datastore"", ""xloader"", ""harvest"", ""ckan_harvester"", ""dcat"", ""dcat_rdf_harvester"", ""dcat_json_harvester"", ""dcat_json_interface"", ""structured_data"", ""dcatapit_pkg"", ""dcatapit_org"", ""dcatapit_config"", ""dcatapit_theme_group_mapper"", ""multilang"", ""dcat_ap_edp_mqa"", ""oai_pmh_server"", ""spatial_metadata"", ""spatial_query"", ""resource_proxy"", ""geo_view"", ""geojson_view"", ""pages"", ""retheme"", ""envvars""]"
2026-10-05,open-data-pakistan,https://opendata.com.pk,1505,0,22,2.8.3,"[""stats"", ""image_view"", ""recline_view"", ""datastore"", ""datapusher"", ""resource_proxy"", ""pages"", ""harvest"", ""ckan_harvester"", ""example_theme"", ""CustomFields"", ""showcase"", ""contact"", ""recline_graph_view"", ""recline_map_view"", ""webpage_view""]"
2026-10-05,ibaraki-city-open-data-portal-site,http://opendata.city.ibaraki.osaka.jp,0,0,0,,
2026-10-05,ble-open-data-portal,https://open-data.ble.de,38,3,4,2.11.3,"[""activity"", ""stats"", ""text_view"", ""image_view"", ""datatables_view"", ""datastore"", ""xloader"", ""ble_theme"", ""dcat"", ""dcatde""]"
2026-10-05,open-nrw-the-open-government-portal-in-nrw,https://open.nrw,11137,13,29,2.11.6,"[""activity"", ""stats"", ""text_view"", ""datatables_view"", ""image_view"", ""scheming_datasets"", ""scheming_groups"", ""scheming_organizations"", ""spatial_metadata"", ""spatial_query"", ""harvest"", ""dcat"", ""dcatde"", ""opennrw-core-plugin"", ""structured_data"", ""opennrw-portal-zipharvester"", ""opennrw-aachen-harvester-dcat"", ""opennrw-offenesdatenportal-harvester-dcat"", ""opennrw-ignrw-harvester-dcat"", ""opennrw-oepnv-harvester-dcat"", ""nrw-rdf-wuppertal-harvester"", ""nrw-rdf-koeln-harvester"", ""nrw-rdf-bonn-harvester"", ""nrw-rdf-rheinerftrur-harvester"", ""nrw-rdf-gelsenkirchen-harvester"", ""nrw-rdf-duesseldorf-harvester"", ""nrw-rdf-bielefeld-harvester"", ""nrw-rdf-duisburg-harvester"", ""nrw-rdf-muenster-harvester"", ""nrw-rdf-essen-harvester"", ""nrw-rdf-paderborn-harvester"", ""nrw-rdf-neuss-harvester"", ""nrw-rdf-rvr-harvester"", ""nrw-rdf-ldb-harvester"", ""nrw-rdf-test-harvester"", ""nrw-rdf-umwelt-zip-harvester"", ""nrw-rdf-dortmund-harvester"", ""nrw-rdf-kreis-borken-harvester"", ""nrw-rdf-geoportal-harvester"", ""nrw-rdf-luedenscheid-harvester"", ""nrw-rdf-soest-harvester"", ""nrw-rdf-olpe-harvester"", ""ckan_harvester"", ""dcat_json_harvester"", ""dcat_json_interface"", ""nrw-rdf-harvester"", ""dcatde_rdf_harvester""]"
2026-10-05,salou-city-council-transperency-portal,https://offenedaten.aachen.de,227,13,15,2.10.1,"[""envvars"", ""stats"", ""image_view"", ""text_view"", ""recline_view"", ""custom_theme"", ""activity"", ""pages"", ""showcase"", ""matomo_dsgvo""]"
2026-10-05,netanya-open-information-portal-home-page,https://netanya.datacity.org.il,28,12,2,2.8.12,"[""stats"", ""text_view"", ""image_view"", ""recline_view"", ""datastore"", ""xloader"", ""resource_proxy"", ""s3filestore"", ""geojson_view"", ""datacity"", ""scheming_datasets"", ""scheming_groups"", ""pages""]"
2026-10-05,national-public-data-portal,https://kozadatportal.hu,2283,13,21,2.9.7,"[""hutemplate"", ""pages"", ""dcat"", ""dcat_json_interface"", ""structured_data"", ""scheming_datasets"", ""multilingual_group"", ""multilingual_tag"", ""scheming_groups"", ""scheming_organizations"", ""rating"", ""showcase""]"
2026-10-05,jerusalem-open-data-portal,https://jerusalem.datacity.org.il,114,12,2,2.8.12,"[""stats"", ""text_view"", ""image_view"", ""recline_view"", ""datastore"", ""xloader"", ""resource_proxy"", ""s3filestore"", ""geojson_view"", ""datacity"", ""scheming_datasets"", ""scheming_groups"", ""pages""]"
2026-10-05,u-s-federal-government-data-inventory,https://inventory.data.gov,0,0,0,2.11.5,"[""datagov_inventory"", ""datastore"", ""xloader"", ""s3filestore"", ""dcat_usmetadata"", ""usmetadata"", ""datajson"", ""saml2auth"", ""envvars"", ""pgsearch""]"
2026-10-05,haifa-data-portal,https://haifa.datacity.org.il,81,12,6,2.8.12,"[""stats"", ""text_view"", ""image_view"", ""recline_view"", ""datastore"", ""xloader"", ""resource_proxy"", ""s3filestore"", ""geojson_view"", ""datacity"", ""scheming_datasets"", ""scheming_groups"", ""pages""]"
2026-10-05,gsq-open-data-portal,https://geoscience.data.qld.gov.au,192468,1,1,2.10.11,"[""stats"", ""text_view"", ""image_view"", ""spatial_metadata"", ""spatial_query"", ""security"", ""gsq_theme"", ""gsq_shared"", ""scheming_datasets"", ""scheming_organizations"", ""resource_proxy"", ""zip_view"", ""pdf_view"", ""or_facet"", ""create_typed_package"", ""resource_indexer"", ""cloudstorage"", ""fpx"", ""googleanalytics"", ""datastore"", ""syndicate"", ""activity"", ""drupal_idp"", ""drupal_api"", ""resource_type_validation""]"
2026-10-05,aging-research-group-data,https://embed.aging-research.group,76,1,1,2.7.2,"[""sysbio_state"", ""sysbio_package"", ""sysbio_gerontomics"", ""sysbio_theme"", ""stats"", ""resource_proxy"", ""text_view"", ""image_view"", ""recline_view""]"
2026-10-05,reykjavik-open-data,https://gagnagatt.reykjavik.is,595,11,8,2.11.3,"[""activity"", ""image_view"", ""text_view"", ""datatables_view"", ""datastore"", ""xloader"", ""envvars""]"
2026-10-05,nsw-flood-data-portal,https://flooddata.ses.nsw.gov.au,4457,0,181,2.11.5,"[""nswflood"", ""nswflood_resources"", ""googleanalytics"", ""spatial_metadata"", ""spatial_query"", ""dcat"", ""scheming_datasets"", ""scheming_organizations"", ""hierarchy_display"", ""accessrequests"", ""cloudstorage"", ""syndicate"", ""flakes"", ""flakes_scheming"", ""tracking"", ""activity""]"
2026-10-05,open-data-website-of-the-city-of-montreal,https://donnees.montreal.ca,405,12,6,2.11.5,"[""envvars"", ""activity"", ""stats"", ""resource_proxy"", ""datatables_view"", ""text_view"", ""image_view"", ""datastore"", ""xloader"", ""webpage_view"", ""harvest"", ""ckan_harvester"", ""dcat"", ""dcat_rdf_harvester"", ""dcat_json_harvester"", ""dcat_json_interface"", ""spatial_metadata"", ""spatial_query"", ""structured_data"", ""disqus"", ""montreal_theme"", ""pages"", ""showcase"", ""password_policy"", ""cloudstorage"", ""scheming_datasets""]"
2026-10-05,open-data-of-the-provincial-council-of-salamanca,https://datosabiertossalamanca.es,51,17,2,2.8.2,"[""pages"", ""viewhelpers"", ""dashboard_preview"", ""datastore"", ""xloader"", ""image_view"", ""pdf_view"", ""recline_view"", ""recline_grid_view"", ""recline_graph_view"", ""recline_map_view"", ""text_view"", ""webpage_view"", ""datapreview"", ""geojson_view"", ""geo_view"", ""wmts_view"", ""resource_proxy"", ""stats"", ""noregistration""]"
2026-10-05,open-government-program,https://open.alberta.ca,37496,0,405,2.10.6,"[""ldap"", ""resource_proxy"", ""stats"", ""activity"", ""datastore"", ""related_items"", ""scheming_datasets"", ""ab_scheming"", ""geo_view"", ""open_alberta"", ""datesearch"", ""rss-feedswidget"", ""open_alberta_uploader"", ""new_resource_order"", ""image_view"", ""datatables_view"", ""geojson_view"", ""text_view"", ""webpage_view""]"
2026-10-05,open-data-in-the-region-of-murcia,https://datosabiertos.regiondemurcia.es,979,22,14,2.10.1,"[""datastore"", ""regiondemurcia""]"
2026-10-05,iita,https://data.iita.org,3495,5,2,2.7.11,"[""stats"", ""text_view"", ""image_view"", ""recline_view"", ""datastore"", ""datapusher"", ""iitatheming"", ""scheming_datasets"", ""pdf_view"", ""restricted"", ""composite"", ""googleanalytics"", ""ckanbase""]"
2026-10-05,world-resources-institute,https://datasets.wri.org,45,11,8,2.11.4,"[""text_view"", ""image_view"", ""webpage_view"", ""resource_proxy"", ""datatables_view"", ""datastore"", ""datapusher"", ""activity"", ""s3filestore"", ""scheming_datasets"", ""scheming_organizations"", ""scheming_groups"", ""harvest"", ""hierarchy_display"", ""wri"", ""wri_harvester"", ""auth"", ""issues"", ""envvars""]"
2026-10-05,opendata-ruhr-en,https://opendata.ruhr/en,3166,31,26,2.10.5,"[""envvars"", ""resource_proxy"", ""datastore"", ""xloader"", ""image_view"", ""text_view"", ""datatables_view"", ""spatial_metadata"", ""spatial_query"", ""harvest"", ""ckan_harvester"", ""dcat"", ""dcatde"", ""dcat_rdf_harvester"", ""dcatde_rdf_harvester"", ""dcat_json_harvester"", ""dcat_json_interface"", ""structured_data"", ""geo_view"", ""geojson_view"", ""navigablemap"", ""choroplethmap"", ""pages"", ""pdf_view"", ""rvr"", ""scheming_datasets"", ""scheming_organizations""]"
2026-10-05,www-datosabiertos-gob-pa,https://www.datosabiertos.gob.pa,5735,18,114,,
2026-10-05,open-development-mekong-open-data,https://data.opendevelopmentmekong.net,14141,10,45,2.9.9,"[""sqlalchemythread"", ""uwsgistats"", ""stats"", ""pdf_view"", ""geojson_view"", ""geo_view"", ""image_view"", ""text_view"", ""webpage_view"", ""recline_map_view"", ""harvest"", ""ckan_harvester"", ""datastore"", ""datapusher"", ""resource_proxy"", ""issues"", ""schema_field_groups"", ""scheming_datasets"", ""vectorconverter"", ""odm_dataset_ext"", ""odm_dataset_resource"", ""odm_agreement"", ""odm_library"", ""odm_laws"", ""odm_profiles"", ""odm_notifications"", ""dcat"", ""cesium_viewer"", ""fluent"", ""spatial_metadata"", ""spatial_query"", ""googleanalytics"", ""odm_nav"", ""url_shorten"", ""backgrounder"", ""analytics"", ""video""]"
2026-10-05,coimisiun-na-mean-cnam-journalism-schemes-portal,https://journalismschemes.cnam.ie/,20876,0,75,2.10.11,"[""dlxschema"", ""sqlalchemythread"", ""uwsgistats"", ""stats"", ""text_view"", ""image_view"", ""officedocs_view"", ""pdf_view"", ""dcat"", ""dcat_json_interface"", ""psbthemealt"", ""schema_field_groups"", ""scheming_datasets"", ""scheming_nerf_index"", ""spatial_metadata"", ""spatial_query"", ""harvest"", ""ckan_harvester"", ""csw_harvester"", ""waf_harvester"", ""doc_harvester"", ""datatables_view"", ""geo_view"", ""geojson_view"", ""resource_proxy"", ""fluent"", ""cookieconsent"", ""security"", ""activity"", ""kpidashboard"", ""kpi_collect"", ""kpi_articles_by"", ""metric_groups_by_type"", ""superset""]"
2026-10-05,limerick-city-and-county-council-open-data,https://datacatalog.limerick.ie/,82,0,4,2.9.16,"[""dlxschema"", ""sqlalchemythread"", ""uwsgistats"", ""stats"", ""text_view"", ""image_view"", ""officedocs_view"", ""pdf_view"", ""dcat"", ""dcat_json_interface"", ""psbthemealt"", ""schema_field_groups"", ""scheming_datasets"", ""spatial_metadata"", ""spatial_query"", ""harvest"", ""ckan_harvester"", ""csw_harvester"", ""waf_harvester"", ""doc_harvester"", ""datatables_view"", ""datastore"", ""datapusher"", ""dietstars"", ""geo_view"", ""geojson_view"", ""resource_proxy"", ""fluent"", ""esri_arcgis_harvester"", ""cookieconsent"", ""security"", ""openapi_view""]"
2026-10-05,teagasc-open-data,https://opendata.teagasc.ie/,25,0,16,2.9.16,"[""dlxschema"", ""sqlalchemythread"", ""uwsgistats"", ""stats"", ""text_view"", ""image_view"", ""officedocs_view"", ""pdf_view"", ""dcat"", ""dcat_json_interface"", ""schema_field_groups"", ""scheming_datasets"", ""spatial_metadata"", ""spatial_query"", ""harvest"", ""ckan_harvester"", ""csw_harvester"", ""waf_harvester"", ""doc_harvester"", ""datatables_view"", ""datastore"", ""datapusher"", ""psbthemealt"", ""geo_view"", ""geojson_view"", ""resource_proxy"", ""twitterwidget"", ""fluent"", ""esri_arcgis_harvester"", ""cookieconsent"", ""pending_datasets"", ""security"", ""s3filestore""]"
2026-10-05,national-council-for-special-education-ncse-open-data,https://opendata.ncse.ie/,61,0,8,2.9.16,"[""dlxschema"", ""superset"", ""sqlalchemythread"", ""uwsgistats"", ""stats"", ""text_view"", ""image_view"", ""officedocs_view"", ""pdf_view"", ""dcat"", ""dcat_json_interface"", ""psbthemealt"", ""schema_field_groups"", ""scheming_datasets"", ""spatial_metadata"", ""spatial_query"", ""harvest"", ""ckan_harvester"", ""csw_harvester"", ""waf_harvester"", ""doc_harvester"", ""datatables_view"", ""datastore"", ""datapusher"", ""geo_view"", ""geojson_view"", ""resource_proxy"", ""twitterwidget"", ""fluent"", ""cookieconsent"", ""data_transform"", ""data_transform_superset""]"
2026-10-05,cork-city-council-open-data,https://data.corkcity.ie,34,3,6,2.9.16,"[""dlxschema"", ""sqlalchemythread"", ""uwsgistats"", ""stats"", ""text_view"", ""image_view"", ""officedocs_view"", ""pdf_view"", ""dcat"", ""dcat_json_interface"", ""superset"", ""psbthemealt"", ""schema_field_groups"", ""scheming_datasets"", ""spatial_metadata"", ""spatial_query"", ""harvest"", ""ckan_harvester"", ""csw_harvester"", ""waf_harvester"", ""doc_harvester"", ""datatables_view"", ""datastore"", ""datapusher"", ""dietstars"", ""geo_view"", ""geojson_view"", ""resource_proxy"", ""fluent"", ""esri_arcgis_harvester"", ""security""]"
2026-10-05,western-pennsylvania-regional-data-center,https://data.wprdc.org,371,16,31,2.11.6,"[""datajson"", ""datastore"", ""spatialdata"", ""tracking"", ""stats"", ""wprdctheme"", ""scheming_datasets"", ""dcat"", ""dcat_json_interface"", ""structured_data"", ""datapusher_plus"", ""officedocs_view"", ""pdf_view"", ""geo_view"", ""text_view"", ""webpage_view"", ""image_view"", ""datatables_view"", ""envvars""]"
2026-10-05,tusla-data-catalogue,https://datacatalog.tusla.ie,1492,190,6,2.9.16,"[""sqlalchemythread"", ""uwsgistats"", ""stats"", ""text_view"", ""image_view"", ""recline_view"", ""dcat"", ""dcat_json_interface"", ""schema_field_groups"", ""scheming_datasets"", ""spatial_metadata"", ""spatial_query"", ""harvest"", ""ckan_harvester"", ""csw_harvester"", ""waf_harvester"", ""doc_harvester"", ""tusla"", ""datastore"", ""datapusher"", ""datatables_view"", ""resource_proxy"", ""officedocs_view"", ""pdf_view"", ""pending_datasets""]"
2026-10-05,ireland-open-data-portal,https://data.gov.ie,22762,1,172,2.9.16,"[""cookieconsent"", ""superset"", ""geo_view"", ""shp_view"", ""geojson_view"", ""wmts_view"", ""pdf_view"", ""officedocs_view"", ""pages"", ""text_view"", ""image_view"", ""recline_graph_view"", ""recline_map_view"", ""dcat"", ""dcat_json_interface"", ""datastore"", ""datapusher"", ""dietstars"", ""resource_proxy"", ""datatables_view"", ""harvest"", ""spatial_metadata"", ""spatial_query"", ""ckan_harvester"", ""dgi_ckan_harvester"", ""dcat_rdf_harvester"", ""dublinked_ckan_harvester"", ""esri_arcgis_harvester"", ""gemini_csw_harvester"", ""dgi_gemini_harvester"", ""isde_harvester"", ""hplg_dcat_json_harvester"", ""hplg_dcat_json_geospatial_harvester"", ""showcase"", ""jsonstat_view"", ""datarequests"", ""sqlalchemythread"", ""uwsgistats"", ""datastore_cleanup"", ""fluent"", ""dgithree"", ""impactstories"", ""likes"", ""ytp_comments"", ""dx_stats"", ""haleandhearty"", ""broken_links"", ""featured"", ""stats"", ""discourse-sso"", ""dlxschema"", ""schema_field_groups"", ""scheming_organizations"", ""scheming_datasets"", ""fuseki""]"
2026-10-05,dafm-agriculture-open-data,https://opendata.agriculture.gov.ie,57,0,78,2.9.16,"[""dlxschema"", ""sqlalchemythread"", ""uwsgistats"", ""stats"", ""text_view"", ""image_view"", ""officedocs_view"", ""pdf_view"", ""dcat"", ""dcat_json_interface"", ""psbthemealt"", ""schema_field_groups"", ""scheming_datasets"", ""scheming_groups"", ""spatial_metadata"", ""spatial_query"", ""harvest"", ""ckan_harvester"", ""csw_harvester"", ""waf_harvester"", ""doc_harvester"", ""datatables_view"", ""datastore"", ""datapusher"", ""dietstars"", ""geo_view"", ""geojson_view"", ""resource_proxy"", ""fluent"", ""esri_arcgis_harvester"", ""cookieconsent"", ""s3filestore"", ""security"", ""jsonstat_view"", ""vectorconverter"", ""mvt_view""]"
2026-10-05,dhlgh-housing-open-data,https://opendata.housing.gov.ie,469,0,2,2.9.16,"[""sqlalchemythread"", ""uwsgistats"", ""stats"", ""text_view"", ""image_view"", ""recline_view"", ""officedocs_view"", ""pdf_view"", ""dcat"", ""dcat_json_interface"", ""psbthemealt"", ""schema_field_groups"", ""scheming_datasets"", ""spatial_metadata"", ""spatial_query"", ""harvest"", ""ckan_harvester"", ""csw_harvester"", ""waf_harvester"", ""doc_harvester"", ""datatables_view"", ""datastore"", ""datapusher"", ""dlxschema"", ""dietstars"", ""geo_view"", ""geojson_view"", ""resource_proxy"", ""twitterwidget"", ""fluent"", ""esri_arcgis_harvester"", ""cookieconsent""]"
2026-10-05,smart-dublin-open-data-portal,https://data.smartdublin.ie,935,1,17,2.9.16,"[""dlxschema"", ""sqlalchemythread"", ""uwsgistats"", ""dx_stats"", ""stats"", ""text_view"", ""image_view"", ""recline_view"", ""dcat"", ""dcat_json_interface"", ""schema_field_groups"", ""scheming_datasets"", ""spatial_metadata"", ""spatial_query"", ""harvest"", ""ckan_harvester"", ""csw_harvester"", ""waf_harvester"", ""doc_harvester"", ""datastore"", ""datapusher"", ""featured"", ""datatables_view"", ""resource_proxy"", ""officedocs_view"", ""pdf_view"", ""derilinxdcatprofile"", ""routetopa"", ""vectorconverter"", ""backgrounder"", ""cesium_viewer"", ""dublinked"", ""datasetpage"", ""datasetviz"", ""dietstars"", ""geo_view"", ""geojson_view"", ""flooding_api"", ""datastore_cleanup"", ""arcgis_harvester"", ""esri_arcgis_harvester"", ""healthcheck"", ""cookieconsent"", ""openapi_view""]"
2026-10-05,kildare-county-council-open-data-portal,https://data.kildarecoco.ie,80,0,1,2.9.16,"[""dlxschema"", ""sqlalchemythread"", ""uwsgistats"", ""stats"", ""text_view"", ""image_view"", ""officedocs_view"", ""pdf_view"", ""dcat"", ""dcat_json_interface"", ""psbthemealt"", ""schema_field_groups"", ""scheming_datasets"", ""spatial_metadata"", ""spatial_query"", ""harvest"", ""ckan_harvester"", ""csw_harvester"", ""waf_harvester"", ""doc_harvester"", ""datatables_view"", ""datastore"", ""datapusher"", ""dietstars"", ""geo_view"", ""geojson_view"", ""resource_proxy"", ""fluent"", ""esri_arcgis_harvester"", ""cookieconsent"", ""pending_datasets""]"
2026-10-05,nbcomso-data-catalog,https://data.nbco.gov.ie,2,2,1,2.9.16,"[""dlxschema"", ""sqlalchemythread"", ""uwsgistats"", ""stats"", ""text_view"", ""image_view"", ""officedocs_view"", ""pdf_view"", ""dcat"", ""dcat_json_interface"", ""psbthemealt"", ""schema_field_groups"", ""scheming_datasets"", ""spatial_metadata"", ""spatial_query"", ""harvest"", ""ckan_harvester"", ""csw_harvester"", ""waf_harvester"", ""doc_harvester"", ""datatables_view"", ""datastore"", ""datapusher"", ""dietstars"", ""geo_view"", ""geojson_view"", ""resource_proxy"", ""fluent"", ""esri_arcgis_harvester"", ""cookieconsent"", ""security"", ""openapi_view""]"
2026-10-05,public-service-data-catalogue,https://datacatalogue.gov.ie,1543,1,85,2.9.15,"[""requestid"", ""sqlalchemythread"", ""uwsgistats"", ""stats"", ""spatial_metadata"", ""spatial_query"", ""dcat"", ""dcat_json_interface"", ""schema_field_groups"", ""scheming_datasets"", ""scheming_organizations"", ""pending_datasets"", ""pages"", ""s3filestore"", ""googleanalytics"", ""rollback"", ""psbtheme"", ""psbpermissions"", ""security""]"
2026-10-05,companies-registration-office-open-data,https://opendata.cro.ie/,2,0,1,2.9.16,"[""superset"", ""dlxschema"", ""psbthemealt"", ""s3filestore"", ""sqlalchemythread"", ""uwsgistats"", ""stats"", ""text_view"", ""image_view"", ""officedocs_view"", ""pdf_view"", ""dcat"", ""dcat_json_interface"", ""schema_field_groups"", ""scheming_datasets"", ""spatial_metadata"", ""spatial_query"", ""harvest"", ""ckan_harvester"", ""csw_harvester"", ""waf_harvester"", ""doc_harvester"", ""datatables_view"", ""datastore"", ""datapusher"", ""dietstars"", ""geo_view"", ""geojson_view"", ""resource_proxy"", ""twitterwidget"", ""fluent"", ""esri_arcgis_harvester"", ""cookieconsent"", ""openapi_view"", ""security"", ""s3resources""]"
2026-10-05,malta-open-data-portal,https://portal.data.gov.mt/,371,0,59,2.10.11,"[""mita"", ""dlxschema"", ""sqlalchemythread"", ""uwsgistats"", ""text_view"", ""image_view"", ""recline_view"", ""officedocs_view"", ""pages"", ""pdf_view"", ""dcat"", ""dcat_json_interface"", ""data_access_requests"", ""psbthemealt"", ""schema_field_groups"", ""scheming_datasets"", ""scheming_groups"", ""scheming_organizations"", ""spatial_metadata"", ""spatial_query"", ""harvest"", ""ckan_harvester"", ""csw_harvester"", ""waf_harvester"", ""doc_harvester"", ""dcat_rdf_harvester"", ""dcat_esri_dcat211_harvester"", ""datatables_view"", ""datastore"", ""datapusher"", ""dietstars"", ""geo_view"", ""geojson_view"", ""resource_proxy"", ""fluent"", ""esri_arcgis_harvester"", ""security"", ""azure_filestore"", ""oidc_pkce"", ""activity"", ""sdmx_harvester"", ""openapi_view"", ""kpidashboard"", ""kpi_collect"", ""kpi_stat_view"", ""metric_resource_format"", ""stats"", ""broken_links"", ""metric_broken_links"", ""metric_groups_by_type"", ""datarequests"", ""data_altruism"", ""psbpermissions"", ""healthcheck""]"
2026-10-05,world-bank-group-energydata,https://energydata.info,1191,6,0,2.9.16,"[""sqlalchemythread"", ""uwsgistats"", ""pdf_view"", ""officedocs_view"", ""stats"", ""text_view"", ""image_view"", ""recline_view"", ""recline_graph_view"", ""recline_map_view"", ""webpage_view"", ""dcat"", ""dcat_json_interface"", ""derilinxdcatprofile"", ""datastore"", ""datapusher"", ""resource_proxy"", ""datatables_view"", ""spatial_metadata"", ""spatial_query"", ""superset"", ""vectorconverter"", ""offgrid_theme"", ""data_transform"", ""data_transform_superset"", ""extrafields"", ""mvt"", ""mvt_view"", ""datastore_cleanup"", ""archive_dataset"", ""s3resources"", ""backgrounder"", ""cooking"", ""harvest"", ""ckan_harvester"", ""pending_datasets"", ""s3filestore"", ""broken_links"", ""security""]"
2026-10-05,world-bank-group-waterdata,https://wbwaterdata.org,36,3,72,2.9.16,"[""sqlalchemythread"", ""stats"", ""text_view"", ""image_view"", ""recline_view"", ""recline_graph_view"", ""recline_map_view"", ""officedocs_view"", ""pdf_view"", ""dcat"", ""dcat_json_interface"", ""scheming_datasets"", ""spatial_metadata"", ""spatial_query"", ""harvest"", ""ckan_harvester"", ""csw_harvester"", ""waf_harvester"", ""doc_harvester"", ""datatables_view"", ""datastore"", ""datapusher"", ""dietstars"", ""waterdata"", ""waterdatapages"", ""resource_proxy"", ""geo_view"", ""geojson_view"", ""textboxview"", ""pages"", ""healthcheck"", ""security""]"
2026-10-05,codi-data-catalog,http://gdcatalog.codi.or.th,22,4,25,2.9.5,"[""discovery"", ""search_suggestions"", ""thai_gdc"", ""stats"", ""image_view"", ""text_view"", ""recline_view"", ""resource_proxy"", ""webpage_view"", ""datastore"", ""xloader"", ""pdf_view"", ""dga_stats"", ""noregistration"", ""scheming_datasets"", ""hierarchy_display"", ""hierarchy_form"", ""dcat"", ""dcat_json_interface"", ""structured_data""]"
2026-10-05,musterstadt,https://open-data-musterstadt.ckan.de,0,0,0,,
2026-10-05,mobidata-bw-data-portal,https://mobidata-bw.de,146,10,27,2.11.3,"[""mobidatabw_theme"", ""stats"", ""text_view"", ""image_view"", ""datatables_view"", ""datatableslimit_view"", ""geo_view"", ""geojson_view"", ""wmts_view"", ""shp_view"", ""datastore"", ""xloader"", ""pdf_view"", ""resource_proxy"", ""harvest"", ""ckan_harvester"", ""spatial_metadata"", ""spatial_query"", ""dcat"", ""dcatde"", ""dcat_rdf_harvester"", ""dcat_json_harvester"", ""dcat_json_interface"", ""structured_data"", ""activity"", ""pages"", ""comments"", ""metadata_manager"", ""tracking"", ""envvars""]"
2026-10-05,aragon-open-data,https://opendata.aragon.es,2427,22,47,2.10.4,"[""envvars"", ""image_view"", ""text_view"", ""datatables_view"", ""resource_proxy"", ""geo_view"", ""datastore"", ""xloader"", ""rating"", ""datasets_catalog_rdf"", ""harvest"", ""ckan_harvester"", ""iaest_rdf_harvester"", ""oaipmh_unizar"", ""aod_schema_dataset"", ""aod_schema_group"", ""aod_schema_organization""]"
2026-10-05,tuzla-municipality-open-data-portal,https://veri.tuzla.bel.tr,91,10,28,2.9.5,
2026-10-05,datagovua,https://data.gov.ua,36944,12,11754,2.7.2,"[""discourse-sso"", ""issues"", ""sparql_interface"", ""stats"", ""text_view"", ""image_view"", ""recline_view"", ""recline_graph_view"", ""recline_map_view"", ""recline_grid_view"", ""geo_view"", ""datastore"", ""datapusher"", ""multilingual_group"", ""multilingual_tag"", ""forum"", ""pages"", ""apps"", ""prettymail"", ""qa"", ""archiver"", ""report"", ""harvest"", ""ckan_harvester"", ""dcat"", ""dcat_rdf_harvester"", ""dcat_json_harvester"", ""dcat_json_interface"", ""dgua"", ""dgua_hash_validation""]"
2026-10-05,gdcatalogcodiorth,https://gdcatalog.codi.or.th,22,4,25,2.9.5,"[""discovery"", ""search_suggestions"", ""thai_gdc"", ""stats"", ""image_view"", ""text_view"", ""recline_view"", ""resource_proxy"", ""webpage_view"", ""datastore"", ""xloader"", ""pdf_view"", ""dga_stats"", ""noregistration"", ""scheming_datasets"", ""hierarchy_display"", ""hierarchy_form"", ""dcat"", ""dcat_json_interface"", ""structured_data""]"
2026-10-05,cataloguedevcioosatlanticca,https://catalogue.dev.cioosatlantic.ca,158,0,26,2.9.11,"[""stats"", ""text_view"", ""image_view"", ""recline_view"", ""datastore"", ""datapusher"", ""scheming_datasets"", ""scheming_organizations"", ""scheming_groups"", ""scheming_nerf_index"", ""fluent"", ""harvest"", ""ckan_harvester"", ""csw_harvester"", ""waf_harvester"", ""doc_harvester"", ""ckan_schema_harvester"", ""spatial_metadata"", ""spatial_query"", ""spatial_harvest_metadata_api"", ""cioos_harvest"", ""cioos_theme"", ""ckan_cioos_harvester"", ""dcat"", ""structured_data"", ""resource_proxy"", ""geo_view"", ""geojson_view"", ""wmts_view"", ""ckan_spatial_harvester"", ""datastream_harvester"", ""envvars""]"
2026-10-05,open-data-dk,https://portal.opendata.dk,631,13,51,2.11.5,"[""activity"", ""datatables_view"", ""geo_view"", ""image_view"", ""text_view"", ""pdf_view"", ""geojson_view"", ""webpage_view"", ""resource_proxy"", ""datastore"", ""datapusher"", ""portalopendatadk"", ""dcat"", ""dcat_rdf_harvester"", ""dcat_json_harvester"", ""dcat_json_interface"", ""cprvalidation"", ""harvest"", ""ckan_harvester"", ""updatetracking"", ""noanonaccess"", ""scheming_datasets"", ""fluent"", ""translate"", ""s3filestore"", ""envvars""]"
2026-10-05,info-cdmx-open-data,https://datosabiertos.infocdmx.org.mx,68,3,1,2.10.4,"[""activity"", ""text_view"", ""image_view"", ""recline_view"", ""datastore"", ""xloader""]"
2026-10-05,agency-data-catalog,https://datacatalog.onde.go.th,59,6,15,2.10.7,"[""thai_gdc"", ""showcase"", ""stats"", ""opendstats"", ""activity"", ""image_view"", ""datatables_view"", ""text_view"", ""webpage_view"", ""resource_proxy"", ""geo_view"", ""geojson_view"", ""shp_view"", ""xloader"", ""datastore"", ""pdf_view"", ""dcat"", ""dcat_json_interface"", ""structured_data"", ""scheming_datasets"", ""hierarchy_display"", ""hierarchy_form""]"
2026-10-05,pekalongan-city-data-portal,https://data.pekalongankota.go.id,2507,19,86,2.7.2,"[""stats"", ""text_view"", ""image_view"", ""recline_view"", ""datastore"", ""harvest"", ""ckan_harvester""]"
2026-10-05,rosario-city-council-data-portal,http://datos.concejorosario.gov.ar,352,11,1,2.6.2,"[""stats"", ""text_view"", ""image_view"", ""recline_view"", ""datastore"", ""datapusher"", ""pdf_view"", ""webpage_view"", ""recline_graph_view"", ""pda"", ""pages"", ""piechart"", ""basicgrid"", ""resource_proxy"", ""wmts_view"", ""geo_view"", ""geojson_view""]"
2026-10-05,open-data-ruhr,http://opendata.rvr.ruhr,3166,31,26,2.10.5,"[""envvars"", ""resource_proxy"", ""datastore"", ""xloader"", ""image_view"", ""text_view"", ""datatables_view"", ""spatial_metadata"", ""spatial_query"", ""harvest"", ""ckan_harvester"", ""dcat"", ""dcatde"", ""dcat_rdf_harvester"", ""dcatde_rdf_harvester"", ""dcat_json_harvester"", ""dcat_json_interface"", ""structured_data"", ""geo_view"", ""geojson_view"", ""navigablemap"", ""choroplethmap"", ""pages"", ""pdf_view"", ""rvr"", ""scheming_datasets"", ""scheming_organizations""]"
2026-10-05,the-document-management-system,https://dms.hiv.health.gov.mw,197,8,2,2.11.0,"[""dms"", ""dataset_subscriptions"", ""activity"", ""short_urls"", ""scheming_datasets"", ""stats"", ""text_view"", ""image_view"", ""pdf_view"", ""geo_view"", ""webpage_view"", ""officedocs_view"", ""blob_storage"", ""authz_service"", ""pages""]"
2026-10-05,open-data-portal-of-the-ruhr-metropolis,http://opendata.ruhr,3166,31,26,2.10.5,"[""envvars"", ""resource_proxy"", ""datastore"", ""xloader"", ""image_view"", ""text_view"", ""datatables_view"", ""spatial_metadata"", ""spatial_query"", ""harvest"", ""ckan_harvester"", ""dcat"", ""dcatde"", ""dcat_rdf_harvester"", ""dcatde_rdf_harvester"", ""dcat_json_harvester"", ""dcat_json_interface"", ""structured_data"", ""geo_view"", ""geojson_view"", ""navigablemap"", ""choroplethmap"", ""pages"", ""pdf_view"", ""rvr"", ""scheming_datasets"", ""scheming_organizations""]"
2026-10-05,openscience-eu-datahub,https://datahub.openscience.eu,23,0,3,2.10.1,"[""envvars"", ""image_view"", ""text_view"", ""recline_view"", ""datastore"", ""datapusher""]"
2026-10-05,open-data-ifro-dados-abertos-ifro,https://dados.ifro.edu.br,23,11,1,2.6.0,"[""stats"", ""text_view"", ""image_view"", ""recline_view"", ""datastore"", ""recline_grid_view""]"
2026-10-05,mapaction-data-portal,https://maps.mapaction.org,4614,0,0,2.7.12,"[""envvars"", ""stats"", ""text_view"", ""image_view"", ""pdf_view"", ""recline_view"", ""webpage_view"", ""mapactiontheme"", ""mapactionimporter"", ""mapactionevent"", ""locationgroup"", ""mapactiongeorss"", ""userautoadd"", ""datasetversions"", ""datasetthumbnail"", ""syndicate"", ""googleauth"", ""googleanalytics"", ""mapactionschemas"", ""scheming_datasets"", ""repeating""]"
2026-10-05,bira-iasb-data-repository,https://data.aeronomie.be,177,5,1,2.11.4,"[""resource_proxy"", ""datatables_view"", ""text_view"", ""image_view"", ""stats"", ""pdf_view"", ""markdown_view"", ""biraiasb_global"", ""harvest"", ""ckan_harvester"", ""spatial_metadata"", ""spatial_query"", ""dcat"", ""dcat_json_interface"", ""structured_data"", ""doi"", ""saml2auth"", ""scheming_groups"", ""scheming_datasets"", ""sitemap"", ""matomo"", ""openapi""]"
2026-10-05,vital-strategies,https://vital-healthdata.org,17,6,6,2.10.4,"[""image_view"", ""text_view"", ""recline_view"", ""datastore"", ""datapusher"", ""resource_proxy"", ""geojson_view"", ""querytool""]"
2026-10-05,us-department-of-education,https://data.ed.gov,1105,29,55,2.9.9,"[""saml2auth"", ""datastore"", ""xloader"", ""dataexplorer_view"", ""dataexplorer_table_view"", ""dataexplorer_chart_view"", ""dataexplorer_map_view"", ""ckan_harvester"", ""datajson_harvest"", ""ed"", ""edharvest"", ""eddatajsonharvest"", ""ed_sources"", ""ed_stats"", ""resource_proxy"", ""ed_hierarchy_display"", ""ed_hierarchy_form"", ""documentation"", ""ed_collections"", ""ed_data_explorers"", ""ed_format_translator"", ""ed_resource_approval"", ""deadoralive"", ""pages"", ""showcase"", ""envvars""]"
2026-10-05,corona-open-data,https://corona-open-data.ckan.de,0,0,0,,
2026-10-05,toronto-open-data-portal,https://open.toronto.ca/,0,0,0,,
2026-10-05,marcus-institute,https://data.hsl.harvard.edu,0,0,0,,
2026-10-05,dathere-data-catalog,https://data.dathere.com/,0,0,0,,
2026-10-05,city-of-ann-arbor,https://data.a2gov.org/,0,0,0,,
2026-10-05,transport-data-commons,https://portal.transport-data.org/,0,0,0,,
2026-10-05,open-data-northern-ireland,https://www.opendatani.gov.uk,0,0,0,,
2026-10-05,ssen,https://data.ssen.co.uk/,0,0,0,,
2026-10-05,eu-data-portal,https://gimi9.com,0,0,0,,
2026-10-05,datosabiertos-lapaz-bo,https://datosabiertos.lapaz.bo,0,0,0,,
2026-10-05,canada-open-data,https://search.open.canada.ca/opendata/,0,0,0,,
2026-10-05,datahubzamgacat,https://data.hub.zamg.ac.at,0,0,0,,
2026-10-05,the-queen-sirikit-department-of-sericulture-data-catalog,http://catalog.qsds.go.th,202,4,14,2.10.7,"[""thai_gdc"", ""showcase"", ""stats"", ""opendstats"", ""activity"", ""image_view"", ""datatables_view"", ""text_view"", ""webpage_view"", ""resource_proxy"", ""geo_view"", ""geojson_view"", ""shp_view"", ""xloader"", ""datastore"", ""pdf_view"", ""dcat"", ""dcat_json_interface"", ""structured_data"", ""scheming_datasets"", ""hierarchy_display"", ""hierarchy_form""]"
2026-10-05,avinor-data-catalog-ckan,https://data.avinor.no,0,0,0,,
2026-10-05,ogsl-data-catalogue,https://catalogue.slgo.ca,0,0,0,,
2026-10-05,shizuoka-city-open-data-catalog-site,https://dataset.city.shizuoka.jp,0,0,0,,
2026-10-05,mooka-city-open-data-catalog-site,https://opendata.city.moka.lg.jp,0,0,0,,
2026-10-05,kitamoto-city-open-data-portal-site-kitamoto-open-data,https://opendata.city.kitamoto.saitama.jp,0,0,0,,
2026-10-05,pasaman-barat-data-portal,https://data.pasamanbaratkab.go.id,0,0,0,,
2026-10-05,ecai-ckan-portal,https://ecaidata.org,0,0,0,,
2026-10-05,open-data-and-information-portal,https://data.asc-csa.gc.ca,0,0,0,,
2026-10-05,greece-geodata-portal,http://geodata.gov.gr,0,0,0,,
2026-10-05,accounting-system-dairy-promotion-organization-of-thailand,https://opendata.dpo.go.th,0,0,0,,
2026-10-05,central-statistics-office-data,https://haleandhearty.staging.derilinx.com,0,0,0,,
2026-10-05,city-of-regina-open-data,https://open.regina.ca,0,0,0,,
2026-10-05,open-data-nepal,https://opendatanepal.com,0,0,0,,
2026-10-05,ufpel-open-data,http://dados.ufpel.tche.br,0,0,0,,
2026-10-05,hainan-data-portal,http://haidatas.cn,0,0,0,,
2026-10-05,open-data-real-laboratory-pfaff,https://opendata.pfaff-reallabor.de,0,0,0,,
2026-10-05,torino-open-data,http://aperto.comune.torino.it,0,0,0,,
2026-10-05,crespo-open-data,http://datos.crespo.gob.ar,0,0,0,,
2026-10-05,mendoza-deputies-open-data,http://datosabiertos.hcdmza.gob.ar,0,0,0,,
2026-10-05,higashihiroshima-city-open-data-catalog-site,http://opendata.city.higashihiroshima.lg.jp,0,0,0,,
2026-10-05,pergamino-open-data,http://per-bue-datos.paisdigital.modernizacion.gob.ar,0,0,0,,
2026-10-05,konya-metropolitan-municipality-open-data-platform,https://acikveri.konya.bel.tr,0,0,0,,
2026-10-05,athens-geodata-labs,http://catalog.publicamundi.eu,0,0,0,,
2026-10-05,dubno-city-council-s-open-data-portal,https://ckan.dubno-adm.rv.ua,0,0,0,,
2026-10-05,ncar-opensky-data-search,https://ckanprod-alma.ucar.edu,0,0,0,,
2026-10-05,ufma-open-data-portal,http://dadosabertos.ufma.br,0,0,0,,
2026-10-05,open-government-data-of-bangkok,http://data.bangkok.go.th,0,0,0,,
2026-10-05,romania-open-data-portal,http://data.gov.ro,0,0,0,,
2026-10-05,government-of-the-republic-of-trinidad-and-tobago-open-data-platform,https://data.gov.tt,0,0,0,,
2026-10-05,kaohsiung-city-government-data-openness,https://data.kcg.gov.tw,0,0,0,,
2026-10-05,open-data-municipality-of-comodoro-rivadavia,https://datos.vivamoscomodoro.gob.ar,0,0,0,,
2026-10-05,australian-government-data,https://data.gov.au,0,0,0,,
2026-10-05,opendataquangngaigovvn,https://opendata.quangngai.gov.vn,0,0,0,,
2026-10-05,datostechoorg,http://datos.techo.org,0,0,0,,
2026-10-05,docsentsoeeu,https://docs.entsoe.eu,0,0,0,,
2026-10-05,datiustatmiurit,http://dati.ustat.miur.it,0,0,0,,
2026-10-05,dadosabertosufmabr,https://dadosabertos.ufma.br,0,0,0,,
2026-10-05,national-statistics-office,https://data.nsonepal.gov.np,0,0,0,,
2026-10-05,west-virginia-checkbook,https://www.wvcheckbook.gov,0,0,0,,
2026-10-05,thailand-agriculture-data-portal,https://farmerone.in.th,0,0,0,,
2026-10-05,datos-abiertos-cordoba-argentina,https://datosgestionabierta.cba.gov.ar/,0,0,0,,
2026-10-05,datos-estadisticas-y-censos-cordoba-argentina,https://datosestadistica.cba.gov.ar/,0,0,0,,
2026-10-05,canadian-watershed-information-network-canadian-watershed-information-network,https://canwin-datahub.ad.umanitoba.ca,0,0,0,,
2026-10-05,central-bank-of-ireland-open-data,https://opendata.centralbank.ie,0,0,0,,
2026-10-05,find,https://finddx.portaljs.com,0,0,0,,
2026-10-05,data-pkc-gov-uk,https://data.pkc.gov.uk,0,0,0,,
2026-10-05,www-yorkopendata-org,https://www.yorkopendata.org,0,0,0,,
2026-10-05,data-lincolnshire-gov-uk,https://data.lincolnshire.gov.uk,0,0,0,,
2026-10-05,data-gov-bt,https://data.gov.bt/,0,0,0,,
2026-10-05,open-canada-ca-en,https://open.canada.ca/en,0,0,0,,
2026-10-05,catalogue-nextgeoss-eu,https://catalogue.nextgeoss.eu,0,0,0,,
2026-10-05,turing-portaljs-org,https://turing.portaljs.org,0,0,0,,
2026-10-05,archive-sigma2-no,https://archive.sigma2.no/,0,0,0,,
2026-10-05,data-hounslow-gov-uk,https://data.hounslow.gov.uk/,0,0,0,,
2026-10-05,dfl-london-gov-uk,https://dfl.london.gov.uk/,0,0,0,,
2026-10-05,open-data-denmark,https://www.opendata.dk,0,0,0,,
2026-10-05,edsn,https://www.edsn.nl,0,0,0,,
2026-10-05,opendata-az-en,https://opendata.az/en,0,0,0,,
2026-10-05,open-data-municipality-of-santa-ana,https://datosabiertos.santaana.go.cr,0,0,0,,
2026-10-05,alaska-arctic-geoecological-atlas-aaga,https://arcticatlas.geobotany.org,0,0,0,,
2026-10-05,viseu-dao-lafoes-open-data-portal,http://128.199.41.97:5000,0,0,0,,
2026-10-05,data-gov-ro-data-gov-ro,https://data.gov.ro,0,0,0,,
2026-10-05,minnesota-geospatial-commons,https://gisdata.mn.gov,0,0,0,,
2026-10-05,thai-agricultural-open-data,https://govtech.in.th,0,0,0,,
2026-10-05,russian-open-data-hub,https://hubofdata.ru,0,0,0,,
2026-10-05,zbw-journal-data-archive,https://journaldata.zbw.eu,0,0,0,,
2026-10-05,attica-wetlands-wetland-repository,https://library.atticawetlands.eu,0,0,0,,
2026-10-05,lincolnshire-open-data,https://lincolnshire.ckan.io,0,0,0,,
2026-10-05,istanbul-b40-open-data-portal,https://opendata.b40cities.org,0,0,0,,
2026-10-05,open-data-wroclaw,https://opendata.cui.wroclaw.pl,0,0,0,,
2026-10-05,ipst-open-data,http://opendata.ipst.ac.th,0,0,0,,
2026-10-05,open-data-jena,https://opendata.jena.de,0,0,0,,
2026-10-05,luke-open-data-portal,https://opendata.luke.fi,0,0,0,,
2026-10-05,open-data-portal-porto,https://opendata.porto.digital,69,0,5,2.11.6,"[""image_view"", ""text_view"", ""datatables_view"", ""datastore"", ""datapusher"", ""envvars"", ""scheming_datasets"", ""scheming_nerf_index"", ""cmporto_index"", ""stats"", ""tracking"", ""activity"", ""composite"", ""repeating"", ""multilingual_dataset"", ""multilingual_group"", ""multilingual_tag"", ""matomo""]"
2026-10-05,toyama-prefecture-open-data-portal-site,https://opendata.pref.toyama.jp,0,0,0,,
2026-10-05,open-data-solok-selatan,https://opendata.solselkab.go.id,0,0,0,,
2026-10-05,abraxas-pandora-data-repository,https://pandoradata.earth,0,0,0,,
2026-10-05,nfwf-coastal-resilience-open-data-platform,https://resiliencedata.nfwf.org,0,0,0,,
2026-10-05,mojokerto-regency-palapa-one-data,https://satudatapalapa.mojokertokab.go.id,0,0,0,,
2026-10-05,transparency-portal-of-alhaurin-de-la-torre,https://transparencia.alhaurindelatorre.es,0,0,0,,
2026-10-05,bourgogne-franche-comte-open-data,https://trouver.ternum-bfc.fr,0,0,0,,
2026-10-05,nrgi-resourcedata-portal,https://www.resourcedata.org,0,0,0,,
2026-10-05,cabi-data-repository,https://ckan.cabi.org/data,0,0,0,,
2026-10-05,tse-open-data-portal,https://dadosabertos.tse.jus.br,184,12,7,2.11.5,"[""stats"", ""text_view"", ""image_view"", ""datastore"", ""pages"", ""googleanalytics"", ""tribunalsuperioreleitoral""]"
2026-10-05,tainan-city-government-data-open-platform,https://data.tainan.gov.tw,0,0,0,,
2026-10-05,guanajuato-state-congress-open-data,https://datos.congresogto.gob.mx,0,0,0,,
2026-10-05,open-budgets-india,https://openbudgetsindia.org,0,0,0,,
2026-10-05,heraklion-smart-city-open-data,https://smartcity.heraklion.gr/opendata,0,0,0,,
2026-10-05,openafrica-data-portal,https://openafrica.net,0,0,0,,
2026-10-05,opendataipstacth,https://opendata.ipst.ac.th,0,0,0,,
2026-10-05,datarsudtulungagunggoid,https://data.rsud.tulungagung.go.id,0,0,0,,
2026-10-05,opendatammdecincz,https://opendata.mmdecin.cz,0,0,0,,
2026-10-05,ckanearlhamacuk,https://ckan.earlham.ac.uk,0,0,0,,
2026-10-05,databeatonanet,http://data.beatona.net,0,0,0,,
2026-10-05,databangkokgoth,https://data.bangkok.go.th,0,0,0,,
2026-10-05,catalogcustomsgoth,https://catalog.customs.go.th,0,0,0,,
2026-10-05,grandestmoissonnagedata4citizencom,https://grandest-moissonnage.data4citizen.com,0,0,0,,
2026-10-05,dadosunifesspaedubr,https://dados.unifesspa.edu.br,0,0,0,,
2026-10-05,ckancitydatapl,http://ckan.citydata.pl,0,0,0,,
2026-10-05,datasefaradcomtr,https://data.sefarad.com.tr,0,0,0,,
2026-10-05,dadosabertosifcedubr,https://dadosabertos.ifc.edu.br,0,0,0,,
2026-10-05,opendatanhsscot,https://www.opendata.nhs.scot,105,23,4,2.8.4,"[""stats"", ""text_view"", ""image_view"", ""recline_view"", ""datastore"", ""datapusher"", ""resource_proxy"", ""nhs_theme"", ""schedule_field"", ""reorder"", ""pages""]"
2026-10-05,portalcrfmint,https://portal.crfm.int,0,0,0,,
2026-10-05,wwwopentourismnet,https://www.opentourism.net,0,0,0,,
2026-10-05,datakutaitimurkabgoid,https://data.kutaitimurkab.go.id,0,0,0,,
2026-10-05,ckangrassrootstools,https://ckan.grassroots.tools,0,0,0,,
2026-10-05,san-juan-open-data,https://datosabiertos.sanjuan.gob.ar,0,0,0,,
2026-10-05,santa-fe-open-data,https://datos.santafe.gob.ar,0,0,0,,
2026-10-05,knmi-data-platform,https://dataplatform.knmi.nl,0,0,0,,
2026-10-05,nsw-seed-data-portal,https://datasets.seed.nsw.gov.au,0,0,0,,
2026-10-05,ubc-sustainability-data-portal,https://data.sustain.ubc.ca,0,0,0,,
2026-10-05,purbalingga-one-data,https://data.purbalinggakab.go.id,0,0,0,,
2026-10-05,ethiopian-national-agri-data-hub,https://data.moa.gov.et,0,0,0,,
2026-10-05,hospital-quality-accreditation-institute,https://data.ha.or.th,0,0,0,,
2026-10-05,data-accounting-department-of-science-service,https://data.dss.go.th,30,6,11,2.10.7,"[""thai_gdc"", ""showcase"", ""stats"", ""opendstats"", ""activity"", ""image_view"", ""datatables_view"", ""text_view"", ""webpage_view"", ""resource_proxy"", ""geo_view"", ""geojson_view"", ""shp_view"", ""xloader"", ""datastore"", ""pdf_view"", ""dcat"", ""dcat_json_interface"", ""structured_data"", ""scheming_datasets"", ""hierarchy_display"", ""hierarchy_form""]"
2026-10-05,depositar-deposit-discover-reuse,https://data.depositar.io,0,0,0,,
2026-10-05,newark-open-data,https://data.ci.newark.nj.us,0,0,0,,
2026-10-05,south-aceh-open-data,https://data.acehselatankab.go.id,0,0,0,,
2026-10-05,kolomyia-city-open-data-portal,https://dani.kolrada.gov.ua,0,0,0,,
2026-10-05,iftm-open-data-portal,https://dadosabertos.iftm.edu.br,0,0,0,,
2026-10-05,ufrn-open-data,https://dados.ufrn.br,0,0,0,,
2026-10-05,open-data-ufrgs,https://dados.ufrgs.br,0,0,0,,
2026-10-05,open-data-ufpi,https://dados.ufpi.br,0,0,0,,
2026-10-05,rio-grande-do-sul-data-portal,https://dados.rs.gov.br,412,25,11,2.11.0,"[""stats"", ""text_view"", ""image_view"", ""datatables_view"", ""webpage_view"", ""example_theme"", ""pages""]"
2026-10-05,ministry-of-justice-and-public-security,https://dados.mj.gov.br,0,0,0,,
2026-10-05,ifsp-open-data-portal,https://dados.ifsp.edu.br,0,0,0,,
2026-10-05,open-data-portal-of-the-state-of-bahia,https://dados.ba.gov.br,0,0,0,,
2026-10-05,open-data-of-the-judicial-power-of-costa-rica,https://ckanpj.azurewebsites.net,0,0,0,,
2026-10-05,dataplattform-malmo-dataplattform-malmo,https://ckan-malmo.dataplatform.se,0,0,0,,
2026-10-05,danubius-ri-data-portal,https://ckan.teorie.ro,0,0,0,,
2026-10-05,open-data-of-the-siges-project,https://ckan.siges.sv,0,0,0,,
2026-10-05,agueda-open-data-portal,https://ckan.sig.cm-agueda.pt,0,0,0,,
2026-10-05,lwua-dip-lab-data-portal,https://ckan.diplab.uplb.edu.ph,0,0,0,,
2026-10-05,accounting-system-of-the-office-of-the-state-enterprise-policy-committee,https://catalog.sepo.go.th,0,0,0,,
2026-10-05,open-data-dof-ckan-department-of-fisheries-data-catalog,https://catalog.fisheries.go.th,0,0,0,,
2026-10-05,catalog-platform-of-the-digital-twin-munich,https://catalog.dzm.gis.lrg.tum.de,0,0,0,,
2026-10-05,arctic-permafrost-geospatial-centre,https://apgc.awi.de,0,0,0,,
2026-10-05,igg-knowledge-portal,http://portal.igg.ac.mn,0,0,0,,
2026-10-05,csu-open-data-portal,http://opendata.calstate.edu,0,0,0,,
2026-10-05,ministry-of-health-open-data,http://datos.salud.gob.ar,0,0,0,,
2026-10-05,quilmes-government-data,http://datos.quilmes.gov.ar,0,0,0,,
2026-10-05,open-data-of-higher-education,https://dati.ustat.miur.it,0,0,0,,
2026-10-05,national-access-point,http://data.nap.gov.gr,0,0,0,,
2026-10-05,ufop-open-data,http://dados.ufop.br,0,0,0,,
2026-10-05,ambar-datastore,http://ambar.utpl.edu.ec,0,0,0,,
2026-10-05,alcobendas-data-portal,https://datos.alcobendas.org,0,0,0,,
2026-10-05,ufla-open-data-portal,https://dados.ufla.br,0,0,0,,
2026-10-05,ufba-open-data-portal,https://dados.ufba.br,0,0,0,,
2026-10-05,food-security-portal-data,https://api.foodsecurityportal.org,0,0,0,2.9.7,"[""stats"", ""datastore"", ""datapusher"", ""recline_grid_view"", ""webpage_view"", ""scheming_datasets"", ""gdpr"", ""harvest"", ""fsp"", ""fsp_harvester"", ""fsp_price_harvester"", ""fsp_indicator_harvester"", ""fsp_returntrigger_harvester"", ""fsp_mediaanalysis_harvester"", ""fpm_harvester"", ""fsp_knowledge_base_harvester""]"
2026-10-05,fid-move-research-data-repository,https://data.fid-move.de,0,0,0,,
2026-10-05,gulf-of-maine-research-institute,https://dev.ckan.res.gmri.io,0,0,0,,
2026-10-05,global-development-data-portal,https://geo4.dev,0,0,0,,
2026-10-05,porto-open-data-portal,https://dadosabertos.porto.digital,69,0,5,2.11.6,"[""image_view"", ""text_view"", ""datatables_view"", ""datastore"", ""datapusher"", ""envvars"", ""scheming_datasets"", ""scheming_nerf_index"", ""cmporto_index"", ""stats"", ""tracking"", ""activity"", ""composite"", ""repeating"", ""multilingual_dataset"", ""multilingual_group"", ""multilingual_tag"", ""matomo""]"
2026-10-05,lamongan-data-portal,https://data.lamongankab.go.id,0,0,0,,
2026-10-05,brazilian-health-data-portal,https://opendatasus.saude.gov.br,0,0,0,,
2026-10-05,central-valley-housing-data-repository,http://valleyhousingrepository.library.fresnostate.edu,0,0,0,,
2026-10-05,trinidad-and-tobago-open-data,https://data.tt,0,0,0,,
2026-10-05,pandeglang-open-data,https://opendata.pandeglangkab.go.id,0,0,0,,
2026-10-05,tumi-data-portal,https://hub.tumidata.org,0,0,0,,
2026-10-05,winnipeg-metropolitan-region-data,https://data.winnipegmetroregion.ca,0,0,0,,
2026-10-05,u-s-small-business-administration-open-data,https://data.sba.gov,0,0,0,,
2026-10-05,new-zealand-government-data,https://catalogue.data.govt.nz,0,0,0,,
2026-10-05,u-s-government-open-data,https://catalog.data.gov,0,0,0,,
2026-10-05,idblab-ckan-service,https://data.pknu.ac.kr,0,0,0,2.10.9,"[""image_view"", ""text_view"", ""datatables_view"", ""datastore"", ""envvars"", ""harvest"", ""ckan_harvester""]"
2026-10-05,open-data-of-the-university-observatory-of-the-city,http://datosabiertos.ufasta.edu.ar,0,0,0,,
2026-10-05,north-bengkulu-one-data,https://data.bengkuluutarakab.go.id,0,0,0,,
2026-10-05,deli-serdang-one-data,https://data.deliserdangkab.go.id,0,0,0,,
2026-10-05,rotterdam-data-portal,https://ckan.dataplatform.nl,0,0,0,,
2026-10-05,india-girl-education-data,https://data.girleducation.in,0,0,0,,
2026-10-05,open-government-data-of-thailand,https://data.go.th,0,0,0,,
2026-10-05,world-bank-gender-data-portal,https://genderopendata.org,0,0,0,,
2026-10-05,maritime-data-portal,https://ckanmtp.ymparisto.fi,0,0,0,,
2026-10-05,him-data-portal,https://ckan.himdataportal.com,0,0,0,,
2026-10-05,norwegian-customs-data,https://data-test.toll.no,0,0,0,,
2026-10-05,finnish-transport-infrastructure-data,https://avoindata.fi/data,0,0,0,,
2026-10-05,belgian-biodiversity-data-portal,https://data.biodiversity.be,0,0,0,,
2026-10-05,hong-kong-public-policy-database,https://data.hkppdb.org,0,0,0,,
2026-10-05,travel-link-tourism-data-catalog-ckan,https://catalog.travellink.go.th,0,0,0,,
2026-10-05,kaltara-one-data,https://data.kaltaraprov.go.id,0,0,0,,
2026-10-05,sprogteknologi-dk,https://sprogressource.digst.govcloud.dk,0,0,0,,
2026-10-05,ifrs-open-data-portal,http://dados.ifrs.edu.br,0,0,0,,
2026-10-05,unesco-operandum-data-catalog,https://data-catalogue.operandum-project.eu,0,0,0,,
2026-10-05,argentine-science-and-technology-data,https://datasets.datos.mincyt.gob.ar,6,7,9,2.7.5,"[""stats"", ""text_view"", ""image_view"", ""recline_view"", ""hierarchy_display"", ""hierarchy_form"", ""dcat"", ""structured_data"", ""gobar_theme"", ""datastore"", ""datapusher"", ""seriestiempoarexplorer"", ""googleanalytics""]"
2026-10-05,dadosifrsedubr,https://dados.ifrs.edu.br,0,0,0,,
2026-10-05,higashiura-town-open-data-catalog-site,http://opendata.town.aichi-higashiura.lg.jp,0,0,0,,
2026-10-05,vec-data-catalog,https://ckan.vec.go.th,0,0,0,,
2026-10-05,chiba-city-open-data-catalog-site,https://opendata.city.chiba.jp,0,0,0,,
2026-10-05,onesqa-data-catalog,https://catalog.onesqa.or.th,0,0,0,,
2026-10-05,donneescmmqcca,https://donnees.cmm.qc.ca,0,0,0,,
2026-10-05,nisshin-city-open-data-catalog-site,https://opendata.city.nisshin.lg.jp,0,0,0,,
2026-10-05,aurin-data-catalogue,https://data.aurin.org.au,0,0,0,,
2026-10-05,national-housing-authority-data-catalog,http://gdcatalog.nha.co.th,274,16,150,2.10.7,"[""thai_gdc"", ""showcase"", ""stats"", ""opendstats"", ""activity"", ""image_view"", ""datatables_view"", ""text_view"", ""webpage_view"", ""resource_proxy"", ""geo_view"", ""geojson_view"", ""shp_view"", ""xloader"", ""datastore"", ""pdf_view"", ""dcat"", ""dcat_json_interface"", ""structured_data"", ""scheming_datasets"", ""hierarchy_display"", ""hierarchy_form""]"
2026-10-05,nagoya-disaster-prevention-open-data-catalog,https://nui-ngy-bosai.jp,0,0,0,,
2026-10-05,nbtc-open-data-catalog,https://datacatalog.nbtc.go.th,0,0,0,,
2026-10-05,ckanvecgoth,http://ckan.vec.go.th,0,0,0,,
2026-10-05,adh-data-portal,https://ckan.africadatahub.org,0,0,0,,
2026-10-05,mauritius-opendata-portal,https://data.govmu.org,0,0,0,,
2026-10-05,data-sets-openig,https://ckan.openig.org,0,0,0,,
2026-10-05,d4science-catalogue,https://ckan-d4s.d4science.org,0,0,0,,
2026-10-05,sddi-catalog-bavaria,https://sddi-katalog.bayern,0,0,0,,
2026-10-05,native-lands-data-portal,https://data.nativeland.info,0,0,0,,
2026-10-05,connecticut-open-data-portal,http://data.ctdata.org,0,0,0,,
2026-10-05,gdcatalognhacoth,https://gdcatalog.nha.co.th,274,16,150,2.10.7,"[""thai_gdc"", ""showcase"", ""stats"", ""opendstats"", ""activity"", ""image_view"", ""datatables_view"", ""text_view"", ""webpage_view"", ""resource_proxy"", ""geo_view"", ""geojson_view"", ""shp_view"", ""xloader"", ""datastore"", ""pdf_view"", ""dcat"", ""dcat_json_interface"", ""structured_data"", ""scheming_datasets"", ""hierarchy_display"", ""hierarchy_form""]"
2026-10-05,scidmnchcorgtw,https://scidm.nchc.org.tw,0,0,0,,
2026-10-05,catalogqsdsgoth,https://catalog.qsds.go.th,202,4,14,2.10.7,"[""thai_gdc"", ""showcase"", ""stats"", ""opendstats"", ""activity"", ""image_view"", ""datatables_view"", ""text_view"", ""webpage_view"", ""resource_proxy"", ""geo_view"", ""geojson_view"", ""shp_view"", ""xloader"", ""datastore"", ""pdf_view"", ""dcat"", ""dcat_json_interface"", ""structured_data"", ""scheming_datasets"", ""hierarchy_display"", ""hierarchy_form""]"
2026-10-05,datosyerbabuenagobar,http://datos.yerbabuena.gob.ar,0,0,0,,
2026-10-05,fukuyama-city-open-data-catalog,https://data.win-h.jp,0,0,0,,
2026-10-05,ieat-data-catalog,http://data.ieat.go.th,0,0,0,,
2026-10-05,subak-climate-data-cooperative,https://data.subak.org,0,0,0,,
2026-10-05,data-catalog-cooperative-auditing-department,https://cadckan.cad.go.th,0,0,0,,
2026-10-05,unilab-open-data-dados-abertos-unilab,http://dadosabertos.unilab.edu.br,0,0,0,,
2026-10-05,open-data-ifsertaope-dados-abertos-ifsertaope,https://dados.ifsertao-pe.edu.br,0,0,0,,
2026-10-05,dr-open-data-portal-portal-de-datos-abiertos-de-la-rd,https://datos.gob.do,1058,11,271,2.11.5,"[""activity"", ""datosgobdo_theme""]"
2026-10-05,managing-research-data-staff-university-of-bristol,https://data.bris.ac.uk,0,0,0,,
2026-10-05,angus-council-open-data-angus-council-open-data,https://opendata.angus.gov.uk,0,0,0,,
2026-10-05,to-get-down-satudata,https://data.halmaherautarakab.go.id,0,0,0,,
2026-10-05,opendata-matera-opendata-matera,http://dati.comune.matera.it,0,0,0,,
2026-10-05,nabc-data-catalog-nabc-data-catalog,https://nabc-catalog.oae.go.th,0,0,0,,
2026-10-05,open-data-portal-of-lviv-portal-vidkritikh-danikh-lvova,https://opendata.city-adm.lviv.ua,0,0,0,,
2026-10-05,indicadores-pr-indicadores-pr,https://indicadores.pr,0,0,0,,
2026-10-05,ocims-csir-co-za,https://ocims.csir.co.za,0,0,0,,
2026-10-05,taiwan-cdc-open-data-portal-taiwan-cdc-open-data-portal,https://data.cdc.gov.tw,0,0,0,,
2026-10-05,data-opentransportdata-swiss,https://data.opentransportdata.swiss,0,0,0,,
2026-10-05,ckan-ecosystem-catalog,https://ecosystem.ckan.org/,2811,8,32,2.11.6,"[""sso"", ""activity"", ""envvars"", ""stats"", ""text_view"", ""image_view"", ""pages"", ""datastore"", ""datapusher_plus"", ""s3filestore"", ""pose_theme"", ""pose_custom_css"", ""pose_custom_homepage"", ""pose_custom_header"", ""pose_custom_footer"", ""pose_custom_showcase"", ""googleanalytics"", ""dcat"", ""structured_data"", ""scheming_datasets"", ""datatables_view"", ""discourse"", ""contact"", ""datajson""]"
2026-10-05,new-mexico-water-data,https://catalog.newmexicowaterdata.org/,380,9,72,2.11.3,"[""envvars"", ""stats"", ""text_view"", ""image_view"", ""officedocs_view"", ""resource_proxy"", ""activity"", ""datapusher_plus"", ""datastore"", ""pages"", ""s3filestore"", ""geo_view"", ""gztr"", ""nmwd_schema"", ""nmwd_theme"", ""dathere_custom_css"", ""dathere_custom_homepage"", ""dathere_custom_header"", ""dathere_custom_footer"", ""dathere_custom_showcase"", ""auth"", ""harvest"", ""ckan_harvester"", ""dcat"", ""dcat_rdf_harvester"", ""dcat_json_harvester"", ""dcat_json_interface"", ""scheming_datasets"", ""structured_data"", ""datatables_view"", ""pdf_view"", ""webpage_view"", ""datajson"", ""check_link"", ""googleanalytics""]"
