tstamp,name,url,num_datasets,num_groups,num_organizations,ckan_version,extensions
2026-06-21,viseu-dao-lafoes-open-data-portal,http://128.199.41.97:5000,0,0,0,,
2026-06-21,ambar-datastore,http://ambar.utpl.edu.ec,0,0,0,,
2026-06-21,torino-open-data,http://aperto.comune.torino.it,0,0,0,,
2026-06-21,athens-geodata-labs,http://catalog.publicamundi.eu,0,0,0,,
2026-06-21,the-queen-sirikit-department-of-sericulture-data-catalog,http://catalog.qsds.go.th,202,4,14,2.10.7,"[""thai_gdc"", ""showcase"", ""stats"", ""opendstats"", ""activity"", ""image_view"", ""datatables_view"", ""text_view"", ""webpage_view"", ""resource_proxy"", ""geo_view"", ""geojson_view"", ""shp_view"", ""xloader"", ""datastore"", ""pdf_view"", ""dcat"", ""dcat_json_interface"", ""structured_data"", ""scheming_datasets"", ""hierarchy_display"", ""hierarchy_form""]"
2026-06-21,savenow-sddi-catalog,http://catalog.savenow.de,0,0,0,,
2026-06-21,naples-economics-data-archive,http://ckan.acs.beniculturali.it,56,3,3,2.4.1,"[""stats"", ""text_view"", ""image_view"", ""recline_view"", ""datastore"", ""datapusher"", ""pdf_view""]"
2026-06-21,ckancitydatapl,http://ckan.citydata.pl,7,7,6,2.10.1,"[""activity"", ""stats"", ""text_view"", ""image_view"", ""recline_view"", ""webpage_view"", ""recline_graph_view"", ""recline_map_view""]"
2026-06-21,ckancorilait,http://ckan.corila.it/,19,2,2,2.8.2,"[""stats"", ""text_view"", ""image_view"", ""recline_view"", ""datastore"", ""pdf_view"", ""resource_proxy"", ""geo_view"", ""webpage_view""]"
2026-06-21,accounting-system-department-of-water-resources,http://ckan.dwr.go.th,48,10,9,2.10.7,"[""thai_gdc"", ""showcase"", ""stats"", ""opendstats"", ""activity"", ""image_view"", ""datatables_view"", ""text_view"", ""webpage_view"", ""resource_proxy"", ""geo_view"", ""geojson_view"", ""shp_view"", ""xloader"", ""datastore"", ""pdf_view"", ""dcat"", ""dcat_json_interface"", ""structured_data"", ""scheming_datasets"", ""hierarchy_display"", ""hierarchy_form"", ""envvars""]"
2026-06-21,ckannationalhealthorth,http://ckan.nationalhealth.or.th,0,21,15,2.9.9,"[""envvars"", ""stats"", ""image_view"", ""text_view"", ""recline_view"", ""resource_proxy"", ""webpage_view"", ""datastore"", ""xloader"", ""thai_gdc"", ""scheming_datasets"", ""pdf_view"", ""hierarchy_display"", ""hierarchy_form"", ""dcat"", ""dcat_json_interface"", ""structured_data""]"
2026-06-21,ckanvecgoth,http://ckan.vec.go.th,19,8,15,2.10.7,"[""thai_gdc"", ""showcase"", ""stats"", ""opendstats"", ""activity"", ""image_view"", ""datatables_view"", ""text_view"", ""webpage_view"", ""resource_proxy"", ""geo_view"", ""geojson_view"", ""shp_view"", ""xloader"", ""datastore"", ""pdf_view"", ""dcat"", ""dcat_json_interface"", ""structured_data"", ""scheming_datasets"", ""hierarchy_display"", ""hierarchy_form""]"
2026-06-21,meloa-oceanographic-data,http://cloud150.ncg.ingrid.pt,0,0,0,,
2026-06-21,gia-lai-database,http://csdlcntmgialai.gov.vn,99,14,9,2.5.3,"[""stats"", ""text_view"", ""image_view"", ""recline_view"", ""datastore"", ""pdf_view"", ""officedocs_view"", ""datamx_theme"", ""datapusher"", ""hierarchy_display"", ""hierarchy_form"", ""ord_hierarchy"", ""pages""]"
2026-06-21,dadesobertesseuecat,http://dadesobertes.seu-e.cat,907,22,82,2.10.8,"[""datastore"", ""datapusher"", ""stats"", ""aoc_theme"", ""aoc_metadata"", ""aoc_views"", ""activity"", ""image_view"", ""text_view"", ""recline_view"", ""recline_grid_view"", ""recline_graph_view"", ""recline_map_view"", ""resource_proxy"", ""geo_view"", ""scheming_groups"", ""scheming_datasets"", ""scheming_organizations"", ""fluent"", ""dataexplorer_map_view"", ""envvars""]"
2026-06-21,culture-data-portal-portal-de-dados-da-cultura,http://dados.cultura.gov.br,62,4,9,2.4.0,"[""datastore"", ""stats"", ""text_view"", ""image_view"", ""recline_view"", ""temacultura""]"
2026-06-21,ifms-open-data-portal,http://dados.ifms.edu.br,27,27,1,2.6.2,"[""datapusher"", ""datastore"", ""stats"", ""text_view"", ""image_view"", ""recline_view""]"
2026-06-21,ifrs-open-data-portal,http://dados.ifrs.edu.br,0,0,0,,
2026-06-21,natal-urban-mobility-data-portal,http://dados.natal.br,0,1,1,2.7.3,"[""pdf_view"", ""resource_proxy"", ""recline_view"", ""stats"", ""text_view"", ""image_view"", ""datastore"", ""datapusher"", ""geo_view"", ""pages"", ""harvest"", ""ckan_harvester""]"
2026-06-21,sao-paulo-open-data-portal,http://dados.prefeitura.sp.gov.br,431,16,81,2.7.7,"[""stats"", ""text_view"", ""image_view"", ""resource_proxy"", ""pdf_view"", ""webpage_view"", ""recline_grid_view"", ""recline_graph_view"", ""recline_map_view"", ""recline_view"", ""prodam_tema_exemplo"", ""datastore"", ""datapusher""]"
2026-06-21,ufop-open-data,http://dados.ufop.br,70,8,1,2.11.4,"[""ldap"", ""activity"", ""datastore"", ""datapusher"", ""datatables_view"", ""image_view""]"
2026-06-21,ufpel-open-data,http://dados.ufpel.tche.br,0,0,0,,
2026-06-21,ufsj-open-data-portal,http://dados.ufsj.edu.br,12,11,1,2.5.2,"[""stats"", ""text_view"", ""image_view"", ""recline_view"", ""webpage_view"", ""recline_grid_view"", ""datastore"", ""datapusher"", ""example_theme"", ""noregistration""]"
2026-06-21,ufsm-open-data,http://dados.ufsm.br,17,6,1,2.7.2,"[""stats"", ""text_view"", ""image_view"", ""recline_view""]"
2026-06-21,unifei-open-data,http://dados.unifei.edu.br,34,6,1,2.8.0,"[""stats"", ""text_view"", ""image_view"", ""recline_view"", ""datastore"", ""datapusher"", ""unifei_theme""]"
2026-06-21,ufma-open-data-portal,http://dadosabertos.ufma.br,0,0,0,,
2026-06-21,unilab-open-data-dados-abertos-unilab,http://dadosabertos.unilab.edu.br,0,0,0,,
2026-06-21,agriculture-littorale-data-catalog,http://data.agriculturelittorale.fr,0,6,3,2.9.5,"[""stats"", ""text_view"", ""image_view"", ""recline_view"", ""spatial_metadata"", ""spatial_query"", ""taxonomy"", ""scheming_datasets"", ""resource_proxy"", ""geo_view"", ""alf_theme"", ""restricted"", ""composite""]"
2026-06-21,open-government-data-of-bangkok,http://data.bangkok.go.th,0,0,0,,
2026-06-21,databeatonanet,http://data.beatona.net,0,0,0,,
2026-06-21,bolzano-opendata-portal,http://data.civis.bz.it,938,17,32,2.10.7,"[""stats"", ""resource_proxy"", ""pdf_view"", ""text_view"", ""image_view"", ""recline_view"", ""datatables_view"", ""provbz"", ""azure_auth"", ""activity"", ""harvest"", ""ckan_harvester"", ""spatial_metadata"", ""spatial_query"", ""dcat"", ""dcat_json_interface"", ""structured_data"", ""multilang"", ""multilang_harvester"", ""multilang_resources"", ""dcatapit_pkg"", ""dcatapit_org"", ""dcatapit_config"", ""dcatapit_vocabulary"", ""dcatapit_harvester"", ""dcatapit_csw_harvester"", ""dcatapit_harvest_list"", ""geonetwork_harvester"", ""provbz_harvester"", ""categorie"", ""pages""]"
2026-06-21,connecticut-open-data-portal,http://data.ctdata.org,0,0,0,,
2026-06-21,accounting-system-department-of-mineral-resources,http://data.dmr.go.th,139,14,19,2.10.7,"[""thai_gdc"", ""stats"", ""opendstats"", ""activity"", ""image_view"", ""datatables_view"", ""text_view"", ""webpage_view"", ""resource_proxy"", ""xloader"", ""datastore"", ""pdf_view"", ""dcat"", ""dcat_json_interface"", ""structured_data"", ""scheming_datasets"", ""hierarchy_display"", ""hierarchy_form"", ""thaigdc2fa""]"
2026-06-21,romania-open-data-portal,http://data.gov.ro,0,0,0,,
2026-06-21,ibb,http://data.ibb.gov.tr,546,9,57,2.9.11,"[""multilang"", ""ibb_theme"", ""ibb_giris"", ""image_view"", ""text_view"", ""recline_view"", ""datastore"", ""envvars"", ""pdf_view"", ""geo_view"", ""xloader"", ""showcase"", ""datarequests""]"
2026-06-21,ieat-data-catalog,http://data.ieat.go.th,0,0,0,,
2026-06-21,international-institute-of-tropical-agriculture,http://data.iita.org,3484,5,2,2.7.11,"[""stats"", ""text_view"", ""image_view"", ""recline_view"", ""datastore"", ""datapusher"", ""iitatheming"", ""scheming_datasets"", ""pdf_view"", ""restricted"", ""composite"", ""googleanalytics"", ""ckanbase""]"
2026-06-21,integrated-ocean-observing-system-catalog,http://data.ioos.us,74281,0,22,2.11.5,"[""envvars"", ""image_view"", ""text_view"", ""ckan_harvester"", ""csw_harvester"", ""dcat"", ""dcat_json_harvester"", ""dcat_json_interface"", ""dcat_rdf_harvester"", ""harvest"", ""ioos_theme"", ""ioos_waf"", ""spatial_metadata"", ""spatial_query"", ""structured_data"", ""waf_harvester""]"
2026-06-21,national-access-point,http://data.nap.gov.gr,0,0,0,,
2026-06-21,open-state-data-portal,http://data.openstate.eu,90,13,1,2.8.3,"[""stats"", ""text_view"", ""image_view"", ""recline_view"", ""datastore"", ""datapusher"", ""dcat"", ""dcat_json_interface"", ""structured_data""]"
2026-06-21,portal-of-open-data-from-the-ggm-ras,http://data.sgm.ru,50,2,1,2.7.2,"[""stats"", ""viewhelpers"", ""text_view"", ""image_view"", ""recline_view"", ""recline_grid_view"", ""datastore"", ""datapusher"", ""spatial_metadata"", ""spatial_query"", ""spatialUI"", ""pdf_view"", ""webpage_view"", ""piechart"", ""pages"", ""hierarchy_display"", ""hierarchy_form"", ""findfull"", ""exhibit"", ""list"", ""listdeposits"", ""listmono"", ""sgm_help"", ""sgm_monographic""]"
2026-06-21,plymouth-data-place,http://dataplay.org.uk,174,7,10,2.10.8,"[""activity"", ""text_view"", ""image_view"", ""pdf_view"", ""geo_view"", ""geojson_view"", ""datatables_view"", ""datastore"", ""xloader"", ""resource_proxy"", ""recline_view"", ""recline_grid_view"", ""recline_graph_view"", ""tdp"", ""pcc""]"
2026-06-21,dataportalsaeriorg,http://dataportal.saeri.org,0,0,0,,
2026-06-21,opendata-matera-opendata-matera,http://dati.comune.matera.it,250,13,2,2.6.2,"[""resource_proxy"", ""geojson_view"", ""geo_view"", ""stats"", ""webpage_view"", ""text_view"", ""image_view"", ""recline_view"", ""dcat"", ""dcat_rdf_harvester"", ""dcat_json_harvester"", ""dcat_json_interface"", ""dcatapit_pkg"", ""dcatapit_org"", ""dcatapit_config""]"
2026-06-21,opendata-tuscany-region,http://dati.toscana.it,12385,20,101,2.10.4,"[""opendata_theme_overrides"", ""datastore"", ""harvest"", ""ckan_harvester"", ""spatial_metadata"", ""spatial_query"", ""csw_harvester"", ""dcat"", ""dcat_rdf_harvester"", ""toscana_harvest"", ""spod_harvester"", ""metarepo_harvester"", ""dcat_json_harvester"", ""dcat_json_interface"", ""dcatapit_pkg"", ""dcatapit_org"", ""dcatapit_config"", ""dcatapit_theme_group_mapper"", ""dcatapit_ckan_harvester"", ""structured_data"", ""multilang"", ""datitoscana_reports"", ""resource_proxy"", ""pdf_view"", ""geo_view"", ""shp_view"", ""wmts_view"", ""text_view"", ""image_view"", ""dataexplorer_view"", ""officedocs_view"", ""opendata_theme"", ""xloader"", ""qa"", ""report"", ""pages"", ""stats"", ""contact"", ""envvars""]"
2026-06-21,datiustatmiurit,http://dati.ustat.miur.it,0,0,0,,
2026-06-21,mexico-open-data-portal,http://datos.codeandomexico.org,9761,12,87,2.9.11,"[""datamx_theme"", ""stats"", ""text_view"", ""image_view"", ""recline_view"", ""datastore"", ""datapusher"", ""resource_proxy"", ""scheming_datasets"", ""pdf_view"", ""geojson_view"", ""geo_view""]"
2026-06-21,rosario-city-council-data-portal,http://datos.concejorosario.gov.ar,345,11,1,2.6.2,"[""stats"", ""text_view"", ""image_view"", ""recline_view"", ""datastore"", ""datapusher"", ""pdf_view"", ""webpage_view"", ""recline_graph_view"", ""pda"", ""pages"", ""piechart"", ""basicgrid"", ""resource_proxy"", ""wmts_view"", ""geo_view"", ""geojson_view""]"
2026-06-21,crespo-open-data,http://datos.crespo.gob.ar,0,0,0,,
2026-06-21,open-data-from-the-secretary-of-energy-datos-abiertos-de-la-secretaria-de-energia,http://datos.energia.gob.ar,178,20,21,2.7.4,"[""stats"", ""text_view"", ""image_view"", ""recline_view"", ""viewhelpers"", ""linechart"", ""barchart"", ""piechart"", ""hierarchy_display"", ""hierarchy_form"", ""gobar_theme"", ""googleanalytics"", ""seriestiempoarexplorer"", ""datajson_harvest"", ""datajson"", ""harvest"", ""ckan_harvester"", ""datapusher"", ""datastore""]"
2026-06-21,chilean-open-data-portal,http://datos.gob.cl,3118,24,266,2.10.4,"[""image_view"", ""text_view"", ""recline_view"", ""recline_graph_view"", ""datastore"", ""gobcl-datos-theme"", ""resource_proxy"", ""geo_view"", ""geojson_view"", ""harvest"", ""ckan_harvester"", ""stats"", ""googleanalytics"", ""video_view"", ""audio_view"", ""webpage_view"", ""pdf_view"", ""xloader"", ""scheming_datasets"", ""scheming_groups"", ""scheming_organizations"", ""activity"", ""dcat"", ""dcat_json_interface"", ""dcat_rdf_harvester"", ""spatial_metadata"", ""spatial_query"", ""spatial_harvest_metadata_api"", ""csw_harvester"", ""waf_harvester"", ""doc_harvester"", ""envvars""]"
2026-06-21,open-data-caba-legislature,http://datos.legislatura.gob.ar,52,10,2,2.7.5,"[""stats"", ""text_view"", ""image_view"", ""recline_view"", ""hierarchy_display"", ""hierarchy_form"", ""dcat"", ""structured_data"", ""gobar_theme"", ""datastore"", ""datapusher"", ""seriestiempoarexplorer"", ""googleanalytics""]"
2026-06-21,energia-argentina-datos-abiertos,http://datos.minem.gob.ar,178,20,21,2.7.4,"[""stats"", ""text_view"", ""image_view"", ""recline_view"", ""viewhelpers"", ""linechart"", ""barchart"", ""piechart"", ""hierarchy_display"", ""hierarchy_form"", ""gobar_theme"", ""googleanalytics"", ""seriestiempoarexplorer"", ""datajson_harvest"", ""datajson"", ""harvest"", ""ckan_harvester"", ""datapusher"", ""datastore""]"
2026-06-21,quilmes-government-data,http://datos.quilmes.gov.ar,57,12,12,2.7.6,"[""stats"", ""text_view"", ""image_view"", ""recline_view"", ""hierarchy_display"", ""hierarchy_form"", ""dcat"", ""structured_data"", ""gobar_theme"", ""datastore"", ""datapusher"", ""seriestiempoarexplorer"", ""googleanalytics""]"
2026-06-21,ministry-of-health-open-data,http://datos.salud.gob.ar,0,0,0,,
2026-06-21,datostechoorg,http://datos.techo.org,0,0,0,,
2026-06-21,datosyerbabuenagobar,http://datos.yerbabuena.gob.ar,0,0,0,,
2026-06-21,mendoza-deputies-open-data,http://datosabiertos.hcdmza.gob.ar,0,0,0,,
2026-06-21,datosabiertosmalagaeu,http://datosabiertos.malaga.eu,1368,22,9,2.8.4,"[""dcat"", ""noregistration"", ""datastore"", ""spatial_metadata"", ""spatial_query"", ""geojson_view"", ""stats"", ""recline_view"", ""resource_proxy"", ""contacto"", ""viewhelpers"", ""pdf_view"", ""linechart"", ""barchart"", ""piechart"", ""basicgrid"", ""recline_grid_view"", ""recline_graph_view"", ""recline_map_view"", ""dcat_rdf_harvester"", ""discovery"", ""similar_datasets"", ""tag_cloud"", ""federador"", ""sitemap"", ""malaga"", ""structured_data"", ""dcat_json_interface"", ""soporte""]"
2026-06-21,datosabiertosmercedesgobar,http://datosabiertos.mercedes.gob.ar,313,21,24,2.7.6,"[""stats"", ""text_view"", ""image_view"", ""recline_view"", ""hierarchy_display"", ""hierarchy_form"", ""dcat"", ""structured_data"", ""gobar_theme"", ""datastore"", ""datapusher"", ""seriestiempoarexplorer"", ""googleanalytics""]"
2026-06-21,open-data-of-the-university-observatory-of-the-city,http://datosabiertos.ufasta.edu.ar,0,0,0,,
2026-06-21,sesmim-knowledge-portal,http://edu.mrpam.gov.mn,0,0,0,,
2026-06-21,codi-data-catalog,http://gdcatalog.codi.or.th,21,3,25,2.9.5,"[""discovery"", ""search_suggestions"", ""thai_gdc"", ""stats"", ""image_view"", ""text_view"", ""recline_view"", ""resource_proxy"", ""webpage_view"", ""datastore"", ""xloader"", ""pdf_view"", ""dga_stats"", ""noregistration"", ""scheming_datasets"", ""hierarchy_display"", ""hierarchy_form"", ""dcat"", ""dcat_json_interface"", ""structured_data""]"
2026-06-21,national-housing-authority-data-catalog,http://gdcatalog.nha.co.th,227,16,151,2.10.7,"[""thai_gdc"", ""showcase"", ""stats"", ""opendstats"", ""activity"", ""image_view"", ""datatables_view"", ""text_view"", ""webpage_view"", ""resource_proxy"", ""geo_view"", ""geojson_view"", ""shp_view"", ""xloader"", ""datastore"", ""pdf_view"", ""dcat"", ""dcat_json_interface"", ""structured_data"", ""scheming_datasets"", ""hierarchy_display"", ""hierarchy_form""]"
2026-06-21,greece-geodata-portal,http://geodata.gov.gr,0,0,0,,
2026-06-21,municipality-of-goya-open-data-portal,http://goy-cte-datos.paisdigital.modernizacion.gob.ar,84,0,62,2.7.5,"[""stats"", ""text_view"", ""image_view"", ""recline_view"", ""hierarchy_display"", ""hierarchy_form"", ""dcat"", ""structured_data"", ""gobar_theme"", ""datastore"", ""datapusher"", ""googleanalytics""]"
2026-06-21,hainan-data-portal,http://haidatas.cn,0,0,0,,
2026-06-21,linbuedatospaisdigitalmodernizaciongobar,http://lin-bue-datos.paisdigital.modernizacion.gob.ar,0,0,0,,
2026-06-21,lujan-open-data,http://luj-bue-datos.paisdigital.innovacion.gob.ar,180,12,14,2.7.6,"[""stats"", ""text_view"", ""image_view"", ""recline_view"", ""hierarchy_display"", ""hierarchy_form"", ""dcat"", ""structured_data"", ""gobar_theme"", ""datastore"", ""datapusher"", ""seriestiempoarexplorer"", ""googleanalytics""]"
2026-06-21,opendatanasuopendatastackjp,http://opendata-nasu.opendatastack.jp,488,25,71,2.5.1,"[""stats"", ""text_view"", ""image_view"", ""spatial_metadata"", ""spatial_query"", ""datastore"", ""datapusher"", ""resource_proxy"", ""pdf_view"", ""geo_view"", ""recline_grid_view"", ""recline_graph_view"", ""recline_map_view"", ""webpage_view"", ""geojson_view"", ""googleanalytics"", ""harvest"", ""ckan_harvester"", ""pages"", ""recline_view"", ""cloud_connector"", ""example_theme"", ""officedocs_view""]"
2026-06-21,csu-open-data-portal,http://opendata.calstate.edu,0,0,0,,
2026-06-21,higashihiroshima-city-open-data-catalog-site,http://opendata.city.higashihiroshima.lg.jp,0,0,0,,
2026-06-21,ibaraki-city-open-data-portal-site,http://opendata.city.ibaraki.osaka.jp,131,6,1,2.5.3,"[""stats"", ""text_view"", ""image_view"", ""recline_view"", ""datastore"", ""datapusher""]"
2026-06-21,ko-obrzeg-gis-open-data,http://opendata.gis.kolobrzeg.pl,71,14,5,2.10.4,"[""activity"", ""datastore""]"
2026-06-21,ipst-open-data,http://opendata.ipst.ac.th,0,0,0,,
2026-06-21,open-data-portal-of-the-ruhr-metropolis,http://opendata.ruhr,3079,31,26,2.10.5,"[""envvars"", ""resource_proxy"", ""datastore"", ""xloader"", ""image_view"", ""text_view"", ""datatables_view"", ""spatial_metadata"", ""spatial_query"", ""harvest"", ""ckan_harvester"", ""dcat"", ""dcatde"", ""dcat_rdf_harvester"", ""dcatde_rdf_harvester"", ""dcat_json_harvester"", ""dcat_json_interface"", ""structured_data"", ""geo_view"", ""geojson_view"", ""navigablemap"", ""choroplethmap"", ""pages"", ""pdf_view"", ""rvr"", ""scheming_datasets"", ""scheming_organizations""]"
2026-06-21,open-data-ruhr,http://opendata.rvr.ruhr,3079,31,26,2.10.5,"[""envvars"", ""resource_proxy"", ""datastore"", ""xloader"", ""image_view"", ""text_view"", ""datatables_view"", ""spatial_metadata"", ""spatial_query"", ""harvest"", ""ckan_harvester"", ""dcat"", ""dcatde"", ""dcat_rdf_harvester"", ""dcatde_rdf_harvester"", ""dcat_json_harvester"", ""dcat_json_interface"", ""structured_data"", ""geo_view"", ""geojson_view"", ""navigablemap"", ""choroplethmap"", ""pages"", ""pdf_view"", ""rvr"", ""scheming_datasets"", ""scheming_organizations""]"
2026-06-21,sidoarjo-regency-open-data,http://opendata.sidoarjokab.go.id,6639,17,65,2.11.3,"[""envvars"", ""activity"", ""image_view"", ""text_view"", ""datatables_view"", ""datastore"", ""xloader"", ""stats"", ""webpage_view"", ""resource_proxy""]"
2026-06-21,opendatasitcanes,http://opendata.sitcan.es,168,10,12,2.10.4,"[""stats"", ""image_view"", ""resource_proxy"", ""dcat"", ""dcat_rdf_harvester"", ""dcat_json_harvester"", ""dcat_json_interface""]"
2026-06-21,higashiura-town-open-data-catalog-site,http://opendata.town.aichi-higashiura.lg.jp,0,0,0,,
2026-06-21,opendatavubpcz,http://opendata.vubp.cz,45,11,9,2.8.3,"[""stats"", ""text_view"", ""image_view"", ""recline_view"", ""datastore"", ""showcase"", ""recline_grid_view"", ""recline_graph_view"", ""recline_map_view"", ""webpage_view"", ""pdf_view"", ""pages"", ""navigablemap"", ""choroplethmap"", ""resource_proxy"", ""geo_view"", ""geojson_view"", ""wmts_view"", ""shp_view"", ""tableau_view"", ""vubp"", ""odata""]"
2026-06-21,water-jpi-open-data,http://opendata.waterjpi.eu,0,7,302,2.8.3,"[""stats"", ""text_view"", ""image_view"", ""recline_view"", ""spatial_metadata"", ""spatial_query"", ""dcat"", ""campania_theme"", ""harvest"", ""ckan_harvester"", ""oaipmh""]"
2026-06-21,municipality-of-ezeiza-open-data-portal-buenos-aires,http://pe.181.209.63.227.nip.io,0,0,0,,
2026-06-21,pergamino-open-data,http://per-bue-datos.paisdigital.modernizacion.gob.ar,0,0,0,,
2026-06-21,igg-knowledge-portal,http://portal.igg.ac.mn,0,0,0,,
2026-06-21,merit-mongolia-data-portal,http://portal.merit.mn,0,0,0,,
2026-06-21,probolinggo-regency-one-data,http://satudata.probolinggokab.go.id,731,0,25,2.9.8,"[""stats"", ""text_view"", ""image_view"", ""recline_view"", ""datastore"", ""datapusher"", ""probolinggo_theme""]"
2026-06-21,sbsopendataekitistategovng,http://sbsopendata.ekitistate.gov.ng,37,17,6,2.9.1,"[""stats"", ""text_view"", ""image_view"", ""recline_view"", ""ekiti_theme""]"
2026-06-21,central-valley-housing-data-repository,http://valleyhousingrepository.library.fresnostate.edu,34,3,6,2.8.3,"[""openafrica"", ""stats"", ""text_view"", ""image_view"", ""recline_view"", ""datastore"", ""datapusher"", ""resource_proxy"", ""geo_view"", ""pages"", ""harvest"", ""ckan_harvester""]"
2026-06-21,tunisia-culture-open-data,http://www.openculture.gov.tn,328,12,18,2.5.3,"[""resource_proxy"", ""stats"", ""text_view"", ""image_view"", ""recline_view"", ""recline_map_view"", ""webpage_view"", ""datastore"", ""datapusher"", ""disqus"", ""harvest"", ""ckan_harvester"", ""pages"", ""pdf_view"", ""dcat"", ""dcat_rdf_harvester"", ""dcat_json_harvester"", ""dcat_json_interface"", ""geojson_view"", ""spatial_metadata"", ""spatial_query"", ""linechart"", ""barchart"", ""piechart"", ""basicgrid"", ""navigablemap"", ""choroplethmap"", ""panamatheme"", ""contact"", ""archiver"", ""report"", ""qa"", ""gallery_view"", ""rating"", ""googleanalytics"", ""datarequests"", ""noregistration""]"
2026-06-21,izmir-metropolitan-municipality-open-data-portal,https://acikveri.bizizmir.com,257,10,35,2.8.5,"[""stats"", ""text_view"", ""image_view"", ""recline_view"", ""datastore"", ""datapusher"", ""pdf_view"", ""showcase"", ""datarequests"", ""webpage_view"", ""resource_proxy"", ""geo_view""]"
2026-06-21,konya-metropolitan-municipality-open-data-platform,https://acikveri.konya.bel.tr,0,0,0,,
2026-06-21,open-data-ni,https://admin.opendatani.gov.uk,1107,9,86,2.10.10,"[""stats"", ""resource_proxy"", ""image_view"", ""text_view"", ""dataexplorer_view"", ""dataexplorer_table_view"", ""dataexplorer_chart_view"", ""dataexplorer_map_view"", ""dataexplorer_web_view"", ""datastore"", ""datapusher"", ""activity"", ""harvest"", ""ckan_harvester"", ""pages"", ""opendatani"", ""scheming_datasets"", ""googleanalytics"", ""dcat_rdf_harvester"", ""nisra_jsondcat"", ""hierarchy_display"", ""hierarchy_form"", ""dcat"", ""showcase"", ""datarequests"", ""contact"", ""s3filestore"", ""envvars""]"
2026-06-21,aids-data-repository,https://adr.unaids.org,599,1,60,2.9.7,"[""unaids"", ""fork"", ""scheming_datasets"", ""blob_storage"", ""saml2auth"", ""emailasusername"", ""restricted"", ""authz_service"", ""stats"", ""text_view"", ""image_view"", ""unaids_recline_view"", ""recline_graph_view"", ""recline_map_view"", ""recline_grid_view"", ""resource_proxy"", ""geo_view"", ""pdf_view"", ""datastore"", ""datapusher"", ""geojson_view"", ""validation"", ""ytp_request"", ""pages"", ""dhis2harvester_plugin"", ""dhis2_pivot_tables_harvester"", ""harvest"", ""sentry"", ""versions"", ""auth""]"
2026-06-21,arctic-permafrost-geospatial-centre,https://apgc.awi.de,480,27,26,2.11.5,"[""activity"", ""datastore"", ""stats"", ""text_view"", ""image_view"", ""datatables_view"", ""audio_view"", ""video_view"", ""webpage_view"", ""resource_proxy"", ""geo_view"", ""geojson_view"", ""wmts_view"", ""shp_view"", ""spatial_metadata"", ""spatial_query"", ""scheming_datasets"", ""scheming_groups"", ""apgc_theme"", ""ifacets"", ""xloader"", ""dcat"", ""structured_data""]"
2026-06-21,food-security-portal-data,https://api.foodsecurityportal.org,0,0,0,2.9.7,"[""stats"", ""datastore"", ""datapusher"", ""recline_grid_view"", ""webpage_view"", ""scheming_datasets"", ""gdpr"", ""harvest"", ""fsp"", ""fsp_harvester"", ""fsp_price_harvester"", ""fsp_indicator_harvester"", ""fsp_returntrigger_harvester"", ""fsp_mediaanalysis_harvester"", ""fpm_harvester"", ""fsp_knowledge_base_harvester""]"
2026-06-21,archive-sigma2-no,https://archive.sigma2.no/,0,0,0,,
2026-06-21,alaska-arctic-geoecological-atlas-aaga,https://arcticatlas.geobotany.org,0,0,0,,
2026-06-21,finnish-transport-infrastructure-data,https://avoindata.fi/data,2525,14,760,2.11.5,"[""forcetranslation"", ""sentry"", ""ckan_harvester"", ""hri_harvester"", ""syke_harvester"", ""dcat"", ""structured_data"", ""dcat_rdf_harvester"", ""dcat_json_harvester"", ""dcat_json_interface"", ""csw_harvester"", ""drupal8"", ""ytp_organizations"", ""ytp_request"", ""apis"", ""ytp_theme"", ""archiver"", ""report"", ""qa"", ""ytp_report"", ""ytp_drupal"", ""ytp_tasks"", ""ytp_dataset"", ""ytp_spatial"", ""spatial_metadata"", ""spatial_query"", ""ytp_user"", ""hierarchy_display"", ""datastore"", ""sixodp_showcase"", ""sixodp_showcasesubmit"", ""datapusher"", ""datatables_view"", ""text_view"", ""image_view"", ""pdf_view"", ""geo_view"", ""geojson_view"", ""sixodp_harvester"", ""ytp_restrict_category_creation_and_updating"", ""ytp_ipermission_labels"", ""organizationapproval"", ""ytp_resourcestatus"", ""ytp_harvesterstatus"", ""opendata_group"", ""harvest"", ""advancedsearch"", ""openapi_view"", ""statistics"", ""opendata_cli"", ""dcat_sparql"", ""activity"", ""sitesearch"", ""matomo"", ""matomo_dataset_report"", ""matomo_resource_report"", ""matomo_location_report"", ""matomo_search_terms_report"", ""cloudstorage"", ""stats"", ""scheming_datasets"", ""scheming_groups"", ""scheming_organizations"", ""fluent""]"
2026-06-21,pangaea-data-discovery-portal,https://b2find.eudat.eu,1466694,6,93,2.9.8,"[""stats"", ""text_view"", ""image_view"", ""recline_view"", ""b2find"", ""oaipmh""]"
2026-06-21,ballarat-open-data,https://ballaratopendata.org.au,476,9,3,2.9.5,"[""stats"", ""text_view"", ""image_view"", ""recline_view"", ""webpage_view"", ""resource_proxy"", ""geojson_view"", ""geo_view"", ""shp_view"", ""wmts_view"", ""spatial_metadata"", ""spatial_query"", ""datastore"", ""recline_grid_view"", ""recline_graph_view"", ""recline_map_view"", ""xloader"", ""harvest"", ""ckan_harvester"", ""waf_harvester"", ""csw_harvester"", ""doc_harvester"", ""magda_harvester"", ""opendatasoft_harvester"", ""proxy"", ""expose_purl"", ""cc_logo"", ""cerdi_metadata"", ""googleanalytics"", ""contact"", ""ballarat_opendata_theme""]"
2026-06-21,uae-open-data,https://bayanat.ae,0,0,0,,
2026-06-21,data-catalog-cooperative-auditing-department,https://cadckan.cad.go.th,0,0,0,,
2026-06-21,canadian-watershed-information-network-canadian-watershed-information-network,https://canwin-datahub.ad.umanitoba.ca,0,0,0,,
2026-06-21,kanazawa-city-open-data-portal,https://catalog-data.city.kanazawa.ishikawa.jp,319,10,7,2.9.4,"[""datastore"", ""datapusher"", ""stats"", ""googleanalytics"", ""text_view"", ""image_view"", ""recline_view"", ""recline_grid_view"", ""recline_map_view"", ""recline_graph_view"", ""notification"", ""oidc"", ""pdf_view""]"
2026-06-21,intaros-data-catalogue,https://catalog-intaros.nersc.no,190,10,38,2.11.2,"[""stats"", ""text_view"", ""image_view"", ""datatables_view"", ""pdf_view"", ""datastore"", ""resource_proxy"", ""pages"", ""harvest"", ""ckan_harvester"", ""spatial_metadata"", ""spatial_query"", ""intarosmeta"", ""seaice_theme"", ""googleanalytics""]"
2026-06-21,kobe-city-open-data-portal,https://catalog.city.kobe.lg.jp,114,9,370,2.9.5,"[""stats"", ""text_view"", ""image_view"", ""recline_view"", ""custom_theme"", ""datastore"", ""datapusher""]"
2026-06-21,catalogcityutsunomiyatochigijp,https://catalog.city.utsunomiya.tochigi.jp,295,14,18,2.9.5,"[""stats"", ""text_view"", ""image_view"", ""recline_view"", ""custom_theme"", ""datastore"", ""datapusher""]"
2026-06-21,city-data-platform,https://catalog.citydata.in.th,838,0,71,2.8.3,"[""stats"", ""text_view"", ""image_view"", ""recline_grid_view"", ""recline_view"", ""recline_map_view"", ""webpage_view"", ""navigablemap"", ""choroplethmap"", ""datastore"", ""datapusher"", ""resource_proxy"", ""geo_view"", ""pages"", ""harvest"", ""ckan_harvester"", ""scheming_datasets"", ""hierarchy_display"", ""hierarchy_form""]"
2026-06-21,catalogcustomsgoth,https://catalog.customs.go.th,0,0,0,,
2026-06-21,faa-data-catalog,https://catalog.data.faa.gov,6,0,1,2.11.4,"[""activity"", ""saml2auth"", ""faa_theme"", ""faaextrafields""]"
2026-06-21,u-s-government-open-data,https://catalog.data.gov,0,0,0,,
2026-06-21,chofu-city-open-data-catalog,https://catalog.data.metro.tokyo.lg.jp,9688,16,98,2.11.4,"[""stats"", ""text_view"", ""image_view"", ""datatables_view"", ""datastore"", ""datapusher"", ""custom_theme"", ""event_log"", ""csv_imexporter""]"
2026-06-21,dmh-data-catalog-dmh-data-catalog,https://catalog.dmh.go.th,0,0,0,,
2026-06-21,dpim-data-catalog,https://catalog.dpim.go.th,33,7,13,2.10.7,"[""thai_gdc"", ""showcase"", ""stats"", ""opendstats"", ""activity"", ""image_view"", ""datatables_view"", ""text_view"", ""webpage_view"", ""resource_proxy"", ""geo_view"", ""geojson_view"", ""shp_view"", ""xloader"", ""datastore"", ""pdf_view"", ""dcat"", ""dcat_json_interface"", ""structured_data"", ""scheming_datasets"", ""hierarchy_display"", ""hierarchy_form""]"
2026-06-21,dvrpc-data-portal,https://catalog.dvrpc.org,221,0,1,2.9.11,"[""stats"", ""datatables_view"", ""image_view"", ""datapusher"", ""resource_proxy"", ""dvrpc_theme"", ""datastore"", ""dvrpc_package"", ""dvrpc_chained_action"", ""scheming_datasets"", ""pdf_view"", ""geojson_view"", ""customuserprivileges"", ""showcase"", ""oauth2"", ""harvest"", ""ckan_harvester"", ""dcat"", ""dcat_rdf_harvester"", ""dcat_json_harvester"", ""dcat_json_interface"", ""structured_data""]"
2026-06-21,catalog-platform-of-the-digital-twin-munich,https://catalog.dzm.gis.lrg.tum.de,17,27,8,2.8.4,"[""stats"", ""text_view"", ""image_view"", ""recline_view"", ""hierarchy_display"", ""hierarchy_form"", ""scheming_datasets"", ""repeating"", ""composite"", ""display_group"", ""form_group"", ""spatial_metadata"", ""spatial_query"", ""resource_proxy"", ""geojson_view"", ""relation"", ""disqus"", ""temporalsearch"", ""userautoaddgroup"", ""restricted"", ""gdpr""]"
2026-06-21,alaska-epscor-central-portal,https://catalog.epscor.alaska.edu,0,0,0,,
2026-06-21,open-data-dof-ckan-department-of-fisheries-data-catalog,https://catalog.fisheries.go.th,0,0,0,,
2026-06-21,catalog-platform-smart-cities-and-regions-bavaria,https://catalog.gis.lrg.tum.de,37,33,24,2.8.4,"[""stats"", ""text_view"", ""image_view"", ""recline_view"", ""scheming_datasets"", ""hierarchy_display"", ""hierarchy_form"", ""spatial_metadata"", ""spatial_query"", ""resource_proxy"", ""geojson_view"", ""repeating"", ""composite"", ""display_group"", ""form_group"", ""disqus"", ""temporalsearch"", ""userautoaddgroup"", ""restricted"", ""relation"", ""gdpr""]"
2026-06-21,accounting-system-office-of-the-permanent-secretary-ministry-of-finance,https://catalog.mof.go.th,53,7,2,2.10.7,"[""thai_gdc"", ""showcase"", ""stats"", ""opendstats"", ""activity"", ""image_view"", ""datatables_view"", ""text_view"", ""webpage_view"", ""resource_proxy"", ""geo_view"", ""geojson_view"", ""shp_view"", ""xloader"", ""datastore"", ""pdf_view"", ""dcat"", ""dcat_json_interface"", ""structured_data"", ""scheming_datasets"", ""hierarchy_display"", ""hierarchy_form""]"
2026-06-21,new-mexico-water-data,https://catalog.newmexicowaterdata.org/,366,9,67,2.11.3,"[""envvars"", ""stats"", ""text_view"", ""image_view"", ""officedocs_view"", ""resource_proxy"", ""activity"", ""datapusher_plus"", ""datastore"", ""pages"", ""s3filestore"", ""geo_view"", ""gztr"", ""nmwd_schema"", ""nmwd_theme"", ""dathere_custom_css"", ""dathere_custom_homepage"", ""dathere_custom_header"", ""dathere_custom_footer"", ""dathere_custom_showcase"", ""auth"", ""harvest"", ""ckan_harvester"", ""dcat"", ""dcat_rdf_harvester"", ""dcat_json_harvester"", ""dcat_json_interface"", ""scheming_datasets"", ""structured_data"", ""datatables_view"", ""pdf_view"", ""webpage_view"", ""datajson"", ""check_link"", ""googleanalytics""]"
2026-06-21,nso-data-catalog,https://catalog.nso.go.th,0,0,0,,
2026-06-21,onesqa-data-catalog,https://catalog.onesqa.or.th,0,0,0,,
2026-06-21,kanagawa-prefecture-open-data-catalog,https://catalog.opendata.pref.kanagawa.jp,804,19,15,2.10.7,"[""stats"", ""text_view"", ""image_view"", ""datatables_view"", ""datastore"", ""datapusher"", ""custom_theme"", ""userdatasets"", ""harvest"", ""ckan_harvester""]"
2026-06-21,catalogqsdsgoth,https://catalog.qsds.go.th,202,4,14,2.10.7,"[""thai_gdc"", ""showcase"", ""stats"", ""opendstats"", ""activity"", ""image_view"", ""datatables_view"", ""text_view"", ""webpage_view"", ""resource_proxy"", ""geo_view"", ""geojson_view"", ""shp_view"", ""xloader"", ""datastore"", ""pdf_view"", ""dcat"", ""dcat_json_interface"", ""structured_data"", ""scheming_datasets"", ""hierarchy_display"", ""hierarchy_form""]"
2026-06-21,measure-up-data-catalog,https://catalog.riits.net,0,0,0,,
2026-06-21,accounting-system-of-the-office-of-the-state-enterprise-policy-committee,https://catalog.sepo.go.th,20,6,7,2.10.7,"[""thai_gdc"", ""showcase"", ""stats"", ""opendstats"", ""activity"", ""image_view"", ""datatables_view"", ""text_view"", ""webpage_view"", ""resource_proxy"", ""geo_view"", ""geojson_view"", ""shp_view"", ""xloader"", ""datastore"", ""pdf_view"", ""dcat"", ""dcat_json_interface"", ""structured_data"", ""scheming_datasets"", ""hierarchy_display"", ""hierarchy_form""]"
2026-06-21,sso-data-catalog,https://catalog.sso.go.th,74,6,8,2.10.7,"[""thai_gdc"", ""showcase"", ""stats"", ""opendstats"", ""activity"", ""image_view"", ""datatables_view"", ""text_view"", ""webpage_view"", ""resource_proxy"", ""geo_view"", ""geojson_view"", ""shp_view"", ""xloader"", ""datastore"", ""pdf_view"", ""dcat"", ""dcat_json_interface"", ""structured_data"", ""scheming_datasets"", ""hierarchy_display"", ""hierarchy_form"", ""envvars""]"
2026-06-21,travel-link-tourism-data-catalog-ckan,https://catalog.travellink.go.th,0,0,0,,
2026-06-21,pba-open-data,https://catalogo.datos.gba.gob.ar,104,12,24,2.7.6,"[""stats"", ""text_view"", ""image_view"", ""recline_view"", ""hierarchy_display"", ""hierarchy_form"", ""dcat"", ""structured_data"", ""gobar_theme"", ""datastore"", ""datapusher"", ""seriestiempoarexplorer"", ""googleanalytics"", ""andinotemplate""]"
2026-06-21,villanueva-de-la-serena-data-catalog,https://catalogo.villanuevadelaserena.es,48,22,5,2.5.1,"[""dataproxy"", ""dataproxy_view"", ""harvest"", ""ckan_harvester"", ""qa"", ""archiver"", ""report"", ""stats"", ""sparql"", ""text_view"", ""image_view"", ""recline_view"", ""datastore"", ""datapusher"", ""resource_proxy"", ""spatial_metadata"", ""spatial_query"", ""geo_view"", ""geojson_view"", ""wmts_view"", ""dcat"", ""dcat_rdf_harvester"", ""dcat_json_harvester"", ""dcat_json_interface"", ""csw_harvester"", ""disqus"", ""opendata_theme"", ""officedocs_view"", ""pdf_view"", ""solr_highlighting"", ""drupal7"", ""datesearch""]"
2026-06-21,uruguay-national-open-data-catalog,https://catalogodatos.gub.uy,0,0,0,,
2026-06-21,cioos-pacific-data-catalog,https://catalogue.cioos.ca,3388,0,5,2.9.11,"[""image_view"", ""text_view"", ""recline_view"", ""datastore"", ""envvars""]"
2026-06-21,cioos-atlantic-data-catalogue,https://catalogue.cioosatlantic.ca,318,0,26,2.9.11,"[""envvars"", ""stats"", ""text_view"", ""image_view"", ""recline_view"", ""datastore"", ""datapusher"", ""scheming_datasets"", ""scheming_organizations"", ""scheming_groups"", ""scheming_nerf_index"", ""fluent"", ""harvest"", ""ckan_harvester"", ""csw_harvester"", ""waf_harvester"", ""doc_harvester"", ""ckan_schema_harvester"", ""spatial_metadata"", ""spatial_query"", ""spatial_harvest_metadata_api"", ""cioos_harvest"", ""cioos_theme"", ""ckan_cioos_harvester"", ""dcat"", ""structured_data"", ""resource_proxy"", ""geo_view"", ""geojson_view"", ""wmts_view"", ""ckan_spatial_harvester"", ""datastream_harvester""]"
2026-06-21,cioos-pacific-ocean-data-catalogue,https://catalogue.cioospacific.ca,1960,0,13,2.9.11,"[""envvars"", ""stats"", ""text_view"", ""image_view"", ""recline_view"", ""datastore"", ""datapusher"", ""scheming_datasets"", ""scheming_organizations"", ""scheming_groups"", ""scheming_nerf_index"", ""fluent"", ""harvest"", ""ckan_harvester"", ""csw_harvester"", ""waf_harvester"", ""doc_harvester"", ""ckan_schema_harvester"", ""ckan_spatial_harvester"", ""spatial_metadata"", ""spatial_query"", ""spatial_harvest_metadata_api"", ""cioos_theme"", ""cioos_harvest"", ""ckan_cioos_harvester"", ""dcat"", ""structured_data"", ""resource_proxy"", ""geo_view"", ""geojson_view"", ""wmts_view"", ""datastream_harvester""]"
2026-06-21,bc-data-catalogue,https://catalogue.data.gov.bc.ca,3347,26,242,2.9.5,"[""envvars"", ""image_view"", ""text_view"", ""recline_view"", ""datastore"", ""datapusher"", ""edc_rss"", ""sso"", ""bcgov_schema"", ""scheming_datasets"", ""scheming_groups"", ""scheming_organizations"", ""edc_dataset""]"
2026-06-21,new-zealand-government-data,https://catalogue.data.govt.nz,0,0,0,,
2026-06-21,wa-government-open-data,https://catalogue.data.wa.gov.au,2909,66,68,2.11.4,"[""datawagovau_theme"", ""wa_data_dictionary"", ""wa_res_archive"", ""cloudstorage"", ""activity"", ""search_tweaks"", ""search_tweaks_query_relevance"", ""search_tweaks_field_relevance"", ""search_tweaks_spellcheck"", ""search_tweaks_advanced_search"", ""composite_search"", ""default_composite_search"", ""search_autocomplete"", ""or_facet"", ""resource_indexer"", ""pdf_resource_indexer"", ""plain_resource_indexer"", ""spatial_metadata"", ""spatial_query"", ""geo_view"", ""geojson_view"", ""wmts_view"", ""dcat"", ""text_view"", ""image_view"", ""officedocs_view"", ""datatables_view"", ""pdf_view"", ""webpage_view"", ""resource_proxy"", ""datastore"", ""showcase"", ""googleanalytics"", ""xloader"", ""tracking"", ""scheming_datasets"", ""hierarchy_display"", ""hierarchy_form"", ""msal"", ""login_throttle"", ""core_fix""]"
2026-06-21,cataloguedevcioosatlanticca,https://catalogue.dev.cioosatlantic.ca,250,1,22,2.9.11,"[""envvars"", ""stats"", ""text_view"", ""image_view"", ""recline_view"", ""datastore"", ""datapusher"", ""scheming_datasets"", ""scheming_organizations"", ""scheming_groups"", ""scheming_nerf_index"", ""fluent"", ""harvest"", ""ckan_harvester"", ""csw_harvester"", ""waf_harvester"", ""doc_harvester"", ""ckan_schema_harvester"", ""spatial_metadata"", ""spatial_query"", ""spatial_harvest_metadata_api"", ""cioos_harvest"", ""cioos_theme"", ""ckan_cioos_harvester"", ""dcat"", ""structured_data"", ""resource_proxy"", ""geo_view"", ""geojson_view"", ""wmts_view"", ""ckan_spatial_harvester"", ""datastream_harvester""]"
2026-06-21,hakai-data-catalogue,https://catalogue.hakai.org,266,0,1,2.9.11,"[""envvars"", ""stats"", ""text_view"", ""image_view"", ""recline_view"", ""datastore"", ""datapusher"", ""scheming_datasets"", ""scheming_organizations"", ""scheming_groups"", ""scheming_nerf_index"", ""fluent"", ""harvest"", ""ckan_harvester"", ""csw_harvester"", ""waf_harvester"", ""doc_harvester"", ""ckan_schema_harvester"", ""spatial_metadata"", ""spatial_query"", ""spatial_harvest_metadata_api"", ""cioos_harvest"", ""cioos_theme"", ""dcat"", ""structured_data"", ""resource_proxy"", ""geo_view"", ""geojson_view"", ""wmts_view"", ""ckan_spatial_harvester""]"
2026-06-21,catalogue-nextgeoss-eu,https://catalogue.nextgeoss.eu,0,0,0,,
2026-06-21,fisheries-and-oceans-canada-data-catalog,https://catalogue.ogsl.ca,411,0,57,2.9.11,"[""image_view"", ""text_view"", ""recline_view"", ""datastore"", ""envvars""]"
2026-06-21,ogsl-data-catalogue,https://catalogue.slgo.ca,0,0,0,,
2026-06-21,san-diego-county-data,https://civicdata.com,422,49,261,2.9.9,"[""text_view"", ""recline_view"", ""recline_grid_view"", ""recline_graph_view"", ""recline_map_view"", ""image_view"", ""resource_proxy"", ""stats"", ""datastore"", ""datapusher"", ""geojson_view"", ""spatial_metadata"", ""spatial_query"", ""custom_api"", ""custom_extension""]"
2026-06-21,d4science-catalogue,https://ckan-d4s.d4science.org,0,0,0,,
2026-06-21,dataplattform-malmo-dataplattform-malmo,https://ckan-malmo.dataplatform.se,0,0,0,,
2026-06-21,adh-data-portal,https://ckan.africadatahub.org,0,0,0,,
2026-06-21,americaview-ckan,https://ckan.americaview.org,256,6,42,2.8.4,"[""stats"", ""webpage_view"", ""text_view"", ""image_view"", ""recline_view"", ""pages"", ""datasetthumbnail""]"
2026-06-21,cabi-data-repository,https://ckan.cabi.org/data,0,0,0,,
2026-06-21,open-data-portal-of-the-city-of-mendoza,https://ckan.ciudaddemendoza.gob.ar,180,13,33,2.7.6,"[""stats"", ""text_view"", ""image_view"", ""recline_view"", ""hierarchy_display"", ""hierarchy_form"", ""dcat"", ""structured_data"", ""gcbaandinotheme"", ""gobar_theme"", ""datastore"", ""datapusher"", ""seriestiempoarexplorer"", ""googleanalytics""]"
2026-06-21,rotterdam-data-portal,https://ckan.dataplatform.nl,0,0,0,,
2026-06-21,gerontomics-aging-research-data,https://ckan.dev.aging-research.group,2,0,6,2.7.2,"[""sysbio_state"", ""sysbio_package"", ""sysbio_gerontomics"", ""sysbio_theme"", ""stats"", ""resource_proxy"", ""text_view"", ""image_view"", ""recline_view""]"
2026-06-21,lwua-dip-lab-data-portal,https://ckan.diplab.uplb.edu.ph,0,0,0,,
2026-06-21,dsi-thailand-data-catalog,https://ckan.dsi.go.th,14,3,4,2.10.7,"[""thai_gdc"", ""showcase"", ""stats"", ""opendstats"", ""activity"", ""image_view"", ""datatables_view"", ""text_view"", ""webpage_view"", ""resource_proxy"", ""geo_view"", ""geojson_view"", ""shp_view"", ""xloader"", ""datastore"", ""pdf_view"", ""dcat"", ""dcat_json_interface"", ""structured_data"", ""scheming_datasets"", ""hierarchy_display"", ""hierarchy_form""]"
2026-06-21,dubno-city-council-s-open-data-portal,https://ckan.dubno-adm.rv.ua,0,0,0,,
2026-06-21,ckanearlhamacuk,https://ckan.earlham.ac.uk,0,0,0,,
2026-06-21,emac-exoplanet-data-repository,https://ckan.emac.gsfc.nasa.gov,0,0,0,,
2026-06-21,futr-hub-ckan-portal,https://ckan.futr-hub.de,5,27,15,2.9.9,"[""envvars"", ""custom_theme"", ""image_view"", ""text_view"", ""recline_view"", ""webpage_view"", ""datastore"", ""datapusher"", ""resource_proxy"", ""pages"", ""harvest"", ""ckan_harvester"", ""linechart"", ""barchart"", ""piechart"", ""basicgrid"", ""geo_view"", ""geojson_view"", ""wmts_view"", ""shp_view"", ""pdf_view"", ""dcat"", ""dcatde"", ""scheming_datasets"", ""oauth2""]"
2026-06-21,schleswig-holstein-govdata-portal,https://ckan.govdata.de,150646,13,75,2.10.10,"[""activity"", ""stats"", ""text_view"", ""image_view"", ""recline_view"", ""harvest"", ""dcat"", ""dcat_rdf_harvester"", ""structured_data"", ""dcatde"", ""dcatde_rdf_harvester"", ""govdatade"", ""search_index_hook""]"
2026-06-21,ckangrassrootstools,https://ckan.grassroots.tools,539,3,8,2.8.2,"[""stats"", ""text_view"", ""image_view"", ""recline_view"", ""officedocs_view"", ""googleanalytics"", ""dcat"", ""dcat_rdf_harvester"", ""dcat_json_harvester"", ""dcat_json_interface"", ""structured_data"", ""oaipmh"", ""repeating"", ""scheming_datasets"", ""composite""]"
2026-06-21,him-data-portal,https://ckan.himdataportal.com,102,0,3,2.10.1,"[""s3filestore"", ""activity"", ""idp"", ""datapusher"", ""datastore"", ""scheming_datasets"", ""recline_view"", ""datatables_view"", ""expire_api_token""]"
2026-06-21,sapporo-city-data-portal,https://ckan.hoda.jp,458,12,84,2.8.9,"[""image_view"", ""text_view"", ""recline_view"", ""resource_proxy"", ""datastore"", ""harvest"", ""ckan_harvester""]"
2026-06-21,idp-india-s-extensive-public-datasets,https://ckan.indiadataportal.com,94,0,3,2.10.3,"[""s3filestore"", ""activity"", ""idp"", ""datapusher"", ""datastore"", ""scheming_datasets"", ""recline_view"", ""datatables_view"", ""webpage_view"", ""expire_api_token""]"
2026-06-21,digitalni-a-informacni-agentura-data,https://ckan.issi.gov.cz,9,0,5,2.9.7,"[""envvars"", ""image_view"", ""text_view"", ""recline_view"", ""datastore"", ""datapusher"", ""spatial_metadata"", ""spatial_query"", ""resource_proxy"", ""geo_view"", ""geojson_view"", ""wmts_view"", ""shp_view"", ""issi_theme""]"
2026-06-21,open-data-from-the-rio-de-janeiro-botanical-garden-research-institute,https://ckan.jbrj.gov.br,44,0,7,2.9.5,"[""resource_proxy"", ""datastore"", ""stats"", ""matomo""]"
2026-06-21,mots-thailand-data-portal,https://ckan.mots.go.th,41,3,4,2.10.7,"[""thai_gdc"", ""showcase"", ""stats"", ""opendstats"", ""activity"", ""image_view"", ""datatables_view"", ""text_view"", ""webpage_view"", ""resource_proxy"", ""geo_view"", ""geojson_view"", ""shp_view"", ""xloader"", ""datastore"", ""pdf_view"", ""dcat"", ""dcat_json_interface"", ""structured_data"", ""scheming_datasets"", ""hierarchy_display"", ""hierarchy_form""]"
2026-06-21,gdansk-open-data,https://ckan.multimediagdansk.pl,59,11,5,2.10.4,"[""activity"", ""datastore"", ""datapusher"", ""image_view"", ""recline_view"", ""text_view"", ""datatables_view""]"
2026-06-21,ckanodpjigjp,https://ckan.odp.jig.jp,741,14,49,2.9.11,"[""stats"", ""text_view"", ""image_view"", ""recline_view"", ""odp""]"
2026-06-21,data-sets-openig,https://ckan.openig.org,0,0,0,,
2026-06-21,ckanpfsapporojp,https://ckan.pf-sapporo.jp,261,12,9,2.9.11,"[""stats"", ""text_view"", ""image_view"", ""webpage_view"", ""recline_view"", ""datastore"", ""datapusher"", ""googleanalytics"", ""bodik_theme""]"
2026-06-21,akita-prefecture-open-data,https://ckan.pref.akita.lg.jp,263,17,12,2.10.5,"[""feedback"", ""stats"", ""text_view"", ""image_view"", ""recline_grid_view"", ""recline_graph_view"", ""recline_map_view"", ""webpage_view"", ""geojson_view"", ""datastore"", ""xloader"", ""officedocs_view"", ""googleanalytics"", ""dcat"", ""dcat_rdf_harvester"", ""structured_data"", ""derivatives""]"
2026-06-21,agueda-open-data-portal,https://ckan.sig.cm-agueda.pt,0,0,0,,
2026-06-21,open-data-of-the-siges-project,https://ckan.siges.sv,38,10,1,2.9.0a,"[""stats"", ""text_view"", ""image_view"", ""recline_view"", ""datapusher""]"
2026-06-21,ckansigessv,https://ckan.siges.sv/,38,10,1,2.9.0a,"[""stats"", ""text_view"", ""image_view"", ""recline_view"", ""datapusher""]"
2026-06-21,staging-futr-hub-ckan-portal,https://ckan.staging.futr-hub.de,5,5,23,2.11.5,"[""envvars"", ""xloader"", ""datastore"", ""activity"", ""dcat"", ""dcatde"", ""scheming_datasets"", ""harvest"", ""ckan_harvester"", ""oauth"", ""theming"", ""pages"", ""footer"", ""image_view"", ""text_view"", ""webpage_view"", ""geo_view"", ""geojson_view"", ""wmts_view"", ""shp_view"", ""pdf_view"", ""datatables_view"", ""resource_proxy"", ""piechart"", ""linechart"", ""barchart""]"
2026-06-21,danubius-ri-data-portal,https://ckan.teorie.ro,0,0,0,,
2026-06-21,tirana-open-data-portal,https://ckan.tirana.al,249,11,15,2.8.4,"[""stats"", ""text_view"", ""image_view"", ""recline_view"", ""recline_grid_view"", ""recline_graph_view"", ""recline_map_view"", ""webpage_view"", ""spatial_metadata"", ""spatial_query"", ""harvest"", ""ckan_harvester"", ""datastore"", ""datapusher"", ""resource_proxy"", ""geojson_view"", ""viewhelpers"", ""dashboard_preview"", ""linechart"", ""barchart"", ""piechart"", ""ags_fs_view"", ""ags_ms_view""]"
2026-06-21,vec-data-catalog,https://ckan.vec.go.th,19,8,15,2.10.7,"[""thai_gdc"", ""showcase"", ""stats"", ""opendstats"", ""activity"", ""image_view"", ""datatables_view"", ""text_view"", ""webpage_view"", ""resource_proxy"", ""geo_view"", ""geojson_view"", ""shp_view"", ""xloader"", ""datastore"", ""pdf_view"", ""dcat"", ""dcat_json_interface"", ""structured_data"", ""scheming_datasets"", ""hierarchy_display"", ""hierarchy_form""]"
2026-06-21,syke-metadata-service,https://ckan.ymparisto.fi,639,1,9,2.9.0a,"[""syke_theme"", ""datastore"", ""stats"", ""text_view"", ""image_view"", ""recline_view"", ""datapusher"", ""spatial_metadata"", ""spatial_query"", ""harvest"", ""ckan_harvester"", ""csw_harvester"", ""csw_syke_harvester"", ""csw_syke_research_harvester"", ""scheming_datasets"", ""resource_proxy"", ""geo_view"", ""pages""]"
2026-06-21,ckanymparistofi,https://ckan.ymparisto.fi/,639,1,9,2.9.0a,"[""syke_theme"", ""datastore"", ""stats"", ""text_view"", ""image_view"", ""recline_view"", ""datapusher"", ""spatial_metadata"", ""spatial_query"", ""harvest"", ""ckan_harvester"", ""csw_harvester"", ""csw_syke_harvester"", ""csw_syke_research_harvester"", ""scheming_datasets"", ""resource_proxy"", ""geo_view"", ""pages""]"
2026-06-21,maritime-data-portal,https://ckanmtp.ymparisto.fi,0,0,0,,
2026-06-21,open-data-of-the-judicial-power-of-costa-rica,https://ckanpj.azurewebsites.net,0,0,0,,
2026-06-21,ncar-opensky-data-search,https://ckanprod-alma.ucar.edu,0,0,0,,
2026-06-21,corona-open-data,https://corona-open-data.ckan.de,87,7,29,2.11.0,"[""stats"", ""tabledesigner"", ""text_view"", ""image_view"", ""datatables_view"", ""datastore"", ""xloader"", ""custom_theme"", ""activity"", ""pages"", ""dcat"", ""dcatde"", ""harvest"", ""showcase"", ""pdf_view"", ""resource_proxy"", ""geo_view"", ""geojson_view"", ""matomo_dsgvo"", ""structured_data"", ""jupyter_ipynb_raw"", ""jupyter_ipynb"", ""jupyter_ipynb_executed"", ""metadata_manager"", ""envvars""]"
2026-06-21,dadesobertesgvaes,https://dadesobertes.gva.es,1282,22,3,,"[""activity"", ""datastore"", ""xloader"", ""harvest"", ""ckan_harvester"", ""dcat"", ""dcat_rdf_harvester"", ""structured_data"", ""tracking"", ""estadisticas"", ""spatial_metadata"", ""spatial_query"", ""csw_harvester"", ""gva_harvesting_rdf"", ""gva_harvesting_csw"", ""gva_theme"", ""stats"", ""text_view"", ""image_view"", ""webpage_view"", ""datatables_view"", ""googleanalytics"", ""scheming_datasets"", ""qa"", ""archiver"", ""gva_qa"", ""federacion"", ""report""]"
2026-06-21,salou-open-data-portal,https://dadesobertes.salou.cat,0,0,0,,
2026-06-21,open-data-aoc-consortium,https://dadesobertes.seu-e.cat,907,22,82,2.10.8,"[""datastore"", ""datapusher"", ""stats"", ""aoc_theme"", ""aoc_metadata"", ""aoc_views"", ""activity"", ""image_view"", ""text_view"", ""recline_view"", ""recline_grid_view"", ""recline_graph_view"", ""recline_map_view"", ""resource_proxy"", ""geo_view"", ""scheming_groups"", ""scheming_datasets"", ""scheming_organizations"", ""fluent"", ""dataexplorer_map_view"", ""envvars""]"
2026-06-21,valls-open-data-portal,https://dadesobertes.valls.cat,26,22,4,2.8.3,"[""stats"", ""text_view"", ""image_view"", ""recline_view"", ""recline_grid_view"", ""recline_graph_view"", ""recline_map_view"", ""webpage_view"", ""datastore"", ""datapusher"", ""personalitza"", ""navigablemap"", ""choroplethmap"", ""spatial_metadata"", ""spatial_query"", ""resource_proxy"", ""geo_view"", ""geojson_view"", ""wmts_view"", ""shp_view"", ""googleanalytics""]"
2026-06-21,dadesobertesvallscat,https://dadesobertes.valls.cat/,26,22,4,2.8.3,"[""stats"", ""text_view"", ""image_view"", ""recline_view"", ""recline_grid_view"", ""recline_graph_view"", ""recline_map_view"", ""webpage_view"", ""datastore"", ""datapusher"", ""personalitza"", ""navigablemap"", ""choroplethmap"", ""spatial_metadata"", ""spatial_query"", ""resource_proxy"", ""geo_view"", ""geojson_view"", ""wmts_view"", ""shp_view"", ""googleanalytics""]"
2026-06-21,open-data-portal-of-the-ministry-of-agriculture-and-livestock,https://dados.agricultura.gov.br,13,1,2,2.6.9,"[""stats"", ""text_view"", ""image_view"", ""recline_view""]"
2026-06-21,alagoas-in-data-and-information,https://dados.al.gov.br/catalogo,365,10,30,2.8.5,"[""stats"", ""text_view"", ""image_view"", ""recline_view"", ""datastore"", ""harvest"", ""ckan_harvester"", ""pdf_view"", ""geojson_view"", ""webpage_view"", ""recline_map_view"", ""datapusher"", ""privatedatasets"", ""geo_view""]"
2026-06-21,antt-open-data-portal,https://dados.antt.gov.br,108,8,1,2.8.3,"[""stats"", ""text_view"", ""image_view"", ""pdf_view"", ""datapusher"", ""datastore"", ""antt_theme"", ""googleanalytics""]"
2026-06-21,open-data-portal-of-the-state-of-bahia,https://dados.ba.gov.br,0,0,0,,
2026-06-21,open-data-portal-cefet-rj,https://dados.cefet-rj.br,28,1,1,2.9.5,"[""image_view"", ""text_view"", ""recline_view"", ""datastore"", ""datapusher"", ""envvars""]"
2026-06-21,ciga-open-data-portal,https://dados.ciga.sc.gov.br,574,5,4,2.9.2,"[""stats"", ""text_view"", ""image_view"", ""recline_view""]"
2026-06-21,cvm-open-data-portal,https://dados.cvm.gov.br,54,18,1,2.11.0,"[""activity"", ""stats"", ""pages"", ""googleanalytics""]"
2026-06-21,espirito-santo-open-data-portal,https://dados.es.gov.br,474,30,46,2.11.5,"[""image_view"", ""text_view"", ""datatables_view"", ""datastore"", ""xloader"", ""envvars"", ""s3filestore"", ""pdf_view"", ""es"", ""oidc_pkce"", ""acessocidadaoes""]"
2026-06-21,cigets-public-data,https://dados.face.ufg.br,66,0,6,2.10.1,"[""envvars"", ""image_view"", ""text_view"", ""recline_view"", ""datastore"", ""datapusher""]"
2026-06-21,brazilian-forest-service-data-portal,https://dados.florestal.gov.br,60,23,4,2.10.4,"[""envvars"", ""image_view"", ""text_view"", ""recline_view"", ""datastore"", ""datapusher""]"
2026-06-21,ibict-open-data,https://dados.ibict.br,63,14,1,2.6.2,"[""stats"", ""text_view"", ""image_view"", ""recline_view"", ""datastore"", ""datapusher"", ""resource_proxy""]"
2026-06-21,ifpb-open-data-portal,https://dados.ifpb.edu.br,14,8,1,2.8.2,"[""stats"", ""text_view"", ""image_view"", ""recline_view"", ""datastore"", ""datapusher""]"
2026-06-21,ifrn-open-data-portal,https://dados.ifrn.edu.br,12,8,1,2.6.0,"[""stats"", ""text_view"", ""image_view"", ""recline_view"", ""recline_grid_view""]"
2026-06-21,open-data-ifro-dados-abertos-ifro,https://dados.ifro.edu.br,0,0,0,,
2026-06-21,dadosifrsedubr,https://dados.ifrs.edu.br,0,0,0,,
2026-06-21,open-data-ifsertaope-dados-abertos-ifsertaope,https://dados.ifsertao-pe.edu.br,0,0,0,,
2026-06-21,ifsp-open-data-portal,https://dados.ifsp.edu.br,41,7,1,2.11.5,"[""envvars"", ""stats"", ""text_view"", ""image_view"", ""datastore"", ""datapusher"", ""datatables_view""]"
2026-06-21,ifsuldeminas-open-data-portal,https://dados.ifsuldeminas.edu.br,27,11,1,2.8.0,"[""stats"", ""text_view"", ""image_view"", ""datastore"", ""datapusher"", ""recline_view"", ""recline_grid_view"", ""resource_proxy""]"
2026-06-21,portugal-justice-open-data,https://dados.justica.gov.pt,62,0,11,2.7.2,"[""stats"", ""text_view"", ""image_view"", ""recline_view"", ""datastore"", ""datapusher"", ""mjustica_theme""]"
2026-06-21,open-data-portal-of-the-state-of-minas-gerais,https://dados.mg.gov.br,93,7,18,2.9.5,"[""stats"", ""text_view"", ""image_view"", ""recline_view"", ""datastore"", ""datapusher"", ""recline_grid_view"", ""webpage_view"", ""recline_graph_view"", ""resource_proxy"", ""geo_view"", ""geojson_view"", ""shp_view"", ""googleanalytics""]"
2026-06-21,ministry-of-justice-and-public-security,https://dados.mj.gov.br,31,7,14,2.4.1,"[""stats"", ""text_view"", ""image_view"", ""recline_view"", ""dadosgovbr_theme"", ""dadosgovbr_newssection"", ""pages""]"
2026-06-21,mma-open-data-portal,https://dados.mma.gov.br,40,0,1,2.6.2,"[""stats"", ""text_view"", ""image_view"", ""recline_view""]"
2026-06-21,ons-open-data,https://dados.ons.org.br,82,6,3,2.9.11,"[""sso"", ""envvars"", ""image_view"", ""text_view"", ""recline_view"", ""datastore"", ""googleanalytics""]"
2026-06-21,pernambuco-open-data-portal,https://dados.pe.gov.br,40,3,3,2.8.4,"[""stats"", ""text_view"", ""image_view"", ""recline_view"", ""datastore"", ""datapusher""]"
2026-06-21,open-data-poa,https://dados.portoalegre.rs.gov.br,55,10,25,2.7.2,"[""stats"", ""text_view"", ""image_view"", ""recline_view"", ""webpage_view"", ""pdf_view"", ""recline_map_view"", ""resource_proxy"", ""datastore"", ""datapusher"", ""viewhelpers"", ""dashboard_preview"", ""linechart"", ""barchart"", ""piechart"", ""basicgrid"", ""navigablemap"", ""choroplethmap"", ""tema_datapoa"", ""geo_view"", ""geojson_view"", ""wmts_view""]"
2026-06-21,open-data-portal-of-the-city-of-sao-paulo-portal-de-dados-abertos-da-cidade-de-sao-paulo,https://dados.prefeitura.sp.gov.br,431,16,81,2.7.7,"[""stats"", ""text_view"", ""image_view"", ""resource_proxy"", ""pdf_view"", ""webpage_view"", ""recline_grid_view"", ""recline_graph_view"", ""recline_map_view"", ""recline_view"", ""prodam_tema_exemplo"", ""datastore"", ""datapusher""]"
2026-06-21,rio-grande-do-sul-data-portal,https://dados.rs.gov.br,0,0,0,,
2026-06-21,ministry-of-infrastructure,https://dados.transportes.gov.br,107,13,3,2.10.4,"[""stats"", ""text_view"", ""image_view"", ""activity""]"
2026-06-21,ufba-open-data-portal,https://dados.ufba.br,0,0,0,,
2026-06-21,dadosufcbr,https://dados.ufc.br,121,4,14,2.10.1,"[""stats"", ""text_view"", ""image_view"", ""activity""]"
2026-06-21,ufca-open-data-portal,https://dados.ufca.edu.br,17,1,1,,"[""stats"", ""text_view"", ""image_view"", ""activity""]"
2026-06-21,ufcspa-open-data,https://dados.ufcspa.edu.br,33,12,1,2.6.0,"[""stats"", ""text_view"", ""image_view"", ""recline_view"", ""recline_grid_view"", ""datastore"", ""datapusher"", ""resource_proxy""]"
2026-06-21,dadosufesbr,https://dados.ufes.br,5,0,1,2.10.3,"[""envvars"", ""image_view"", ""text_view"", ""recline_view"", ""datastore"", ""datapusher""]"
2026-06-21,uff-open-data-portal,https://dados.uff.br,23,5,1,2.7.2,"[""stats"", ""text_view"", ""image_view"", ""recline_view"", ""uff_theme"", ""datastore"", ""datapusher"", ""pdf_view""]"
2026-06-21,uffs-open-data,https://dados.uffs.edu.br,24,8,1,2.9.7,"[""stats"", ""text_view"", ""image_view"", ""recline_view"", ""datastore"", ""datapusher"", ""example_theme"", ""ldap""]"
2026-06-21,ufg-open-data,https://dados.ufg.br,34,7,1,2.9.0a,"[""stats"", ""text_view"", ""image_view"", ""recline_view"", ""ldap"", ""ufg_theme"", ""datastore""]"
2026-06-21,federal-university-of-juiz-de-fora-data-portal,https://dados.ufjf.br,23,7,1,2.10.10,"[""activity"", ""datastore"", ""xloader""]"
2026-06-21,ufla-open-data-portal,https://dados.ufla.br,0,0,0,,
2026-06-21,ufmg-dados-abertos,https://dados.ufmg.br,23,0,1,2.9.2,"[""stats"", ""text_view"", ""image_view"", ""recline_view"", ""datastore"", ""datapusher""]"
2026-06-21,ufpe-open-data-portal,https://dados.ufpe.br,17,10,1,2.9.5,"[""stats"", ""text_view"", ""image_view"", ""recline_view"", ""datastore"", ""datapusher"", ""recline_grid_view"", ""googleanalytics"", ""ldap"", ""ufpe_theme"", ""pages""]"
2026-06-21,open-data-ufpi,https://dados.ufpi.br,29,12,4,2.6.4,"[""stats"", ""text_view"", ""image_view"", ""recline_view"", ""datapusher"", ""datastore"", ""dadosgovbrschema"", ""dadosgovbr"", ""pdf_view"", ""recline_grid_view"", ""recline_graph_view""]"
2026-06-21,ufrb-open-data,https://dados.ufrb.edu.br,55,7,1,2.7.0a,"[""stats"", ""text_view"", ""image_view"", ""recline_view"", ""datastore""]"
2026-06-21,open-data-ufrgs,https://dados.ufrgs.br,0,0,0,,
2026-06-21,ufrn-open-data,https://dados.ufrn.br,89,12,1,2.5.2,"[""stats"", ""text_view"", ""image_view"", ""recline_view"", ""datastore"", ""datapusher"", ""recline_grid_view"", ""recline_map_view"", ""recline_graph_view"", ""webpage_view"", ""resource_proxy""]"
2026-06-21,ufs-open-data-portal,https://dados.ufs.br,30,6,1,2.10.0a,"[""stats"", ""image_view"", ""text_view"", ""recline_view"", ""pdf_view"", ""datastore"", ""datapusher"", ""envvars"", ""resource_proxy""]"
2026-06-21,open-data-ufscar,https://dados.ufscar.br,9,5,1,2.10.10,"[""envvars"", ""image_view"", ""text_view"", ""recline_view"", ""datastore"", ""datapusher""]"
2026-06-21,ufv-open-data-portal,https://dados.ufv.br,52,6,1,2.8.1,"[""stats"", ""text_view"", ""image_view"", ""recline_view"", ""datastore"", ""datapusher"", ""webpage_view""]"
2026-06-21,dadosunifesspaedubr,https://dados.unifesspa.edu.br,0,0,0,,
2026-06-21,univasf-open-data-portal,https://dados.univasf.edu.br,67,12,1,2.10.4,"[""envvars"", ""stats"", ""text_view"", ""image_view"", ""recline_view"", ""recline_grid_view"", ""datastore"", ""datapusher"", ""resource_proxy""]"
2026-06-21,open-data-portal-of-the-central-bank-of-brazil,https://dadosabertos.bcb.gov.br,0,0,0,,
2026-06-21,bndes-open-data-portal,https://dadosabertos.bndes.gov.br,46,25,1,2.11.3,"[""image_view"", ""pdf_view"", ""text_view"", ""datatables_view"", ""datastore"", ""stats"", ""tracking"", ""envvars""]"
2026-06-21,capes-open-data,https://dadosabertos.capes.gov.br,90,30,4,2.9.5,"[""stats"", ""text_view"", ""image_view"", ""recline_view"", ""datastore"", ""resource_proxy"", ""datapusher"", ""webpage_view"", ""pdf_view"", ""capes_template""]"
2026-06-21,ibama-ibama,https://dadosabertos.ibama.gov.br,73,1,1,2.10.4,"[""stats"", ""text_view"", ""image_view"", ""recline_view""]"
2026-06-21,ifal-open-data-portal,https://dadosabertos.ifal.edu.br,48,9,1,2.8.7,"[""stats"", ""text_view"", ""image_view"", ""recline_view"", ""datastore"", ""datapusher"", ""resource_proxy""]"
2026-06-21,dadosabertosifcedubr,https://dadosabertos.ifc.edu.br,0,0,0,,
2026-06-21,ifmg-open-data,https://dadosabertos.ifmg.edu.br,24,0,1,2.10.5,"[""activity"", ""datastore"", ""stats"", ""text_view"", ""image_view"", ""datatables_view"", ""webpage_view""]"
2026-06-21,iftm-open-data-portal,https://dadosabertos.iftm.edu.br,0,0,0,,
2026-06-21,dadosabertosinssgovbr,https://dadosabertos.inss.gov.br,36,2,1,2.10.0a,"[""stats"", ""text_view"", ""image_view"", ""recline_view""]"
2026-06-21,open-data-poa-dados-abertos-poa,https://dadosabertos.poa.br,55,10,25,2.7.2,"[""stats"", ""text_view"", ""image_view"", ""recline_view"", ""webpage_view"", ""pdf_view"", ""recline_map_view"", ""resource_proxy"", ""datastore"", ""datapusher"", ""viewhelpers"", ""dashboard_preview"", ""linechart"", ""barchart"", ""piechart"", ""basicgrid"", ""navigablemap"", ""choroplethmap"", ""tema_datapoa"", ""geo_view"", ""geojson_view"", ""wmts_view""]"
2026-06-21,porto-open-data-portal,https://dadosabertos.porto.digital,0,0,0,,
2026-06-21,tse-open-data-portal,https://dadosabertos.tse.jus.br,169,11,7,2.9.3,"[""stats"", ""text_view"", ""image_view"", ""datastore"", ""pages"", ""googleanalytics"", ""tribunalsuperioreleitoral""]"
2026-06-21,open-data-ufam,https://dadosabertos.ufam.edu.br,82,15,1,2.9.5,"[""stats"", ""text_view"", ""image_view"", ""recline_view"", ""datastore"", ""datapusher""]"
2026-06-21,ufersa-open-data,https://dadosabertos.ufersa.edu.br,13,6,1,2.6.0,"[""stats"", ""text_view"", ""image_view"", ""recline_view"", ""recline_grid_view"", ""recline_map_view"", ""pdf_view"", ""datastore"", ""resource_proxy"", ""datapusher""]"
2026-06-21,ufgd-open-data,https://dadosabertos.ufgd.edu.br,34,5,1,2.9.4,"[""stats"", ""text_view"", ""image_view"", ""recline_view"", ""recline_grid_view"", ""datastore"", ""datapusher"", ""resource_proxy"", ""officedocs_view""]"
2026-06-21,dadosabertosufmabr,https://dadosabertos.ufma.br,0,0,0,,
2026-06-21,ufms-open-data-portal,https://dadosabertos.ufms.br,36,7,1,2.9.5,"[""stats"", ""text_view"", ""image_view"", ""recline_view"", ""ldap"", ""datastore"", ""datapusher""]"
2026-06-21,open-data-ufpb,https://dadosabertos.ufpb.br,21,3,1,2.9.5,"[""stats"", ""text_view"", ""image_view"", ""recline_view""]"
2026-06-21,unifesp-open-data,https://dadosabertos.unifesp.br,48,9,2,2.11.4,"[""image_view"", ""text_view"", ""stats"", ""datatables_view"", ""datastore"", ""xloader"", ""envvars""]"
2026-06-21,kolomyia-city-open-data-portal,https://dani.kolrada.gov.ua,0,0,0,,
2026-06-21,unesco-operandum-data-catalog,https://data-catalogue.operandum-project.eu,2339,25,24,2.8.6,"[""envvars"", ""image_view"", ""text_view"", ""recline_view"", ""recline_grid_view"", ""recline_observation_view"", ""datastore"", ""xloader"", ""operandum"", ""scheming_datasets"", ""resource_proxy"", ""geo_view"", ""geojson_view"", ""wmts_view"", ""pdf_view"", ""spatial_metadata"", ""spatial_query""]"
2026-06-21,gstar-data-sharing-portal,https://data-portal.hpc.swin.edu.au,41,0,0,2.5.2,"[""stats"", ""text_view"", ""image_view"", ""recline_view"", ""datastore"", ""datapusher"", ""resource_proxy"", ""gstar_dataportal_theme"", ""aaf"", ""institute"", ""research_group""]"
2026-06-21,norwegian-customs-data,https://data-test.toll.no,0,0,0,,
2026-06-21,city-of-ann-arbor,https://data.a2gov.org/,0,0,0,,
2026-06-21,west-aceh-open-data,https://data.acehbaratkab.go.id,675,22,56,2.7.4,"[""stats"", ""text_view"", ""image_view"", ""recline_view"", ""datastore"", ""datapusher"", ""apihelper"", ""kotakab_aceh_sentral""]"
2026-06-21,aceh-jaya-open-data,https://data.acehjayakab.go.id,187,13,39,2.7.4,"[""stats"", ""text_view"", ""image_view"", ""recline_view"", ""datastore"", ""datapusher"", ""apihelper"", ""kotakab_aceh""]"
2026-06-21,south-aceh-open-data,https://data.acehselatankab.go.id,0,0,0,,
2026-06-21,bira-iasb-data-repository,https://data.aeronomie.be,166,5,1,2.11.4,"[""resource_proxy"", ""datatables_view"", ""text_view"", ""image_view"", ""stats"", ""pdf_view"", ""markdown_view"", ""biraiasb_global"", ""harvest"", ""ckan_harvester"", ""spatial_metadata"", ""spatial_query"", ""dcat"", ""dcat_json_interface"", ""structured_data"", ""doi"", ""saml2auth"", ""scheming_groups"", ""scheming_datasets"", ""sitemap"", ""matomo"", ""openapi""]"
2026-06-21,amerigeoss-community-platform-datahub,https://data.amerigeoss.org,645296,81,77,2.11.3,"[""activity"", ""harvest"", ""ckan_harvester"", ""scheming_datasets"", ""pdf_view"", ""resource_proxy"", ""geo_view"", ""geojson_view"", ""wmts_view"", ""shp_view"", ""spatial_metadata"", ""csw_harvester"", ""waf_harvester"", ""doc_harvester"", ""spatial_query"", ""text_view"", ""image_view"", ""webpage_view"", ""datastore"", ""stats"", ""fgdc_theme"", ""dcat"", ""dcat_rdf_harvester"", ""structured_data"", ""dcat_json_harvester"", ""dcat_json_interface"", ""datapusher_plus"", ""datatables_view"", ""video_view"", ""audio_view""]"
2026-06-21,hand-in-hand-platform-fao-catalog,https://data.apps.fao.org/catalog,11838,51,205,2.8.6,"[""resource_proxy"", ""stats"", ""googleanalytics"", ""gcIAP"", ""publisher"", ""fao_theme"", ""scheming_dcat"", ""jsonschema"", ""jsonschema_iso"", ""jsonschema_dashboard"", ""jsonschema_dataset"", ""terriajs"", ""jsonschema_dashboard_view"", ""text_view"", ""image_view"", ""spatial_metadata"", ""spatial_query"", ""geo_view"", ""wmts_view"", ""shp_view"", ""dcat"", ""dcat_rdf_harvester"", ""dcat_json_harvester"", ""dcat_json_interface"", ""structured_data"", ""scheming_datasets"", ""scheming_organizations"", ""harvest"", ""ckan_harvester"", ""csw_harvester"", ""jsonschema_bucket_indexer"", ""jsonschema_event_publisher"", ""terriajs_bucket_indexer""]"
2026-06-21,open-data-and-information-portal,https://data.asc-csa.gc.ca,0,0,0,,
2026-06-21,aurin-data-catalogue,https://data.aurin.org.au,0,0,0,,
2026-06-21,avinor-data-catalog-ckan,https://data.avinor.no,0,0,0,,
2026-06-21,one-data-balikpapan-satu-data-balikpapan,https://data.balikpapan.go.id,1130,11,39,2.8.3,"[""stats"", ""text_view"", ""image_view"", ""officedocs_view"", ""recline_view"", ""webpage_view"", ""datastore"", ""spatial_metadata"", ""spatial_query"", ""harvest"", ""ckan_harvester"", ""csw_harvester"", ""waf_harvester"", ""doc_harvester"", ""resource_proxy"", ""geo_view"", ""geojson_view"", ""wmts_view"", ""shp_view"", ""datapusher"", ""ags_fs_view"", ""ags_ms_view"", ""pdf_view"", ""pages"", ""onedataportal"", ""issues"", ""privatedatasets"", ""scheming_datasets"", ""repeating"", ""composite"", ""validation"", ""navigablemap"", ""choroplethmap"", ""linechart"", ""barchart"", ""piechart"", ""basicgrid""]"
2026-06-21,databangkokgoth,https://data.bangkok.go.th,0,0,0,,
2026-06-21,north-bengkulu-one-data,https://data.bengkuluutarakab.go.id,0,0,0,,
2026-06-21,digitwin-databank,https://data.beta.geodan.nl,146,76,29,2.11.5,"[""envvars"", ""text_view"", ""image_view"", ""datatables_view"", ""datastore"", ""datapusher"", ""cesium_view"", ""geodan_theme"", ""resource_proxy"", ""geo_view"", ""wmts_view"", ""geojson_view"", ""shp_view"", ""hierarchy_display"", ""hierarchy_group_form""]"
2026-06-21,belgian-biodiversity-data-portal,https://data.biodiversity.be,549,4,26,2.9.2,"[""stats"", ""text_view"", ""image_view"", ""recline_view"", ""bbpf_theme"", ""gbif_fields""]"
2026-06-21,new-zealand-s-biological-heritage-data-repository,https://data.bioheritage.nz,0,0,0,,
2026-06-21,city-of-birmingham,https://data.birminghamal.gov,116,16,22,2.9.11,"[""stats"", ""resource_proxy"", ""ags_fs_view"", ""ags_ms_view"", ""geo_view"", ""geojson_view"", ""wmts_view"", ""shp_view"", ""c3charts"", ""og_datatables_view"", ""officedocs_view"", ""pdf_view"", ""recline_map_view"", ""webpage_view"", ""markdown_view"", ""in_app_reporting"", ""metabase_card_view"", ""metabase_dashboard_view"", ""harvest"", ""datajson"", ""dcat"", ""dcat_rdf_harvester"", ""dcat_json_harvester"", ""dcat_json_interface"", ""structured_data"", ""waf_harvester"", ""custom_harvest"", ""package_search_harvester"", ""datagov_harvester"", ""opengov_custom_theme"", ""opengov_custom_css"", ""opengov_custom_header"", ""opengov_custom_homepage"", ""opengov_custom_footer"", ""image_view"", ""cloudstorage"", ""odata"", ""datastore"", ""xloader"", ""extractor"", ""contact"", ""opengov_pages"", ""pages"", ""opengov_stories"", ""showcase"", ""subscribe"", ""security"", ""opengov_auth"", ""featuredviews"", ""heroslideradmin"", ""googleanalytics"", ""sitemap"", ""portal_metrics""]"
2026-06-21,fukuoka-prefecture-open-data-catalog,https://data.bodik.jp,17570,21,380,,
2026-06-21,boston-open-data,https://data.boston.gov,232,16,45,2.9.11,"[""stats"", ""resource_proxy"", ""ags_fs_view"", ""ags_ms_view"", ""geo_view"", ""geojson_view"", ""wmts_view"", ""shp_view"", ""c3charts"", ""og_datatables_view"", ""officedocs_view"", ""pdf_view"", ""webpage_view"", ""markdown_view"", ""in_app_reporting"", ""metabase_card_view"", ""metabase_dashboard_view"", ""harvest"", ""datajson"", ""dcat"", ""dcat_rdf_harvester"", ""dcat_json_harvester"", ""dcat_json_interface"", ""structured_data"", ""waf_harvester"", ""custom_harvest"", ""package_search_harvester"", ""datagov_harvester"", ""spatial_metadata"", ""boston_schema"", ""scheming_datasets"", ""fluent"", ""bostonma_theme"", ""opengov_custom_theme"", ""opengov_custom_css"", ""opengov_custom_homepage"", ""opengov_custom_footer"", ""image_view"", ""cloudstorage"", ""odata"", ""opengov_datastore"", ""datastore"", ""xloader"", ""pages"", ""showcase"", ""subscribe"", ""security"", ""opengov_auth"", ""featuredviews"", ""heroslideradmin"", ""googleanalytics"", ""sitemap"", ""portal_metrics""]"
2026-06-21,managing-research-data-staff-university-of-bristol,https://data.bris.ac.uk,0,0,0,,
2026-06-21,university-of-bristol-data-repository,https://data.bris.ac.uk/data,79442,6,6,2.7.5,"[""stats"", ""text_view"", ""image_view"", ""recline_view"", ""databris_ui""]"
2026-06-21,buenos-aires-data,https://data.buenosaires.gob.ar,451,8,37,2.11.0,"[""stats"", ""activity"", ""datastore"", ""hierarchy_display"", ""hierarchy_form"", ""gobar_theme""]"
2026-06-21,california-open-data,https://data.ca.gov,4480,8,62,2.9.11,"[""stats"", ""resource_proxy"", ""ags_fs_view"", ""ags_ms_view"", ""geo_view"", ""geojson_view"", ""wmts_view"", ""shp_view"", ""c3charts"", ""og_datatables_view"", ""officedocs_view"", ""pdf_view"", ""recline_map_view"", ""webpage_view"", ""markdown_view"", ""in_app_reporting"", ""metabase_card_view"", ""metabase_dashboard_view"", ""harvest"", ""harvest_notification"", ""datajson"", ""dcat"", ""dcat_rdf_harvester"", ""dcat_json_harvester"", ""dcat_json_interface"", ""structured_data"", ""waf_harvester"", ""custom_harvest"", ""package_search_harvester"", ""datagov_harvester"", ""cademo_schema"", ""scheming_datasets"", ""cademo_theme"", ""opengov_custom_theme"", ""opengov_custom_css"", ""opengov_custom_header"", ""opengov_custom_homepage"", ""opengov_custom_footer"", ""image_view"", ""cloudstorage"", ""odata"", ""opengov_datastore"", ""datastore"", ""xloader"", ""extractor"", ""contact"", ""opengov_pages"", ""pages"", ""opengov_stories"", ""showcase"", ""subscribe"", ""security"", ""opengov_auth"", ""featuredviews"", ""heroslideradmin"", ""googleanalytics"", ""google_tag_manager"", ""sitemap"", ""portal_metrics""]"
2026-06-21,capitol-data-portal,https://data.capitol.texas.gov,907,4,1,2.8.2,"[""stats"", ""text_view"", ""image_view"", ""recline_view""]"
2026-06-21,columbia-basin-water-hub,https://data.cbwaterhub.ca,0,0,0,,
2026-06-21,dataccrpcorg,https://data.ccrpc.org,348,8,3,2.11.2,"[""stats"", ""text_view"", ""image_view"", ""resource_proxy"", ""geojson_view"", ""webpage_view"", ""spatial_metadata"", ""spatial_query"", ""harvest"", ""ckan_harvester"", ""dcat"", ""dcat_rdf_harvester"", ""dcat_json_harvester"", ""dcat_json_interface"", ""structured_data"", ""datajson"", ""googleanalytics"", ""rpctheme"", ""pages""]"
2026-06-21,taiwan-cdc-open-data-portal-taiwan-cdc-open-data-portal,https://data.cdc.gov.tw,0,0,0,,
2026-06-21,california-health-and-human-services-open-data-portal,https://data.chhs.ca.gov,481,7,16,2.9.11,"[""stats"", ""resource_proxy"", ""ags_fs_view"", ""ags_ms_view"", ""geo_view"", ""geojson_view"", ""wmts_view"", ""shp_view"", ""c3charts"", ""og_datatables_view"", ""officedocs_view"", ""pdf_view"", ""recline_map_view"", ""webpage_view"", ""markdown_view"", ""in_app_reporting"", ""metabase_card_view"", ""metabase_dashboard_view"", ""harvest"", ""harvest_notification"", ""datajson"", ""dcat"", ""dcat_rdf_harvester"", ""dcat_json_harvester"", ""dcat_json_interface"", ""structured_data"", ""waf_harvester"", ""custom_harvest"", ""package_search_harvester"", ""datagov_harvester"", ""chhs_schema"", ""scheming_datasets"", ""chhs_theme"", ""opengov_custom_theme"", ""opengov_custom_css"", ""opengov_custom_header"", ""opengov_custom_homepage"", ""opengov_custom_footer"", ""image_view"", ""cloudstorage"", ""odata"", ""datastore"", ""xloader"", ""downloadall"", ""extractor"", ""contact"", ""opengov_pages"", ""pages"", ""opengov_stories"", ""showcase"", ""subscribe"", ""security"", ""opengov_auth"", ""featuredviews"", ""twitter"", ""cataloginventory"", ""googleanalytics"", ""sitemap"", ""portal_metrics""]"
2026-06-21,newark-open-data,https://data.ci.newark.nj.us,0,0,0,,
2026-06-21,open-data-catalog-site,https://data.city.fukuyama.hiroshima.jp,56,10,15,2.9.1,"[""envvars"", ""image_view"", ""text_view"", ""recline_view"", ""datastore"", ""datapusher""]"
2026-06-21,yokohama-city-open-data-portal,https://data.city.yokohama.lg.jp,657,12,47,2.9.11,"[""text_view"", ""image_view"", ""recline_view"", ""pdf_view"", ""datastore"", ""datapusher"", ""custom_theme""]"
2026-06-21,city-of-denton-open-data,https://data.cityofdenton.com,32,12,9,2.9.11,"[""stats"", ""resource_proxy"", ""ags_fs_view"", ""ags_ms_view"", ""geo_view"", ""geojson_view"", ""wmts_view"", ""shp_view"", ""c3charts"", ""og_datatables_view"", ""officedocs_view"", ""pdf_view"", ""recline_map_view"", ""webpage_view"", ""markdown_view"", ""in_app_reporting"", ""metabase_card_view"", ""metabase_dashboard_view"", ""harvest"", ""datajson"", ""dcat"", ""dcat_rdf_harvester"", ""dcat_json_harvester"", ""dcat_json_interface"", ""structured_data"", ""custom_harvest"", ""package_search_harvester"", ""datagov_harvester"", ""opengov_custom_theme"", ""opengov_custom_css"", ""opengov_custom_header"", ""opengov_custom_homepage"", ""opengov_custom_footer"", ""image_view"", ""cloudstorage"", ""odata"", ""datastore"", ""xloader"", ""extractor"", ""pages"", ""showcase"", ""subscribe"", ""security"", ""opengov_auth"", ""featuredviews"", ""heroslideradmin"", ""googleanalytics"", ""sitemap"", ""portal_metrics""]"
2026-06-21,open-data-portal-south-tyrol-open-data-portal-south-tyrol,https://data.civis.bz.it,938,17,32,2.10.7,"[""stats"", ""resource_proxy"", ""pdf_view"", ""text_view"", ""image_view"", ""recline_view"", ""datatables_view"", ""provbz"", ""azure_auth"", ""activity"", ""harvest"", ""ckan_harvester"", ""spatial_metadata"", ""spatial_query"", ""dcat"", ""dcat_json_interface"", ""structured_data"", ""multilang"", ""multilang_harvester"", ""multilang_resources"", ""dcatapit_pkg"", ""dcatapit_org"", ""dcatapit_config"", ""dcatapit_vocabulary"", ""dcatapit_harvester"", ""dcatapit_csw_harvester"", ""dcatapit_harvest_list"", ""geonetwork_harvester"", ""provbz_harvester"", ""categorie"", ""pages""]"
2026-06-21,california-natural-resources-agency-open-data,https://data.cnra.ca.gov,21103,9,30,2.9.11,"[""stats"", ""resource_proxy"", ""ags_fs_view"", ""ags_ms_view"", ""geo_view"", ""geojson_view"", ""wmts_view"", ""shp_view"", ""c3charts"", ""og_datatables_view"", ""officedocs_view"", ""pdf_view"", ""recline_map_view"", ""webpage_view"", ""markdown_view"", ""in_app_reporting"", ""metabase_card_view"", ""metabase_dashboard_view"", ""harvest"", ""harvest_notification"", ""datajson"", ""dcat"", ""dcat_rdf_harvester"", ""dcat_json_harvester"", ""dcat_json_interface"", ""structured_data"", ""csw_harvester"", ""csw_fgdc_harvester"", ""waf_harvester"", ""doc_harvester"", ""custom_harvest"", ""package_search_harvester"", ""datagov_harvester"", ""spatial_metadata"", ""spatial_query"", ""cnra_schema"", ""scheming_datasets"", ""composite"", ""cnra_theme"", ""opengov_custom_theme"", ""opengov_custom_css"", ""opengov_custom_header"", ""opengov_custom_homepage"", ""opengov_custom_footer"", ""image_view"", ""cloudstorage"", ""odata"", ""datastore"", ""xloader"", ""extractor"", ""contact"", ""opengov_pages"", ""pages"", ""opengov_stories"", ""showcase"", ""subscribe"", ""security"", ""adfs"", ""opengov_auth"", ""featuredviews"", ""heroslideradmin"", ""orgportals"", ""googleanalytics"", ""sitemap"", ""portal_metrics""]"
2026-06-21,cork-city-council-open-data,https://data.corkcity.ie,34,3,6,2.9.14,"[""dlxschema"", ""sqlalchemythread"", ""uwsgistats"", ""stats"", ""text_view"", ""image_view"", ""officedocs_view"", ""pdf_view"", ""dcat"", ""dcat_json_interface"", ""superset"", ""psbthemealt"", ""schema_field_groups"", ""scheming_datasets"", ""spatial_metadata"", ""spatial_query"", ""harvest"", ""ckan_harvester"", ""csw_harvester"", ""waf_harvester"", ""doc_harvester"", ""datatables_view"", ""datastore"", ""datapusher"", ""dietstars"", ""geo_view"", ""geojson_view"", ""resource_proxy"", ""fluent"", ""esri_arcgis_harvester"", ""security""]"
2026-06-21,datactbeus,https://data.ctb.eus,103,0,2,2.9.4,"[""stats"", ""text_view"", ""image_view"", ""recline_view"", ""ctb_theme"", ""harvest"", ""ckan_harvester"", ""dcat"", ""dcat_rdf_harvester"", ""dcat_json_harvester"", ""dcat_json_interface"", ""structured_data"", ""pages"", ""multilang""]"
2026-06-21,citizen-data-portal,https://data.data4citizen.jp,399,21,79,2.10.4,"[""envvars"", ""image_view"", ""text_view"", ""recline_view"", ""recline_grid_view"", ""recline_graph_view"", ""recline_map_view"", ""datatables_view"", ""datastore"", ""datapusher"", ""activity""]"
2026-06-21,dathere-data-catalog,https://data.dathere.com/,0,0,0,,
2026-06-21,deli-serdang-one-data,https://data.deliserdangkab.go.id,0,0,0,,
2026-06-21,demak-regency-open-data,https://data.demakkab.go.id,27199,10,79,2.8.2,"[""stats"", ""text_view"", ""image_view"", ""recline_view"", ""datastore""]"
2026-06-21,depositar-deposit-discover-reuse,https://data.depositar.io,3494,52,551,2.10.10,"[""activity"", ""dcat"", ""depositar_iso639"", ""data_depositario"", ""depositar_theme_rep_str"", ""depositar_theme"", ""ark"", ""datapackager"", ""citation"", ""wikidatakeyword"", ""showcase"", ""dcat_json_interface"", ""structured_data"", ""stats"", ""datastore"", ""resource_proxy"", ""datapusher_plus"", ""datatables_view"", ""recline_view"", ""text_view"", ""image_view"", ""webpage_view"", ""recline_grid_view"", ""recline_map_view"", ""audio_view"", ""video_view"", ""pdf_view"", ""spatial_metadata"", ""spatial_query"", ""geo_view"", ""geojson_view"", ""wmts_view"", ""shp_view"", ""scheming_datasets""]"
2026-06-21,data-accounting-department-of-science-service,https://data.dss.go.th,30,6,11,2.10.7,"[""thai_gdc"", ""showcase"", ""stats"", ""opendstats"", ""activity"", ""image_view"", ""datatables_view"", ""text_view"", ""webpage_view"", ""resource_proxy"", ""geo_view"", ""geojson_view"", ""shp_view"", ""xloader"", ""datastore"", ""pdf_view"", ""dcat"", ""dcat_json_interface"", ""structured_data"", ""scheming_datasets"", ""hierarchy_display"", ""hierarchy_form""]"
2026-06-21,data-dundeecity-gov-uk,https://data.dundeecity.gov.uk,0,0,0,,
2026-06-21,ecosis-spectral-library,https://data.ecosis.org,218,10,55,2.10.1,"[""stats"", ""ecosis"", ""text_view"", ""image_view""]"
2026-06-21,department-of-education-open-data-platform,https://data.ed.gov,1094,29,55,2.9.9,"[""saml2auth"", ""datastore"", ""xloader"", ""dataexplorer_view"", ""dataexplorer_table_view"", ""dataexplorer_chart_view"", ""dataexplorer_map_view"", ""ckan_harvester"", ""datajson_harvest"", ""ed"", ""edharvest"", ""eddatajsonharvest"", ""ed_sources"", ""ed_stats"", ""resource_proxy"", ""ed_hierarchy_display"", ""ed_hierarchy_form"", ""documentation"", ""ed_collections"", ""ed_data_explorers"", ""ed_format_translator"", ""ed_resource_approval"", ""deadoralive"", ""pages"", ""showcase"", ""envvars""]"
2026-06-21,eu-open-data,https://data.europa.eu,0,0,0,,
2026-06-21,fid-move-research-data-repository,https://data.fid-move.de,0,0,0,,
2026-06-21,gayo-lues-open-data,https://data.gayolueskab.go.id,229,12,45,2.7.4,"[""stats"", ""text_view"", ""image_view"", ""recline_view"", ""datastore"", ""datapusher"", ""apihelper"", ""kotakab_aceh""]"
2026-06-21,gender-data-lab,https://data.genderdatalab.org,12,0,7,2.9.9,"[""envvars"", ""stats"", ""text_view"", ""image_view"", ""recline_view"", ""recline_grid_view"", ""recline_graph_view"", ""datastore"", ""xloader"", ""geo_view"", ""genderdatalab_theme""]"
2026-06-21,india-girl-education-data,https://data.girleducation.in,0,0,0,,
2026-06-21,open-government-data-of-thailand,https://data.go.th,0,0,0,,
2026-06-21,australian-government-data,https://data.gov.au,0,0,0,,
2026-06-21,data-gov-bt,https://data.gov.bt/,0,0,0,,
2026-06-21,ireland-open-data-portal,https://data.gov.ie,22328,1,175,2.9.14,"[""cookieconsent"", ""superset"", ""geo_view"", ""shp_view"", ""geojson_view"", ""wmts_view"", ""pdf_view"", ""officedocs_view"", ""pages"", ""text_view"", ""image_view"", ""recline_graph_view"", ""recline_map_view"", ""webpage_view"", ""dcat"", ""dcat_json_interface"", ""datastore"", ""datapusher"", ""dietstars"", ""resource_proxy"", ""datatables_view"", ""harvest"", ""spatial_metadata"", ""spatial_query"", ""ckan_harvester"", ""dgi_ckan_harvester"", ""dcat_rdf_harvester"", ""dublinked_ckan_harvester"", ""esri_arcgis_harvester"", ""gemini_csw_harvester"", ""dgi_gemini_harvester"", ""isde_harvester"", ""hplg_dcat_json_harvester"", ""hplg_dcat_json_geospatial_harvester"", ""showcase"", ""jsonstat_view"", ""datarequests"", ""sqlalchemythread"", ""uwsgistats"", ""datastore_cleanup"", ""fluent"", ""dgithree"", ""impactstories"", ""likes"", ""ytp_comments"", ""dx_stats"", ""haleandhearty"", ""broken_links"", ""featured"", ""stats"", ""discourse-sso"", ""dlxschema"", ""schema_field_groups"", ""scheming_organizations"", ""scheming_datasets"", ""fuseki""]"
2026-06-21,open-data-kyrgyzstan,https://data.gov.kg,0,0,51,2.11.0,"[""activity"", ""datastore"", ""datapusher"", ""maintheme""]"
2026-06-21,latvian-open-data-portal,https://data.gov.lv,1533,14,114,2.11.3,"[""dashboard"", ""activity"", ""scheming_datasets"", ""datapusher"", ""datastore"", ""csvuploadvalid"", ""dcat"", ""datatables_view"", ""image_view"", ""text_view"", ""harvest"", ""ckan_harvester"", ""dcat_rdf_harvester"", ""csw_harvester"", ""customstats"", ""datapusher_job_list"", ""datapusher_resubmit"", ""auth_eparaksts"", ""csvmetadata"", ""latvian_theme_v2""]"
2026-06-21,data-gov-ro-data-gov-ro,https://data.gov.ro,0,0,0,,
2026-06-21,government-of-the-republic-of-trinidad-and-tobago-open-data-platform,https://data.gov.tt,0,0,0,,
2026-06-21,datagovua,https://data.gov.ua,36871,12,11727,2.7.2,"[""discourse-sso"", ""issues"", ""sparql_interface"", ""stats"", ""text_view"", ""image_view"", ""recline_view"", ""recline_graph_view"", ""recline_map_view"", ""recline_grid_view"", ""geo_view"", ""datastore"", ""datapusher"", ""multilingual_group"", ""multilingual_tag"", ""forum"", ""pages"", ""apps"", ""prettymail"", ""qa"", ""archiver"", ""report"", ""harvest"", ""ckan_harvester"", ""dcat"", ""dcat_rdf_harvester"", ""dcat_json_harvester"", ""dcat_json_interface"", ""dgua"", ""dgua_hash_validation""]"
2026-06-21,data-gov-uk,https://data.gov.uk,57760,0,1478,,
2026-06-21,mauritius-opendata-portal,https://data.govmu.org,842,12,1,2.11.4,"[""pages"", ""image_view"", ""text_view"", ""datatables_view"", ""datastore"", ""datapusher"", ""tracking"", ""envvars"", ""mauritiusopendata""]"
2026-06-21,h-mat-materials-data-hub,https://data.h-mat.org,0,0,0,,
2026-06-21,hospital-quality-accreditation-institute,https://data.ha.or.th,0,0,0,,
2026-06-21,to-get-down-satudata,https://data.halmaherautarakab.go.id,0,0,0,,
2026-06-21,nasa-harvest-portal,https://data.harvestportal.org,86,5,16,2.11.3,"[""envvars"", ""text_view"", ""image_view"", ""datatables_view"", ""video_view"", ""webpage_view"", ""datastore"", ""s3filestore"", ""xloader"", ""stats"", ""resource_proxy"", ""harvestportal"", ""oidc_pkce"", ""spatial_metadata"", ""spatial_query"", ""geo_view"", ""wmts_view"", ""shp_view"", ""geojson_view""]"
2026-06-21,hong-kong-public-policy-database,https://data.hkppdb.org,1202,6,7,2.9.3,"[""stats"", ""text_view"", ""image_view"", ""recline_view"", ""datapusher"", ""datastore"", ""multilingual_dataset"", ""multilingual_group"", ""multilingual_tag"", ""landdbcustomize"", ""oauth2"", ""recline_map_view""]"
2026-06-21,data-hounslow-gov-uk,https://data.hounslow.gov.uk/,0,0,0,,
2026-06-21,city-of-houston-open-data,https://data.houstontx.gov,94,4,28,2.9.11,"[""stats"", ""resource_proxy"", ""ags_fs_view"", ""ags_ms_view"", ""geo_view"", ""geojson_view"", ""wmts_view"", ""shp_view"", ""c3charts"", ""og_datatables_view"", ""officedocs_view"", ""pdf_view"", ""recline_map_view"", ""webpage_view"", ""markdown_view"", ""in_app_reporting"", ""metabase_card_view"", ""metabase_dashboard_view"", ""harvest"", ""datajson"", ""dcat"", ""dcat_rdf_harvester"", ""dcat_json_harvester"", ""dcat_json_interface"", ""structured_data"", ""waf_harvester"", ""custom_harvest"", ""package_search_harvester"", ""datagov_harvester"", ""opengov_custom_theme"", ""opengov_custom_css"", ""opengov_custom_header"", ""opengov_custom_homepage"", ""opengov_custom_footer"", ""image_view"", ""cloudstorage"", ""odata"", ""datastore"", ""xloader"", ""extractor"", ""contact"", ""opengov_pages"", ""pages"", ""opengov_stories"", ""showcase"", ""subscribe"", ""security"", ""opengov_auth"", ""featuredviews"", ""heroslideradmin"", ""googleanalytics"", ""google_tag_manager"", ""sitemap"", ""portal_metrics""]"
2026-06-21,geosphere-austria-data-hub,https://data.hub.geosphere.at,104,20,4,2.11.3,"[""image_view"", ""text_view"", ""datatables_view"", ""datastore"", ""envvars""]"
2026-06-21,datahubzamgacat,https://data.hub.zamg.ac.at,0,0,0,,
2026-06-21,humanitarian-data-exchange-hdx,https://data.humdata.org,27814,254,403,2.11.4,"[""hdx_smtp_assumerole"", ""hdx_dataviz"", ""dcat"", ""dcat_json_interface"", ""structured_data"", ""expire_api_token"", ""hdx_hxl_preview"", ""hdx_office_preview"", ""ytp_request"", ""hdx_pages"", ""hdx_choropleth_map_view"", ""hdx_geopreview_view"", ""hdx_chart_views"", ""hdx_service_checker"", ""hdx_analytics"", ""hdx_search"", ""sitemap"", ""hdx_org_group"", ""hdx_group"", ""hdx_package"", ""hdx_user_extra"", ""hdx_mail_validate"", ""hdx_users"", ""hdx_theme"", ""security"", ""requestdata"", ""s3filestore"", ""showcase"", ""stats"", ""resource_proxy"", ""text_view"", ""datastore"", ""activity"", ""datapusher_plus""]"
2026-06-21,idb-open-data,https://data.iadb.org/,1386,0,1,2.11.4,"[""iadb"", ""iadb_poolparty"", ""iadb_dcat"", ""search_autocomplete"", ""image_view"", ""text_view"", ""tabledesigner"", ""datatables_view"", ""webpage_view"", ""officedocs_view"", ""pdf_view"", ""pygments_view"", ""dcat"", ""structured_data"", ""scheming_nerf_index"", ""scheming_datasets"", ""fluent"", ""charts_view"", ""charts_builder_view"", ""xloader"", ""datastore"", ""doi"", ""activity"", ""or_facet"", ""saml"", ""event_audit"", ""files"", ""snap"", ""flakes"", ""pages""]"
2026-06-21,dataibbgovtr,https://data.ibb.gov.tr,546,9,57,2.9.11,"[""multilang"", ""ibb_theme"", ""ibb_giris"", ""image_view"", ""text_view"", ""recline_view"", ""datastore"", ""envvars"", ""pdf_view"", ""geo_view"", ""xloader"", ""showcase"", ""datarequests""]"
2026-06-21,iita,https://data.iita.org,3484,5,2,2.7.11,"[""stats"", ""text_view"", ""image_view"", ""recline_view"", ""datastore"", ""datapusher"", ""iitatheming"", ""scheming_datasets"", ""pdf_view"", ""restricted"", ""composite"", ""googleanalytics"", ""ckanbase""]"
2026-06-21,istaka-inhil-one-independent-data,https://data.inhilkab.go.id,831,16,54,2.9.5,"[""stats"", ""text_view"", ""image_view"", ""datastore"", ""datapusher"", ""xloader"", ""recline_view"", ""recline_graph_view"", ""resource_proxy"", ""pdf_view"", ""visualize"", ""metadata"", ""datatables_view"", ""inhil_theme"", ""pages""]"
2026-06-21,dataioosus,https://data.ioos.us,74281,0,22,2.11.5,"[""envvars"", ""image_view"", ""text_view"", ""ckan_harvester"", ""csw_harvester"", ""dcat"", ""dcat_json_harvester"", ""dcat_json_interface"", ""dcat_rdf_harvester"", ""harvest"", ""ioos_theme"", ""ioos_waf"", ""spatial_metadata"", ""spatial_query"", ""structured_data"", ""waf_harvester""]"
2026-06-21,kalamazoo-open-data,https://data.kalamazoocity.org,2,9,7,2.9.11,"[""stats"", ""resource_proxy"", ""ags_fs_view"", ""ags_ms_view"", ""geo_view"", ""geojson_view"", ""wmts_view"", ""shp_view"", ""c3charts"", ""og_datatables_view"", ""officedocs_view"", ""pdf_view"", ""recline_map_view"", ""webpage_view"", ""markdown_view"", ""in_app_reporting"", ""metabase_card_view"", ""metabase_dashboard_view"", ""harvest"", ""datajson"", ""dcat"", ""dcat_rdf_harvester"", ""dcat_json_harvester"", ""dcat_json_interface"", ""structured_data"", ""waf_harvester"", ""custom_harvest"", ""package_search_harvester"", ""datagov_harvester"", ""opengov_custom_theme"", ""opengov_custom_css"", ""opengov_custom_header"", ""opengov_custom_homepage"", ""opengov_custom_footer"", ""image_view"", ""cloudstorage"", ""odata"", ""datastore"", ""xloader"", ""extractor"", ""opengov_pages"", ""pages"", ""opengov_stories"", ""showcase"", ""subscribe"", ""security"", ""opengov_auth"", ""featuredviews"", ""heroslideradmin"", ""googleanalytics"", ""sitemap"", ""portal_metrics""]"
2026-06-21,kaltara-one-data,https://data.kaltaraprov.go.id,0,0,0,,
2026-06-21,one-data-east-kalimantan,https://data.kaltimprov.go.id,12572,44,58,,"[""activity"", ""datatables_view"", ""datastore"", ""xloader"", ""harvest"", ""ckan_harvester"", ""tracking"", ""dcat"", ""dcat_json_harvester"", ""stats""]"
2026-06-21,kampar-one-data,https://data.kamparkab.go.id,232,9,32,2.9.5,"[""stats"", ""text_view"", ""image_view"", ""recline_view""]"
2026-06-21,kaohsiung-city-government-data-openness,https://data.kcg.gov.tw,0,0,0,,
2026-06-21,kildare-county-council-open-data-portal,https://data.kildarecoco.ie,80,0,1,2.9.14,"[""dlxschema"", ""sqlalchemythread"", ""uwsgistats"", ""stats"", ""text_view"", ""image_view"", ""officedocs_view"", ""pdf_view"", ""dcat"", ""dcat_json_interface"", ""psbthemealt"", ""schema_field_groups"", ""scheming_datasets"", ""spatial_metadata"", ""spatial_query"", ""harvest"", ""ckan_harvester"", ""csw_harvester"", ""waf_harvester"", ""doc_harvester"", ""datatables_view"", ""datastore"", ""datapusher"", ""dietstars"", ""geo_view"", ""geojson_view"", ""resource_proxy"", ""fluent"", ""esri_arcgis_harvester"", ""cookieconsent"", ""pending_datasets""]"
2026-06-21,datakutaitimurkabgoid,https://data.kutaitimurkab.go.id,0,0,0,,
2026-06-21,lamongan-data-portal,https://data.lamongankab.go.id,0,0,0,,
2026-06-21,data-lincolnshire-gov-uk,https://data.lincolnshire.gov.uk,0,0,0,,
2026-06-21,educational-data-provision-system,https://data.mdsc.hokudai.ac.jp,27,10,2,2.10.3,"[""activity"", ""stats"", ""recline_view"", ""recline_grid_view"", ""recline_graph_view"", ""recline_map_view"", ""text_view"", ""image_view"", ""webpage_view"", ""datastore""]"
2026-06-21,mhsi-open-data,https://data.mhesi.go.th,50,17,16,2.10.7,"[""thai_gdc"", ""showcase"", ""stats"", ""opendstats"", ""activity"", ""image_view"", ""datatables_view"", ""text_view"", ""webpage_view"", ""resource_proxy"", ""geo_view"", ""geojson_view"", ""shp_view"", ""xloader"", ""datastore"", ""pdf_view"", ""dcat"", ""dcat_json_interface"", ""structured_data"", ""scheming_datasets"", ""hierarchy_display"", ""hierarchy_form""]"
2026-06-21,city-of-milwaukee-open-data-portal,https://data.milwaukee.gov,186,6,19,2.9.11,"[""stats"", ""resource_proxy"", ""ags_fs_view"", ""ags_ms_view"", ""geo_view"", ""geojson_view"", ""wmts_view"", ""shp_view"", ""c3charts"", ""og_datatables_view"", ""officedocs_view"", ""pdf_view"", ""recline_map_view"", ""webpage_view"", ""markdown_view"", ""in_app_reporting"", ""metabase_card_view"", ""metabase_dashboard_view"", ""harvest"", ""datajson"", ""dcat"", ""dcat_rdf_harvester"", ""dcat_json_harvester"", ""dcat_json_interface"", ""structured_data"", ""custom_harvest"", ""package_search_harvester"", ""datagov_harvester"", ""milwaukeewi_theme"", ""opengov_custom_theme"", ""opengov_custom_css"", ""opengov_custom_header"", ""opengov_custom_homepage"", ""opengov_custom_footer"", ""image_view"", ""cloudstorage"", ""odata"", ""opengov_datastore"", ""datastore"", ""xloader"", ""extractor"", ""contact"", ""opengov_pages"", ""pages"", ""opengov_stories"", ""showcase"", ""subscribe"", ""security"", ""opengov_auth"", ""featuredviews"", ""heroslideradmin"", ""cataloginventory"", ""googleanalytics"", ""sitemap"", ""portal_metrics""]"
2026-06-21,ethiopian-national-agri-data-hub,https://data.moa.gov.et,0,0,0,,
2026-06-21,nantou-county-government-open-data-platform,https://data.nantou.gov.tw,429,15,22,2.2,"[""stats"", ""text_preview"", ""recline_preview"", ""datastore"", ""tagcloud"", ""chthome"", ""chtconfig"", ""ntstats"", ""datapusher"", ""pages"", ""pdf_preview"", ""package_comment"", ""package_control"", ""cht_tgos_preview""]"
2026-06-21,national-astronomical-research-institute,https://data.narit.or.th,10,6,1,2.10.7,"[""thai_gdc"", ""showcase"", ""stats"", ""opendstats"", ""activity"", ""image_view"", ""datatables_view"", ""text_view"", ""webpage_view"", ""resource_proxy"", ""geo_view"", ""geojson_view"", ""shp_view"", ""xloader"", ""datastore"", ""pdf_view"", ""dcat"", ""dcat_json_interface"", ""structured_data"", ""scheming_datasets"", ""hierarchy_display"", ""hierarchy_form""]"
2026-06-21,nasa-open-data-portal,https://data.nasa.gov,36035,0,1,2.11.5,"[""image_view"", ""text_view"", ""datatables_view"", ""datastore"", ""datapusher"", ""envvars"", ""video_view"", ""audio_view"", ""webpage_view"", ""activity"", ""tracking"", ""harvest"", ""ckan_harvester"", ""datajson"", ""datajson_harvest"", ""s3filestore"", ""launchpadlogin"", ""nasatheme""]"
2026-06-21,national-grid-eso,https://data.nationalgrideso.com,0,0,0,,
2026-06-21,native-lands-data-portal,https://data.nativeland.info,0,0,0,,
2026-06-21,nbcomso-data-catalog,https://data.nbco.gov.ie,2,2,1,2.9.14,"[""dlxschema"", ""sqlalchemythread"", ""uwsgistats"", ""stats"", ""text_view"", ""image_view"", ""officedocs_view"", ""pdf_view"", ""dcat"", ""dcat_json_interface"", ""psbthemealt"", ""schema_field_groups"", ""scheming_datasets"", ""spatial_metadata"", ""spatial_query"", ""harvest"", ""ckan_harvester"", ""csw_harvester"", ""waf_harvester"", ""doc_harvester"", ""datatables_view"", ""datastore"", ""datapusher"", ""dietstars"", ""geo_view"", ""geojson_view"", ""resource_proxy"", ""fluent"", ""esri_arcgis_harvester"", ""cookieconsent"", ""security"", ""openapi_view""]"
2026-06-21,natural-history-museum-data-portal,https://data.nhm.ac.uk,292,1,2,2.9.9.3,"[""nhm"", ""pdf_view"", ""graph"", ""text_preview"", ""recline_grid"", ""video"", ""gallery"", ""gallery_image"", ""gallery_iiif"", ""list"", ""sketchfab"", ""versioned_tiledmap"", ""gbif"", ""userdatasets"", ""status"", ""contact"", ""doi"", ""query_dois"", ""iiif"", ""stats"", ""statistics"", ""ldap"", ""dcat"", ""versioned_datastore"", ""attribution"", ""webview""]"
2026-06-21,international-year-of-the-salmon-data,https://data.npafc.org,86,0,0,,
2026-06-21,national-statistics-office,https://data.nsonepal.gov.np,44,0,12,2.9.5,"[""stats"", ""text_view"", ""image_view"", ""datatables_view"", ""recline_view"", ""datastore"", ""datapusher"", ""contact_us_plugin"", ""gridtemplate"", ""linechart"", ""barchart"", ""piechart"", ""basicgrid"", ""excelview"", ""pdf_view"", ""resource_proxy"", ""extractor""]"
2026-06-21,northern-territory-government-open-data-portal,https://data.nt.gov.au,1072,12,22,2.11.5,"[""stats"", ""tracking"", ""fortify"", ""ntg_theme"", ""datant"", ""activity"", ""invalid_uris"", ""scheming_datasets"", ""googleanalytics"", ""saml2auth"", ""clone_dataset""]"
2026-06-21,national-university-of-mongolia-open-data,https://data.num.edu.mn,31,9,7,2.8.1,"[""stats"", ""text_view"", ""image_view"", ""recline_view"", ""num_theme"", ""showcase""]"
2026-06-21,oklahoma-s-open-data,https://data.ok.gov,389,18,15,2.9.11,"[""stats"", ""resource_proxy"", ""ags_fs_view"", ""ags_ms_view"", ""geo_view"", ""geojson_view"", ""wmts_view"", ""shp_view"", ""c3charts"", ""og_datatables_view"", ""officedocs_view"", ""pdf_view"", ""recline_map_view"", ""webpage_view"", ""markdown_view"", ""in_app_reporting"", ""metabase_card_view"", ""metabase_dashboard_view"", ""harvest"", ""datajson"", ""dcat"", ""dcat_rdf_harvester"", ""dcat_json_harvester"", ""dcat_json_interface"", ""structured_data"", ""custom_harvest"", ""package_search_harvester"", ""datagov_harvester"", ""oklahoma_theme"", ""opengov_custom_theme"", ""opengov_custom_css"", ""opengov_custom_header"", ""opengov_custom_homepage"", ""image_view"", ""cloudstorage"", ""odata"", ""opengov_datastore"", ""datastore"", ""xloader"", ""extractor"", ""contact"", ""opengov_pages"", ""pages"", ""opengov_stories"", ""showcase"", ""subscribe"", ""security"", ""opengov_auth"", ""featuredviews"", ""heroslideradmin"", ""googleanalytics"", ""sitemap"", ""portal_metrics""]"
2026-06-21,ontario-data-catalogue-ontario-data-catalogue,https://data.ontario.ca,2951,1,30,2.9.7,"[""ontario_theme_external"", ""ontario_theme"", ""validation"", ""scheming_datasets"", ""scheming_organizations"", ""scheming_groups"", ""fluent"", ""datastore"", ""stats"", ""text_view"", ""image_view"", ""recline_view"", ""xloader"", ""msal""]"
2026-06-21,bbmp-open-data-portal,https://data.opencity.in,1058,8,75,2.11.4,"[""activity"", ""resource_proxy"", ""datastore"", ""xloader"", ""datatables_view"", ""pdf_view"", ""image_view"", ""text_view"", ""video_view"", ""geo_view"", ""opencity""]"
2026-06-21,open-development-mekong-open-data,https://data.opendevelopmentmekong.net,0,0,0,,
2026-06-21,dataopenstateeu,https://data.openstate.eu,90,13,1,2.8.3,"[""stats"", ""text_view"", ""image_view"", ""recline_view"", ""datastore"", ""datapusher"", ""dcat"", ""dcat_json_interface"", ""structured_data""]"
2026-06-21,data-opentransportdata-swiss,https://data.opentransportdata.swiss,0,0,0,,
2026-06-21,nationaal-georegister-data-catalog,https://data.overheid.nl/data,20739,0,33,2.8.12,"[""donl-auth"", ""donl-ui"", ""donl-schema"", ""donl-rdf"", ""donl-taxonomies""]"
2026-06-21,pasaman-barat-data-portal,https://data.pasamanbaratkab.go.id,0,0,0,,
2026-06-21,pekalongan-city-data-portal,https://data.pekalongankota.go.id,2498,19,86,2.7.2,"[""stats"", ""text_view"", ""image_view"", ""recline_view"", ""datastore"", ""harvest"", ""ckan_harvester""]"
2026-06-21,pesisir-selatan-data-portal,https://data.pesisirselatankab.go.id,15,22,40,2.11.5,"[""sisda_theme"", ""image_view"", ""text_view"", ""datatables_view"", ""datastore"", ""datapusher"", ""envvars""]"
2026-06-21,pidie-jaya-open-data,https://data.pidiejayakab.go.id,212,12,49,2.7.4,"[""stats"", ""text_view"", ""image_view"", ""recline_view"", ""datastore"", ""datapusher"", ""apihelper"", ""kotakab_aceh"", ""sitemap""]"
2026-06-21,pidie-regency-open-data,https://data.pidiekab.go.id,580,39,59,2.7.4,"[""stats"", ""text_view"", ""image_view"", ""recline_view"", ""datastore"", ""datapusher"", ""apihelper"", ""kotakab_aceh""]"
2026-06-21,data-pkc-gov-uk,https://data.pkc.gov.uk,0,0,0,,
2026-06-21,idblab-ckan-service,https://data.pknu.ac.kr,0,0,0,,
2026-06-21,pompano-beach-open-data,https://data.pompanobeachfl.gov,275,12,2,2.9.11,"[""stats"", ""resource_proxy"", ""ags_fs_view"", ""ags_ms_view"", ""geo_view"", ""geojson_view"", ""wmts_view"", ""shp_view"", ""c3charts"", ""og_datatables_view"", ""officedocs_view"", ""pdf_view"", ""recline_map_view"", ""webpage_view"", ""markdown_view"", ""in_app_reporting"", ""metabase_card_view"", ""metabase_dashboard_view"", ""harvest"", ""datajson"", ""dcat"", ""dcat_rdf_harvester"", ""dcat_json_harvester"", ""dcat_json_interface"", ""structured_data"", ""custom_harvest"", ""package_search_harvester"", ""datagov_harvester"", ""opengov_custom_theme"", ""opengov_custom_css"", ""opengov_custom_header"", ""opengov_custom_homepage"", ""opengov_custom_footer"", ""image_view"", ""cloudstorage"", ""odata"", ""datastore"", ""xloader"", ""extractor"", ""contact"", ""opengov_pages"", ""pages"", ""opengov_stories"", ""showcase"", ""subscribe"", ""security"", ""opengov_auth"", ""heroslideradmin"", ""googleanalytics"", ""sitemap"", ""portal_metrics""]"
2026-06-21,purbalingga-one-data,https://data.purbalinggakab.go.id,8503,36,63,2.11.5,"[""image_view"", ""text_view"", ""datatables_view"", ""charts_view"", ""charts_builder_view"", ""datastore"", ""datapusher"", ""envvars"", ""pdf_view"", ""resource_proxy"", ""geo_view"", ""sitemap""]"
2026-06-21,renfe-open-data-portal,https://data.renfe.com,55,7,1,2.8.2,"[""stats"", ""text_view"", ""image_view"", ""recline_view"", ""webpage_view"", ""datapusher"", ""datastore"", ""renfe"", ""feedback"", ""federagobes"", ""estadisticas"", ""qa"", ""archiver"", ""report""]"
2026-06-21,datarsudtulungagunggoid,https://data.rsud.tulungagung.go.id,156,0,2,2.9.9,"[""envvars"", ""image_view"", ""text_view"", ""recline_view"", ""datastore"", ""datapusher""]"
2026-06-21,south-australia-government-data,https://data.sa.gov.au/data,1917,14,106,2.9.12,"[""googleanalytics"", ""resource_indexer"", ""resformat"", ""report"", ""statsresources"", ""sa"", ""showcase"", ""ga-report"", ""resource_proxy"", ""datastore"", ""xloader"", ""agls"", ""scheming_datasets"", ""recline_view"", ""recline_graph_view"", ""recline_grid_view"", ""recline_map_view"", ""image_view"", ""text_view"", ""charts""]"
2026-06-21,open-data-san-antonio,https://data.sanantonio.gov,162,11,8,2.9.11,"[""stats"", ""resource_proxy"", ""ags_fs_view"", ""ags_ms_view"", ""geo_view"", ""geojson_view"", ""wmts_view"", ""shp_view"", ""c3charts"", ""og_datatables_view"", ""officedocs_view"", ""pdf_view"", ""webpage_view"", ""markdown_view"", ""in_app_reporting"", ""metabase_card_view"", ""metabase_dashboard_view"", ""harvest"", ""datajson"", ""dcat"", ""dcat_rdf_harvester"", ""dcat_json_harvester"", ""dcat_json_interface"", ""structured_data"", ""custom_harvest"", ""package_search_harvester"", ""datagov_harvester"", ""sanantoniotx_theme"", ""opengov_custom_theme"", ""opengov_custom_css"", ""opengov_custom_header"", ""opengov_custom_homepage"", ""image_view"", ""cloudstorage"", ""odata"", ""opengov_datastore"", ""datastore"", ""xloader"", ""extractor"", ""contact"", ""opengov_pages"", ""pages"", ""opengov_stories"", ""showcase"", ""subscribe"", ""security"", ""opengov_auth"", ""featuredviews"", ""heroslideradmin"", ""googleanalytics"", ""sitemap"", ""portal_metrics""]"
2026-06-21,san-jose-ca-open-data-portal,https://data.sanjoseca.gov,170,7,19,2.9.11,"[""stats"", ""resource_proxy"", ""ags_fs_view"", ""ags_ms_view"", ""geo_view"", ""geojson_view"", ""wmts_view"", ""shp_view"", ""c3charts"", ""og_datatables_view"", ""officedocs_view"", ""pdf_view"", ""recline_map_view"", ""webpage_view"", ""markdown_view"", ""in_app_reporting"", ""metabase_card_view"", ""metabase_dashboard_view"", ""harvest"", ""datajson"", ""dcat"", ""dcat_rdf_harvester"", ""dcat_json_harvester"", ""dcat_json_interface"", ""structured_data"", ""waf_harvester"", ""custom_harvest"", ""package_search_harvester"", ""datagov_harvester"", ""sanjose_schema"", ""scheming_datasets"", ""opengov_custom_theme"", ""opengov_custom_css"", ""opengov_custom_header"", ""opengov_custom_homepage"", ""opengov_custom_footer"", ""image_view"", ""cloudstorage"", ""odata"", ""opengov_datastore"", ""datastore"", ""xloader"", ""extractor"", ""contact"", ""opengov_pages"", ""pages"", ""opengov_stories"", ""showcase"", ""subscribe"", ""security"", ""opengov_auth"", ""heroslideradmin"", ""googleanalytics"", ""sitemap"", ""portal_metrics""]"
2026-06-21,santa-monica-open-data,https://data.santamonica.gov,82,0,14,2.9.5,"[""envvars"", ""image_view"", ""text_view"", ""webpage_view"", ""pdf_view"", ""datastore"", ""datapusher"", ""resource_proxy"", ""auth"", ""s3filestore"", ""dataexplorer_table_view"", ""googleanalytics"", ""santamonica"", ""odata"", ""expire_api_token"", ""recline_map_view""]"
2026-06-21,u-s-small-business-administration-open-data,https://data.sba.gov,42,0,11,2.9.2,"[""stats"", ""text_view"", ""image_view"", ""recline_view"", ""datastore"", ""datapusher""]"
2026-06-21,datasefaradcomtr,https://data.sefarad.com.tr,0,0,0,,
2026-06-21,skeena-salmon-data-catalogue,https://data.skeenasalmon.info,1420,33,203,2.11.4,"[""skt_theme"", ""image_view"", ""text_view"", ""datatables_view"", ""datastore"", ""envvars"", ""xloader"", ""pdf_view"", ""resource_proxy"", ""geo_view"", ""shp_view""]"
2026-06-21,smart-dublin-open-data-portal,https://data.smartdublin.ie,930,1,17,2.9.14,"[""dlxschema"", ""sqlalchemythread"", ""uwsgistats"", ""dx_stats"", ""stats"", ""text_view"", ""image_view"", ""recline_view"", ""dcat"", ""dcat_json_interface"", ""schema_field_groups"", ""scheming_datasets"", ""spatial_metadata"", ""spatial_query"", ""harvest"", ""ckan_harvester"", ""csw_harvester"", ""waf_harvester"", ""doc_harvester"", ""datastore"", ""datapusher"", ""featured"", ""datatables_view"", ""resource_proxy"", ""officedocs_view"", ""pdf_view"", ""derilinxdcatprofile"", ""routetopa"", ""vectorconverter"", ""backgrounder"", ""cesium_viewer"", ""dublinked"", ""datasetpage"", ""datasetviz"", ""dietstars"", ""geo_view"", ""geojson_view"", ""flooding_api"", ""datastore_cleanup"", ""arcgis_harvester"", ""esri_arcgis_harvester"", ""healthcheck"", ""cookieconsent"", ""openapi_view""]"
2026-06-21,spatial-hub-scotland,https://data.spatialhub.scot,501,4,113,2.10.3,"[""stats"", ""text_view"", ""image_view"", ""googleanalytics"", ""ord_hierarchy"", ""wfs_checker"", ""sh_theme"", ""teams_upload_hook"", ""dcat"", ""dcat_json_interface"", ""structured_data"", ""geoserver_webservice""]"
2026-06-21,ssen,https://data.ssen.co.uk/,0,0,0,,
2026-06-21,open-data-zurich-city-of-zurich,https://data.stadt-zuerich.ch,927,21,1,2.11.5,"[""stats"", ""harvest"", ""ckan_harvester"", ""stadtzh_harvester"", ""stadtzhtheme"", ""showcase"", ""dcat"", ""datastore"", ""text_view"", ""image_view"", ""xloader"", ""structured_data"", ""stadtzh_losdharvest"", ""datatables_view"", ""ogdch_cmd"", ""s3filestore"", ""envvars""]"
2026-06-21,miyazaki-prefecture-statistics-data-catalog,https://data.stat.pref.miyazaki.lg.jp,511,16,25,2.11.3,"[""stats"", ""text_view"", ""image_view"", ""miyazaki_stat_theme""]"
2026-06-21,data-stirling-gov-uk,https://data.stirling.gov.uk,0,0,0,,
2026-06-21,subak-climate-data-cooperative,https://data.subak.org,0,0,0,,
2026-06-21,sugar-land-s-open-data-portal,https://data.sugarlandtx.gov,136,8,25,2.9.11,"[""stats"", ""resource_proxy"", ""ags_fs_view"", ""ags_ms_view"", ""geo_view"", ""geojson_view"", ""wmts_view"", ""shp_view"", ""c3charts"", ""og_datatables_view"", ""officedocs_view"", ""pdf_view"", ""recline_map_view"", ""webpage_view"", ""markdown_view"", ""in_app_reporting"", ""metabase_card_view"", ""metabase_dashboard_view"", ""harvest"", ""datajson"", ""dcat"", ""dcat_rdf_harvester"", ""dcat_json_harvester"", ""dcat_json_interface"", ""structured_data"", ""waf_harvester"", ""custom_harvest"", ""package_search_harvester"", ""datagov_harvester"", ""sugarland_theme"", ""opengov_custom_theme"", ""opengov_custom_css"", ""opengov_custom_header"", ""opengov_custom_homepage"", ""opengov_custom_footer"", ""image_view"", ""cloudstorage"", ""odata"", ""opengov_datastore"", ""datastore"", ""xloader"", ""extractor"", ""opengov_pages"", ""pages"", ""opengov_stories"", ""showcase"", ""subscribe"", ""security"", ""opengov_auth"", ""featuredviews"", ""heroslideradmin"", ""googleanalytics"", ""sitemap"", ""portal_metrics""]"
2026-06-21,sukoharjo-district-opendata,https://data.sukoharjokab.go.id,3318,12,58,2.11.2,"[""activity"", ""themepug""]"
2026-06-21,ubc-sustainability-data-portal,https://data.sustain.ubc.ca,0,0,0,,
2026-06-21,tainan-city-government-data-open-platform,https://data.tainan.gov.tw,0,0,0,,
2026-06-21,tanjung-jabung-barat-regency-one-data,https://data.tanjabbarkab.go.id,0,0,0,,
2026-06-21,center-of-excellence-in-biological-sciences,https://data.tcels.or.th,11,1,1,2.10.7,"[""thai_gdc"", ""showcase"", ""stats"", ""opendstats"", ""activity"", ""image_view"", ""datatables_view"", ""text_view"", ""webpage_view"", ""resource_proxy"", ""geo_view"", ""geojson_view"", ""shp_view"", ""xloader"", ""datastore"", ""pdf_view"", ""dcat"", ""dcat_json_interface"", ""structured_data"", ""scheming_datasets"", ""hierarchy_display"", ""hierarchy_form""]"
2026-06-21,open-data-tegal-regency,https://data.tegalkab.go.id,2603,25,96,2.11.4,"[""image_view"", ""text_view"", ""datatables_view"", ""datastore"", ""datapusher"", ""envvars""]"
2026-06-21,health-promotion-foundation,https://data.thaihealth.or.th,72,0,24,2.10.7,"[""thai_gdc"", ""showcase"", ""stats"", ""opendstats"", ""activity"", ""image_view"", ""datatables_view"", ""text_view"", ""webpage_view"", ""resource_proxy"", ""geo_view"", ""geojson_view"", ""shp_view"", ""xloader"", ""datastore"", ""pdf_view"", ""dcat"", ""dcat_json_interface"", ""structured_data"", ""scheming_datasets"", ""hierarchy_display"", ""hierarchy_form"", ""envvars""]"
2026-06-21,otemachi-marunouchi-yurakucho-data-library,https://data.tokyo-omy-w.jp,23,3,5,2.10.0a,"[""stats"", ""text_view"", ""image_view"", ""recline_view"", ""addcolumn_rangetype"", ""datastore"", ""datapusher"", ""resource_proxy"", ""limit_dataset_permission_labels_for_apdev""]"
2026-06-21,datatollno,https://data.toll.no,26,0,1,2.10.3,"""envvars image_view text_view recline_view datastore datapusher"""
2026-06-21,office-of-the-general-treasurer-data-portal,https://data.treasury.ri.gov,461,6,6,,"[""activity""]"
2026-06-21,trinidad-and-tobago-open-data,https://data.tt,0,0,0,,
2026-06-21,ubdc,https://data.ubdc.ac.uk,0,0,0,,
2026-06-21,ncar-ucar-data-catalog,https://data.ucar.edu,23251,6,13,2.11.4,"[""activity"", ""dsetsearch"", ""harvest"", ""waf_harvester"", ""spatial_harvest_metadata_api"", ""spatial_metadata"", ""spatial_query"", ""repo_info"", ""extentsearch"", ""datesearch"", ""sitemap"", ""googleanalytics""]"
2026-06-21,research-data-repository-of-luh,https://data.uni-hannover.de,452,2,100,2.11.4,"[""tracking"", ""activity"", ""envvars"", ""datatables_view"", ""image_view"", ""text_view"", ""pdf_view"", ""resource_proxy"", ""sitemap"", ""datastore"", ""datapusher"", ""hierarchy_display"", ""hierarchy_form"", ""dcat"", ""dcat_json_interface"", ""structured_data"", ""luhcustomization"", ""luhtheme"", ""doi""]"
2026-06-21,virginia-open-data-portal,https://data.virginia.gov,33260,11,64,2.9.11,"[""stats"", ""resource_proxy"", ""ags_fs_view"", ""ags_ms_view"", ""geo_view"", ""geojson_view"", ""wmts_view"", ""shp_view"", ""c3charts"", ""og_datatables_view"", ""officedocs_view"", ""pdf_view"", ""recline_map_view"", ""webpage_view"", ""markdown_view"", ""in_app_reporting"", ""metabase_card_view"", ""metabase_dashboard_view"", ""harvest"", ""datajson"", ""dcat"", ""dcat_rdf_harvester"", ""dcat_json_harvester"", ""dcat_json_interface"", ""structured_data"", ""waf_harvester"", ""custom_harvest"", ""package_search_harvester"", ""datagov_harvester"", ""virginia_schema"", ""scheming_datasets"", ""virginia_theme"", ""opengov_custom_theme"", ""opengov_custom_css"", ""opengov_custom_header"", ""opengov_custom_homepage"", ""opengov_custom_footer"", ""image_view"", ""cloudstorage"", ""odata"", ""opengov_datastore"", ""datastore"", ""xloader"", ""extractor"", ""contact"", ""opengov_pages"", ""pages"", ""opengov_stories"", ""showcase"", ""subscribe"", ""security"", ""opengov_auth"", ""featuredviews"", ""heroslideradmin"", ""googleanalytics"", ""sitemap"", ""portal_metrics""]"
2026-06-21,water-pathogens-data-portal,https://data.waterpathogens.org,0,0,0,,
2026-06-21,fukuyama-city-open-data-catalog,https://data.win-h.jp,0,0,0,,
2026-06-21,winnipeg-metropolitan-region-data,https://data.winnipegmetroregion.ca,0,0,0,,
2026-06-21,western-pennsylvania-regional-data-center,https://data.wprdc.org,369,16,30,2.11.3,"[""datajson"", ""datastore"", ""dataspatial"", ""tracking"", ""stats"", ""wprdctheme"", ""scheming_datasets"", ""dcat"", ""dcat_json_interface"", ""structured_data"", ""datapusher_plus"", ""officedocs_view"", ""pdf_view"", ""geo_view"", ""text_view"", ""webpage_view"", ""image_view"", ""datatables_view"", ""envvars""]"
2026-06-21,wu-vienna-open-data-portal,https://data.wu.ac.at/portal,0,0,0,,
2026-06-21,city-of-york-open-data,https://data.yorkopendata.org,1358,0,0,,
2026-06-21,open-data-portal-of-the-city-of-zagreb,https://data.zagreb.hr,199,13,1,2.10.3,"[""hrtheme"", ""activity"", ""stats"", ""text_view"", ""image_view"", ""recline_view"", ""datastore"", ""resource_proxy"", ""recline_map_view"", ""recline_graph_view"", ""recline_grid_view"", ""webpage_view"", ""harvest"", ""ckan_harvester"", ""geo_view"", ""dcat"", ""dcat_json_interface"", ""dcat_json_harvester"", ""dcat_rdf_harvester"", ""pdf_view"", ""scheming_datasets"", ""scheming_organizations"", ""googleanalytics"", ""xloader""]"
2026-06-21,data2cerdieduau,https://data2.cerdi.edu.au,946,6,4,2.9.5,"[""stats"", ""text_view"", ""image_view"", ""recline_view"", ""webpage_view"", ""resource_proxy"", ""geojson_view"", ""geo_view"", ""spatial_metadata"", ""spatial_query"", ""pages"", ""cc_logo"", ""expose_purl"", ""dcat"", ""dcat_json_interface"", ""structured_data"", ""datastore"", ""recline_grid_view"", ""recline_graph_view"", ""recline_map_view"", ""cerdi_theme""]"
2026-06-21,dit-data-catalog,https://datacatalog.dit.go.th,9,0,2,2.10.7,"[""thai_gdc"", ""showcase"", ""stats"", ""opendstats"", ""activity"", ""image_view"", ""datatables_view"", ""text_view"", ""webpage_view"", ""resource_proxy"", ""geo_view"", ""geojson_view"", ""shp_view"", ""xloader"", ""datastore"", ""pdf_view"", ""dcat"", ""dcat_json_interface"", ""structured_data"", ""scheming_datasets"", ""hierarchy_display"", ""hierarchy_form"", ""envvars""]"
2026-06-21,limerick-city-and-county-council-open-data,https://datacatalog.limerick.ie/,82,0,4,2.9.14,"[""dlxschema"", ""sqlalchemythread"", ""uwsgistats"", ""stats"", ""text_view"", ""image_view"", ""officedocs_view"", ""pdf_view"", ""dcat"", ""dcat_json_interface"", ""psbthemealt"", ""schema_field_groups"", ""scheming_datasets"", ""spatial_metadata"", ""spatial_query"", ""harvest"", ""ckan_harvester"", ""csw_harvester"", ""waf_harvester"", ""doc_harvester"", ""datatables_view"", ""datastore"", ""datapusher"", ""dietstars"", ""geo_view"", ""geojson_view"", ""resource_proxy"", ""fluent"", ""esri_arcgis_harvester"", ""cookieconsent"", ""security"", ""openapi_view""]"
2026-06-21,nbtc-open-data-catalog,https://datacatalog.nbtc.go.th,0,0,0,,
2026-06-21,agency-data-catalog,https://datacatalog.onde.go.th,59,6,15,2.10.7,"[""thai_gdc"", ""showcase"", ""stats"", ""opendstats"", ""activity"", ""image_view"", ""datatables_view"", ""text_view"", ""webpage_view"", ""resource_proxy"", ""geo_view"", ""geojson_view"", ""shp_view"", ""xloader"", ""datastore"", ""pdf_view"", ""dcat"", ""dcat_json_interface"", ""structured_data"", ""scheming_datasets"", ""hierarchy_display"", ""hierarchy_form""]"
2026-06-21,emilia-romagna-territory-data-catalog,https://datacatalog.regione.emilia-romagna.it/catalogCTA,786,70,8,2.5.2,"[""datastore"", ""resource_proxy"", ""stats"", ""text_view"", ""image_view"", ""recline_view"", ""recline_grid_view"", ""harvest"", ""ckan_harvester"", ""dcat"", ""dcat_rdf_harvester"", ""dcat_json_harvester"", ""dcat_json_interface"", ""dashboard"", ""spatial_metadata"", ""spatial_query"", ""shp_view"", ""webpage_view"", ""black_list"", ""iam"", ""dcatapit_org"", ""dcatapit_pkg"", ""dcatapit_config"", ""dcatapit_harvester"", ""metadaticustom"", ""piwik"", ""datapusher"", ""geo_view""]"
2026-06-21,tusla-data-catalogue,https://datacatalog.tusla.ie,1492,190,6,2.9.13,"[""sqlalchemythread"", ""uwsgistats"", ""stats"", ""text_view"", ""image_view"", ""recline_view"", ""dcat"", ""dcat_json_interface"", ""schema_field_groups"", ""scheming_datasets"", ""spatial_metadata"", ""spatial_query"", ""harvest"", ""ckan_harvester"", ""csw_harvester"", ""waf_harvester"", ""doc_harvester"", ""tusla"", ""datastore"", ""datapusher"", ""datatables_view"", ""resource_proxy"", ""officedocs_view"", ""pdf_view"", ""pending_datasets""]"
2026-06-21,public-service-data-catalogue,https://datacatalogue.gov.ie,1530,1,85,2.9.14,"[""requestid"", ""sqlalchemythread"", ""uwsgistats"", ""stats"", ""spatial_metadata"", ""spatial_query"", ""dcat"", ""dcat_json_interface"", ""schema_field_groups"", ""scheming_datasets"", ""scheming_organizations"", ""pending_datasets"", ""pages"", ""s3filestore"", ""googleanalytics"", ""rollback"", ""psbtheme"", ""psbpermissions"", ""security""]"
2026-06-21,mot-data-catalog,https://datagov.mot.go.th,633,8,40,2.10.7,"[""mot"", ""thai_gdc"", ""showcase"", ""stats"", ""opendstats"", ""activity"", ""image_view"", ""datatables_view"", ""text_view"", ""webpage_view"", ""resource_proxy"", ""geo_view"", ""geojson_view"", ""shp_view"", ""xloader"", ""datastore"", ""pdf_view"", ""dcat"", ""dcat_json_interface"", ""structured_data"", ""scheming_datasets"", ""hierarchy_display"", ""hierarchy_form"", ""harvest"", ""ckan_harvester""]"
2026-06-21,ce-data-hub,https://datahub.digicirc.eu,281,23,3,2.9.2,"[""stats"", ""text_view"", ""image_view"", ""recline_view"", ""recline_grid_view"", ""recline_map_view"", ""datastore"", ""spatial_metadata"", ""spatial_query""]"
2026-06-21,datahub-io,https://datahub.io,0,0,0,,
2026-06-21,openscience-eu-datahub,https://datahub.openscience.eu,22,0,3,2.10.1,"[""envvars"", ""image_view"", ""text_view"", ""recline_view"", ""datastore"", ""datapusher""]"
2026-06-21,mexico-open-data,https://datamx.io,9761,12,87,2.9.11,"[""datamx_theme"", ""stats"", ""text_view"", ""image_view"", ""recline_view"", ""datastore"", ""datapusher"", ""resource_proxy"", ""scheming_datasets"", ""pdf_view"", ""geojson_view"", ""geo_view""]"
2026-06-21,knmi-data-platform,https://dataplatform.knmi.nl,439,7,6,2.10.10,"[""text_view"", ""image_view"", ""kdpcustomization"", ""activity""]"
2026-06-21,interact-data-portal,https://dataportal.eu-interact.org,2259,10,30,2.11.5,"[""datapusher"", ""harvest"", ""ckan_harvester"", ""envvars"", ""image_view"", ""text_view"", ""datastore"", ""interact_theme"", ""interact_stations_harvester"", ""interact_organizations_harvester"", ""xml_list_of_jsonld_harvester"", ""scheming_organizations"", ""scheming_datasets"", ""scheming_groups"", ""dcat"", ""gem_harvester"", ""stations"", ""collaborators"", ""svartberget_harvester"", ""jsonld_harvester"", ""geonetwork_harvester"", ""sites_harvester"", ""luke_harvester"", ""pangea_harvester"", ""geo_view"", ""pages"", ""sitemap"", ""spatial_metadata"", ""spatial_query"", ""interact_harvesters"", ""gem_bulk_harvester"", ""nordicana_harvester"", ""dcat_rdf_harvester"", ""structured_data""]"
2026-06-21,igf-pan-repository,https://dataportal.igf.edu.pl,136,44,8,2.12.0a0,"[""stats"", ""text_view"", ""image_view"", ""datastore"", ""datapusher"", ""resource_proxy"", ""blindfunc"", ""spatial_metadata"", ""spatial_query"", ""composite"", ""scheming_datasets"", ""scheming_groups"", ""scheming_organizations"", ""repeating"", ""geo_view"", ""geojson_view"", ""wmts_view"", ""shp_view"", ""restricted"", ""resource_counter"", ""email_reminder""]"
2026-06-21,opdc-data-portal,https://dataportal.opdc.go.th,66,6,14,2.9.9,"[""change_error"", ""sort_option"", ""pdfapidocs"", ""ytp_comments"", ""dataset_icon_image"", ""favorite"", ""discovery"", ""search_suggestions"", ""googleanalytics"", ""dashboard_collection"", ""showcase"", ""opdc_index"", ""opdc_theme"", ""thai_gdc"", ""stats"", ""image_view"", ""text_view"", ""recline_view"", ""resource_proxy"", ""webpage_view"", ""datastore"", ""xloader"", ""dga_stats"", ""scheming_datasets"", ""pdf_view"", ""hierarchy_display"", ""hierarchy_form"", ""dcat"", ""dcat_json_interface"", ""structured_data"", ""feedback"", ""cookieconsent"", ""searchhistory"", ""pages""]"
2026-06-21,senckenberg-data-catalog,https://dataportal.senckenberg.de,385,1,67,2.9.11,"[""image_view"", ""text_view"", ""recline_view"", ""datastore"", ""datapusher"", ""sbg"", ""dcat"", ""structured_data"", ""restricted"", ""envvars"", ""ldap""]"
2026-06-21,sze-data-repository,https://datarepo.mathso.sze.hu,0,0,0,,
2026-06-21,shizuoka-city-open-data-catalog-site,https://dataset.city.shizuoka.jp,0,0,0,,
2026-06-21,moldova-open-data-portal,https://dataset.gov.md,1275,17,71,2.10.4,"[""stats"", ""activity"", ""pages"", ""envvars"", ""image_view"", ""text_view"", ""datastore"", ""datatables_view"", ""xloader"", ""saml2auth"", ""dategovmd_theme""]"
2026-06-21,argentine-science-and-technology-data,https://datasets.datos.mincyt.gob.ar,6,7,9,2.7.5,"[""stats"", ""text_view"", ""image_view"", ""recline_view"", ""hierarchy_display"", ""hierarchy_form"", ""dcat"", ""structured_data"", ""gobar_theme"", ""datastore"", ""datapusher"", ""seriestiempoarexplorer"", ""googleanalytics""]"
2026-06-21,nsw-seed-data-portal,https://datasets.seed.nsw.gov.au,0,0,0,,
2026-06-21,home-page-wri-odp,https://datasets.wri.org,30,11,7,2.11.0,"[""text_view"", ""image_view"", ""webpage_view"", ""resource_proxy"", ""datatables_view"", ""datastore"", ""datapusher"", ""activity"", ""s3filestore"", ""scheming_datasets"", ""scheming_organizations"", ""scheming_groups"", ""harvest"", ""hierarchy_display"", ""wri"", ""wri_harvester"", ""auth"", ""issues"", ""envvars""]"
2026-06-21,manaaki-whenua-landcare-research-datastore,https://datastore.landcareresearch.co.nz,0,0,0,,
2026-06-21,npra-s-data-portal-statens-vegvesen,https://dataut.vegvesen.no,82,5,1,2.11.5,"[""stats"", ""text_view"", ""image_view"", ""datatables_view"", ""dcat"", ""dcat_json_interface"", ""structured_data"", ""scheming_datasets"", ""scheming_organizations"", ""scheming_nerf_index"", ""nora"", ""datastore"", ""xloader"", ""fluent"", ""saml"", ""activity"", ""permissions"", ""permissions_manager"", ""s3filestore"", ""envvars""]"
2026-06-21,data-portal-of-the-rhine-neckar-metropolitan-region,https://daten.digitale-mrn.de,360,1,1,2.9.11,"[""image_view"", ""text_view"", ""datastore"", ""recline_view"", ""datapusher"", ""matomo"", ""ckan_harvester"", ""structured_data"", ""envvars""]"
2026-06-21,greenpeace-data-portal-environmental-data,https://daten.greenpeace.de,32,6,1,2.10.10,"[""greenpeace"", ""dcat"", ""dcat_json_interface"", ""structured_data"", ""image_view"", ""text_view"", ""webpage_view"", ""pdf_view"", ""geo_view"", ""doi"", ""datapusher"", ""datastore"", ""resource_proxy"", ""pages"", ""dataexplorer_view"", ""dataexplorer_table_view"", ""dataexplorer_chart_view"", ""dataexplorer_map_view"", ""dataexplorer_web_view"", ""scheming_datasets"", ""activity"", ""s3filestore"", ""envvars""]"
2026-06-21,arpac-campania-open-data,https://dati.arpacampania.it,39,41,1,2.9.7,"[""stats"", ""text_view"", ""image_view"", ""recline_view"", ""datastore"", ""harvest"", ""ckan_harvester"", ""spatial_metadata"", ""spatial_query"", ""dcat"", ""dcat_rdf_harvester"", ""dcat_json_harvester"", ""dcat_json_interface"", ""dcatapit_pkg"", ""dcatapit_org"", ""dcatapit_config"", ""dcatapit_subcatalog_facets"", ""dcatapit_theme_group_mapper"", ""dcatapit_ckan_harvester"", ""dcatapit_harvest_list"", ""dcatapit_harvester"", ""dcatapit_csw_harvester""]"
2026-06-21,arpae-emilia-romagna-data,https://dati.arpae.it,259,37,1,2.10.8,"[""dcat"", ""dcat_json_interface"", ""dcat_rdf_harvester"", ""image_view"", ""text_view"", ""recline_view"", ""datastore"", ""datapusher"", ""envvars"", ""datatables_view"", ""noregistration""]"
2026-06-21,opendata-genova-smart,https://dati.comune.genova.it,163,13,13,2.6.8,"[""stats"", ""text_view"", ""image_view"", ""recline_view"", ""spatial_metadata"", ""spatial_query"", ""harvest"", ""ckan_harvester"", ""multilang"", ""multilang_harvester"", ""dcat"", ""dcat_rdf_harvester"", ""dcat_json_harvester"", ""dcat_json_interface"", ""dcatapit_pkg"", ""dcatapit_org"", ""dcatapit_config"", ""dcatapit_harvester"", ""dcatapit_ckan_harvester"", ""dcatapit_csw_harvester"", ""dcatapit_harvest_list"", ""dcatapit_subcatalog_facets"", ""dcatapit_theme_group_mapper""]"
2026-06-21,roma-capitale-open-data,https://dati.comune.roma.it/catalog,365,11,10,2.9.5,"[""datastore"", ""stats"", ""text_view"", ""image_view"", ""datapusher"", ""resource_proxy"", ""recline_view"", ""harvest"", ""ckan_harvester"", ""spatial_metadata"", ""spatial_query"", ""dcat"", ""dcat_rdf_harvester"", ""dcat_json_harvester"", ""dcat_json_interface"", ""structured_data"", ""multilang"", ""multilang_harvester"", ""dcatapit_pkg"", ""dcatapit_org"", ""dcatapit_config"", ""dcatapit_csw_harvester"", ""simplesso"", ""roma_theme""]"
2026-06-21,consip-open-data-portal,https://dati.consip.it,16,19,1,2.9.5,"[""stats"", ""image_view"", ""text_view"", ""recline_view"", ""recline_grid_view"", ""recline_graph_view"", ""datastore"", ""xloader"", ""harvest"", ""ckan_harvester"", ""pdf_view"", ""webpage_view"", ""resource_proxy"", ""geo_view"", ""geojson_view"", ""wmts_view"", ""shp_view"", ""dcat"", ""dcat_rdf_harvester"", ""dcat_json_harvester"", ""dcat_json_interface"", ""structured_data"", ""spatial_metadata"", ""spatial_query"", ""multilang"", ""multilang_harvester"", ""dcatapit_pkg"", ""dcatapit_org"", ""dcatapit_config"", ""dcatapit_subcatalog_facets"", ""dcatapit_theme_group_mapper"", ""dcatapit_ckan_harvester"", ""dcatapit_harvest_list"", ""dcatapit_harvester"", ""dcatapit_csw_harvester"", ""rating"", ""matomo"", ""ytp_comments"", ""custom_theme""]"
2026-06-21,emilia-romagna-open-data,https://dati.emilia-romagna.it,2585,14,59,2.8.9,"[""datastore"", ""stats"", ""text_view"", ""image_view"", ""recline_view"", ""multilang"", ""harvest"", ""eurovoc"", ""ckan_harvester"", ""dcat"", ""dcat_json_harvester"", ""dcat_json_interface"", ""dcat_rdf_harvester"", ""dcatapit_pkg"", ""dcatapit_org"", ""dcatapit_config"", ""dcatapit_harvester"", ""dcatapit_theme_group_mapper"", ""structured_data"", ""resource_proxy"", ""widgets"", ""opendatarer""]"
2026-06-21,open-data-lazio-open-data-lazio,https://dati.lazio.it,406,12,15,2.9.11,"[""stats"", ""resource_proxy"", ""image_view"", ""text_view"", ""recline_view"", ""pdf_view"", ""webpage_view"", ""geo_view"", ""geojson_view"", ""multilingual_dataset"", ""multilingual_group"", ""datatables_view"", ""datastore"", ""datapusher"", ""harvest"", ""ckan_harvester"", ""dcat"", ""dcat_rdf_harvester"", ""structured_data"", ""spatial_metadata"", ""multilang"", ""multilang_harvester"", ""dcatapit_pkg"", ""dcatapit_org"", ""dcatapit_config"", ""dcatapit_harvest_list"", ""dcatapit_harvester"", ""dcatapit_csw_harvester"", ""dcatapit_vocabulary"", ""opendata_theme"", ""saml2auth"", ""envvars""]"
2026-06-21,open-data-ministry-of-infrastructure-and-transport,https://dati.mit.gov.it/catalog,0,0,0,,
2026-06-21,datitoscanait,https://dati.toscana.it,12385,20,101,2.10.4,"[""opendata_theme_overrides"", ""datastore"", ""harvest"", ""ckan_harvester"", ""spatial_metadata"", ""spatial_query"", ""csw_harvester"", ""dcat"", ""dcat_rdf_harvester"", ""toscana_harvest"", ""spod_harvester"", ""metarepo_harvester"", ""dcat_json_harvester"", ""dcat_json_interface"", ""dcatapit_pkg"", ""dcatapit_org"", ""dcatapit_config"", ""dcatapit_theme_group_mapper"", ""dcatapit_ckan_harvester"", ""structured_data"", ""multilang"", ""datitoscana_reports"", ""resource_proxy"", ""pdf_view"", ""geo_view"", ""shp_view"", ""wmts_view"", ""text_view"", ""image_view"", ""dataexplorer_view"", ""officedocs_view"", ""opendata_theme"", ""xloader"", ""qa"", ""report"", ""pages"", ""stats"", ""contact"", ""envvars""]"
2026-06-21,opendata-beta-university-of-bologna,https://dati.unibo.it,34,0,5,2.6.9,"[""stats"", ""text_view"", ""image_view"", ""recline_view"", ""pdf_view"", ""datastore"", ""datapusher"", ""rich_dataset"", ""rich_resource"", ""scheming_datasets"", ""scheming_organizations"", ""scheming_groups"", ""fluent"", ""dcat"", ""pages"", ""officedocs_view""]"
2026-06-21,open-data-of-higher-education,https://dati.ustat.miur.it,0,0,0,,
2026-06-21,matanza-riachuelo-basin-authority,https://datos.acumar.gob.ar,27,3,54,2.7.6,"[""stats"", ""text_view"", ""image_view"", ""recline_view"", ""hierarchy_display"", ""hierarchy_form"", ""dcat"", ""structured_data"", ""gobar_theme"", ""datastore"", ""datapusher"", ""googleanalytics""]"
2026-06-21,datosacumargovar,https://datos.acumar.gov.ar,27,3,54,2.7.6,"[""stats"", ""text_view"", ""image_view"", ""recline_view"", ""hierarchy_display"", ""hierarchy_form"", ""dcat"", ""structured_data"", ""gobar_theme"", ""datastore"", ""datapusher"", ""googleanalytics""]"
2026-06-21,alcobendas-data-portal,https://datos.alcobendas.org,0,0,0,,
2026-06-21,arsat-open-data-portal,https://datos.arsat.com.ar,13,4,14,2.7.6,"[""stats"", ""text_view"", ""image_view"", ""recline_view"", ""hierarchy_display"", ""hierarchy_form"", ""gobar_theme"", ""dcat"", ""structured_data"", ""datastore"", ""datapusher"", ""seriestiempoarexplorer"", ""googleanalytics""]"
2026-06-21,bahia-blanca-data-portal,https://datos.bahia.gob.ar,222,19,14,2.7.6,"[""stats"", ""text_view"", ""image_view"", ""recline_view"", ""hierarchy_display"", ""hierarchy_form"", ""dcat"", ""structured_data"", ""gobar_theme"", ""datastore"", ""datapusher"", ""seriestiempoarexplorer"", ""googleanalytics""]"
2026-06-21,corrientes-city-open-data-portal,https://datos.ciudaddecorrientes.gov.ar,71,8,37,2.7.5,"[""stats"", ""text_view"", ""image_view"", ""recline_view"", ""hierarchy_display"", ""hierarchy_form"", ""dcat"", ""structured_data"", ""gobar_theme"", ""datastore"", ""datapusher"", ""seriestiempoarexplorer"", ""googleanalytics""]"
2026-06-21,datosciudaddemendozagobar,https://datos.ciudaddemendoza.gob.ar,180,13,33,2.7.6,"[""stats"", ""text_view"", ""image_view"", ""recline_view"", ""hierarchy_display"", ""hierarchy_form"", ""dcat"", ""structured_data"", ""gcbaandinotheme"", ""gobar_theme"", ""datastore"", ""datapusher"", ""seriestiempoarexplorer"", ""googleanalytics""]"
2026-06-21,datosciudaddemendozagovar,https://datos.ciudaddemendoza.gov.ar,180,13,33,2.7.6,"[""stats"", ""text_view"", ""image_view"", ""recline_view"", ""hierarchy_display"", ""hierarchy_form"", ""dcat"", ""structured_data"", ""gcbaandinotheme"", ""gobar_theme"", ""datastore"", ""datapusher"", ""seriestiempoarexplorer"", ""googleanalytics""]"
2026-06-21,comunidad-de-madrid-data-catalog,https://datos.comunidad.madrid/catalogo,2301,22,2,2.9.0,"[""stats"", ""text_view"", ""image_view"", ""recline_view"", ""datastore"", ""dcat"", ""structured_data"", ""recline_map_view"", ""recline_graph_view"", ""webpage_view"", ""linechart"", ""barchart"", ""piechart"", ""basicgrid"", ""cmad"", ""resource_proxy"", ""geojson_view"", ""datapusher"", ""ldap""]"
2026-06-21,guanajuato-state-congress-open-data,https://datos.congresogto.gob.mx,34,6,1,2.9.0a,"[""stats"", ""text_view"", ""image_view"", ""recline_view"", ""pages"", ""googleanalytics"", ""datastore"", ""datapusher""]"
2026-06-21,supreme-court-open-data,https://datos.csjn.gov.ar,301,6,1,2.5.2,"[""datastore"", ""stats"", ""text_view"", ""image_view"", ""recline_view"", ""csjn_theme""]"
2026-06-21,pba-statistics-open-data,https://datos.estadistica.ec.gba.gov.ar,219,12,12,2.7.6,"[""stats"", ""text_view"", ""image_view"", ""recline_view"", ""hierarchy_display"", ""hierarchy_form"", ""dcat"", ""structured_data"", ""gobar_theme"", ""datastore"", ""datapusher"", ""seriestiempoarexplorer"", ""googleanalytics""]"
2026-06-21,argentina-open-data,https://datos.gob.ar,1235,13,45,2.7.6,"[""stats"", ""text_view"", ""image_view"", ""recline_view"", ""hierarchy_display"", ""hierarchy_form"", ""dcat"", ""structured_data"", ""gobar_theme"", ""seriestiempoarexplorer"", ""googleanalytics""]"
2026-06-21,datosgobcl,https://datos.gob.cl,3116,24,266,2.10.4,"[""image_view"", ""text_view"", ""recline_view"", ""recline_graph_view"", ""datastore"", ""gobcl-datos-theme"", ""resource_proxy"", ""geo_view"", ""geojson_view"", ""harvest"", ""ckan_harvester"", ""stats"", ""googleanalytics"", ""video_view"", ""audio_view"", ""webpage_view"", ""pdf_view"", ""xloader"", ""scheming_datasets"", ""scheming_groups"", ""scheming_organizations"", ""activity"", ""dcat"", ""dcat_json_interface"", ""dcat_rdf_harvester"", ""spatial_metadata"", ""spatial_query"", ""spatial_harvest_metadata_api"", ""csw_harvester"", ""waf_harvester"", ""doc_harvester"", ""envvars""]"
2026-06-21,dr-open-data-portal-portal-de-datos-abiertos-de-la-rd,https://datos.gob.do,1057,11,266,2.11.3,"[""activity"", ""datosgobdo_theme""]"
2026-06-21,icane-open-data-portal-portal-open-data-icane,https://datos.icane.es,257,14,1,2.11.3,"[""image_view"", ""text_view"", ""datatables_view"", ""datastore"", ""datapusher"", ""envvars"", ""dcat"", ""federgob""]"
2026-06-21,jesus-maria-data,https://datos.jesusmaria.gov.ar,38,8,21,2.7.6,"[""stats"", ""text_view"", ""image_view"", ""recline_view"", ""hierarchy_display"", ""hierarchy_form"", ""dcat"", ""structured_data"", ""gobar_theme"", ""datastore"", ""datapusher"", ""seriestiempoarexplorer"", ""googleanalytics""]"
2026-06-21,argentina-justice-data-portal,https://datos.jus.gob.ar,63,10,34,2.5.2,"[""datastore"", ""datapusher"", ""stats"", ""text_view"", ""image_view"", ""recline_grid_view"", ""hierarchy_display"", ""hierarchy_form"", ""pages"", ""reorder"", ""jusbar_theme"", ""tableau_view""]"
2026-06-21,data-portal-of-the-parliament-of-the-canary-islands,https://datos.parcan.es,4621,22,1,2.8.2,"[""stats"", ""text_view"", ""image_view"", ""recline_grid_view"", ""recline_graph_view"", ""recline_map_view"", ""datastore"", ""dcat"", ""dcat_rdf_harvester"", ""harvest"", ""ckan_harvester"", ""scheming_datasets"", ""fluent"", ""federador"", ""parcan"", ""datapusher""]"
2026-06-21,santa-fe-open-data,https://datos.santafe.gob.ar,0,0,0,,
2026-06-21,slp-health-data-portal,https://datos.slp.gob.mx,0,0,0,,
2026-06-21,open-data-from-the-secretariat-of-transport,https://datos.transporte.gob.ar,48,7,35,2.7.6,"[""stats"", ""text_view"", ""image_view"", ""recline_view"", ""hierarchy_display"", ""hierarchy_form"", ""dcat"", ""structured_data"", ""gobar_theme"", ""datastore"", ""datapusher"", ""seriestiempoarexplorer"", ""googleanalytics""]"
2026-06-21,buenos-aires-justice-data,https://datos.tsjbaires.gov.ar,12,3,1,2.11.0,"[""activity"", ""tsjbaires_theme"", ""stats"", ""text_view"", ""image_view"", ""datatables_view"", ""webpage_view""]"
2026-06-21,usina-tandil-data,https://datos.usinatandil.com.ar,8,2,1,2.10.4,"[""stats"", ""text_view"", ""image_view"", ""recline_grid_view"", ""recline_graph_view"", ""recline_map_view"", ""webpage_view"", ""datastore"", ""datapusher"", ""envvars"", ""datatables_view""]"
2026-06-21,veracruz-ayuntamiento-data,https://datos.veracruzmunicipio.gob.mx,379,0,15,2.10.4,"[""activity"", ""customsite""]"
2026-06-21,open-data-municipality-of-comodoro-rivadavia,https://datos.vivamoscomodoro.gob.ar,0,0,0,,
2026-06-21,open-tourism-data-datos-abiertos-de-turismo,https://datos.yvera.gob.ar,15,7,3,2.7.6,"[""stats"", ""text_view"", ""image_view"", ""recline_view"", ""hierarchy_display"", ""hierarchy_form"", ""dcat"", ""structured_data"", ""gobar_theme"", ""datastore"", ""datapusher"", ""seriestiempoarexplorer"", ""googleanalytics""]"
2026-06-21,datosyveraturar,https://datos.yvera.tur.ar,0,0,0,,
2026-06-21,arganda-del-rey-town-hall-open-data-portal,https://datosabiertos.ayto-arganda.es,0,0,0,,
2026-06-21,badajoz-provincial-council-development-open-data,https://datosabiertos.dip-badajoz.es,107,13,4,2.7.2,"[""dcat"", ""dcat_rdf_harvester"", ""harvest"", ""ckan_harvester"", ""resource_proxy"", ""dietstars"", ""datarequests"", ""recline_grid_view"", ""pages"", ""discovery"", ""tag_cloud"", ""feedback"", ""guilfordnc-theme"", ""geojsonview"", ""stats"", ""text_view"", ""image_view"", ""datastore"", ""datapusher"", ""recline_graph_view"", ""linechart"", ""barchart"", ""piechart"", ""basicgrid"", ""pdf_view"", ""recline_view"", ""googleanalytics""]"
2026-06-21,open-data-portal-of-the-cabildo-de-el-hierro,https://datosabiertos.elhierro.es,4,22,10,2.8.2,"[""oauth2"", ""ceh_comment"", ""qa"", ""datastore"", ""stats"", ""scds_theme"", ""highlighting"", ""social"", ""text_view"", ""image_view"", ""recline_view"", ""recline_grid_view"", ""recline_graph_view"", ""recline_map_view"", ""webpage_view"", ""pdf_view"", ""resource_proxy"", ""dcat"", ""harvest"", ""ckan_harvester"", ""dcat_rdf_harvester"", ""dcat_json_harvester"", ""dcat_json_interface"", ""structured_data"", ""datapusher"", ""datesearch"", ""sparql_interface"", ""discovery"", ""tag_cloud"", ""navigablemap"", ""choroplethmap"", ""geo_view"", ""geojson_view"", ""wmts_view"", ""shp_view"", ""googleanalytics""]"
2026-06-21,panama-open-data,https://datosabiertos.gob.pa,5584,18,113,2.9.7,"[""envvars"", ""image_view"", ""text_view"", ""recline_view"", ""datastore"", ""datapusher"", ""stats"", ""disqus"", ""pages""]"
2026-06-21,info-cdmx-open-data,https://datosabiertos.infocdmx.org.mx,67,3,1,2.10.4,"[""activity"", ""text_view"", ""image_view"", ""recline_view"", ""datastore"", ""xloader""]"
2026-06-21,open-data-faculty-of-engineering,https://datosabiertos.ingenieria.usac.edu.gt,3,2,1,2.9.5,"[""envvars"", ""image_view"", ""text_view"", ""recline_view"", ""datastore"", ""datapusher""]"
2026-06-21,datosabiertos-lapaz-bo,https://datosabiertos.lapaz.bo,0,0,0,,
2026-06-21,las-torres-de-cotillas-data,https://datosabiertos.lastorresdecotillas.es,5,94,9,2.10.1,"[""activity"", ""hierarchy_display"", ""hierarchy_form"", ""hierarchy_group_form"", ""torres_cotillas_theme""]"
2026-06-21,malaga-open-data-portal,https://datosabiertos.malaga.eu,1368,22,9,2.8.4,"[""dcat"", ""noregistration"", ""datastore"", ""spatial_metadata"", ""spatial_query"", ""geojson_view"", ""stats"", ""recline_view"", ""resource_proxy"", ""contacto"", ""viewhelpers"", ""pdf_view"", ""linechart"", ""barchart"", ""piechart"", ""basicgrid"", ""recline_grid_view"", ""recline_graph_view"", ""recline_map_view"", ""dcat_rdf_harvester"", ""discovery"", ""similar_datasets"", ""tag_cloud"", ""federador"", ""sitemap"", ""malaga"", ""structured_data"", ""dcat_json_interface"", ""soporte""]"
2026-06-21,mendoza-open-data,https://datosabiertos.mendoza.gov.ar,204,14,32,2.7.6,"[""stats"", ""text_view"", ""image_view"", ""recline_view"", ""hierarchy_display"", ""hierarchy_form"", ""dcat"", ""structured_data"", ""gobar_theme"", ""datastore"", ""datapusher"", ""seriestiempoarexplorer"", ""googleanalytics""]"
2026-06-21,mercedes-open-data,https://datosabiertos.mercedes.gob.ar,313,21,24,2.7.6,"[""stats"", ""text_view"", ""image_view"", ""recline_view"", ""hierarchy_display"", ""hierarchy_form"", ""dcat"", ""structured_data"", ""gobar_theme"", ""datastore"", ""datapusher"", ""seriestiempoarexplorer"", ""googleanalytics""]"
2026-06-21,puertollano-open-data,https://datosabiertos.puertollano.es,10,14,1,2.9.2,"[""stats"", ""text_view"", ""image_view"", ""recline_view""]"
2026-06-21,open-data-in-the-region-of-murcia,https://datosabiertos.regiondemurcia.es,979,22,14,2.10.1,"[""datastore"", ""regiondemurcia""]"
2026-06-21,rivas-rivas,https://datosabiertos.rivasciudad.es,0,0,0,,
2026-06-21,san-juan-open-data,https://datosabiertos.sanjuan.gob.ar,0,0,0,,
2026-06-21,open-data-municipality-of-santa-ana,https://datosabiertos.santaana.go.cr,0,0,0,,
2026-06-21,universidad-nacional-de-cordoba-datos-abiertos,https://datosabiertos.unc.edu.ar/,106,7,1,2.11.1,"[""push_errors"", ""unckan"", ""image_view"", ""pdf_view"", ""datastore"", ""datatables_view"", ""datapusher_plus"", ""tracking"", ""api_tracking"", ""superset"", ""announcements"", ""dbquery""]"
2026-06-21,open-data-of-the-provincial-council-of-salamanca,https://datosabiertossalamanca.es,51,17,2,2.8.2,"[""pages"", ""viewhelpers"", ""dashboard_preview"", ""datastore"", ""xloader"", ""image_view"", ""pdf_view"", ""recline_view"", ""recline_grid_view"", ""recline_graph_view"", ""recline_map_view"", ""text_view"", ""webpage_view"", ""datapreview"", ""geojson_view"", ""geo_view"", ""wmts_view"", ""resource_proxy"", ""stats"", ""noregistration""]"
2026-06-21,datos-estadisticas-y-censos-cordoba-argentina,https://datosestadistica.cba.gov.ar/,646,42,7,2.11.5,"[""push_errors"", ""cba_estadistica"", ""pdf_view"", ""activity"", ""s3filestore"", ""tracking"", ""api_tracking"", ""announcements"", ""datastore"", ""xloader"", ""image_view"", ""text_view"", ""datatables_view"", ""dbquery"", ""resource_proxy"", ""geo_view"", ""geojson_view"", ""wmts_view"", ""shp_view""]"
2026-06-21,datos-abiertos-cordoba-argentina,https://datosgestionabierta.cba.gov.ar/,149,13,25,2.11.5,"[""push_errors"", ""cba_gestionabierta"", ""pdf_view"", ""activity"", ""s3filestore"", ""tracking"", ""api_tracking"", ""announcements"", ""datastore"", ""xloader"", ""image_view"", ""text_view"", ""datatables_view"", ""dbquery""]"
2026-06-21,prtr-retc,https://datosretc.mma.gob.cl,17,5,1,,"[""pages"", ""activity"", ""datastore""]"
2026-06-21,deformability-cytometry-open-repository,https://dcor.mpl.mpg.de,0,0,0,,
2026-06-21,quescren-data-portal,https://desq.quescren.ca,162,0,5,2.9.11,"[""stats"", ""text_view"", ""image_view"", ""recline_view"", ""desq"", ""hidegroups"", ""scheming_datasets"", ""scheming_organizations"", ""fluent"", ""scheming_nerf_index""]"
2026-06-21,detroit-open-data-portal,https://detroitdata.org,1598,0,91,2.10.4,"[""envvars"", ""resource_proxy"", ""image_view"", ""text_view"", ""recline_view"", ""geo_view"", ""shp_view"", ""datatables_view"", ""datastore"", ""datapusher"", ""harvest"", ""ckan_harvester"", ""dcat"", ""dcat_rdf_harvester"", ""dcat_json_harvester"", ""dcat_json_interface"", ""structured_data"", ""detroit_data"", ""showcase"", ""pages"", ""scheming_groups"", ""activity""]"
2026-06-21,gulf-of-maine-research-institute,https://dev.ckan.res.gmri.io,0,0,0,,
2026-06-21,dfl-london-gov-uk,https://dfl.london.gov.uk/,0,0,0,,
2026-06-21,victorian-government-data,https://discover.data.vic.gov.au,5587,16,80,,
2026-06-21,the-document-management-system,https://dms.hiv.health.gov.mw,0,8,2,2.11.0,"[""dms"", ""dataset_subscriptions"", ""activity"", ""short_urls"", ""scheming_datasets"", ""stats"", ""text_view"", ""image_view"", ""pdf_view"", ""geo_view"", ""webpage_view"", ""officedocs_view"", ""blob_storage"", ""authz_service"", ""pages""]"
2026-06-21,docsentsoeeu,https://docs.entsoe.eu,0,0,0,,
2026-06-21,donneescmmqcca,https://donnees.cmm.qc.ca,1,1,183,2.8.2,"[""stats"", ""text_view"", ""image_view"", ""recline_view"", ""recline_grid_view"", ""recline_graph_view"", ""recline_map_view"", ""datastore"", ""webpage_view"", ""pdf_view"", ""officedocs_view""]"
2026-06-21,open-data-website-of-the-city-of-montreal,https://donnees.montreal.ca,402,12,6,2.11.5,"[""envvars"", ""activity"", ""stats"", ""resource_proxy"", ""datatables_view"", ""text_view"", ""image_view"", ""datastore"", ""xloader"", ""webpage_view"", ""harvest"", ""ckan_harvester"", ""dcat"", ""dcat_rdf_harvester"", ""dcat_json_harvester"", ""dcat_json_interface"", ""spatial_metadata"", ""spatial_query"", ""structured_data"", ""disqus"", ""montreal_theme"", ""pages"", ""showcase"", ""password_policy"", ""cloudstorage"", ""scheming_datasets""]"
2026-06-21,donnees-montreal-ca,https://donnees.montreal.ca/,402,12,6,2.11.5,"[""envvars"", ""activity"", ""stats"", ""resource_proxy"", ""datatables_view"", ""text_view"", ""image_view"", ""datastore"", ""xloader"", ""webpage_view"", ""harvest"", ""ckan_harvester"", ""dcat"", ""dcat_rdf_harvester"", ""dcat_json_harvester"", ""dcat_json_interface"", ""spatial_metadata"", ""spatial_query"", ""structured_data"", ""disqus"", ""montreal_theme"", ""pages"", ""showcase"", ""password_policy"", ""cloudstorage"", ""scheming_datasets""]"
2026-06-21,open-data-of-the-city-of-montreal,https://donnees.ville.montreal.qc.ca,402,12,6,2.11.5,"[""envvars"", ""activity"", ""stats"", ""resource_proxy"", ""datatables_view"", ""text_view"", ""image_view"", ""datastore"", ""xloader"", ""webpage_view"", ""harvest"", ""ckan_harvester"", ""dcat"", ""dcat_rdf_harvester"", ""dcat_json_harvester"", ""dcat_json_interface"", ""spatial_metadata"", ""spatial_query"", ""structured_data"", ""disqus"", ""montreal_theme"", ""pages"", ""showcase"", ""password_policy"", ""cloudstorage"", ""scheming_datasets""]"
2026-06-21,quebec-data-open-data-from-quebec,https://donneesquebec.ca,1610,12,141,2.11.3,"[""dqc_theme"", ""dqc_stats"", ""dqc_hierarchy"", ""hierarchy_display"", ""dqc_scheming"", ""scheming_datasets"", ""scheming_organizations"", ""dqc_showcase"", ""showcase"", ""dcat"", ""activity"", ""structured_data"", ""resource_proxy"", ""geo_view"", ""geojson_view"", ""wmts_view"", ""shp_view"", ""xloader"", ""datastore"", ""webpage_view"", ""datatables_view"", ""stats"", ""text_view"", ""image_view"", ""dqc_googleanalytics"", ""tracking""]"
2026-06-21,quebec-open-data,https://donneesquebec.ca/recherche/fr,1610,12,141,2.11.3,"[""dqc_theme"", ""dqc_stats"", ""dqc_hierarchy"", ""hierarchy_display"", ""dqc_scheming"", ""scheming_datasets"", ""scheming_organizations"", ""dqc_showcase"", ""showcase"", ""dcat"", ""activity"", ""structured_data"", ""resource_proxy"", ""geo_view"", ""geojson_view"", ""wmts_view"", ""shp_view"", ""xloader"", ""datastore"", ""webpage_view"", ""datatables_view"", ""stats"", ""text_view"", ""image_view"", ""dqc_googleanalytics"", ""tracking""]"
2026-06-21,ecai-ckan-portal,https://ecaidata.org,1209,8,10,2.7.12,"[""dcat"", ""structured_data"", ""datastore"", ""datapusher"", ""resource_proxy"", ""stats"", ""image_view"", ""text_view"", ""recline_view"", ""pdf_view"", ""webpage_view"", ""ckanext_ECAI"", ""spatial_metadata"", ""spatial_query"", ""shp_view"", ""geo_view"", ""wmts_view"", ""timesearch""]"
2026-06-21,ckan-ecosystem-catalog,https://ecosystem.ckan.org/,1823,8,32,2.10.5,"[""sso"", ""activity"", ""envvars"", ""stats"", ""text_view"", ""image_view"", ""pages"", ""datastore"", ""datapusher_plus"", ""s3filestore"", ""pose_theme"", ""pose_custom_css"", ""pose_custom_homepage"", ""pose_custom_header"", ""pose_custom_footer"", ""pose_custom_showcase"", ""googleanalytics"", ""dcat"", ""structured_data"", ""scheming_datasets"", ""datatables_view"", ""discourse"", ""contact"", ""datajson""]"
2026-06-21,edge-open-data-portal,https://edge.durban,0,0,0,,
2026-06-21,the-durban-edge-open-data-portal,https://edge.durban/,0,0,0,,
2026-06-21,edxnetldoegov,https://edx.netl.doe.gov,17984,1,13,3.0.0,"[""stats"", ""image_view"", ""spatial_metadata"", ""spatial_query"", ""text_view"", ""audio_view"", ""video_view"", ""assistant_nav_plugin""]"
2026-06-21,aging-research-group-data,https://embed.aging-research.group,76,1,1,2.7.2,"[""sysbio_state"", ""sysbio_package"", ""sysbio_gerontomics"", ""sysbio_theme"", ""stats"", ""resource_proxy"", ""text_view"", ""image_view"", ""recline_view""]"
2026-06-21,energy-data-portal,https://energidataservice.dk,0,0,0,,
2026-06-21,world-bank-group-energydata,https://energydata.info,1190,6,0,2.9.14,"[""sqlalchemythread"", ""uwsgistats"", ""pdf_view"", ""officedocs_view"", ""stats"", ""text_view"", ""image_view"", ""recline_view"", ""recline_graph_view"", ""recline_map_view"", ""webpage_view"", ""dcat"", ""dcat_json_interface"", ""derilinxdcatprofile"", ""datastore"", ""datapusher"", ""resource_proxy"", ""datatables_view"", ""spatial_metadata"", ""spatial_query"", ""superset"", ""vectorconverter"", ""offgrid_theme"", ""data_transform"", ""data_transform_superset"", ""extrafields"", ""mvt"", ""mvt_view"", ""datastore_cleanup"", ""archive_dataset"", ""s3resources"", ""backgrounder"", ""cooking"", ""harvest"", ""ddh_harvester"", ""pending_datasets"", ""s3filestore"", ""broken_links"", ""security""]"
2026-06-21,thailand-agriculture-data-portal,https://farmerone.in.th,0,0,0,,
2026-06-21,find,https://finddx.portaljs.com,0,0,0,,
2026-06-21,nsw-flood-data-portal,https://flooddata.ses.nsw.gov.au,4363,0,179,2.11.4,"[""nswflood"", ""nswflood_resources"", ""googleanalytics"", ""spatial_metadata"", ""spatial_query"", ""dcat"", ""scheming_datasets"", ""scheming_organizations"", ""hierarchy_display"", ""accessrequests"", ""cloudstorage"", ""syndicate"", ""flakes"", ""flakes_scheming"", ""tracking"", ""activity""]"
2026-06-21,reykjavik-open-data,https://gagnagatt.reykjavik.is,594,11,8,2.11.3,"[""activity"", ""image_view"", ""text_view"", ""datatables_view"", ""datastore"", ""xloader"", ""envvars""]"
2026-06-21,gdcatalogcodiorth,https://gdcatalog.codi.or.th,21,3,25,2.9.5,"[""discovery"", ""search_suggestions"", ""thai_gdc"", ""stats"", ""image_view"", ""text_view"", ""recline_view"", ""resource_proxy"", ""webpage_view"", ""datastore"", ""xloader"", ""pdf_view"", ""dga_stats"", ""noregistration"", ""scheming_datasets"", ""hierarchy_display"", ""hierarchy_form"", ""dcat"", ""dcat_json_interface"", ""structured_data""]"
2026-06-21,government-data-catalog,https://gdcatalog.go.th,0,0,0,,
2026-06-21,gdcatalognhacoth,https://gdcatalog.nha.co.th,227,16,151,2.10.7,"[""thai_gdc"", ""showcase"", ""stats"", ""opendstats"", ""activity"", ""image_view"", ""datatables_view"", ""text_view"", ""webpage_view"", ""resource_proxy"", ""geo_view"", ""geojson_view"", ""shp_view"", ""xloader"", ""datastore"", ""pdf_view"", ""dcat"", ""dcat_json_interface"", ""structured_data"", ""scheming_datasets"", ""hierarchy_display"", ""hierarchy_form""]"
2026-06-21,world-bank-gender-data-portal,https://genderopendata.org,0,0,0,,
2026-06-21,global-development-data-portal,https://geo4.dev,0,0,0,2.8.3,"[""stats"", ""text_view"", ""image_view"", ""recline_view"", ""geo4dev""]"
2026-06-21,dutch-base-registries-data-catalog,https://geocatalogus.nl,16,0,2,2.8.3,"[""envvars"", ""image_view"", ""text_view"", ""recline_view"", ""datastore"", ""datapusher""]"
2026-06-21,geodatasandvikense,https://geodata.sandviken.se,16,0,1,2.8.5,"[""envvars"", ""saml2"", ""shp_view"", ""image_view"", ""text_view"", ""recline_view"", ""datastore"", ""datapusher"", ""resource_proxy"", ""geo_view"", ""harvest"", ""ckan_harvester"", ""spatial_metadata"", ""spatial_query"", ""spatial_harvest_metadata_api"", ""csw_harvester"", ""waf_harvester"", ""doc_harvester"", ""dcat"", ""dcat_rdf_harvester"", ""dcat_json_harvester"", ""dcat_json_interface"", ""structured_data"", ""sokigo""]"
2026-06-21,geographic-information-system-of-western-macedonia,https://geodm.gr,0,0,0,2.2,"[""stats"", ""text_preview"", ""recline_preview"", ""datastore"", ""resource_proxy"", ""datapusher"", ""spatial_metadata"", ""spatial_query"", ""wms_preview"", ""geojson_preview"", ""ankoiauth"", ""anko""]"
2026-06-21,gsq-open-data-portal,https://geoscience.data.qld.gov.au,190695,1,1,2.10.8,"[""stats"", ""text_view"", ""image_view"", ""spatial_metadata"", ""spatial_query"", ""gsq_theme"", ""gsq_shared"", ""scheming_datasets"", ""scheming_organizations"", ""resource_proxy"", ""zip_view"", ""pdf_view"", ""or_facet"", ""create_typed_package"", ""resource_indexer"", ""cloudstorage"", ""fpx"", ""googleanalytics"", ""datastore"", ""xloader"", ""syndicate"", ""activity"", ""drupal_idp"", ""drupal_api""]"
2026-06-21,gifu-prefecture-open-data-catalog-site,https://gifu-opendata.pref.gifu.lg.jp,1881,27,65,2.11.3,"[""activity"", ""datastore"", ""stats"", ""pdf_view"", ""gifutheme""]"
2026-06-21,eu-data-portal,https://gimi9.com,0,0,0,,
2026-06-21,marine-spatial-data-hub,https://gis-hub.ca,0,16,0,,
2026-06-21,minnesota-geospatial-commons,https://gisdata.mn.gov,0,0,0,,
2026-06-21,thai-agricultural-open-data,https://govtech.in.th,378,11,6,2.9.5,"[""stats"", ""text_view"", ""image_view"", ""recline_view"", ""resource_proxy"", ""datastore"", ""xloader"", ""geo_view"", ""geojson_view"", ""shp_view"", ""wmts_view"", ""webpage_view"", ""pdf_view"", ""dga_stats"", ""thagri"", ""thai_gdc"", ""openapi_view"", ""scheming_datasets"", ""hierarchy_display"", ""hierarchy_form"", ""dcat"", ""dcat_json_interface"", ""structured_data""]"
2026-06-21,grandestmoissonnagedata4citizencom,https://grandest-moissonnage.data4citizen.com,0,0,0,,
2026-06-21,haifa-data-portal,https://haifa.datacity.org.il,80,12,11,2.8.12,"[""stats"", ""text_view"", ""image_view"", ""recline_view"", ""datastore"", ""xloader"", ""resource_proxy"", ""s3filestore"", ""geojson_view"", ""datacity"", ""scheming_datasets"", ""scheming_groups"", ""pages""]"
2026-06-21,central-statistics-office-data,https://haleandhearty.staging.derilinx.com,0,0,0,,
2026-06-21,hellenic-research-data-repository,https://hardmin.heal-link.gr,31,0,265,2.10.8,"[""hdx_theme"", ""hdx_search"", ""hdx_package"", ""hdx_org_group"", ""hdx_pages"", ""ytp_request"", ""hierarchy_display"", ""oauth2"", ""activity"", ""stats"", ""text_view"", ""image_view"", ""expire_api_token"", ""resource_proxy""]"
2026-06-21,tumi-data-portal,https://hub.tumidata.org,0,0,0,,
2026-06-21,russian-open-data-hub,https://hubofdata.ru,0,0,0,,
2026-06-21,world-bank-trust-funds-iati-data,https://iatiregistry.org,13706,2042,2042,,
2026-06-21,idpo,https://idpo.org.uk,0,0,0,,
2026-06-21,indicadores-pr-indicadores-pr,https://indicadores.pr,0,0,0,,
2026-06-21,ipaportal-ipaportale,https://indicepa.gov.it,0,0,0,,
2026-06-21,u-s-federal-government-data-inventory,https://inventory.data.gov,0,0,0,2.11.5,"[""datagov_inventory"", ""datastore"", ""xloader"", ""s3filestore"", ""dcat_usmetadata"", ""usmetadata"", ""datajson"", ""saml2auth"", ""envvars"", ""pgsearch""]"
2026-06-21,jerusalem-open-data-portal,https://jerusalem.datacity.org.il,114,12,2,2.8.12,"[""stats"", ""text_view"", ""image_view"", ""recline_view"", ""datastore"", ""xloader"", ""resource_proxy"", ""s3filestore"", ""geojson_view"", ""datacity"", ""scheming_datasets"", ""scheming_groups"", ""pages""]"
2026-06-21,zbw-journal-data-archive,https://journaldata.zbw.eu,0,0,0,,
2026-06-21,coimisiun-na-mean-cnam-journalism-schemes-portal,https://journalismschemes.cnam.ie/,14890,0,53,2.10.10,"[""dlxschema"", ""sqlalchemythread"", ""uwsgistats"", ""stats"", ""text_view"", ""image_view"", ""officedocs_view"", ""pdf_view"", ""dcat"", ""dcat_json_interface"", ""psbthemealt"", ""schema_field_groups"", ""scheming_datasets"", ""scheming_nerf_index"", ""spatial_metadata"", ""spatial_query"", ""harvest"", ""ckan_harvester"", ""csw_harvester"", ""waf_harvester"", ""doc_harvester"", ""datatables_view"", ""geo_view"", ""geojson_view"", ""resource_proxy"", ""fluent"", ""cookieconsent"", ""security"", ""activity"", ""kpidashboard"", ""kpi_collect"", ""kpi_articles_by"", ""metric_groups_by_type"", ""superset""]"
2026-06-21,justicehubin,https://justicehub.in,201,24,12,2.8.2,"[""stats"", ""text_view"", ""image_view"", ""recline_view"", ""dcat"", ""structured_data"", ""pages"", ""datapusher"", ""datastore"", ""justicehub_theme"", ""googleanalytics"", ""issues"", ""validation"", ""scheming_datasets"", ""scheming_organizations"", ""scheming_groups"", ""composite"", ""discourse-sso"", ""table_view"", ""dataviz_view"", ""emailauth"", ""moderation"", ""pdf_view"", ""sitemap"", ""contact"", ""recline_grid_view""]"
2026-06-21,activity-catalog-of-the-round-table-gis-association,https://katalog.rundertischgis.de,79,20,90,2.8.4,"[""stats"", ""text_view"", ""image_view"", ""recline_view"", ""scheming_datasets"", ""hierarchy_display"", ""hierarchy_form"", ""spatial_metadata"", ""spatial_query"", ""resource_proxy"", ""geojson_view"", ""repeating"", ""composite"", ""display_group"", ""form_group"", ""relation"", ""disqus"", ""temporalsearch"", ""userautoaddgroup"", ""restricted""]"
2026-06-21,open-information-kfar-saba,https://kfar-saba.datacity.org.il,33,10,3,2.8.12,"[""stats"", ""text_view"", ""image_view"", ""recline_view"", ""datastore"", ""xloader"", ""resource_proxy"", ""s3filestore"", ""geojson_view"", ""datacity"", ""scheming_datasets"", ""scheming_groups"", ""pages""]"
2026-06-21,national-public-data-portal,https://kozadatportal.hu,2282,13,21,2.9.7,"[""hutemplate"", ""pages"", ""dcat"", ""dcat_json_interface"", ""structured_data"", ""scheming_datasets"", ""multilingual_group"", ""multilingual_tag"", ""scheming_groups"", ""scheming_organizations"", ""rating"", ""showcase""]"
2026-06-21,ldd-ckan-ldd-ckan,https://lddcatalog.ldd.go.th,30,7,10,2.10.7,"[""thai_gdc"", ""showcase"", ""stats"", ""opendstats"", ""activity"", ""image_view"", ""datatables_view"", ""text_view"", ""webpage_view"", ""resource_proxy"", ""geo_view"", ""geojson_view"", ""shp_view"", ""xloader"", ""datastore"", ""pdf_view"", ""dcat"", ""dcat_json_interface"", ""structured_data"", ""scheming_datasets"", ""hierarchy_display"", ""hierarchy_form""]"
2026-06-21,attica-wetlands-wetland-repository,https://library.atticawetlands.eu,0,0,0,,
2026-06-21,suomi-fi-service-interconnection-catalog,https://liityntakatalogi.suomi.fi,1445,0,584,2.11.5,"[""apply_permissions_for_service"", ""apicatalog"", ""sitesearch"", ""scheming_datasets"", ""scheming_organizations"", ""fluent"", ""openapi_view"", ""apicatalog_pages"", ""pages"", ""apicatalog_admin_dashboard"", ""apicatalog_harvesterstatus"", ""harvest"", ""xroad_harvester"", ""text_view"", ""wsdl_view"", ""validate_links"", ""xroad_integration"", ""sentry"", ""forcetranslation"", ""markdown_editor"", ""activity""]"
2026-06-21,lincolnshire-open-data,https://lincolnshire.ckan.io,0,0,0,,
2026-06-21,open-information-portal-ma-ale-adumim,https://maale-adummim.datacity.org.il,32,12,2,2.8.12,"[""stats"", ""text_view"", ""image_view"", ""recline_view"", ""datastore"", ""xloader"", ""resource_proxy"", ""s3filestore"", ""geojson_view"", ""datacity"", ""scheming_datasets"", ""scheming_groups"", ""pages""]"
2026-06-21,mapaction-data-portal,https://maps.mapaction.org,4514,0,0,2.7.12,"[""envvars"", ""stats"", ""text_view"", ""image_view"", ""pdf_view"", ""recline_view"", ""webpage_view"", ""mapactiontheme"", ""mapactionimporter"", ""mapactionevent"", ""locationgroup"", ""mapactiongeorss"", ""userautoadd"", ""datasetversions"", ""datasetthumbnail"", ""syndicate"", ""googleauth"", ""googleanalytics"", ""mapactionschemas"", ""scheming_datasets"", ""repeating""]"
2026-06-21,marcus-institute,https://marcusinstitute.org,0,0,0,,
2026-06-21,clariah-labs-dataset-registry,https://mediasuitedata.clariah.nl,94,7,62,2.8.2,"[""datastore""]"
2026-06-21,mobidata-bw-data-portal,https://mobidata-bw.de,143,8,24,2.11.3,"[""mobidatabw_theme"", ""stats"", ""text_view"", ""image_view"", ""datatables_view"", ""datatableslimit_view"", ""geo_view"", ""geojson_view"", ""wmts_view"", ""shp_view"", ""datastore"", ""xloader"", ""pdf_view"", ""resource_proxy"", ""harvest"", ""ckan_harvester"", ""spatial_metadata"", ""spatial_query"", ""dcat"", ""dcatde"", ""dcat_rdf_harvester"", ""dcat_json_harvester"", ""dcat_json_interface"", ""structured_data"", ""activity"", ""pages"", ""comments"", ""metadata_manager"", ""tracking"", ""envvars""]"
2026-06-21,nabc-data-catalog-nabc-data-catalog,https://nabc-catalog.oae.go.th,0,0,0,,
2026-06-21,usgs-3dep-data-catalog,https://nationaldataplatform.org/catalog,5818,2,84,2.10.1,"[""envvars"", ""image_view"", ""text_view"", ""recline_view"", ""datastore"", ""datapusher"", ""harvest"", ""ckan_harvester"", ""dcat_json_harvester"", ""dcat_rdf_harvester"", ""ndp"", ""keycloak"", ""resource_proxy"", ""geo_view"", ""webpage_view""]"
2026-06-21,netanya-open-information-portal-home-page,https://netanya.datacity.org.il,28,12,2,2.8.12,"[""stats"", ""text_view"", ""image_view"", ""recline_view"", ""datastore"", ""xloader"", ""resource_proxy"", ""s3filestore"", ""geojson_view"", ""datacity"", ""scheming_datasets"", ""scheming_groups"", ""pages""]"
2026-06-21,ngodataru,https://ngodata.ru,0,0,0,,
2026-06-21,nagoya-disaster-prevention-open-data-catalog,https://nui-ngy-bosai.jp,0,0,0,,
2026-06-21,oasishubco,https://oasishub.co,0,32,0,2.5.6,"[""stats"", ""text_view"", ""image_view"", ""recline_view"", ""resource_proxy"", ""geojson_view"", ""geo_view"", ""s3filestore"", ""oasis"", ""ytp_comments"", ""harvest"", ""ckan_harvester"", ""scheming_datasets"", ""oasis_packages""]"
2026-06-21,ocims-csir-co-za,https://ocims.csir.co.za,0,0,0,,
2026-06-21,information-to-the-people-data-portal,https://odata.org.il,8465,4665,51,2.8.1,"[""stats"", ""text_view"", ""image_view"", ""recline_view"", ""odata_org_il"", ""file_uploader_ui"", ""datapackage_pipelines"", ""upload_via_email"", ""datastore"", ""xloader""]"
2026-06-21,salou-city-council-transperency-portal,https://offenedaten.aachen.de,227,13,15,2.10.1,"[""envvars"", ""stats"", ""image_view"", ""text_view"", ""recline_view"", ""custom_theme"", ""activity"", ""pages"", ""showcase"", ""matomo_dsgvo""]"
2026-06-21,moers-open-data-portal,https://offenesdatenportal.de,1121,14,14,2.11.0,"[""stats"", ""datastore"", ""xloader"", ""resource_proxy"", ""showcase"", ""text_view"", ""image_view"", ""datatables_view"", ""geo_view"", ""geojson_view"", ""shp_view"", ""pdf_view"", ""dcat"", ""dcatde"", ""krzn""]"
2026-06-21,toyama-city-open-data,https://opdt.city.toyama.lg.jp,133,13,1,2.10.1,"[""activity"", ""pages"", ""datatables_view"", ""image_view"", ""text_view"", ""video_view"", ""audio_view"", ""webpage_view"", ""pdf_view"", ""recline_view""]"
2026-06-21,musterstadt,https://open-data-musterstadt.ckan.de,25,13,6,2.11.4,"[""stats"", ""tabledesigner"", ""pdf_view"", ""text_view"", ""image_view"", ""datatables_view"", ""datastore"", ""xloader"", ""accessibility"", ""musterstadt_theme"", ""activity"", ""pages"", ""showcase"", ""dcat"", ""dcatde"", ""structured_data"", ""metadata_manager"", ""matomo_dsgvo"", ""sitemap"", ""chatbot"", ""extractor"", ""envvars""]"
2026-06-21,ble-open-data-portal,https://open-data.ble.de,38,2,4,2.11.3,"[""activity"", ""stats"", ""text_view"", ""image_view"", ""datatables_view"", ""datastore"", ""xloader"", ""ble_theme"", ""dcat"", ""dcatde""]"
2026-06-21,open-government-program,https://open.alberta.ca,33540,0,370,2.10.6,"[""ldap"", ""resource_proxy"", ""stats"", ""activity"", ""datastore"", ""related_items"", ""scheming_datasets"", ""ab_scheming"", ""geo_view"", ""open_alberta"", ""datesearch"", ""rss-feedswidget"", ""open_alberta_uploader"", ""new_resource_order"", ""image_view"", ""datatables_view"", ""geojson_view"", ""text_view"", ""webpage_view""]"
2026-06-21,open-canada-ca-en,https://open.canada.ca/en,0,0,0,,
2026-06-21,city-of-jackson-open-data,https://open.jacksonms.gov,33,5,1,2.9.11,"[""stats"", ""resource_proxy"", ""ags_fs_view"", ""ags_ms_view"", ""geo_view"", ""geojson_view"", ""wmts_view"", ""shp_view"", ""c3charts"", ""og_datatables_view"", ""officedocs_view"", ""pdf_view"", ""recline_map_view"", ""webpage_view"", ""markdown_view"", ""in_app_reporting"", ""metabase_card_view"", ""metabase_dashboard_view"", ""harvest"", ""datajson"", ""dcat"", ""dcat_rdf_harvester"", ""dcat_json_harvester"", ""dcat_json_interface"", ""structured_data"", ""waf_harvester"", ""custom_harvest"", ""package_search_harvester"", ""datagov_harvester"", ""opengov_custom_theme"", ""opengov_custom_css"", ""opengov_custom_header"", ""opengov_custom_homepage"", ""opengov_custom_footer"", ""image_view"", ""cloudstorage"", ""odata"", ""datastore"", ""xloader"", ""extractor"", ""opengov_pages"", ""pages"", ""opengov_stories"", ""showcase"", ""subscribe"", ""security"", ""opengov_auth"", ""featuredviews"", ""heroslideradmin"", ""googleanalytics"", ""sitemap"", ""portal_metrics""]"
2026-06-21,open-nrw-the-open-government-portal-in-nrw,https://open.nrw,10359,13,29,2.10.8,"[""stats"", ""text_view"", ""image_view"", ""recline_view"", ""harvest"", ""ckan_harvester"", ""dcat"", ""dcat_rdf_harvester"", ""dcat_json_harvester"", ""dcat_json_interface"", ""structured_data"", ""scheming_datasets"", ""scheming_groups"", ""scheming_organizations"", ""spatial_metadata"", ""spatial_query"", ""dcatde"", ""dcatde_rdf_harvester"", ""opennrw-ldb-harvester-dcat"", ""opennrw-aachen-harvester-dcat"", ""opennrw-dormagen-harvester-dcat"", ""opennrw-offenesdatenportal-harvester-dcat"", ""opennrw-meerbusch-harvester-dcat"", ""opennrw-gelsenkirchen-harvester-dcat"", ""opennrw-ignrw-harvester-dcat"", ""opennrw-redesign-nrwmetadata-harvester-dcat"", ""opennrw-fassaden-harvester-dcat"", ""opennrw-neuss-harvester-dcat"", ""opennrw-dortmund-harvester-dcat"", ""opennrw-rvr-harvester-dcat"", ""opennrw-portal-zipharvester"", ""dortmund-arcgis-harvester-dcat"", ""opennrw-oepnv-harvester-dcat"", ""nrw-rdf-harvester"", ""nrw-rdf-wuppertal-harvester"", ""nrw-rdf-koeln-harvester"", ""nrw-rdf-bonn-harvester"", ""nrw-rdf-rheinerftrur-harvester"", ""nrw-rdf-gelsenkirchen-harvester"", ""nrw-rdf-duesseldorf-harvester"", ""nrw-rdf-bielefeld-harvester"", ""nrw-rdf-duisburg-harvester"", ""nrw-rdf-muenster-harvester"", ""nrw-rdf-essen-harvester"", ""nrw-rdf-paderborn-harvester"", ""nrw-rdf-neuss-harvester"", ""nrw-rdf-rvr-harvester"", ""nrw-rdf-ldb-harvester"", ""nrw-rdf-umwelt-zip-harvester"", ""nrw-rdf-dortmund-harvester"", ""nrw-rdf-kreis-borken-harvester"", ""nrw-rdf-geoportal-harvester"", ""nrw-rdf-soest-harvester"", ""nrw-rdf-olpe-harvester"", ""nrw-rdf-mdm-harvester""]"
2026-06-21,city-of-regina-open-data,https://open.regina.ca,0,0,0,,
2026-06-21,toronto-open-data-portal,https://open.toronto.ca/,0,0,0,,
2026-06-21,government-of-yukon,https://open.yukon.ca,3777,17,27,2.11.5,"[""downloadall"", ""yukon"", ""activity"", ""scheming_datasets"", ""envvars"", ""saml"", ""ingest"", ""harvest"", ""ckan_harvester""]"
2026-06-21,openafrica-data-portal,https://openafrica.net,0,0,0,,
2026-06-21,open-budgets-india,https://openbudgetsindia.org,0,0,0,,
2026-06-21,open-data-stavanger-region,https://opencom.no,360,10,14,2.11.1,"[""image_view"", ""text_view"", ""datatables_view"", ""datastore"", ""datapusher"", ""geojson_view"", ""webpage_view"", ""stats"", ""tracking"", ""resource_proxy"", ""envvars""]"
2026-06-21,barcelona-open-data,https://opendata-ajuntament.barcelona.cat/data,555,0,25,2.6.9,"[""stats"", ""text_view"", ""image_view"", ""recline_view"", ""datastore"", ""datapusher"", ""pdf_view"", ""resource_proxy"", ""webpage_view"", ""geo_view"", ""geojson_view"", ""officedocs_view"", ""scheming_datasets"", ""scheming_groups"", ""scheming_organizations"", ""fluent"", ""hierarchy_display"", ""odatabcn"", ""qa"", ""archiver"", ""report"", ""federagobes"", ""editfields""]"
2026-06-21,rostock-open-data-portal,https://opendata-hro.de,281,14,6,2.11.5,"[""activity"", ""ckan_harvester"", ""datastore"", ""datatables_view"", ""dcat"", ""dcat_rdf_harvester"", ""geojson_view"", ""harvest"", ""hro_dcatapde"", ""hro_theme"", ""resource_proxy"", ""spatial_metadata"", ""spatial_query"", ""stats"", ""structured_data""]"
2026-06-21,opendata-nasu-nasu-regional-settlement-self-reliance-area-open-data-catalog,https://opendata-nasu.opendatastack.jp,488,25,71,2.5.1,"[""stats"", ""text_view"", ""image_view"", ""spatial_metadata"", ""spatial_query"", ""datastore"", ""datapusher"", ""resource_proxy"", ""pdf_view"", ""geo_view"", ""recline_grid_view"", ""recline_graph_view"", ""recline_map_view"", ""webpage_view"", ""geojson_view"", ""googleanalytics"", ""harvest"", ""ckan_harvester"", ""pages"", ""recline_view"", ""cloud_connector"", ""example_theme"", ""officedocs_view""]"
2026-06-21,dafm-agriculture-open-data,https://opendata.agriculture.gov.ie,56,0,78,2.9.14,"[""dlxschema"", ""sqlalchemythread"", ""uwsgistats"", ""stats"", ""text_view"", ""image_view"", ""officedocs_view"", ""pdf_view"", ""dcat"", ""dcat_json_interface"", ""psbthemealt"", ""schema_field_groups"", ""scheming_datasets"", ""scheming_groups"", ""spatial_metadata"", ""spatial_query"", ""harvest"", ""ckan_harvester"", ""csw_harvester"", ""waf_harvester"", ""doc_harvester"", ""datatables_view"", ""datastore"", ""datapusher"", ""dietstars"", ""geo_view"", ""geojson_view"", ""resource_proxy"", ""fluent"", ""esri_arcgis_harvester"", ""cookieconsent"", ""s3filestore"", ""security"", ""jsonstat_view"", ""vectorconverter"", ""mvt_view""]"
2026-06-21,alcoi-open-data-open-data-portal-of-alcoy,https://opendata.alcoi.org/data,32,13,1,2.7.4,"[""stats"", ""theme"", ""dcat"", ""schema"", ""datapusher"", ""resource_proxy"", ""geojson_view"", ""geo_view"", ""datastore"", ""image_view"", ""text_view"", ""recline_view"", ""webpage_view"", ""recline_grid_view"", ""recline_map_view"", ""sampleplot""]"
2026-06-21,angus-council-open-data-angus-council-open-data,https://opendata.angus.gov.uk,35,0,5,2.10.8,"[""activity"", ""datastore"", ""xloader"", ""resource_proxy"", ""geo_view"", ""geojson_view"", ""datatables_view"", ""pdf_view"", ""text_view"", ""image_view""]"
2026-06-21,aragon-open-data,https://opendata.aragon.es,0,0,0,,
2026-06-21,alcala-de-henares-open-data-portal,https://opendata.ayto-alcaladehenares.es,44,10,1,2.9.2,"[""stats"", ""text_view"", ""image_view"", ""recline_view""]"
2026-06-21,opendata-az-en,https://opendata.az/en,0,0,0,,
2026-06-21,istanbul-b40-open-data-portal,https://opendata.b40cities.org,645,9,20,2.9.5,"[""ibb_theme"", ""multilang"", ""showcase"", ""stats"", ""datarequests"", ""datastore"", ""text_view"", ""image_view"", ""recline_view"", ""xloader"", ""geo_view"", ""odata"", ""datasetthumbnail"", ""contact"", ""disqus"", ""geojson_view"", ""pdf_view""]"
2026-06-21,central-bank-of-brazil-open-data-portal,https://opendata.bcb.gov.br,0,0,0,,
2026-06-21,central-bank-of-ireland-open-data,https://opendata.centralbank.ie,0,0,0,,
2026-06-21,halandri-open-data,https://opendata.chalandri.gr,12,12,3,2.10.1,"[""activity"", ""text_view"", ""image_view"", ""recline_view"", ""resource_proxy"", ""datastore"", ""pdf_view"", ""geo_view"", ""geojson_view"", ""wmts_view"", ""shp_view"", ""spatial_metadata"", ""spatial_query""]"
2026-06-21,open-data-portal-of-lviv-portal-vidkritikh-danikh-lvova,https://opendata.city-adm.lviv.ua,0,0,0,,
2026-06-21,chiba-city-open-data-catalog-site,https://opendata.city.chiba.jp,0,0,0,,
2026-06-21,kitamoto-city-open-data-portal-site-kitamoto-open-data,https://opendata.city.kitamoto.saitama.jp,0,0,0,,
2026-06-21,machida-city-open-data-catalog-site,https://opendata.city.machida.tokyo.jp,143,15,1,2.9.11,"[""datastore"", ""stats""]"
2026-06-21,mooka-city-open-data-catalog-site,https://opendata.city.moka.lg.jp,0,0,0,,
2026-06-21,nisshin-city-open-data-catalog-site,https://opendata.city.nisshin.lg.jp,330,12,1,2.8.1,"[""stats"", ""text_view"", ""image_view""]"
2026-06-21,sagamihara-city-open-data-catalog-site,https://opendata.city.sagamihara.kanagawa.jp,112,11,27,2.9.3,"[""stats"", ""text_view"", ""image_view"", ""recline_view""]"
2026-06-21,open-data-pakistan,https://opendata.com.pk,1498,0,22,2.8.3,"[""stats"", ""text_view"", ""image_view"", ""recline_view"", ""datastore"", ""datapusher"", ""resource_proxy"", ""geo_view"", ""pages"", ""harvest"", ""ckan_harvester"", ""example_theme"", ""CustomFields"", ""showcase"", ""contact"", ""recline_grid_view"", ""recline_graph_view"", ""recline_map_view"", ""webpage_view""]"
2026-06-21,portale-open-data-comune-di-messina,https://opendata.comune.messina.it,112,13,6,2.10.3,"[""envvars"", ""datatables_view"", ""image_view"", ""text_view"", ""recline_view"", ""datastore"", ""datapusher"", ""harvest"", ""ckan_harvester"", ""dcat"", ""dcat_rdf_harvester"", ""dcat_json_harvester"", ""dcat_json_interface"", ""structured_data"", ""dcatapit_pkg"", ""dcatapit_org"", ""dcatapit_config"", ""dcatapit_theme_group_mapper""]"
2026-06-21,opendata-municipality-of-reggio-emilia,https://opendata.comune.re.it,248,13,5,2.10.9,"[""activity"", ""stats"", ""datatables_view"", ""image_view"", ""text_view"", ""recline_view"", ""datastore"", ""xloader"", ""harvest"", ""ckan_harvester"", ""dcat"", ""dcat_rdf_harvester"", ""dcat_json_harvester"", ""dcat_json_interface"", ""structured_data"", ""dcatapit_pkg"", ""dcatapit_org"", ""dcatapit_config"", ""dcatapit_theme_group_mapper"", ""multilang"", ""dcat_ap_edp_mqa"", ""oai_pmh_server"", ""spatial_metadata"", ""spatial_query"", ""resource_proxy"", ""geo_view"", ""geojson_view"", ""pages"", ""retheme"", ""envvars""]"
2026-06-21,opendata-rimini,https://opendata.comune.rimini.it,72,9,1,2.8.1,"[""stats"", ""resource_proxy"", ""text_view"", ""image_view"", ""webpage_view"", ""recline_view"", ""recline_grid_view"", ""recline_graph_view"", ""recline_map_view"", ""pdf_view"", ""datastore"", ""harvest"", ""ckan_harvester"", ""dcat"", ""dcat_rdf_harvester"", ""dcat_json_harvester"", ""dcat_json_interface"", ""structured_data"", ""spatial_metadata"", ""spatial_query"", ""multilang"", ""multilang_harvester"", ""dcatapit_pkg"", ""dcatapit_org"", ""dcatapit_config"", ""dcatapit_theme_group_mapper"", ""dcatapit_ckan_harvester"", ""dcatapit_harvest_list"", ""dcatapit_harvester"", ""dcatapit_csw_harvester"", ""riminiconfig"", ""geo_view"", ""geojson_view"", ""wmts_view"", ""datapusher"", ""googleanalytics""]"
2026-06-21,companies-registration-office-open-data,https://opendata.cro.ie/,2,0,1,2.9.14,"[""superset"", ""dlxschema"", ""psbthemealt"", ""s3filestore"", ""sqlalchemythread"", ""uwsgistats"", ""stats"", ""text_view"", ""image_view"", ""officedocs_view"", ""pdf_view"", ""dcat"", ""dcat_json_interface"", ""schema_field_groups"", ""scheming_datasets"", ""spatial_metadata"", ""spatial_query"", ""harvest"", ""ckan_harvester"", ""csw_harvester"", ""waf_harvester"", ""doc_harvester"", ""datatables_view"", ""datastore"", ""datapusher"", ""dietstars"", ""geo_view"", ""geojson_view"", ""resource_proxy"", ""twitterwidget"", ""fluent"", ""esri_arcgis_harvester"", ""cookieconsent"", ""openapi_view"", ""security"", ""s3resources""]"
2026-06-21,open-data-wroclaw,https://opendata.cui.wroclaw.pl,0,0,0,,
2026-06-21,accounting-system-dairy-promotion-organization-of-thailand,https://opendata.dpo.go.th,1,4,3,2.10.7,"[""thai_gdc"", ""showcase"", ""stats"", ""opendstats"", ""activity"", ""image_view"", ""datatables_view"", ""text_view"", ""webpage_view"", ""resource_proxy"", ""geo_view"", ""geojson_view"", ""shp_view"", ""xloader"", ""datastore"", ""pdf_view"", ""dcat"", ""dcat_json_interface"", ""structured_data"", ""scheming_datasets"", ""hierarchy_display"", ""hierarchy_form""]"
2026-06-21,opendata-dsd-go-th-opendata-dsd-go-th,https://opendata.dsd.go.th,24,5,1,2.10.7,"[""thai_gdc"", ""showcase"", ""stats"", ""opendstats"", ""activity"", ""image_view"", ""datatables_view"", ""text_view"", ""webpage_view"", ""resource_proxy"", ""geo_view"", ""geojson_view"", ""shp_view"", ""xloader"", ""datastore"", ""pdf_view"", ""dcat"", ""dcat_json_interface"", ""structured_data"", ""scheming_datasets"", ""hierarchy_display"", ""hierarchy_form""]"
2026-06-21,etda-data-catalog,https://opendata.etda.or.th,62,5,17,,
2026-06-21,opendata-euroinfosicilia-opendata-euroinfosicilia,https://opendata.euroinfosicilia.it,104,13,1,2.10.3,"[""envvars"", ""image_view"", ""text_view"", ""recline_view"", ""datastore"", ""datapusher""]"
2026-06-21,gera-open-data-portal,https://opendata.gera.de,13,6,2,2.10.3,"""envvars image_view text_view image_view recline_grid_view recline_map_view recline_graph_view recline_view geo_view stats datastore datapusher"""
2026-06-21,government-of-jersey-open-data,https://opendata.gov.je,117,11,17,2.8.12,"[""stats"", ""text_view"", ""image_view"", ""recline_view"", ""datastore"", ""opendataje"", ""xloader""]"
2026-06-21,northwest-territories-open-data,https://opendata.gov.nt.ca,341,15,12,2.9.8,"[""envvars"", ""stats"", ""text_view"", ""image_view"", ""recline_view"", ""xloader"", ""datastore"", ""recline_graph_view"", ""recline_grid_view"", ""recline_map_view"", ""scheming_datasets"", ""scheming_organizations"", ""scheming_groups"", ""harvest"", ""ckan_harvester"", ""spatial_metadata"", ""spatial_query"", ""waf_harvester"", ""csw_harvester"", ""doc_harvester"", ""dcat"", ""dcat_rdf_harvester"", ""dcat_json_harvester"", ""gnwt"", ""resource_proxy"", ""ldap""]"
2026-06-21,the-public-knowledge-workshop-data-portal,https://opendata.hasadna.org.il,14,9,6,2.8.12,"[""stats"", ""text_view"", ""image_view"", ""recline_view"", ""datastore"", ""xloader"", ""resource_proxy"", ""s3filestore"", ""geojson_view"", ""datacity"", ""scheming_datasets"", ""scheming_groups"", ""pages""]"
2026-06-21,hawaii-open-data,https://opendata.hawaii.gov,976,19,39,2.9.11,"[""stats"", ""resource_proxy"", ""ags_fs_view"", ""ags_ms_view"", ""geo_view"", ""geojson_view"", ""wmts_view"", ""shp_view"", ""c3charts"", ""og_datatables_view"", ""officedocs_view"", ""pdf_view"", ""recline_map_view"", ""webpage_view"", ""markdown_view"", ""in_app_reporting"", ""metabase_card_view"", ""metabase_dashboard_view"", ""harvest"", ""datajson"", ""dcat"", ""dcat_rdf_harvester"", ""dcat_json_harvester"", ""dcat_json_interface"", ""structured_data"", ""waf_harvester"", ""custom_harvest"", ""package_search_harvester"", ""datagov_harvester"", ""opengov_custom_theme"", ""opengov_custom_css"", ""opengov_custom_header"", ""opengov_custom_homepage"", ""opengov_custom_footer"", ""image_view"", ""cloudstorage"", ""odata"", ""opengov_datastore"", ""datastore"", ""xloader"", ""extractor"", ""contact"", ""opengov_pages"", ""pages"", ""opengov_stories"", ""showcase"", ""subscribe"", ""security"", ""opengov_auth"", ""featuredviews"", ""heroslideradmin"", ""googleanalytics"", ""sitemap"", ""portal_metrics""]"
2026-06-21,dhlgh-housing-open-data,https://opendata.housing.gov.ie,461,0,2,2.9.14,"[""sqlalchemythread"", ""uwsgistats"", ""stats"", ""text_view"", ""image_view"", ""recline_view"", ""officedocs_view"", ""pdf_view"", ""dcat"", ""dcat_json_interface"", ""psbthemealt"", ""schema_field_groups"", ""scheming_datasets"", ""spatial_metadata"", ""spatial_query"", ""harvest"", ""ckan_harvester"", ""csw_harvester"", ""waf_harvester"", ""doc_harvester"", ""datatables_view"", ""datastore"", ""datapusher"", ""dlxschema"", ""dietstars"", ""geo_view"", ""geojson_view"", ""resource_proxy"", ""twitterwidget"", ""fluent"", ""esri_arcgis_harvester"", ""cookieconsent""]"
2026-06-21,hungarian-open-data-catalog,https://opendata.hu,71,13,8,2,"[""stats"", ""json_preview"", ""recline_preview"", ""pdf_preview"", ""recline_preview"", ""datastore"", ""resource_proxy""]"
2026-06-21,sitcabgc-reusable-spatial-data,https://opendata.idegrancanaria.es,12,6,19,2.10.5,"[""datapusher""]"
2026-06-21,opendataipstacth,https://opendata.ipst.ac.th,0,0,0,,
2026-06-21,open-data-jena,https://opendata.jena.de,0,0,0,,
2026-06-21,open-data-platform-kaaw,https://opendata.kaaw.de,13,0,25,2.11.2,"[""activity"", ""datastore"", ""xloader"", ""datatables_view"", ""image_view"", ""pages""]"
2026-06-21,kebumen-regency-open-data,https://opendata.kebumenkab.go.id,0,0,0,,
2026-06-21,open-data-portal-of-the-city-of-leipzig,https://opendata.leipzig.de,396,13,37,2.10.7,"[""odp_le_theme"", ""odp_le_harvester"", ""odp_le_dcatapde"", ""showcase"", ""resource_proxy"", ""datastore"", ""stats"", ""pages"", ""dcat"", ""dcatde"", ""dcat_json_interface"", ""structured_data"", ""harvest"", ""ckan_harvester"", ""scheming_datasets"", ""scheming_groups"", ""scheming_organizations"", ""spatial_metadata"", ""spatial_query"", ""datapusher"", ""text_view"", ""image_view"", ""webpage_view"", ""geo_view"", ""geojson_view"", ""wmts_view"", ""shp_view"", ""video_view"", ""audio_view"", ""dataexplorer_view"", ""dataexplorer_chart_view"", ""dataexplorer_map_view"", ""dataexplorer_table_view""]"
2026-06-21,luke-open-data-portal,https://opendata.luke.fi,128,1,1,2.9.7,"[""stats"", ""text_view"", ""image_view"", ""recline_view"", ""harvest"", ""metax_harvester"", ""luke_theme""]"
2026-06-21,opendatammdecincz,https://opendata.mmdecin.cz,0,0,0,,
2026-06-21,open-data-portal-munich,https://opendata.muenchen.de,336,13,31,2.9.9,"[""image_view"", ""text_view"", ""recline_view"", ""recline_map_view"", ""recline_graph_view"", ""recline_grid_view"", ""webpage_view"", ""datastore"", ""xloader"", ""ogdmunich"", ""pages"", ""showcase"", ""resource_proxy"", ""geo_view"", ""geojson_view"", ""wmts_view"", ""shp_view"", ""harvest"", ""ckan_harvester"", ""csw_harvester"", ""dcat"", ""dcatde"", ""dcat_rdf_harvester"", ""dcat_json_harvester"", ""dcat_json_interface"", ""structured_data"", ""spatial_metadata"", ""spatial_query"", ""scheming_datasets"", ""keycloak"", ""clamav"", ""envvars""]"
2026-06-21,ministry-of-foreign-and-european-affairs-of-the-slovak-republic,https://opendata.mzv.sk,32,6,1,2.11.3,"[""image_view"", ""text_view"", ""datatables_view"", ""datastore"", ""xloader"", ""dcat"", ""scheming_datasets"", ""fluent"", ""dcat_ap_sk"", ""mzv_theme""]"
2026-06-21,national-council-for-special-education-ncse-open-data,https://opendata.ncse.ie/,58,0,8,2.9.14,"[""dlxschema"", ""superset"", ""sqlalchemythread"", ""uwsgistats"", ""stats"", ""text_view"", ""image_view"", ""officedocs_view"", ""pdf_view"", ""dcat"", ""dcat_json_interface"", ""psbthemealt"", ""schema_field_groups"", ""scheming_datasets"", ""spatial_metadata"", ""spatial_query"", ""harvest"", ""ckan_harvester"", ""csw_harvester"", ""waf_harvester"", ""doc_harvester"", ""datatables_view"", ""datastore"", ""datapusher"", ""geo_view"", ""geojson_view"", ""resource_proxy"", ""twitterwidget"", ""fluent"", ""esri_arcgis_harvester"", ""cookieconsent"", ""data_transform"", ""data_transform_superset""]"
2026-06-21,open-data-portal-for-emenscr,https://opendata.nesdc.go.th,0,0,0,,
2026-06-21,nhsbsa-open-data-portal,https://opendata.nhsbsa.net,2166,0,9,2.11.5,"[""pages"", ""issues"", ""activity"", ""restricted"", ""nhs"", ""image_view"", ""text_view"", ""datatables_view"", ""datastore"", ""bigquery"", ""scheming_datasets"", ""scheming_groups"", ""scheming_organizations"", ""dataexplorer"", ""dcat"", ""aircan_connector"", ""authz_service"", ""oauth2"", ""security"", ""datapub"", ""blob_storage"", ""envvars""]"
2026-06-21,open-data-of-the-national-innovation-agency,https://opendata.nia.or.th,24,1,1,2.10.7,"[""thai_gdc"", ""showcase"", ""stats"", ""opendstats"", ""activity"", ""image_view"", ""datatables_view"", ""text_view"", ""webpage_view"", ""resource_proxy"", ""geo_view"", ""geojson_view"", ""shp_view"", ""xloader"", ""datastore"", ""pdf_view"", ""dcat"", ""dcat_json_interface"", ""structured_data"", ""scheming_datasets"", ""hierarchy_display"", ""hierarchy_form""]"
2026-06-21,national-research-council-of-thailand,https://opendata.nrct.go.th,286,0,10,2.9.11,"[""text_view"", ""image_view"", ""recline_view"", ""datastore"", ""pages"", ""scheming_datasets"", ""scheming_groups"", ""datapusher"", ""hierarchy_display"", ""hierarchy_form"", ""pdf_view"", ""downloadall"", ""resource_proxy"", ""geojson_view"", ""shp_view"", ""noregistration"", ""cat_theme""]"
2026-06-21,office-of-the-basic-education-commission-ckan,https://opendata.obec.go.th,78,6,20,2.10.8,"[""thai_gdc"", ""showcase"", ""stats"", ""opendstats"", ""activity"", ""image_view"", ""datatables_view"", ""text_view"", ""webpage_view"", ""resource_proxy"", ""geo_view"", ""geojson_view"", ""shp_view"", ""xloader"", ""datastore"", ""pdf_view"", ""dcat"", ""dcat_json_interface"", ""structured_data"", ""scheming_datasets"", ""hierarchy_display"", ""hierarchy_form""]"
2026-06-21,pandeglang-open-data,https://opendata.pandeglangkab.go.id,1589,6,66,2.9.7,"[""stats"", ""text_view"", ""image_view"", ""recline_view""]"
2026-06-21,penghu-county-government-data-open-platform,https://opendata.penghu.gov.tw,519,18,37,2.4.1,"[""stats"", ""text_view"", ""image_view"", ""datastore"", ""datapusher"", ""pages"", ""swaggerplugin"", ""getnewsfunctions""]"
2026-06-21,open-data-real-laboratory-pfaff,https://opendata.pfaff-reallabor.de,0,0,0,,
2026-06-21,barcelona-port-open-data-portal,https://opendata.portdebarcelona.cat,79,7,2,2.8.2,"[""stats"", ""text_view"", ""image_view"", ""recline_view"", ""recline_graph_view"", ""datastore"", ""datapusher"", ""multilingual_dataset"", ""multilingual_group"", ""multilingual_tag"", ""c3charts""]"
2026-06-21,open-data-portal-porto,https://opendata.porto.digital,0,0,0,,
2026-06-21,toyama-prefecture-open-data-portal-site,https://opendata.pref.toyama.jp,424,10,4,2.9.8,"[""stats"", ""text_view"", ""image_view"", ""recline_view""]"
2026-06-21,opendataquangngaigovvn,https://opendata.quangngai.gov.vn,0,0,0,,
2026-06-21,opendataruhr,https://opendata.ruhr,3079,31,26,2.10.5,"[""envvars"", ""resource_proxy"", ""datastore"", ""xloader"", ""image_view"", ""text_view"", ""datatables_view"", ""spatial_metadata"", ""spatial_query"", ""harvest"", ""ckan_harvester"", ""dcat"", ""dcatde"", ""dcat_rdf_harvester"", ""dcatde_rdf_harvester"", ""dcat_json_harvester"", ""dcat_json_interface"", ""structured_data"", ""geo_view"", ""geojson_view"", ""navigablemap"", ""choroplethmap"", ""pages"", ""pdf_view"", ""rvr"", ""scheming_datasets"", ""scheming_organizations""]"
2026-06-21,opendata-ruhr-en,https://opendata.ruhr/en,3079,31,26,2.10.5,"[""envvars"", ""resource_proxy"", ""datastore"", ""xloader"", ""image_view"", ""text_view"", ""datatables_view"", ""spatial_metadata"", ""spatial_query"", ""harvest"", ""ckan_harvester"", ""dcat"", ""dcatde"", ""dcat_rdf_harvester"", ""dcatde_rdf_harvester"", ""dcat_json_harvester"", ""dcat_json_interface"", ""structured_data"", ""geo_view"", ""geojson_view"", ""navigablemap"", ""choroplethmap"", ""pages"", ""pdf_view"", ""rvr"", ""scheming_datasets"", ""scheming_organizations""]"
2026-06-21,schleswig-holstein-open-data,https://opendata.schleswig-holstein.de,32486,13,130,2.10.9,"[""ckan_harvester"", ""dcat"", ""dcatde"", ""dcat_json_harvester"", ""dcat_json_interface"", ""dcat_rdf_harvester"", ""dcatde_rdf_harvester"", ""harvest"", ""image_view"", ""kiel_harvester"", ""odsh"", ""odsh_autocomplete"", ""odsh_dcat_harvest"", ""odsh_collections"", ""qa"", ""archiver"", ""recline_view"", ""report"", ""spatial_metadata"", ""spatial_query"", ""statistikamtnord_harvester"", ""stats"", ""structured_data"", ""text_view"", ""sitemap""]"
2026-06-21,sitcan-open-data,https://opendata.sitcan.es,168,10,12,2.10.4,"[""stats"", ""image_view"", ""resource_proxy"", ""dcat"", ""dcat_rdf_harvester"", ""dcat_json_harvester"", ""dcat_json_interface""]"
2026-06-21,san-joaquin-county-open-data,https://opendata.sjgov.org,94,5,4,2.9.11,"[""stats"", ""resource_proxy"", ""ags_fs_view"", ""ags_ms_view"", ""geo_view"", ""geojson_view"", ""wmts_view"", ""shp_view"", ""c3charts"", ""og_datatables_view"", ""officedocs_view"", ""pdf_view"", ""recline_map_view"", ""webpage_view"", ""markdown_view"", ""in_app_reporting"", ""metabase_card_view"", ""metabase_dashboard_view"", ""harvest"", ""datajson"", ""dcat"", ""dcat_rdf_harvester"", ""dcat_json_harvester"", ""dcat_json_interface"", ""structured_data"", ""waf_harvester"", ""custom_harvest"", ""package_search_harvester"", ""datagov_harvester"", ""spatial_metadata"", ""spatial_query"", ""opengov_custom_theme"", ""opengov_custom_css"", ""opengov_custom_header"", ""opengov_custom_homepage"", ""opengov_custom_footer"", ""image_view"", ""cloudstorage"", ""odata"", ""datastore"", ""xloader"", ""extractor"", ""contact"", ""opengov_pages"", ""pages"", ""opengov_stories"", ""showcase"", ""subscribe"", ""security"", ""opengov_auth"", ""featuredviews"", ""heroslideradmin"", ""googleanalytics"", ""sitemap"", ""portal_metrics""]"
2026-06-21,slavutsk-city-council-open-data-portal,https://opendata.slavuta-mvk.gov.ua,248,12,34,2.11.5,"[""scheming_datasets"", ""scheming_groups"", ""scheming_organizations"", ""stats"", ""text_view"", ""image_view"", ""datastore"", ""datapusher_plus"", ""datatables_view"", ""resource_proxy"", ""pdf_view"", ""webpage_view"", ""geo_view"", ""geojson_view"", ""video_view""]"
2026-06-21,opendatasobraniemk,https://opendata.sobranie.mk,29,6,2,2.9.5,"[""stats"", ""text_view"", ""image_view"", ""recline_view"", ""dcat"", ""recline_grid_view"", ""disqus"", ""sobranie"", ""datarequests"", ""harvest"", ""ckan_harvester"", ""datastore"", ""datapusher"", ""datatables_view"", ""googleanalytics""]"
2026-06-21,open-data-solok-selatan,https://opendata.solselkab.go.id,0,0,0,,
2026-06-21,swiss-open-data-portal,https://opendata.swiss,17174,14,162,2.11.5,"[""ogdch"", ""ogdch_users"", ""ogdch_pkg"", ""ogdch_res"", ""s3filestore"", ""ogdch_group"", ""ogdch_org"", ""ogdch_showcase"", ""ogdch_cmd"", ""ogdch_archive"", ""ogdch_subscribe"", ""ogdch_middleware"", ""stats"", ""harvest"", ""geocat_harvester"", ""geocat_ech0271_harvester"", ""harvester_dashboard"", ""scheming_datasets"", ""scheming_groups"", ""scheming_organizations"", ""fluent"", ""ogdch_dcat"", ""dcat_ch_i14y_rdf_harvester"", ""dcat_ch_rdf_harvester"", ""dcat_json_interface"", ""resource_proxy"", ""text_view"", ""pdf_view"", ""datatables_view"", ""datastore"", ""ogdch_xloader"", ""structured_data"", ""sentry"", ""password_policy"", ""activity"", ""envvars""]"
2026-06-21,city-of-tampa-fl-open-data,https://opendata.tampa.gov,28,0,31,2.9.11,"[""stats"", ""resource_proxy"", ""ags_fs_view"", ""ags_ms_view"", ""geo_view"", ""geojson_view"", ""wmts_view"", ""shp_view"", ""c3charts"", ""og_datatables_view"", ""officedocs_view"", ""pdf_view"", ""recline_map_view"", ""webpage_view"", ""markdown_view"", ""in_app_reporting"", ""metabase_card_view"", ""metabase_dashboard_view"", ""harvest"", ""datajson"", ""dcat"", ""dcat_rdf_harvester"", ""dcat_json_harvester"", ""dcat_json_interface"", ""structured_data"", ""waf_harvester"", ""custom_harvest"", ""package_search_harvester"", ""datagov_harvester"", ""opengov_custom_theme"", ""opengov_custom_css"", ""opengov_custom_header"", ""opengov_custom_homepage"", ""opengov_custom_footer"", ""image_view"", ""cloudstorage"", ""odata"", ""opengov_datastore"", ""datastore"", ""xloader"", ""extractor"", ""opengov_pages"", ""pages"", ""opengov_stories"", ""showcase"", ""subscribe"", ""security"", ""opengov_auth"", ""featuredviews"", ""heroslideradmin"", ""googleanalytics"", ""sitemap"", ""portal_metrics""]"
2026-06-21,teagasc-open-data,https://opendata.teagasc.ie/,18,0,16,2.9.13,"[""dlxschema"", ""sqlalchemythread"", ""uwsgistats"", ""stats"", ""text_view"", ""image_view"", ""officedocs_view"", ""pdf_view"", ""dcat"", ""dcat_json_interface"", ""schema_field_groups"", ""scheming_datasets"", ""spatial_metadata"", ""spatial_query"", ""harvest"", ""ckan_harvester"", ""csw_harvester"", ""waf_harvester"", ""doc_harvester"", ""datatables_view"", ""datastore"", ""datapusher"", ""psbthemealt"", ""geo_view"", ""geojson_view"", ""resource_proxy"", ""twitterwidget"", ""fluent"", ""esri_arcgis_harvester"", ""cookieconsent"", ""pending_datasets"", ""security"", ""s3filestore""]"
2026-06-21,tgo-carbon-credit-data-catalog,https://opendata.tgo.or.th,0,0,0,,
2026-06-21,open-data-portal-of-thanh-hoa-province,https://opendata.thanhhoa.gov.vn,119,15,186,2.9.5,"[""stats"", ""text_view"", ""image_view"", ""recline_view"", ""datastore"", ""resource_proxy"", ""management"", ""crawler"", ""rating"", ""postdata"", ""news"", ""notifies"", ""sso"", ""dashboard"", ""access_rights"", ""theme"", ""xloader"", ""openapi_view"", ""pdf_view"", ""officedocs_view"", ""geo_view"", ""geojson_view"", ""wmts_view"", ""shp_view""]"
2026-06-21,thai-industrial-standards-institute,https://opendata.tisi.go.th,17,4,12,2.10.7,"[""thai_gdc"", ""showcase"", ""stats"", ""opendstats"", ""activity"", ""image_view"", ""datatables_view"", ""text_view"", ""webpage_view"", ""resource_proxy"", ""geo_view"", ""geojson_view"", ""shp_view"", ""xloader"", ""datastore"", ""pdf_view"", ""dcat"", ""dcat_json_interface"", ""structured_data"", ""scheming_datasets"", ""hierarchy_display"", ""hierarchy_form""]"
2026-06-21,transport-open-data-home-page-transport-open-data,https://opendata.transport.nsw.gov.au,230,0,0,2.11.3,"[""activity"", ""image_view"", ""text_view"", ""datatables_view"", ""datastore"", ""datapusher"", ""pdf_view"", ""resource_proxy"", ""geojson_view"", ""webpage_view"", ""googleanalytics"", ""tfnsw_theme"", ""tfnsw_customauth"", ""tfnsw_discourse"", ""tfnsw_openapiview"", ""tfnsw_s3browse"", ""tfnsw_subscriptions"", ""tfnsw_metrics"", ""tfnsw_userreg"", ""tfnsw_arcgisview"", ""tfnsw_adjustableiframeview"", ""tfnsw_powerbiview""]"
2026-06-21,university-of-granada-open-data,https://opendata.ugr.es,65,11,3,2.9.5,"[""stats"", ""text_view"", ""webpage_view"", ""image_view"", ""pdf_view"", ""recline_view"", ""datastore"", ""datapusher"", ""resource_proxy"", ""dcat"", ""dcat_rdf_harvester"", ""dcat_json_harvester"", ""dcat_json_interface"", ""structured_data"", ""harvest"", ""ckan_harvester""]"
2026-06-21,opendataunexes,https://opendata.unex.es,152,0,0,2.9.3,"[""stats"", ""text_view"", ""image_view"", ""recline_view"", ""datastore"", ""oduex""]"
2026-06-21,university-of-bari,https://opendata.uniba.it,105,17,1,2.10.3,"[""envvars"", ""datatables_view"", ""image_view"", ""text_view"", ""recline_view"", ""datastore"", ""datapusher"", ""harvest"", ""ckan_harvester"", ""dcat"", ""dcat_rdf_harvester"", ""dcat_json_harvester"", ""dcat_json_interface"", ""structured_data"", ""dcatapit_pkg"", ""dcatapit_org"", ""dcatapit_config"", ""dcatapit_theme_group_mapper""]"
2026-06-21,nuremberg-public-transport-open-data,https://opendata.vag.de,13,1,1,2.10.4,"[""stats"", ""text_view"", ""image_view"", ""recline_view"", ""datastore"", ""envvars"", ""pages"", ""vag"", ""googleanalytics"", ""datapusher""]"
2026-06-21,valencia-open-data,https://opendata.vlci.valencia.es,0,0,0,,
2026-06-21,vnpt-it-economic-management-board-open-data,https://opendata.vnptit.vn,18,10,14,2.10.4,"[""ssogoogle"", ""ssoidp"", ""guide"", ""vnpt_theme"", ""permission_group"", ""activity"", ""datastore"", ""xloader"", ""image_view"", ""pdf_view"", ""officedocs_view"", ""recline_view"", ""datatables_view"", ""seo"", ""seo_group"", ""seo_org"", ""pages"", ""managedatasets"", ""users"", ""harvest"", ""ckan_harvester"", ""comments"", ""api"", ""rating"", ""smtp"", ""contact_us"", ""report"", ""config_language"", ""manage_ip_addresses"", ""logs"", ""error_page_conf"", ""import_font"", ""gis"", ""search_suggestions"", ""geo_view"", ""geojson_view"", ""wmts_view"", ""shp_view"", ""resource_proxy"", ""datarequests"", ""iresourcecontroller"", ""iuploader_custom"", ""igroupform_custom"", ""iorganizationform_custom"", ""sync_resource"", ""ocr"", ""customers"", ""swaggerui"", ""downloadall"", ""tracking"", ""statics_all""]"
2026-06-21,winchester-va-open-data,https://opendata.winchesterva.gov,741,9,2,2.9.11,"[""stats"", ""resource_proxy"", ""ags_fs_view"", ""ags_ms_view"", ""geo_view"", ""geojson_view"", ""wmts_view"", ""shp_view"", ""c3charts"", ""og_datatables_view"", ""officedocs_view"", ""pdf_view"", ""recline_map_view"", ""webpage_view"", ""markdown_view"", ""in_app_reporting"", ""metabase_card_view"", ""metabase_dashboard_view"", ""harvest"", ""datajson"", ""dcat"", ""dcat_rdf_harvester"", ""dcat_json_harvester"", ""dcat_json_interface"", ""structured_data"", ""custom_harvest"", ""package_search_harvester"", ""datagov_harvester"", ""opengov_custom_theme"", ""opengov_custom_css"", ""opengov_custom_header"", ""opengov_custom_homepage"", ""opengov_custom_footer"", ""image_view"", ""cloudstorage"", ""odata"", ""datastore"", ""xloader"", ""extractor"", ""opengov_pages"", ""pages"", ""opengov_stories"", ""showcase"", ""subscribe"", ""security"", ""opengov_auth"", ""featuredviews"", ""heroslideradmin"", ""googleanalytics"", ""sitemap"", ""portal_metrics""]"
2026-06-21,open-data-nepal,https://opendatanepal.com,0,0,0,,
2026-06-21,open-data-of-the-city-of-prijedor-otvoreni-podaci-grada-prijedor,https://opendataprijedor.ba,0,0,0,,
2026-06-21,brazilian-health-data-portal,https://opendatasus.saude.gov.br,0,0,0,,
2026-06-21,gdynia-open-data,https://otwartedane.gdynia.pl,270,23,21,2.6.1,"[""stats"", ""text_view"", ""image_view"", ""recline_view"", ""datastore"", ""gdynia"", ""multilingual_group"", ""datapusher""]"
2026-06-21,abraxas-pandora-data-repository,https://pandoradata.earth,0,0,0,,
2026-06-21,department-of-alternative-energy-development-and-efficiency-data-catalog,https://pei.dede.go.th,119,10,22,2.10.7,"[""thai_gdc"", ""stats"", ""opendstats"", ""activity"", ""image_view"", ""datatables_view"", ""text_view"", ""webpage_view"", ""resource_proxy"", ""xloader"", ""datastore"", ""pdf_view"", ""dcat"", ""dcat_json_interface"", ""structured_data"", ""scheming_datasets"", ""hierarchy_display"", ""hierarchy_form""]"
2026-06-21,city-of-phoenix-open-data,https://phoenixopendata.com,143,10,16,2.9.11,"[""stats"", ""resource_proxy"", ""ags_fs_view"", ""ags_ms_view"", ""geo_view"", ""geojson_view"", ""wmts_view"", ""shp_view"", ""c3charts"", ""og_datatables_view"", ""officedocs_view"", ""pdf_view"", ""recline_map_view"", ""webpage_view"", ""markdown_view"", ""in_app_reporting"", ""metabase_card_view"", ""metabase_dashboard_view"", ""harvest"", ""datajson"", ""dcat"", ""dcat_rdf_harvester"", ""dcat_json_harvester"", ""dcat_json_interface"", ""structured_data"", ""waf_harvester"", ""custom_harvest"", ""package_search_harvester"", ""datagov_harvester"", ""phoenixaz_theme"", ""opengov_custom_theme"", ""opengov_custom_css"", ""opengov_custom_header"", ""opengov_custom_homepage"", ""opengov_custom_footer"", ""image_view"", ""cloudstorage"", ""odata"", ""opengov_datastore"", ""datastore"", ""xloader"", ""extractor"", ""contact"", ""opengov_pages"", ""pages"", ""opengov_stories"", ""showcase"", ""subscribe"", ""security"", ""opengov_auth"", ""featuredviews"", ""heroslideradmin"", ""googleanalytics"", ""sitemap"", ""portal_metrics""]"
2026-06-21,data-place-plymouth,https://plymouth.thedata.place,174,7,10,2.10.8,"[""activity"", ""text_view"", ""image_view"", ""pdf_view"", ""geo_view"", ""geojson_view"", ""datatables_view"", ""datastore"", ""xloader"", ""resource_proxy"", ""recline_view"", ""recline_grid_view"", ""recline_graph_view"", ""tdp"", ""pcc""]"
2026-06-21,opsi-open-data-slovenia,https://podatki.gov.si,8948,4,5804,2.2b,"[""datarequests"", ""comments"", ""archiver"", ""dgu_publisher_form"", ""dgu_publishers"", ""dgu_auth_api"", ""dgu_form"", ""dgu_theme"", ""cswserver"", ""harvest"", ""opsi_csw_harvester"", ""gemini_csw_harvester"", ""opsi_pcaxis_harvester"", ""oaipmh"", ""ddi_harvester"", ""gemini_doc_harvester"", ""gemini_waf_harvester"", ""spatial_harvest_metadata_api"", ""spatial_query"", ""qa"", ""synchronous_search"", ""dgu_search"", ""dgu_dataset_form"", ""spatial_metadata"", ""dgu_api"", ""datapreview"", ""dgu_inventory"", ""hierarchy_display"", ""report"", ""dgu_report"", ""dgu_drupal_auth"", ""inventory_harvester"", ""ckan_harvester"", ""dcat_rdf_harvester"", ""dkan_harvester"", ""dcat_json_harvester"", ""taxonomy"", ""social"", ""datastore"", ""datapusher"", ""recline_preview"", ""resource_proxy"", ""geojson_view"", ""rq"", ""downloadall""]"
2026-06-21,portalcrfmint,https://portal.crfm.int,0,0,15,2.8.3,"[""stats"", ""text_view"", ""image_view"", ""recline_view"", ""recline_map_view"", ""datastore"", ""datapusher"", ""pdf_view"", ""officedocs_view"", ""geo_view"", ""pages"", ""datasetthumbnail"", ""sitemap"", ""climatesmart_theme"", ""scheming_datasets""]"
2026-06-21,malta-open-data-portal,https://portal.data.gov.mt/,254,0,54,2.10.10,"[""dlxschema"", ""sqlalchemythread"", ""uwsgistats"", ""text_view"", ""image_view"", ""recline_view"", ""officedocs_view"", ""pages"", ""pdf_view"", ""dcat"", ""dcat_json_interface"", ""data_access_requests"", ""psbthemealt"", ""schema_field_groups"", ""scheming_datasets"", ""scheming_groups"", ""scheming_organizations"", ""spatial_metadata"", ""spatial_query"", ""harvest"", ""ckan_harvester"", ""csw_harvester"", ""waf_harvester"", ""doc_harvester"", ""dcat_rdf_harvester"", ""dcat_esri_dcat211_harvester"", ""datatables_view"", ""datastore"", ""datapusher"", ""dietstars"", ""geo_view"", ""geojson_view"", ""resource_proxy"", ""fluent"", ""esri_arcgis_harvester"", ""security"", ""azure_filestore"", ""oidc_pkce"", ""activity"", ""sdmx_harvester"", ""openapi_view"", ""kpidashboard"", ""kpi_collect"", ""kpi_stat_view"", ""metric_resource_format"", ""stats"", ""broken_links"", ""metric_broken_links"", ""metric_groups_by_type"", ""datarequests"", ""data_altruism"", ""psbpermissions"", ""healthcheck""]"
2026-06-21,open-data-dk,https://portal.opendata.dk,631,13,51,2.11.5,"[""activity"", ""datatables_view"", ""geo_view"", ""image_view"", ""text_view"", ""pdf_view"", ""geojson_view"", ""webpage_view"", ""resource_proxy"", ""datastore"", ""datapusher"", ""portalopendatadk"", ""dcat"", ""dcat_rdf_harvester"", ""dcat_json_harvester"", ""dcat_json_interface"", ""cprvalidation"", ""harvest"", ""ckan_harvester"", ""updatetracking"", ""noanonaccess"", ""scheming_datasets"", ""fluent"", ""translate"", ""s3filestore"", ""envvars""]"
2026-06-21,transport-data-commons,https://portal.transport-data.org/,0,0,0,,
2026-06-21,ufs-organizational-processes-data,https://processosorganizacionais.ufs.br,543,11,1,2.10.0a,"[""stats"", ""envvars"", ""image_view"", ""text_view"", ""recline_view"", ""pdf_view"", ""datastore"", ""datapusher"", ""resource_proxy""]"
2026-06-21,rdm-inesctec-pt,https://rdm.inesctec.pt,168,4,1,2.10.3,"[""activity"", ""datastore""]"
2026-06-21,participatory-lab-climate-data,https://repository.participatorylab.org,196,23,6,2.7.9,"[""stats"", ""text_view"", ""image_view"", ""recline_view"", ""resource_proxy"", ""datastore"", ""datapusher"", ""multilingual_dataset"", ""multilingual_group"", ""multilingual_tag"", ""spatial_metadata"", ""spatial_query"", ""geo_view"", ""geojson_view"", ""wmts_view"", ""pdf_view""]"
2026-06-21,nfwf-coastal-resilience-open-data-platform,https://resiliencedata.nfwf.org,0,0,0,,
2026-06-21,rishon-lezion-open-data,https://rishonlezion.datacity.org.il,8,12,2,2.8.12,"[""stats"", ""text_view"", ""image_view"", ""recline_view"", ""datastore"", ""xloader"", ""resource_proxy"", ""s3filestore"", ""geojson_view"", ""datacity"", ""scheming_datasets"", ""scheming_groups"", ""pages""]"
2026-06-21,dharmasraya-regency-data-portal,https://satudata.dharmasrayakab.go.id,423,8,96,2.9.11,"[""envvars"", ""stats"", ""image_view"", ""text_view"", ""recline_view"", ""scheming_datasets"", ""resourceauthorizer"", ""resource_proxy"", ""geo_view"", ""harvest"", ""ckan_harvester"", ""csw_harvester"", ""spatial_metadata"", ""spatial_query"", ""resourcedictionary"", ""datastore"", ""datapusher"", ""pages"", ""showcase"", ""pdf_view"", ""officedocs_view"", ""geojson_view"", ""shp_view"", ""wmts_view"", ""datatables_view"", ""dcat"", ""dcat_rdf_harvester"", ""dcat_json_harvester"", ""dcat_json_interface"", ""structured_data"", ""oaipmh_harvester""]"
2026-06-21,padang-city-government-one-data,https://satudata.padang.go.id,0,0,0,,
2026-06-21,mojokerto-regency-palapa-one-data,https://satudatapalapa.mojokertokab.go.id,0,0,0,,
2026-06-21,scidmnchcorgtw,https://scidm.nchc.org.tw,32019,20,43,2.7.6,"[""resourcesfilter"", ""nchc_showcase"", ""nchc_doi"", ""nchc_proxylogin"", ""datapusher"", ""datastore"", ""stats"", ""text_view"", ""image_view"", ""resource_proxy"", ""pages"", ""linechart"", ""barchart"", ""piechart"", ""basicgrid"", ""recline_view"", ""recline_grid_view"", ""recline_graph_view"", ""recline_map_view"", ""pdf_view"", ""harvest"", ""ckan_harvester"", ""privatedatasets"", ""disqus"", ""rating"", ""nchc_statistics"", ""nchc_resource_checksum_metadata"", ""ITRI_CITC"", ""nchc_purgeresource"", ""nchc_advanced_contact"", ""nchc_bookmark"", ""nchc_blockchain"", ""nchc_recommendation"", ""nchc_resourceproxy"", ""nchc_harvest"", ""nchc_harvester"", ""nchc_multilingual""]"
2026-06-21,sddi-catalog-bavaria,https://sddi-katalog.bayern,0,0,0,,
2026-06-21,canada-open-data,https://search.open.canada.ca/opendata/,0,0,0,,
2026-06-21,provincial-statistical-system,https://sep.tucuman.gob.ar,231,31,113,2.7.5,"[""stats"", ""text_view"", ""image_view"", ""recline_view"", ""hierarchy_display"", ""hierarchy_form"", ""dcat"", ""structured_data"", ""gobar_theme"", ""datastore"", ""datapusher"", ""seriestiempoarexplorer"", ""googleanalytics""]"
2026-06-21,one-data-portal-sisada-pematangsiantar-city,https://sisada.pematangsiantar.go.id,471,15,35,2.9.7,"[""stats"", ""text_view"", ""image_view"", ""webpage_view"", ""recline_view"", ""recline_graph_view"", ""recline_grid_view""]"
2026-06-21,heraklion-smart-city-open-data,https://smartcity.heraklion.gr/opendata,0,0,0,,
2026-06-21,sprogteknologi-dk,https://sprogressource.digst.govcloud.dk,0,0,0,,
2026-06-21,eu-language-technology-data,https://sprogteknologi.dk,0,0,0,,
2026-06-21,uk-data-service-ckan,https://statistics.ukdataservice.ac.uk,906,0,4,2.11.4,"[""stats"", ""text_view"", ""image_view"", ""resource_proxy"", ""xloader"", ""pages"", ""harvest"", ""ckan_harvester"", ""geo_view"", ""datatables_view"", ""customised_fields_from_tag_vocabulary"", ""ukdstheme"", ""dataset_geo_display"", ""dcat"", ""dcat_rdf_harvester"", ""dcat_json_harvester"", ""dcat_json_interface"", ""structured_data"", ""ukds_custom_dcat_profiles"", ""cookie_banner"", ""matomo_js"", ""envvars""]"
2026-06-21,sectoral-statistical-data,https://statistik.ponorogo.go.id,3334,0,68,2.9.6,"[""datastore"", ""image_view"", ""webpage_view"", ""text_view"", ""recline_grid_view"", ""recline_view"", ""recline_graph_view""]"
2026-06-21,transparency-portal-hamburg,https://suche.transparenz.hamburg.de,236642,14,6,2.10.9,"[""resource_proxy"", ""dcat"", ""dcat_rdf_harvester"", ""dcat_json_harvester"", ""dcat_json_interface"", ""dcatde"", ""stats"", ""text_view"", ""recline_view"", ""harvest"", ""distributed_harvest"", ""ckan_harvester"", ""spatial_metadata"", ""spatial_query"", ""spatial_harvest_metadata_api"", ""hmdktoinforeg_harvester"", ""zs_parladb_harvester"", ""allris_CCEGOV_harvester"", ""allris_bezirk__harvester"", ""oktagon_harvester"", ""bacom_harvester_new"", ""workflow_harvester"", ""imis_harvester"", ""statistik_nord_harvester"", ""inforeg_metadata_api"", ""hmbtg_template"", ""hmbtg_helper"", ""hmbtg_search"", ""no_groups"", ""inforeg_solr_search"", ""solr_highlighting"", ""hmbtgdashboard"", ""fast_search_solr_highlighting"", ""file_proxy"", ""log_proxy"", ""request_logger"", ""hmbtg_geo"", ""hmbtg_feed""]"
2026-06-21,teach-for-canada,https://teachforcanada.ca,0,0,0,,
2026-06-21,trafikverket-traffic-data,https://trafficdata.se,49,0,15,2.10.7,"[""stats"", ""text_view"", ""image_view"", ""recline_view"", ""spapresets"", ""scheming_datasets"", ""spatheming"", ""pages"", ""dcat"", ""spadcatprofile"", ""honeypot"", ""requestorg""]"
2026-06-21,transparency-portal-of-alhaurin-de-la-torre,https://transparencia.alhaurindelatorre.es,0,0,0,,
2026-06-21,open-data-of-the-national-gas-regulatory-entity,https://transparencia.enargas.gob.ar,3,1,1,2.7.4,"[""datajson_harvest"", ""datajson"", ""harvest"", ""ckan_harvester"", ""stats"", ""text_view"", ""image_view"", ""recline_view"", ""hierarchy_display"", ""hierarchy_form"", ""gobar_theme"", ""datastore"", ""datapusher"", ""googleanalytics""]"
2026-06-21,city-of-karlsruhe,https://transparenz.karlsruhe.de,151,13,4,2.11.3,"[""ka"", ""stats"", ""image_view"", ""text_view"", ""webpage_view"", ""datatables_view"", ""datastore"", ""xloader"", ""activity"", ""geojson_view"", ""pdf_view"", ""resource_proxy"", ""pages"", ""dcat"", ""dcatde"", ""harvest"", ""extractor"", ""showcase"", ""citehelp"", ""similar_datasets"", ""solr_query_config"", ""ka_weather_harvester"", ""ka_geo_harvester"", ""ka_afsta_harvester"", ""ka_poi_harvester"", ""ckan_harvester"", ""matomo_dsgvo"", ""structured_data"", ""envvars""]"
2026-06-21,infrabel-transport-data-portal,https://transportdata.be,192,0,0,2.11.4,"[""image_view"", ""text_view"", ""datatables_view"", ""datastore"", ""activity"", ""ytp_request"", ""hidegroups"", ""mailchimp"", ""benap"", ""pages"", ""scheming_datasets"", ""scheming_organizations"", ""fluent"", ""dcat"", ""dcat_be_napits"", ""clamav"", ""envvars""]"
2026-06-21,bourgogne-franche-comte-open-data,https://trouver.ternum-bfc.fr,0,0,0,,
2026-06-21,turing-portaljs-org,https://turing.portaljs.org,0,0,0,,
2026-06-21,upv-data-transparency-portal,https://upvtransparent.upv.es,97,3,0,2.6.3,"[""stats"", ""text_view"", ""image_view"", ""multilingual_dataset"", ""multilingual_group"", ""multilingual_tag"", ""resource_proxy"", ""viewhelpers"", ""dashboard_preview"", ""dcat"", ""dcat_json_interface"", ""upv_theme"", ""datastore"", ""datapusher"", ""recline_view"", ""recline_grid_view"", ""recline_graph_view"", ""webpage_view""]"
2026-06-21,tuzla-municipality-open-data-portal,https://veri.tuzla.bel.tr,0,0,0,,
2026-06-21,vital-strategies,https://vitalstrategies.org,0,0,0,,
2026-06-21,world-bank-group-waterdata,https://wbwaterdata.org,36,3,72,2.9.13,"[""sqlalchemythread"", ""stats"", ""text_view"", ""image_view"", ""recline_view"", ""recline_graph_view"", ""recline_map_view"", ""officedocs_view"", ""pdf_view"", ""dcat"", ""dcat_json_interface"", ""scheming_datasets"", ""spatial_metadata"", ""spatial_query"", ""harvest"", ""ckan_harvester"", ""csw_harvester"", ""waf_harvester"", ""doc_harvester"", ""datatables_view"", ""datastore"", ""datapusher"", ""dietstars"", ""waterdata"", ""waterdatapages"", ""resource_proxy"", ""geo_view"", ""geojson_view"", ""textboxview"", ""pages"", ""healthcheck"", ""security""]"
2026-06-21,wifire-commons-data-catalog,https://wifire-data.sdsc.edu,3707,0,32,2.8.7,"[""stats"", ""text_view"", ""image_view"", ""recline_view"", ""datastore"", ""hidegroups"", ""spatial_metadata"", ""spatial_query"", ""resource_proxy"", ""harvest"", ""ckan_harvester"", ""csw_harvester"", ""dcat_json_harvester"", ""dcat_rdf_harvester"", ""geo_view"", ""geojson_view"", ""wifire"", ""stac_harvester"", ""dcat"", ""structured_data"", ""sitemap"", ""webpage_view""]"
2026-06-21,www-cityobservatory-birmingham-gov-uk,https://www.cityobservatory.birmingham.gov.uk/,0,0,0,,
2026-06-21,morocco-open-data-portal,https://www.data.gov.ma/data,663,23,47,2.9.11,"[""duo"", ""duo_dataset"", ""duo_organization"", ""duo_group"", ""stats"", ""text_preview"", ""recline_preview"", ""datastore"", ""multilingual_group"", ""multilingual_tag"", ""pdf_view"", ""officedocs_view"", ""comments"", ""showcase"", ""egov"", ""validation"", ""scheming_datasets"", ""scheming_groups"", ""scheming_organizations""]"
2026-06-21,open-data-portal-queensland-government-open-data-portal-queensland-government,https://www.data.qld.gov.au,188791,0,0,,"[""stats"", ""resource_proxy"", ""text_view"", ""webpage_view"", ""image_view"", ""audio_view"", ""video_view"", ""datatables_view"", ""datastore"", ""data_qld"", ""data_qld_google_analytics"", ""dcat"", ""structured_data"", ""validation"", ""resource_type_validation"", ""validation_schema_generator"", ""qgovext"", ""report"", ""datarequests"", ""ytp_comments"", ""csrf_filter"", ""scheming_datasets"", ""qa"", ""archiver"", ""harvest"", ""ckan_harvester"", ""resource_visibility"", ""ssm_config"", ""xloader"", ""s3filestore"", ""oidc_pkce"", ""activity""]"
2026-06-21,www-datosabiertos-gob-pa,https://www.datosabiertos.gob.pa,5584,18,113,2.9.7,"[""envvars"", ""image_view"", ""text_view"", ""recline_view"", ""datastore"", ""datapusher"", ""stats"", ""disqus"", ""pages""]"
2026-06-21,edsn,https://www.edsn.nl,0,0,0,,
2026-06-21,lwf-envidat-data-portal,https://www.envidat.ch,849,27,89,2.11.3,"[""passwordless_api"", ""expire_api_token"", ""hierarchy_display"", ""envidat_theme"", ""spatial_metadata"", ""spatial_query"", ""scheming_datasets"", ""scheming_organizations"", ""composite"", ""restricted"", ""blind_review"", ""cloudstorage"", ""envvars""]"
2026-06-21,girona-open-data,https://www.girona.cat/opendata,53,8,13,2.0.1,"[""stats"", ""json_preview"", ""recline_preview"", ""datastore"", ""spatial_metadata"", ""spatial_query"", ""datapreview""]"
2026-06-21,www-lacounts-org,https://www.lacounts.org,0,0,0,,
2026-06-21,moei,https://www.moei.gov.ae,0,0,0,,
2026-06-21,offenesdatenportal-de,https://www.offenesdatenportal.de,1121,14,14,2.11.0,"[""stats"", ""datastore"", ""xloader"", ""resource_proxy"", ""showcase"", ""text_view"", ""image_view"", ""datatables_view"", ""geo_view"", ""geojson_view"", ""shp_view"", ""pdf_view"", ""dcat"", ""dcatde"", ""krzn""]"
2026-06-21,open-data-denmark,https://www.opendata.dk,0,0,0,,
2026-06-21,opendatanhsscot,https://www.opendata.nhs.scot,104,23,4,2.8.4,"[""stats"", ""text_view"", ""image_view"", ""recline_view"", ""datastore"", ""datapusher"", ""resource_proxy"", ""nhs_theme"", ""schedule_field"", ""reorder"", ""pages""]"
2026-06-21,open-data-northern-ireland,https://www.opendatani.gov.uk,0,0,0,,
2026-06-21,www-openspending-org,https://www.openspending.org/,0,0,0,,
2026-06-21,wwwopentourismnet,https://www.opentourism.net,0,0,0,,
2026-06-21,nrgi-resourcedata-portal,https://www.resourcedata.org,12973,0,5,2.7.11,"[""nrgi"", ""scheming_datasets"", ""stats"", ""text_view"", ""image_view"", ""datatables_view"", ""recline_graph_view"", ""recline_map_view"", ""recline_view"", ""webpage_view"", ""datastore"", ""datapusher"", ""dietstars"", ""spatial_metadata"", ""spatial_query"", ""officedocs_view"", ""dcat"", ""structured_data"", ""dcat_json_interface"", ""pages"", ""pdf_view"", ""geo_view"", ""geojson_view"", ""wmts_view"", ""resource_proxy"", ""s3filestore"", ""googleanalytics"", ""sqlalchemythread""]"
2026-06-21,santa-cruz-de-tenerife-open-data,https://www.santacruzdetenerife.es/opendata,104,22,0,2.7.2,"[""stats"", ""datastore"", ""resource_proxy"", ""geojson_view"", ""recline_view"", ""pdf_view"", ""text_view"", ""viewhelpers"", ""dashboard_preview"", ""linechart"", ""barchart"", ""piechart"", ""basicgrid"", ""navigablemap"", ""choroplethmap"", ""geo_view"", ""sparql_interface"", ""harvest"", ""ckan_harvester"", ""dcat"", ""dcat_rdf_harvester"", ""federador"", ""showcase"", ""multilingual_group"", ""multilingual_dataset""]"
2026-06-21,west-virginia-checkbook,https://www.wvcheckbook.gov,0,0,0,,
2026-06-21,www-yorkopendata-org,https://www.yorkopendata.org,0,0,0,,
2026-06-21,us-department-of-education,https://www2.ed.gov/rschstat/landing.jhtml,0,0,0,,
2026-06-21,grupo-xcaret-sustainability-data,https://xtoria.grupoxcaret.com,49,15,12,2.9.9,"[""envvars"", ""image_view"", ""text_view"", ""recline_view"", ""datastore"", ""datapusher"", ""contact"", ""bulkupload"", ""xcaret"", ""saml2auth"", ""pages"", ""scheming_datasets"", ""pdf_view"", ""zip_view""]"
